A PARIS, Chez NICUENSET ORAs,au troiſiéme.	À PARIS, Chez NICUENSET ORAs,au troisième.
Pilier de la grand' Sale du Palais, à l’Eſperance, & à L, couronnée.	Pilier de la grand Sale du Palais, à l'Espérance, et à L, couronnée.
M.	M.
DC.	DC.
LXVI.	LXVI.
AVEC PRIVILEGE DV ROYC TOH	AVEC PRIVILÈGE DU ROYC TOUH
S ME n’eſt icy qu’vn Mmple crayon;	 SE n'est ici qu'est Mmple crayon;
vn petit impromptu, ι dont le Roy à voulu ſe faire vn diuertiſſement.	Un petit impromptu, dont le Roi à voulu se faire un divertissement.
Il eſt le plus precipité de tous ceux que ſa Maieſté m’ait commandez;	Il est le plus précipité de tous ceux que sa Majesté m'ait commandés;
Et lors que ie diray qu’il a eſté propoſé, fait, appris, & repreſenté en cinq iours, ie ne diray que ce qui eſt vray.	Et lors que ici dirai qu'il a été proposé, fait, appris, et représenté en cinq jours, Seigneur ne dirai que ce qui est vrai.
Il n’eſt pas neceſſaire de vous aquertir qu’il di 1j y a beaucoup de choſes qui dependent de l’action;	Il n'est pas nécessaire de vous aquertir qu'il di 1j y a beaucoup de choses qui dépendent de l'action;
On ſçait bien que les Comedies ne ſont faites que pour eſtre ioüées, & i ene conſeille de lire celle-cy qu’aux perſonnes qui ont des yeux pour découurir dans la lecture tout le jeu du Theatre:	On sais bien que les Comédies ne sont faites que pour être jouées, et y eue conseille de lire celle-cy qu'aux personnes qui ont des yeux pour découvrir dans la lecture tout le jeu du Théâtre:
Ce que ie vous diray, c’eſt qu’il ſeroit à ſouhaitter que ces lortes d’houurages puſſent toûjours ſe montrer à vous auec les ornemens qui les accompagnent chez le Roy.	Ce que ici vous dirai, c'est qu'il serait à souhaiter que ces lortes d'houvrages pussent toujours se montrer à vous avec les ornements qui les accompagnent chez le Roi.
Vous le verriez dans vn eſtat beaucoup plus ſupportable.	Vous le verriez dans un état beaucoup plus supportable.
& les 11165e1.	et les 11651.
gymphonies de l’incomparable Monſieur Lully, meſſez à la beaute des Voix.	gymphonies de l'incomparable Monsieur Lully, messez à la beauté des Voix.
& à l’addreſſe des Danſeurs, leur donnent, ſans doute des graces, dont ils ont toupaſſer.	et à l'adresse des Danseurs, leur donnent, sans doute des grâces, dont ils ont toupasser.
EXTAICT DV PRIVILEGE du Roy.	EXTAICT DU PRIVILÈGE du Roi.
JAR grace & Priuilege du A Roy, donné à Paris, le 30.	JAR grâce et Privilège du A Roi, donné à Paris, le 30.
de Decembre 1665.	de Décembre 1665.
Signé, DE SEIGNEROLLE, & ſeellé du grand Sceau de cire jaune, il eſt permis à lean Baptiſte Pocquelin de Moliere, Comedien de la Troupe de noſtre tres-cher, & tres-amé Frere vnique le Duc d’Orleans, de faire imprimer vendre & debiter pendant le temps & eſpace de cinq ans, par tel Libraire ou Imprimeur que bon lui ſemblera vne piece de Theatre qu’il a cõpoſée, intitulée l’Amour Medecin:	Signé, DE SEIGNEROLLE, et seelé du grand Sceau de cire jaune, il est permis à léan Baptiste Pocquelin de Molière, Comédien de la Troupe de notre très-cher: et très humé Frère unique le Duc d'Orleans, de faire imprimer vendre et débiter pendant le temps et espace de cinq ans, par tel Libraire ou Imprimeur que bon lui semblera une pièce de Théâtre qu'il a cõposée, intitulée l'Amour Médecin:
auec défenſes à toutes perſonnes de reimprimer ou contrefaire, vendre ou diſtripuer ladite Piece ou partie d’icelle ſans ſa permiſſion, à peine de confiſcation des Exemplaires, & de l’amende portée dans l’original.	avec défenses à toutes personnes de réimprimer ou contrefaire, vendre ou distripuer ladite Pièce ou partie d'icelle sans sa permission, à peine de confiscation des Exemplaires, et de l'amende portée dans l'original.
Regiſtré ſur le Liure de Communaute des Imprimeurs, Marchands Libraires de Paris, le 4 Ianuier 1666 Signé, PIGET Syndic.	Registré sur le Livre de Communaute des Imprimeurs, Marchands Libraires de Paris, le 4 Janvier 1666 Signé, PIGET Syndic.
Ledit Sieur Moliere a cedé, quitté, & tranſporté ſon droit de Priuilege à Pierre Treboüillet, Nicolas le Gras, & Theodore Girard Marchands Libraires à Paris pour en joüir, ainſi qu’il eſt porté par leſdites Lettres de Priuilege, ſuiuant l’accord fait entr'eux.	Ledit Sieur Molière a cédé, quitté, et transporté son droit de Privilège à Pierre Trebouillet, Nicolas le Gras, et Théodore Girard Marchands Libraires à Paris pour en jouir, ainsi qu'il est porté par lesdites Lettres de Privilège, suivant l'accord fait entr'eux.
Acheué d’imprimer pour la premiere fois, le 15.	Achevé d'imprimer pour la première fois, le 15.
Ianuier 1666.	Janvier 1666.
LES PERSONNAGES.	LES PERSONNAGES.
D ORmome	D ORmome
muovibEheMn, veueur de Tapiſferies	muovibEheMn, veueur de Tapisferies
M.	M.
IOSSE, Olrevle.	JOSSE, Olrevle.
LVCINDE, Fille de Sganarelle.	LUCINDE, Fille de Séganarelle.
LYSETTE, ſuiuante de Lucinde.	LYSETTE, suivante de Lucinde.
M.	M.
TOME’S,	TOME-S,
M.	M.
DESFONANDRE'S, Y	DESFONANDRÉS, Y
M.	M.
MACROTON, & Medecins.	MACROTON, et Médecins.
L’OPERATEVR, Oruietan.	L'OPÉRATEUR, Orviétan.
Pluſieurs Triuelains & Scaramouches.	Plusieurs Trivelains et Scaramouches.
LA COME ILe LA MVSIQVE.	LA COME ILe LA MUSIQUE.
LE BALLET.	LE BALLET.
La Scene eſt à Paris dans vne Salle de la maiſon de Sganarelle.	La Scène est à Paris dans une Salle de la maison de Séganarelle.
PROLOGVE.	PROLOGUE.
LA COMEDIE.	LA COMÉDIE.
LA MVSIQVE ET LE BALLET LA COMEDIE.	LA MUSIQUE ET LE BALLET LA COMÉDIE.
à tour.	à tour.
Vittons, quittons nostre vaine querelle, Ne nous diſputons point nos talens tour Et d’vne gloire plus helle Picquons-nous en ce iour.	Vittons, quittons notre vaine querelle, Ne nous disputons point nos talents tour Et d'une gloire plus helle Picquons-nous en ce jour.
Vniſſons-nous tous trois d’vne ardeur ſans ſeconde.	Unissons-nous tous trois d'une ardeur sans seconde.
Pour donner du plaiſir au plus grand Roy du monde.	Pour donner du plaisir au plus grand Roi du monde.
Tous trois.	Tous trois.
v nijjons-nuns.	 vicjons-nuns.
LA COMEDIE, De ſes trauaux plus grands qu'on ne peut croire, Il ſe vient quelquefois delaſſer parmy nous.	LA COMÉDIE, De ses travaux plus grands qu'on ne peut croire, Il se vient quelquefois délasser parmi nous.
Eſt-il de plus grande gloire Dſe tevon neur plus doux.	Est-il de plus grande gloire Dse tevon neur plus doux.
Vniſſons-nous-tous-trois.	Unissons-nous-tous-trois.
Tous trois.	Tous trois.
Vniſſons-nous.	Unissons-nous.
L’AMOV	L'AMOU
LALETOVN MIESEOIAC.	LALETOUN MIESEOIAC.
ACTE.	ACTE.
I.	I.
SCENE I.	SCÈNE I.
SGANARELLE, AMINTE, LVENECE, MI.	SGANARELLE, AMINTE, LUENCE, MI.
GVILLAVME, M.	GUILAVME, M.
IOSSE.	JOSSE.
2 8 SGANARELLE.	2 8 SGANARELLE.
ρι1:	§1:
Y:	Y:
A H, l’eſtrange choſe que la vie!	À H, l'étrange chose que la vie!
& que ie  puisbien dire auec ce rand Philoſophe de l’AntiA quité, que qui terre a guerre a, & qu’vn malheur ne vient iamais ſans l’autre.	et que personne puisbien dire avec ce rand Philosophe de l'AntiA quité, que qui terre a guerre a, et qu'un malheur ne vient jamais sans l'autre.
Ie n’auois qu’vne ſeule femme qui eſt morte.	Je n'avais qu'une seule femme qui est morte.
M.	M.
GVILLAME.	GUILAME.
Et combien donc en voulezvous auoir?	Et combien donc en voulezvous avoir?
SGANARELLE.	SGANARELLE.
Elle eſt morte, Monſieur mon amy, cette perte m’eſt tres ſenſible, & ie ne puis m’en reſſouuenir ſans pleurer.	Elle est morte, Monsieur mon ami, cette perte m'est très sensible, et personne ne puis m'en ressouvenir sans pleurer.
Ie n’eſtois pas fort ſatisfait de ſa conduite, & nous auions le plus ſouuent diſpute enſemble;	Je n'étais pas fort satisfait de sa conduite, et nous avions le plus souvent dispute ensemble;
mais enfin, la mort r’ajuſte toutes choſes.	mais enfin, la mort rajuste toutes choses.
Elle eſt morte:	Elle est morte:
ie la pleure.	Elle la pleure.
Si elle eſtoit en vie, nous nous querellerions.	Si elle était en vie, nous nous querellerions.
De tous les enfans que le Ciel m’auoit donnés;	De tous les enfants que le Ciel m'avait donnés;
il ne m’a laiſſé qu’vne fille, & cette fille eſt toute ma peine.	il ne m'a laissé qu'une fille, et cette fille est toute ma peine.
Car enfin, ie la voy dans vne melancolie la plus ſombre du monde, dans vne triſteſſe épouuantable, dont il n’y a pas moyen de la retirer;	Car enfin, votre la voy dans une mélancolie la plus sombre du monde, dans une tristesse épouvantable, dont il n'y a pas moyen de la retirer;
& dont ie ne ſçaurois meſme apprendre la cauſe.	et dont ici ne saurais même apprendre la cause.
Pour moy i’en perds l’eſprit, & i’aurois beſoin d’vn bon conſeil ſur cette matiere.	Pour moi j'en perds l'esprit, et j'aurais besoin d'un bon conseil sur cette matière.
Vous eſtes ma niece:	Vous êtes ma nièce:
vous, ma voiſine.	vous, ma voisine.
& vous mes comperes & mes amis:	et vous mes compères et mes amis:
ie vous prie de me conſeiller tous ce que ie dois faire.	ici vous prie de me conseiller tous ce que Rome dois faire.
M.	M.
IOSSE.	JOSSE.
Pour moy, ie tiens que la brauerie & l’ajuſtement eſt la choſe qui reſioüit le plus les filles, & ſi i’eſtois que de vous, ie luy acheterois dés auiourd’huy vne belie garniture de Diamans, ou de Rubis, ou d’Eſmeraudes.	Pour moi, ie tiens que la braverie et l'ajustement est la chose qui resioüit le plus les filles, et si j'étais que de vous, je lui achèterais dé auiourd’hui une bélie garniture de Diamants, ou de Rubis, ou d'Émeraudes.
M.	M.
GVILLAME.	GUILAME.
Et moy;	Et moi;
ſi i’eſtois en voſtre place, i’achetterois vne belle tenture de tapiſſerie de verdure, ou à perſonnages, que ie ferois mettre à ſa chambre, pous luy reſiouïr l’eſprit & la veuë.	si j'étais en votre place, j'achèterais une belle tenture de tapisserie de verdure, ou à personnages, que sans ferais mettre à sa chambre, pous était réjouir l'esprit et la vue.
AMINTE.	AMINTE.
Pour moy, ie ne ferois point tant de façon, & ie la marierois fort bien, & ie piuitore que ie pourrois, auec cette perſonne qui vous la fit, dit-on, demanauijuj u quelque temps.	Pour moi, Seigneur ne ferais point tant de façon, et ie la marierais fort bien, et notre piuitore que sans pourrais, avec cette personne qui vous la fit, dit-on, demanaujuj u quelque temps.
LVCRECE.	LUCRECE.
Et moy, ie tiens que voſtre fille n’eſt point du tout propre pour le Mariage.	Et moi, Seigneur tiens que votre fille n'est point du tout propre pour le Mariage.
Elle eſt d’vne complexion trop delicate & trop peu ſaine, & c’eſt la vouloir enuoyer bien-toſt en l’autre monde, que de l’expoſer comme elle eſt à faire des enfans.	Elle est d'une complexion trop délicate et trop peu saine, et c'est la vouloir envoyer bientôt en l'autre monde, que de l'exposer comme elle est à faire des enfants.
Le monde n’eſt point du tout ſon fait, & ie vous conſeille de la mettre dans vn Conuent, où elle trouuera des diuertiſſemnens qui ſeront mieux de ſon humeur.	Le monde n'est point du tout son fait, et je vous conseille de la mettre dans un Convent, où elle trouvera des divertissements qui seront mieux de son humeur.
d arimoun Avleuedins;	d arimoun Avlèvedins;
SGANARELLE.	SGANARELLE.
Tous ces conſeils ſont admirables aſſeurement:	Tous ces conseils sont admirables assurément:
mais ie les tiens vn peu intereſſez, & trouue que vous me conſeillez fort bien pour vous, Vous eſtes Orfevre, Monſieur Ioſſe, & voſtre conſeil ſent ſon homme qui a enuié de ſe défaire de ſa marchandiſe.	mais était les tiens un peu intéressez, et trouve que vous me conseillez fort bien pour vous, Vous êtes Orfevre, Monsieur Josse, et votre conseil sent son homme qui a envoyé de se défaire de sa marchandise.
Vous vendez des tapiſſeries, Monſieur Guillaume, & vous auez la mine d’auoir quelque tenture qui vous incommode.	Vous vendez des tapisseries, Monsieur Guillaume, et vous avez la mine d'avoir quelque tenture qui vous incommode.
Celuy que vous aymez, ma voiſine, a, dit-on.	Celui que vous aimez, ma voisine, a, dit-on.
quelque inclination pour ma fille, & vous ne ſeriez pas faſchée de la voir la femme d’vn autre, Et qua ntavous, ma chere niece, ce n’eſt pas mon deſſein, comme on ſçait, de marier ma fille auec qui que ce ſoit, & i’ai mes raisos pour cela.	quelque inclination pour ma fille, et vous ne seriez pas fâchée de la voir la femme d'un autre, Et qua navous, ma chère nièce, ce n'est pas mon dessein, comme on sait, de marier ma fille auec qui que ce soit, et j'ai mes raisos pour cela.
Mais le coſeil que vous me dõnez de la faire Religieuſe, eſt d’vne femme qui pourroit bien ſouhaitter charitablement d’eſtre mon heritiere vniuerſelle.	Mais le côteil que vous me donnez de la faire Religieuse, est d'une femme qui pourrait bien souhaiter charitablement d'être mon héritière universelle.
Ainſi, Meſſieurs & Meſdames, quoy que tous vos conſeils ſoient les meilleurs du monde, vous trouuerez bon, s’il vous plaiſt, que ie n’en ſuiue aucun.	Ainsi, Messieurs et Mesdames, quoi que tous vos conseils soient les meilleurs du monde, vous trouverez bon, s'il vous plaît, que je n'en suive aucun.
Voila de mes donneurs de conſeils à la mode,	Voilà de mes donneurs de conseils à la mode,
A liij	À lijà
SCENL II.	SCENL II.
LVCINDE, SGANARELLE.	LUCINDE, SGANARELLE.
SGANARLLEE,	SGANARLLE,
ln  H, voila ma fille qui prend l’air.	Un H, voilà ma fille qui prend l'air.
Elle ne me void pas.	Elle ne me voit pas.
Elle ſoupire.	Elle soupire.
Elle leue les yeux au Ciel.	Elle lève les yeux au Ciel.
Dieu vous gard.	Dieu vous gard.
Bon iour ma mie.	Bon jour ma mie.
Hé bien, qu’eſt-ce!	Hé bien, qu'est-ce!
comme vous en va?	comme vous en va?
Hé!	Hé!
quoy toujours triſte & melancolique comme cela, & tu ne veux pas me dire ce que tu as.	quoi toujours triste et mélancolique comme cela, et tu ne veux pas me dire ce que tu as.
Allons donc, découure moy ton petit cœur, là ma pauure mie, dy, dy;	Allons donc, découvre moi ton petit cœur, là ma pauvre mie, dis, dis;
dy tes petites penſées à ton petit papa H mignon.	dis tes petites pensées à ton petit papa H mignon.
Courage.	Courage.
Veux-tu que ie te baiſe?	Veux-tu que Seigneur te baise?
vien.	viens.
I’enrage de la voir de cette humeur-là.	J'enrage de la voir de cette humeur-là.
Mais, dy moy, me veux-tu faire mourir de deſplaiſir, & ne puis-je ſçauoir d’où vient cette grâde langueur.	Mais, dy moi, me veux-tu faire mourir de déplaisir, et ne puis-je savoir d'où vient cette grâde langueur.
Deſcouure m’en la cauſe, & ie te promets que ie feray toutes choſes pour toy.	Découvre m'en la cause, et Seigneur te promets que ici ferai toutes choses pour toi.
Oüy, tu n’as qu’à me dire le ſujet de ta triſteſſe, ie t’aſſeure icy, & te fais ſerment, qu’il n’y a rien que ie ne faſſe pour te ſatisfaire.	Oui, tu n'as qu'à me dire le sujet de ta tristesse, ie t'assure ici, et te fais serment, qu'il n'y a rien que je ne fasse pour te satisfaire.
C’eſt tout dire:	C'est tout dire:
eſt-ce que tu es jalouſe de quelqu’vne de tes compagnes, que tu voyue plus braue que toy?	est-ce que tu es jalouse de quelqu'une de tes compagnes, que tu voive plus brave que toi?
& ſeroit-il quelque eſtoffe nouuelle dont tu vouluſſes auoir vn habit?	et serait-il quelque étouffe nouvelle dont tu voulusses avoir un habit?
Non.	Non.
Eſt-ce que ta chambre ne te ſemble pas aſſez parée, & que tu ſouhaitterois quelque cabinet de la Foire Saint Laurent?	Est-ce que ta chambre ne te semble pas assez parée, et que tu souhaiterais quelque cabinet de la Foire Saint Laurent?
Ce n’eſt pas cela.	Ce n'est pas cela.
Aurois-tu enuie d’apprendre quelque choſe?	Aurais-tu envie d'apprendre quelque chose?
Et veux-tu que ie te donne vn Maiſtre pour te montrer à joüer du Claueſſin?	Et veux-tu que Rome te donne un Maître pour te montrer à jouer du Clavessin?
Nenny.	Nenni.
Aymerois-tu quelqu’vn, & ſouhaitterois-tu d’eſtre mariee?	Aimerais-tu quelqu'eau, et souhaiterais-tu d'être marie?
SCENEIII.	SCENEII.
LYSETTE, SGANARELLE JEVCINDE	LYSETTE, SGANARELLE JEUCINDE
LYSETTE.	LYSETTE.
E bien, Monſieur, vous I Tvenez d’entretenir voſtre ile.	E bien, Monsieur, vous I Tenez d'entretenir votre île.
Auez-vous fceu la cauſe de ſa melancolie;	Avez-vous fceu la cause de sa mélancolie;
SGANARELLE.	SGANARELLE.
Non, c’eſt vne coquine qui me fait enrager.	Non, c'est une coquine qui me fait enrager.
LYSETTE.	LYSETTE.
Monſieur, laiſſez-moy faire, iel m’en vais la ſonder vn peu.	Monsieur, laissez-moi faire, jel m'en vais la sonder un peu.
SGANARELLE.	SGANARELLE.
Il n’eſt pas neceſſaire, & puis qu’elle veut eſtre de cette humeur, ie ſuis d’auis qu’on I’y lailſe.	Il n'est pas nécessaire, et puis qu'elle veut être de cette humeur, je suis d'avis qu'on J'y lailse.
LYSETTE.	LYSETTE.
Laiſſez-moy faire, vous disje, peut-eſtre qu’elle ſe découurira plus librement à moy qu’à vous:	Laissez-moi faire, vous disje, peut-être qu'elle se découvrira plus librement à moi qu'à vous:
Quoy, Madame, vous ne nous direz point ce que vous auez, & vous voulez affliger ainſi tout le monde.	Quoi, Madame, vous ne nous direz point ce que vous avez, et vous voulez affliger ainsi tout le monde.
Il me ſemble qu’on n’agiſt point come vous faites, & que ſi vous auez quelque repugnâce àvous expliquer à vn pere, vous n’en deuez auoir aucune à me deſcouurir vontie caul.	Il me semble qu'on n'agît point come vous faites, et que si vous avez quelque repugnâce àvous expliquer à un père, vous n'en devez avoir aucune à me découvrir vontie caul.
DresComeule.	DresComeule.
moy!	moi!
, louhaittez-vous quelque choſe de luy?	, Çouhaitez-vous quelque chose de lui?
il nous a dit plus d’vne fois qu’il n’eſpargneroit rien pour vous contenter.	il nous a dit plus d'une fois qu'il n'épargnerait rien pour vous contenter.
Eſt-ce qu’il ne vous donne pas toute la liberté que vous ſouhaitreriez, & les promenades & las cadeaux ne tenteroient-ils point voſtre ame?	Est-ce qu'il ne vous donne pas toute la liberté que vous souhaitreriez, et les promenades et las cadeaux ne tenteraient-ils point votre âme?
Heu.	Heu.
Auez-vous receu quelque deſplaiſir de quelqu’vn?	Avez-vous reçu quelque déplaisir de quelqu'un?
Heu.	Heu.
N’auriez-vous point quelque ſecrette inclination, auec qui vous ſouhaitteriez que voſtre pere vous mariaſt.	N'auriez-vous point quelque secrète inclination, avec qui vous souhaiteriez que votre père vous mariât.
Ah, ie vous entens.	Ah, Seigneur vous entends.
Voila l’affaire.	Voilà l'affaire.
Que Diable, pourquoy tant de façons.	Que Diable, pourquoi tant de façons.
Monſieur, le myſtere eſt découvert.	Monsieur, le mystère est découvert.
Et.	Et.
SGANARELLE l'Inte- rompaut Va, fille ingratte, ie ne te veux plus parler, & ie te laiſſe dalis ton obſtination.	SGANARELLE l'Inte- rompaut Va, fille ingrate, quelque ne te veux plus parler, et de te laisse dalis ton obstination.
LVCINDE.	LUCINDE.
Mon pere, puis que vous voulez que ie vous diſe la choſe.	Mon père, puis que vous voulez que je vous dise la chose.
SGANARELLE.	SGANARELLE.
Ouy, ie perds toute l’amitié que i’auois pour toy	Oui, Seigneur perds toute l'amitié que j'avais pour toi
ETSEIIE.	ETSEIIE.
Monſieur, ſa triſteſſe.	Monsieur, sa tristesse.
SGANARELLE.	SGANARELLE.
C’eſt vne coquine qui me veut faire mourir.	C'est assez coquine qui me veut faire mourir.
LVCINDE.	LUCINDE.
Mon pere, ie veux bien.	Mon père, Seigneur veux bien.
SGANARELLE.	SGANARELLE.
Ce n’eſt pas la recompenſe de t’auoir eſleuée comme i’ay fait.	Ce n'est pas la récompense de t'avoir élevée comme j'ai fait.
LYSETTE.	LYSETTE.
Mais, Monſieur.	Mais, Monsieur.
SGANARELLE Non, ie ſuis contr’elle, dans vne colere eſpouuentable.	SGANARELLE Non, je suis contre elle, dans une colère espouuentable.
LVCTNDL.	LUCTNDL.
Mais, mon pere.	Mais, mon père.
SGANARELLE.	SGANARELLE.
Ie n’ay plus aucune tendreſſe pour toy.	Je n'ai plus aucune tendresse pour toi.
LYSETTE.	LYSETTE.
Mais.	Mais.
SGANARELLE C’eſt vne friponne.	SGANARELLE C'est une friponne.
LVCINDE.	LUCINDE.
Avlalo.	Avlalo.
SGNARELLE vne ingratte.	SGNARELLE une ingrate.
LYSETTE.	LYSETTE.
Mais.	Mais.
SGANARELLE.	SGANARELLE.
vno coquine quild mna iveut pas dire ce qu’elle a.	un coquine quild mna jeut pas dire ce qu'elle a.
ETSETIE C’eſt vn mary qu’elle veut	ETSETIE C'est un mari qu'elle veut
SGANARELLE.	SGANARELLE.
Faïſant sẽblant de ne pas entẽdre.	Faïsant semblant de ne pas entendre.
Ie l’abandonne.	Je l'abandonne.
LYSETTE.	LYSETTE.
Vn mary,	Un mari,
SGANARELLE.	SGANARELLE.
Ie la deteſte.	Je la déteste.
LYSETTE.	LYSETTE.
vIl fliery .	vIl flier .
SGANARELLE.	SGANARELLE.
Et la renonce pour ma fille.	Et la renonce pour ma fille.
LYSETTE.	LYSETTE.
Vn mary.	Un mari.
SGANARELLE.	SGANARELLE.
Non, ne m’en parlez point.	Non, ne m'en parlez point.
ETOLTTL.	ETOLTTL.
Vn mary.	Un mari.
SGANARELLE Ne m’en parlez point.	SGANARELLE Ne m'en parlez point.
LYSETTE.	LYSETTE.
Vn mary.	Un mari.
GANARELLE Ne m’en parlez point.	GANARELLE Ne m'en parlez point.
LYSETTE.	LYSETTE.
Vn mary, vn mary, vn mary.	Un mari, un mari, un mari.
SCENE IV LIDEATEEVCINDE.	SCÈNE IV LIDEATEUCINDE.
LYSETTE.	LYSETTE.
N dit bien vray:	N dit bien vrai:
qu’il n’y a point de pires louids, que ceus qui ne veulent point entendre.	qu'il n'y a point de pires louids, que ceus qui ne veulent point entendre.
LVCINDE.	LUCINDE.
Hé bien, Lyſette, i’auois tort de cacher mon deſplaiſir, & ie n’auois qu’à parler, pour auoir tout ce que ie ſouhaittois de mon pere:	Hé bien, Lysette, j'avais tort de cacher mon déplaisir, et notre n'avais qu'à parler, pour avoir tout ce que sans souhaitais de mon père:
tu le vois.	tu le vois.
LYSETTE.	LYSETTE.
Par ma foy, voila vn vilain homme, & ie vous auouë que i’aurois vn plaiſir extréme à luy jouër quelque tour.	Par ma foi, voilà un vilain homme, et je vous avoue que j'aurais un plaisir extrême à M jouër quelque tour.
Mais d’où vient donc, Madame, que iuſqu’icy vous m’auez cache voſtre mal?	Mais d'où vient donc, Madame, que jusqu'ici vous m'avez cache votre mal?
LVCINDE.	LUCINDE.
Helas, dequoy mauroit ſeruy de te le decouurir plûtoſt!	Hélas, dequoy maurait servi de te le découvrir plutôt!
& n’aurois-je pas autant gagné à le tenir cache toute ma vie.	et n'aurais-je pas autant gagné à le tenir cache toute ma vie.
Crois-tu que ie n’aye pas bien preueu tout ce que tu vois maintenant, que ie ne ſceuſſe pas à fonds tous les ſentimens de mon pere;	Crois-tu que Dieu n'aie pas bien preu tout ce que tu vois maintenant, que ici ne sceusse pas à fond tous les sentiments de mon père;
que le rufus qu’il a fait porter à celuy qui m’a dem adée par vn amy, n’ait pas eſtouffé dans mon ame toute ſorte d’eſpoir.	que le rufus qu'il a fait porter à celui qui m'a dem adée par un ami, n'ait pas étouffé dans mon âme toute sorte d'espoir.
LYSETTE.	LYSETTE.
Quoy, c’eſt cét inconnu qui vous a fait demander, pour qui vous.	Quoi, c'est cet inconnu qui vous a fait demander, pour qui vous.
LVCINDE.	LUCINDE.
Peut-eſtre n’eſt-il pas honneſte à vne fille de s’expliquer ſi librement;	Peut-être n'est-il pas honnête à une fille de s'expliquer si librement;
mais enfin, ie t’auoüe que s’il m’eſtoit permis de vouloir quelque choſe, ce ſeroit luy que ie voudrois.	mais enfin, notre t'avoue que s'il m'était permis de vouloir quelque chose, ce serait quelque que ie voudrais.
Nous n’auons enſemble aucune conuerſation, & ſa bouche ne m’a point declaré la paſſion qu’il a pour moy:	Nous n'avons ensemble aucune conversation, et sa bouche ne m'a point déclaré la passion qu'il a pour moi:
mais dans tous les lieux où il m’a pũ voir, ſes regards & ſes actions m’ont touſiours parlé ſi tendrement, & la demande qu’il à fait faire de moy, m’a paru d’vn ſi honneſte homme, que mon cœur n’a pù s’empeſcher d’eſtre ſenſible à ſes ardeurs;	mais dans tous les lieux où il m'a pun voir, ses regards et ses actions m'ont toujours parlé si tendrement, et la demande qu'il à fait faire de moi, m'a paru d'Un si honnête homme, que mon cœur n'a puù s'empêcher d'être sensible à ses ardeurs;
& cependant tu vois où la duretẽ de mon pere, reduit toute cette tendreſſe.	et cependant tu vois où la duretien de mon père, réduit toute cette tendresse.
LYSETTE.	LYSETTE.
Allez, laiſſez-moy faire, quelque ſuiet que i’aye de me plaindre de vous du ſecret que vous m’auez fait, ie ne veux pas laiſſer de ſeruir voſtre amour;	Allez, laissez-moi faire, quelque sujet que j'aie de me plaindre de vous du secret que vous m'avez fait, une ne veux pas laisser de servir votre amour;
& pourueu que vous ayez aſſez de reſolution.	et pourvu que vous ayez assez de résolution.
LVCINDE.	LUCINDE.
Mais que veux-tu que ie faſſe contre l’authorité d’vn pere?	Mais que veux-tu que ici fasse contre l'autorité d'un père?
& s’il eſt inexhorabie a ilies voum.	et s'il est inexhorabie a ilies voum.
LYSETTE.	LYSETTE.
Allez, allez, il ne faut pas ſe laiſſer mener cõme vn Oyſon, & pourueu que l’honneur n’y ſoit pas offenſé, on peut ſe liberer vn peu de la tyrannie d’vn pere.	Allez, allez, il ne faut pas se laisser mener comme vn Oyson, et pourvu que l'honneur n'y soit pas offensé, on peut se libérer un peu de la tyrannie d'un père.
Que pretend-il que vous faſſiez?	Que prétend-il que vous fassiez?
N’eſtes-vous pas en âge d’eſtre mariée?	N'êtes-vous pas en âge d'être mariée?
& croitil que vous ſoyez de marbre?	et croitil que vous soyez de marbre?
Allez, encor vn coup, ie veux ſeruir voſtre paſſion, ie prens dés à preſent ſur moy tout le ſoin de ſes intereſts, & vous verrez que ie ſçay des deſtours.	Allez, encor un coup, je veux servir votre passion, Elle prends dès à présent sur moi tout le soin de ses intérêts, et vous verrez que sans sais des détours.
Mais ie vois voſtre pere, rentrons, & me laiſſez	Mais ici vois votre père, rentrons, et me laissez
DOLETI V DGANANELLE,	DOLETI V GANANELLE,
L eſt bon quelque fois de ne point faire ſemblant dentendre les choſes qu’on n’entend que trop bien:	L est bon quelque fois de ne point faire semblant dentendre les choses qu'on n'entend que trop bien:
& i’ay fait ſagement de parer la declaration d’vn deſir que ie ne ſuis pas reſolu de contenter.	et j'ai fait sagement de parer la déclaration d'un désir que je ne suis pas résolu de contenter.
A-t’on iamais rien veu de plus tyrannique cette couſtume où l’on veut aſſujettir les peres?	A-t-on jamais rien vu de plus tyrannique cette coutume où l'on veut assujettir les pères?
Rien de plus impertinent, & de plus ridicule, que d’amaſſer du bien auec de grands trauaux, & eſleuer vne fi le auec beaucoup de ſoin & de tendreſſe, pour ſe deſpoüiller de l’vn & de l’autre entre les mains d’vn homme qui ne nous touche de rien.	Rien de plus impertinent, et de plus ridicule, que d'amasser du bien avec de grands travaux, et élever une fi le Roi beaucoup de soin et de tendresse, pour se dépouiller de l'un et de l'autre entre les mains d'un homme qui ne nous touche de rien.
Non, non, ie me mocque de cét vſage, & ie veux garder moiheiice ma fille pour moy.	Non, non, Seigneur me moque de cet usage, et votre veux garder moihéiice ma fille pour moi.
SCENE	SCÈNE
SCENE VI.	SCÈNE VI.
LISLITE, SGANVIIRLELE.	LISLITE, SGANVIRLELE.
N LYSETTE.	 LYSETTE.
H, malheur!	H, malheur!
ah diſgrace!	ah disgrâce!
ah, pauure Seigneur Sganareſſe !	ah, pauvre Seigneur Séganaresse !
’où pourray je te rencontrer?	Où pourrai -je te rencontrer?
SGANARELLE, Que dit-elle-là?	SGANARELLE, Que dit-elle-là?
LYSETTE.	LYSETTE.
aiil fiiiſerabie pere.	aiil fiiserabie père.
que feras-tu?	que feras-tu?
quand tu ſçauras cette nouuelle.	quand tu sauras cette nouvelle.
SGANARELLE.	SGANARELLE.
Que ſera-ce?	Que sera-ce?
LYSETTE.	LYSETTE.
Avia pauule Ivlancrence	Avia pauvle Julancrence
SGANARELLE.	SGANARELLE.
Ie ſuis perdu.	Je suis perdu.
Ah!	Ah!
LYSETTE.	LYSETTE.
SGANARELLE.	SGANARELLE.
Lyſette.	Lysette.
ETSLTAL.	ETSLTAL.
Quelle infortune!	Quelle infortune!
SGANANLELE, Lyſette.	SGANANLELE, Lysette.
LYSETTE.	LYSETTE.
Qeruceident.	Quervceident.
SGANARELLE Eyiette,	SGANARELLE Eyiette,
SGANARELLE.	SGANARELLE.
Ly ſette.	Ly sette.
LYSETTE.	LYSETTE.
Monſieur.	Monsieur.
SGANARELLE.	SGANARELLE.
Qu’y a-t’il?	Qu'y a-t-il?
LYSETTE.	LYSETTE.
Monſieur ne pleurez donc point comme cela:	Monsieur ne pleurez donc point comme cela:
car vous me ſeriez rire.	car vous me seriez rire.
GNARELLE Dy donc viſte.	GNARELLE Dis donc vite.
LYSETTE.	LYSETTE.
Voſtre fille toute ſaiſie des paroles que vous luy auel dites & de la colere offroyable où elle vous a veu contre elle, eſt montée viſte dans ſa chambre, & pleine de deſeſpoir, a ouuere la fenoime ui regarde ſur la riuiere.	Votre fille toute saisie des paroles que vous lui auel dites et de la colère offroyable où elle vous a vu contre elle, est montée vite dans sa chambre, et pleine de désespoir, a ouuère la fenoime ui regarde sur la rivière.
SGANVARELLL.	SGANVARELLL.
Hé bien.	Hé bien.
LYSETTE.	LYSETTE.
Alors, leuant les yeux au Ciel.	Alors, levant les yeux au Ciel.
Non, a-t’elle dit, il m’eſt impoſſible de viure auec le courroux de mon pere:	Non, a-t-elle dit, il m'est impossible de vivre avec le courroux de mon père:
& puiſqu’il me renonce pour ſa fille, ie veux mourir.	et puisqu'il me renonce pour sa fille, je veux mourir.
SGANARELLE Ele det leucce,	SGANARELLE Él dét leuce,
LYSETTE.	LYSETTE.
Non, Monſieur, elle a fermé tout poucement la feneſtre & s’eſt allée mettre ſur ſon lict.	Non, Monsieur, elle a fermé tout poucement la fenêtre et s'est allée mettre sur son lit.
Là elle s’eſt priſe à pleurer amerement, & tout d’vn coup ſon viſage à pally, ſes yeux ſe ſont tournez, le cœur luy a manque, & elle m’eſt demeurée entre les bras.	Là elle s'est prise à pleurer amèrement, et tout d'un coup son visage à palli, ses yeux se sont tournés, le cœur a a manque, et elle m'est demeurée entre les bras.
SGANARELLE Ah, ma fille!	SGANARELLE Ah, ma fille!
LYSETTE.	LYSETTE.
A force de la tourmenter ie l’ay fait reuenir:	À force de la tourmenter ici l'ai fait revenir:
mais cela luy reprend de moment en moment, & ie croy qu’elle ne B iij Pumera pue lu dunec.	mais cela y reprend de moment en moment, et ainsi crois qu'elle ne B ij Umera pue lu dunec.
SGANARELLE Champagne, Champagne Champagne viſte, qu’on m’aille querir des Medecins, & en quantité, on n’en peut trop auoir dans vne pareille auanture.	SGANARELLE Champagne, Champagne Champagne vite, qu'on m'aille quérir des Médecins, et en quantité, on n'en peut trop avoir dans une pareille aventure.
Ah, ma fille!	Ah, ma fille!
ma pauure fille!	ma pauvre fille!
Fin du premier Acte.	Fin du premier Acte.
L.	L.
ENTRE-ACTE.	ENTRE-ACTE.
ACIE.	ACIE.
II.	II.
SCENE I.	SCÈNE I.
SGANARELLE, LYSETTE.	SGANARELLE, LYSETTE.
LYSETTE.	LYSETTE.
VE voulez-vous 3 donc faire, Monzſieur, de quatre Medecins?	VE voulez-vous 3 donc faire, Monzsieur, de quatre Médecins?
N’eſt-ce pas aſſez d’vn pour tuer vne perſonne?	N'est-ce pas assez d'un grand tuer une personne?
SGANARELLE.	SGANARELLE.
Taiſez-vous.	Taisez-vous.
Quatre conſeils vallent mieux qu’vn.	Quatre conseils valent mieux qu'un.
B.	B.
iiij	jijà
LYSETTE.	LYSETTE.
Eſt-ce que voſtre fille ne peut pas bien mourir, ſans le ſecours de ces Meſſieurs-Ia?	Est-ce que votre fille ne peut pas bien mourir, sans le secours de ces Messieurs-Ia?
SGNARELLE Eſt-ce que les Medecins font mourir?	SGNARELLLE Est-ce que les Médecins font mourir?
LYSETTE.	LYSETTE.
Sans doute:	Sans doute:
& i’ay connu vn homme qui prouuoit, par bonnes raiſons, qu’il ne faut iamais dire vne telle perſonne eſt morte d’vne fiévre & d’vne fluxion ſur la poictrine:	et j'ai connu un homme qui prouvait, par bonnes raisons, qu'il ne faut jamais dire une telle personne est morte d'une fièvre et d'une fluxion sur la poitrine:
mais elle eſt morte de quatre Medecins, & de deux Apothicaires.	mais elle est morte de quatre Médecins, et de deux Apothicaires.
SGANARELLE.	SGANARELLE.
Chut, n’offenſez pas ces Meſſieurs-la.	Chut, n'offensez pas ces Messieurs-la.
LISETTE Ma foy, Monſieur, noſtre Chat eſt rechappé depuis peu, d’vn ſaut qu’il fit du haut de la maiſon dans la rue, & il fut trois iours ſaus manger, & lans pouuoir remuër ny pied ny patte;	LISETTE Ma foi, Monsieur, notre Chat est rechappé depuis peu, d'un saut qu'il fit du haut de la maison dans la rue, et il fut trois jours sa manger, et lans pouvoir remuer ni pieds ni patte;
mais il eſt bien-heureux de ce qu’il n’y a point de Chats Medecins:	mais il est bienheureux de ce qu'il n'y a point de Chats Médecins:
car ſes affaires eſtoient faites, & ils n’auroient pas manqué de le purger, & de le ſaigner.	car ses affaires étaient faites, et ils n'auraient pas manqué de le purger, et de le saigner.
SGANARELLE.	SGANARELLE.
voulen vous vous canejvous disje;	voulen vous vous canejvous disje;
mais voyez quelle impertinence.	mais voyez quelle impertinence.
Les voicy.	Les voici.
LYSETTE.	LYSETTE.
Prenez garde, vous allez eſtre bien édifié ils vous diront en Latin que voſtre fille eſt malade.	Prenez garde, vous allez être bien édifié ils vous diront en Latin que votre fille est malade.
MOLIU II.	MOLIV II.
MESSIEVRS TOME’S, DES FONANDRE'S, MACROTON, ET BAHYS, Medecins.	MESSIEURS TOME'S, DES FONANDRE'S, MACROTON, ET BAHYS, Médecins.
SGANARELLE, LYSETTE,	SGANARELLE, LYSETTE,
SGANARELLE.	SGANARELLE.
Ma fille onff mn	Ma fille on mn
M.	M.
TOME’S.	TOME'S.
Ie veux dire qu’il y a beaucoup d’impureté dans ſon corps, quantité d’humeurs corrompues.	Je veux dire qu'il y a beaucoup d'impureté dans son corps, quantité d'humeurs corrompues.
SGANARELLE.	SGANARELLE.
Ah, ie vous entens.	Ah, Seigneur vous entends.
M.	M.
TOME’S.	TOME'S.
luib.	luib.
Ilous diiolis coiſſulter enſemble.	Ilous diolis coissulter ensemble.
SGANARELLE.	SGANARELLE.
Allons, faites donner des ſieges.	Allons, faites donner des sièges.
LYSETTE.	LYSETTE.
Ah, Monſieur, vous en eſtes.	Ah, Monsieur, vous en êtes.
SGANARELLE.	SGANARELLE.
Dequoy donc connoiſſezvous Monſieur?	Dequoy donc connoissezvous Monsieur?
LYSETTE.	LYSETTE.
De l’auoir veu l’autre iour, chez la bonne amie de Madaine volde fece.	De l'avoir vu l'autre jour, chez la bonne amie de Madaine volde fèce.
M.	M.
TOME'S.	TOME'S.
Comment ſe porte ſon Cocher?	Comment se porte son Cocher?
AIEHTIE.	AIEHTIE.
Fort bien, il eſt mort.	Fort bien, il est mort.
Mort.	Mort.
MI.	MI.
TONILS.	TONILS.
Oüy.	Oui.
LISETTE.	LISETTE.
M.	M.
TOME'S.	TOME'S.
Cela ne ſe peut.	Cela ne se peut.
ETOETAL.	ETOTETAL.
Ie ne ſçay pas ſi cela ſe peut, mais ie ſçay bien que ceia eſt.	Je ne sais pas si cela se peut, mais Seigneur sais bien que cia est.
M.	M.
TOMÉS.	TOMÊ.
Il ne peut pas eſtre mort, Vouu dnd LCe	Il ne peut pas être mort, Vouu dînd LCée
LYSETTE.	LYSETTE.
Et moy ie vous dis qu’il eſt mort, & enterre.	Et moi ici vous dis qu'il est mort, et enterre.
M.	M.
TOME’S.	TOME'S.
Vous vous trompez.	Vous vous trompez.
ETSETTE.	ETSETTE.
Ie l’ay veu.	Je l'ai vu.
M.	M.
TOMES.	TOMES.
Cela eſt impoſſible.	Cela est impossible.
Hippocrate dit, que ces ſortes de maladies ne ſe terminent qu’au quatorze, ou au vingt-vn, & il n’y a que ſix iours qu’il eſt tombé malade.	Hypocrate dit, que ces sortes de maladies ne se terminent qu'au quatorze, ou au vingt-un, et il n'y a que six jours qu'il est tombé malade.
LYSETTE.	LYSETTE.
Hippocrate dira ce qu’il luy plaira;	Hypocrate dira ce qu'il lui plaira;
mais le Cocher eſt mort.	mais le Cocher est mort.
SGANARELLE.	SGANARELLE.
Paix, diſcoureuſe, allons ſortons d’icy.	Paix, discoureuse, allons sortons d'ici.
Meſſieurs, ie vous ſupplie de conſulter de la bone maniere.	Messieurs, Seigneur vous supplie de consulter de la bone manière.
Quoy que ce ne ſoit pas la coûtume de payer auparauant;	Quoi que ce ne soit pas la coutume de payer auparavant;
toutefois de peur que ie l’oublie, & afin que ce ſoit vne affaire faite, voicy.	toutefois de peur que ici l'oublie, et afin que ce soit affaire faite, voici.
Ils les paye, & chacun en receuant l’argent, jui vn geſte different.	Ils les paie, et chacun en recevant l'argent, jui un geste différend.
SCENE III.	SCÈNE III.
MESSIEVRS DESFONANDRE’S, TOME’S, MACROTON, ET BAHYS.	MESSIEURS DESFONANDRE'S, TOME'S, MACROTON, ET BAHYS.
1, sejejem Clonjente.	1, sejejem Clonjente.
M.	M.
DESFONANDRE'S.	DESFONANDRÉT.
Aris eſt eſtrangement grand, & il faut faire de longs ttajets, quand la pratique donnne vn peu.	Aris est étrangement grand, et il faut faire de longs tajets, quand la pratique donnne un peu.
M.	M.
DESFONANDRE'S I’ay vn cheual merueilleux, & cert vil ailimlal fatigable.	DESFONANDRÉS J'ai un cheval merveilleux, et cert vil ailimlal fatigable.
M.	M.
TOME’S.	TOME'S.
Sçauez-vous le chemin que ma Mule a fait auiourd’huy.	Savez-vous le chemin que ma Mule a fait aujourd'hui.
I’ay eſté premierement tout contre l’Arſenal, de l’Arſenal au bout du Fauxbourg S.	J'ai été premièrement tout contre l'Arsenal, de l'Arsenal au bout du Faubourg S.
Germain, du Fauxbourg S.	Germain, du Fauxbourg S.
Germain au fond du Marais, du fond du Marais à la Porte S.	Germain au fond du Marais, du fond du Marais à la Porte S.
Honoré, de la Porte S.	Honoré, de la Porte S.
Honore au Fauxbourg S.	Honore au Faubourg S.
Iacques du Fauxbourg S.	Jacques du Faubourg S.
Iacques à la Porte de Richelieu, de la Porte de Richelieu icy, & d’icy ie dois aller encor à la Place	Jacques à la Porte de Richelieu, de la Porte de Richelieu ici, et d'ic ie dois aller encor à la Place
M.	M.
DESEONANDRE’S, Mon cheual a fait tout cela auiourd’huy, & de plus i’ay eſté à reuer voil vn malade.	DESEONANDRÉS, Mon cheval a fait tout cela aujourd'hui, et de plus j'ai été à rêver voil malade.
M.	M.
TOME’S.	TOME'S.
Mais à propos quel party prenez-vous dans la quere le des deux Medecins, Theophraſte, & Artemius;	Mais à propos quel parti prenez-vous dans la quere le des deux Médecins, Théophraste, et Artemius;
car e’eſt vne affaite qui partage tout noſtre Corps.	car éte est une affaite qui partage tout notre Corps.
M.	M.
DESFONANDRE'S.	DESFONANDRÉT.
Moy, ie ſuis pour Artemius.	Moi, Seigneur suis pour Artemius.
M.	M.
TOMES.	TOMES.
Et moy auſſi, ce n’eſt pas que ſon auis, comme on a veu, n’ait tué le malade, & que celuy de Theophraſte ne fuſt beaucoup 1 meilleur aſſeurément:	Et moi aussi, ce n'est pas que son avis, comme on a vu, n'ait tué le malade, et que celui de Théophraste ne fût beaucoup 1 meilleur asseurément:
Mais enfin, il a tort dans les circonſtances, & il ne deuoit pas eſtre d’vn autre auis que ſon Ancien.	Mais enfin, il a tort dans les circonstances, et il ne devait pas été d'un autre avis que son Ancien.
Qu'en dites-vous?	Qu'en dites-vous?
M.	M.
DESFONANDRE'S.	DESFONANDRÉT.
Sans doute.	Sans doute.
Il faut touſiours garder les formalitez, quoy qu’il puiſſe arriuer.	Il faut toujours garder les formalités, quoi qu'il puisse arriver.
M.	M.
TOME'S.	TOME'S.
Pour moy i’y ſuis ſeuere en Diable, à moins que ce ſoit entre amis, & l’on nous aſſembla vn iour trois de nous autres auec vn Medecin de dehors, pour vne conſultation, où i’arreſtay toute l’affaire, & ne voulus point endurer qu’on opinaſt ſi les choſes n’alloient dans l’ordre.	Pour moi j'y suis sévère en Diable, à moins que ce soit entre amis, et l'on nous assembla un jour trois de nous autres avec un Médecin de hors, pour une consultation, où j'arrêtai toute l'affaire, et ne voulût point endurer qu'on opinât si les choses n'allaient dans l'ordre.
Les gens de la maiſon faiſoient ce qu’ils pouuoient, & la maladie preſſoit:	Les gens de la maison faisaient ce qu'ils pouvaient, et la maladie pressait:
mais ie n’en voulus point demordre, & la malade mourut brauement pendant cette conteſtation.	mais ici n'en voulus point démordre, et la malade mourut bravement pendant cette contestation.
M.	M.
DESFONANDRE'S C’eſt fort bien fait d’apprendie ada gens te vidroy de leur montrer leur bec jaune.	DESFONANDRES C'est fort bien fait d'apprendie ada gens te vitroi de leur montrer leur bec jaune.
M.	M.
TOMES.	TOMES.
Vn homme mort, n’eſt qu’vn homme mort, & ne fait point de conſequence;	Un homme mort, n'est qu'un homme mort, et ne fait point de conséquence;
Mais me formalite negligée, porte vn notable preiudice à tout le Corps des Medecins.	Mais me formalité négligée, porte un notable préjudice à tout le Corps des Médecins.
SCENE IV.	SCÈNE IV.
SGANARELLE, MESSIEVRS LCTE S,DESFONANDRE’S, MACROTON, ET BAHIS,	SGANARELLE, MESSIEURS LCTE S,DESFONANDRE'S, MACROTON, ET BAIS,
M.	M.
TOME'S.	TOME'S.
Vous vous mocquez.	Vous vous moquez.
M.	M.
DESFONANDRE’S.	DESFONANDRÉT.
Ie ne parleray pas le premier.	Je ne parlerai pas le premier.
M.	M.
TOME’S.	TOME'S.
Monſieur.	Monsieur.
M.	M.
DESFONANDRL'S.	DESFONANDRLS.
Monſieur.	Monsieur.
SGANARELLE.	SGANARELLE.
Hé, de grace, Meſſieurs, laiſſez toutes ces ceremonies, & longez que les enoles prei ſent.	Hé, de grâce, Messieurs, laissez toutes ces cérémonies, et longez que les enoles pré jour.
M.	M.
TOME’S.	TOME'S.
Ils parlent tous quatre enſemble.	Ils parlent tous quatre ensemble.
La maladie de voſtre fille M.	La maladie de votre fille M.
DESFONANDRE’S.	DESFONANDRÉT.
L’auis de tous ces Fraciheur.	L'avis de tous ces Fraciheur.
tous enſemble.	tous ensemble.
M.	M.
MACROTON.	MACROTON.
Apres auon bieiconſulte.	Après avon bieiconsulte.
M.	M.
BAHYS, Pour railonner.	BAHYSS, Pour railonner.
SGANARELLE.	SGANARELLE.
Hé, Meſſieurs?	Hé, Messieurs?
parlez l’vn apres l’autre, de grace.	parlez l'un après l'autre, de grâce.
M.	M.
TOME'S.	TOME'S.
Monſieur, nous auons raiſonné ſur la maladie de voſtre fille;	Monsieur, nous avons raisonné sur la maladie de votre fille;
& mon auis,, a moy, eſt, que cela procede d’vne grande chaleur de ſang:	et mon avis, à moi, est, que cela procède d'une grande chaleur de sang:
ainſi ie conclus à la ſaigner le pluſtoſt que vous pourrez.	ainsi ici conclus à la saigner le plustost que vous pourrez.
M.	M.
DESFONANDRE’S.	DESFONANDRÉT.
Et moy, ie die que la fſaladie eſt vne porriture d’humeurs, cauſée par vne trop grande repletion;	Et moi, iemaire que la fsaladie est une porriture d'humeurs, causée par une trop grande réplétion;
ainſi ie conclus à luy donner de l’hemetique.	ainsi ici conclus à lui donner de l'hémétique.
M.	M.
TOME'S.	TOME'S.
Ie ſouſtiens que l’hemetique la tuëra.	Je soutiens que l'hémetique la tuera.
M.	M.
DESFONANDRE'S.	DESFONANDRÉT.
Dehej y que ne luigide la fera mourir.	Déjà y que ne luigide la fera mourir.
M.	M.
TOME'S.	TOME'S.
C’eſt bien à vous de faire l’habile homme.	C'est bien à vous de faire l'habile homme.
M.	M.
DESFONANDRE'S.	DESFONANDRÉT.
Oüy, c’eſt à moy.	Oui, c'est à moi.
& ie vous preſteray le colet en tout genre d’érudition.	et petit vous prêterai le colt en tout genre d'érudition.
M.	M.
TOME’S.	TOME'S.
me que vous fiſtes creuer ces iours paſſez.	me que vous fîtes cruer ces jours passés.
M.	M.
DESFONANDRE’S.	DESFONANDRÉT.
Souuenez vous de la Dame que vous auez enuoyée en l’autre monde, il y a troſs lours.	Souvenez vous de la Dame que vous avez envoyée en l'autre monde, il y a tross lours.
M.	M.
TOME'S.	TOME'S.
Ie vous ay dit mon auis.	Je vous ai dit mon avis.
ESFONANDRE'S.	ESFONANDRÉS.
Ie vous ay dit ma penſeé.	Je vous ai dit ma pensé.
M.	M.
TOME’S.	TOME'S.
Si vous ne faites ſaigner tout à Theure voſtre fille, c’eſt vne perſonne morte.	Si vous ne faites saigner tout à Theure votre fille, c'est une personne morte.
M.	M.
DESFONANDRE’S.	DESFONANDRÉT.
Si vous la faites ſaigner, elle ne ſera pas enuie dans vn quart d’heure.	Si vous la faites saigner, elle ne sera pas envie dans un quart d'heure.
SCENE	SCÈNE
SCENE V.	SCÈNE V.
SGANARELLE, Mre.	SGANARELLE, Mre.
MACROTON, ET BAHYS, MEDECIN.	MACROTON, ET BAHYSS, MÉDECIN.
SGANARELLE.	SGANARELLE.
qui croire desdeux?	qui croire dédeux?
& quelle reſolution prẽdre ſur des auis ſi oppoſez?	et quelle résolution prendre sur des avis si opposés?
Meſſieurs, ie vous coniure de determiner mon eſprit, & de me dire, ſans paſſion, ce que vous croyez le plus prôpre à ſoulager ma fille.	Messieurs, je vous conjure de déterminer mon esprit, et de me dire, sans passion, ce que vous croyez le plus prospre à soulager ma fille.
M.	M.
MACROTON.	MACROTON.
Il parle en allongeant ſes mots.	Il parle en allongeant ses mots.
Mon-ſi eur.	Mon-si eur.
Dans.	Dans.
ces.	ces.
ma C ti-e-res.	ma Ç y-je-rés.
là.	là.
il.	il.
faut.	faut.
pro-ceder.	procéder.
auec-que.	avec-que.
cir-conſ-pection.	cir-cons-pection.
&.	et.
ne.	ne.
ri-en.	ri-en.
fai-re, comme.	fay-re, comme.
on dit, à la.	on dit, à la.
vo-lé-e.	vo-lé-e.
Dautant.	Dautant.
que.	que.
les.	les.
fau-tes.	fautes.
qu’on.	qu'on.
y.	y.
peut, fai-re.	peut, fait-re.
ſont.	sont.
ſe-lon.	se-lon.
noſ-tre.	nostre.
Maiſ-tre.	Mais-tre.
Hip-pocru touii ne, dan-ge-reu-ſe.	Hypocru toui ne, dan-ge -réu-se.
con-ſe-quen-ce.	conse-quen-ce.
M.	M.
BAHYS.	BAHYSS.
Celui-cy parle touſiours en bredoüillant.	Celui-cy parle toujours en bredouillant.
Il eſt vray.	Il est vrai.
Il faut bien prendre garde à ce qu’on fait.	Il faut bien prendre garde à ce qu'on fait.
Car ce ne ſont pas icy des ieux d’enfant;	Car ce ne sont pas ici des jeux d'enfant;
& quand on a failly, il n’ẽt pas ayſé de reparer le manquement, & de reſtablir ce qu’on a gaſté.	et quand on a failli, il n'att pas aisé de réparer le manquement, et de rétablir ce qu'on a gâté.
Experimentum p riculo ſum.	Expérimentum p riculo sum.
C’eſt pourquoy il s’agiſt de raiſonner auparauant, comme il faut, de peſer meurement les choſes, de regarder le temperament des gens, d’examiner les cauſes de la maladie, & de voir les reiriedes qu'on y doit apporter.	C'est pourquoi il s'agît de raisonner auparavant, comme il faut, de peser meurement les choses, de regarder le tempérament des gens, d'examiner les causes de la maladie, et de voir les reiriedes qu'on y doit apporter.
SGANARELLE.	SGANARELLE.
L vn vd eitortue, & I’autre court la poſte.	 vn voit eitortue, et J'autre court la poste.
M.	M.
MACROTON.	MACROTON.
Or.	Or.
Mon-ſi-eur, pour.	Mon-si-eur, pour.
venir.	venir.
au.	au.
fait.	fait.
ie.	On.
trou-ue.	trou-ue.
que.	que.
voſ-tre.	vostre.
fil-le.	fil-le.
a.	a.
v-ne, mala-di-e.	Une, mala-di-e.
chro-ni-que, & qu’el-le.	chro-ni-que, et qu'elle.
peut.	peut.
pe-ri-cli-ter, ſi.	pétri-cli-ter, si.
on.	on.
ne.	ne.
luy.	On.
don-ne.	don-ne.
du.	du.
ſe-cours;	se-cours;
dau-tant.	dau-tant.
que.	que.
lesſim-ptõ-mes.	lessim-ptõours.
qu’el-le.	qu'elle-le.
à, ſont.	à, sont.
in-di-ca-tifs.	indi-ca-tifs.
d’v-ne.	d'une.
vapeur.	vapeur.
fu-li-gi neu-ſe.	fu-li-gy neuse.
&.	et.
mordi-can-te, qui lui, pi-co-te.	mordi-can-te, qui lui, pi-cote.
les.	les.
mem-bra-nes.	membra-nés.
du.	du.
cerue-au.	cerve-au.
Or.	Or.
cet-te.	cet-te.
va-peur.	va-peur.
que.	que.
nous, nom-mons.	nous, nom-mons.
en.	en.
Grec, At-mos.	Grec, At-mos.
eſt.	est.
cau-ſẽ-e.	cau-sẽ-je.
par.	par.
des.	des.
hu-meurs, pu-tri-des, te-naces, &.	hu-meurs, pu-tri-des, te-naces, et.
con-glu-ti-neu-ſes, qui.	conglu-ty-neuses, qui.
ſont.	sont.
con-te-nu- es.	conte-nu-moi.
dans.	dans.
le.	le.
bas.	bas.
ven-tre.	ven-tre.
M.	M.
BAHYS.	BAHYSS.
Et comme ces humeurs ont eſté là engendrées, par vne longue ſuceſſion de temps;	Et comme ces humeurs ont été là engendrées, par une longue sucession de temps;
elles s’y ſont recuites, & ont acquis cette malignite, qui fume vers la region du cerueau.	elles s'y sont recuites, et ont acquis cette malignité, qui fume vers la région du cerveau.
MMACNORON.	MMACNORON.
Si.	Si.
bi-en, donc, que, pour.	by-en, donc, que, pour.
ti-rer, deſ-ta-cher, ar-ra-cher, ex-pul-ſer, é-ua-cu-er.	ty-rer, déta-cher, ar-ra-cher, ex-pulser, est-ua-cv-er.
leſ-dites.	les-dites.
hu-meurs, il.	hu-meurs, il.
fau-dra.	faudra.
vne, pur-ga-ti-on.	une, pur-ga-ty-on.
vi-gou-reuſe.	vi chouereuse.
Mais.	Mais.
au.	au.
pre-a-la-ble, ie.	pré-la-la-blé, Seigneur.
trou-ue.	trou-ue.
a.	a.
pro-pos, &.	propô, et.
n’y.	n'y.
a.	a.
pas d’in-con-ue-ni-ent.	pas d'incon-ue-ni-ent.
d’vſer.	d'user.
de.	de.
pe-tits.	pe-tits.
re-me-des.	re-medes.
ano-dins, c’eſt.	ano-dins, c'est.
a.	a.
di-re, de.	di-re, de.
petits.	petits.
la-ue-ments, re-mol-liants.	laive-ments, remol-liants.
&.	et.
de-ter-ſifs, de.	de-ter-sifs, de.
iulets.	julets.
&.	et.
de.	de.
ſi-rops, ra-fraichiſ-ſans, qu’on meſ-le-radans.	si-rops, ra-fraîchis-puissants, qu'on mes-le-radans.
ſa pti-ſan-ne.	sa pti-san-ne.
M.	M.
BAHYS.	BAHYSS.
Apres nous en viendront à la purgation & à la ſaignée, C iij que nous reïtererons s’il en eſt Deloni.	Après nous en viendront à la purgation et à la saignée, Ç ij que nous reïtererons s'il en est Déloni.
M.	M.
MACROTON.	MACROTON.
ce-la, voſ-tre.	ce-la, vos-tre.
fil-le.	fil-le.
ne.	ne.
puiſſe, mou-rir;	puisse, mou-rir;
mais.	mais.
au.	au.
moins.	moins.
vous.	vous.
au-rez.	aurez.
fait.	fait.
quel-que.	quel-que.
cho-ſe, &.	cho-se, et.
vous, au-rez.	vous, aurez.
la.	la.
coiiora tron quelle.	coiiora tron quelle.
Iclde mor-te.	Iclde mór-te.
dans.	dans.
les.	les.
for-mes.	formes.
M.	M.
BAHYS.	BAHYSS.
Il vaut mieux mourir ſelon les regles, que de rechapper contre les regles.	Il vaut mieux mourir selon les règles, que de réchapper contre les règles.
dinnnllence le las Nous.	dinnllence le las Nous.
vous.	vous.
di-ſons.	di-sons.
ſin-cere-ment.	sin-cere-ment.
noſ-tre.	nostre.
pen-ſé-e.	pen-zé-e.
M.	M.
BAHYS.	BAHYSS.
Et vous auons parlojomſe nous parlerions à noſtre propleneles	Et vous avons parlojomse nous parlerions à notre proplèneles
SGANARELLE.	SGANARELLE.
A Monſieur Macroton.	À Monsieur Macroton.
Ie.	Je.
vous, rends, tres-humbles.	vous, rends, très-humbles.
gra-ces.	gra-ces.
A Monſieur Bahys.	À Monsieur Bahys.
Et vous ſuis infiniment oblige duiu penle que vous duez priſe.	Et vous suis infiniment oblige dui vile que vous duez prise.
Ca Mij	Ca Mijà
E voila iuſtement vn peu plus incertain que ie n’eſtois I auparauant.	E voilà justement un peu plus incertain que ici n'étais I auparavant.
Morbleu, il me vient vne fantaiſie.	Morbleu, il me vient une fantaisie.
Il faut que i’aille achetter de l’Oruietan, & que ie lui en faſſe prendre.	Il faut que j'aille acheter de l'Orviétan, et que je lui en fasse prendre.
L’Oruietan eſt vn remede dont beaucoup de gens ſe ſont bien trouuez.	L'Oruiétan est un remède dont beaucoup de gens se sont bien trouvez.
SCENE VII.	SCÈNE VII.
L’OPERATEVR, SUANVANLLLL.	L'OPÉRATEUR, SUANVANLLLL.
SGANARELLE.	SGANARELLE.
Ola.	Ola.
Monſieur, ie vous I Iprie de me donner vne boete de voſtre Oruietan, que ie m’en vay vous payer.	Monsieur, Seigneur vous I Prie de me donner une boëte de votre Oruiétan, que Elle m'en vais vous payer.
L’OPERATEVR.	L'OPÉRATEUR.
Chantant.	Chantant.
Lor de tous les climats qu’entoure l’Ocean Peut il iamais payer ce ſecretd’importance?	Lor de tous les climats qu'entoure l'Océan Peut il jamais payer ce secretd'importance?
Mon remede guerit par ſa rare excellence,	Mon remède guérit par sa rare excellence,
2 Plus de maux qu'on n'en peus nombrer dans tout vn an.	2 Plus de maux qu'on n'en pus nombrer dans tout un an.
la Galle, la Rogne, la Tigne, la Fiévre, la Peste, l'a Goute, Verole, Deſcente, Rougeoie, Otgrande puiſſance de l’Oruietan	la Galle, la Rogne, la Tigne, la Fièvre, la Peste, l'a Goute, Vérole, Décente, Rougeoie, Otgrande puissance de l'Oruiétan
SGANARELLE.	SGANARELLE.
Monſieur, ie croy que tout Por du monde n’eſt pas capable de payer voſtre remede:	Monsieur, ie crois que tout Por du monde n'est pas capable de payer votre remède:
tnais pourtant, voicy vne piece de trente ſols que vous pren drez, s’il vous plaiſt.	tais pourtant, voici une pièce de trente sols que vous pren rez, s'il vous plaît.
L’OPERATEVR.	L'OPÉRATEUR.
Chantant.	Chantant.
Admirez mes bontez & le peu qu’on vous vend, Ce treſor merueilleux que ma main vous diſpenſe, Vous pouuez auec luy brauer en aſſeurance, Tous les maux que ſur nous l’ire du Ciel reſpand:	Admirez mes bontés et le peu qu'on vous vend, Ce sor merveilleux que ma main vous dispense, Vous pouvez auecjours braver en assurance, Tous les maux que sur nous l'ire du Ciel répand:
la Gale, la Rogne, là Tigne, la Fiévre, la Peſte, la Gouté, Verole, Deſcente, Rougeole, 4 O grande puiſſance de l’Uruietan!	la Gale, la Rogne, là Tigne, la Fièvre, la Peste, la Gouté, Vérole, Descente, Rouge, 4 Ô grande puissance de l'Uruiétan!
Fin du deuxiéme Acte.	Fin du deuxième Acte.
II.	II.
ENTRE-ACIL.	ENTRE-ACIL.
Luſieurs Triuelins & pluI ſieurs Scaramouches, vallets de l’Operateur, ſe reſiouyſſent en dançant.	Lusieurs Trivelins et pluI sieurs Scaramouches, valets de l'Opérateur, se resiouyssent en dançant.
ACTE.	ACTE.
III.	III.
SCENE I.	SCÈNE I.
MESSIEVRS FILERIN, TOME'SET DES FONANDRE’S.	MESSIEURS FILERIN, TOME'SET DES FONANDRE'S.
7 M.	7 M.
FILERIN.	FILERIN.
’Auez-vous point 2 d’honte, Meſſieurs, de montrer ſi peu lοvde prudence pour des gens de voſtre âge, & de OE E Amobr AMleutecii, vous eſtre querellez commé de jeunes eſtourdis?	’ De-vous point 2 d'honte, Messieurs, de montrer si peu lude prudence pour des gens de votre âge, et de OE E Amobr AMleutecii, vous chang querellez commé de jeunes étourdis?
Ne voyezvous pas bien quel tort ces ſortes de querelles nous font parmy le monde;	Ne voyezvous pas bien quel tort ces sortes de querelles nous font parmi le monde;
& n’eſt-ce pas aſſez que les ſçauans voyent les contrarietez, & les diſſentions qui ſont entre nos Autheurs & nos anciens Maiſtres, ſans deſcouurir encore au peuple par nos debats & nos querelles, la forfanterie de noſtre Art.	et n'est-ce pas assez que les savants voient les contrariétés, et les dissentions qui sont entre nos Auteurs et nos anciens Maîtres, sans découvrir encore au peuple par nos débats et nos querelles, la forfanterie de notre Art.
Pour moy, ie ne comprens rien du tout à cettẽ mechante Politique de quelquesvns de nos gens.	Pour moi, Seigneur ne comprends rien du tout à cettẽ méchante Politique de quelquesvns de nos gens.
Et il faut confeſſer, que toutes ces conteſtations nous ont deſcrié, depuis peû, d’vne eſtrange maniere, I & que, ſi nous n’y prenons garde, nous allons nous ruîner nous-meſmes.	Et il faut confesser, que toutes ces contestations nous ont décrié, depuis péu, d'une étrange manière, I et que, si nous n'y prenons garde, nous allons nous ruîner nous-mêmes.
Ie n’en parle pas pour mon intereſt, Car, Dieu mercy, i'ay deſia eſtably mes petites affaires.	Je n'en parle pas pour mon intérêt, Car, Dieu merci, j'ai déjà établi mes petites affaires.
Qu’il vente, qu’il pleuue, qu’il greſle, ceux qui ſont morts ſont morts, & i’ay dequoy me paſſer des viuans.	Qu'il vente, qu'il pleuve, qu'il grêle, ceux qui sont morts sont morts, et j'ai dequoy me passer des vivants.
Mais enfin, toutes ces diſputes ne vallent rien pour la Medecine.	Mais enfin, toutes ces disputes ne valent rien pour la Médecine.
Puis que le Ciel nous fait la grace que depuis tant de ſiecles, on demeure infatué de nous:	Puis que le Ciel nous fait la grâce que depuis tant de siècles, on demeure infatué de nous:
ne deſabuſons point les hommes auec nos cacurtrextrauagautes, & profitons de leur ſottiſe le plus doucement que nous pourrons.	ne désabusons point les hommes avec nos cacurtrextravagautes, et profitons de leur sottise le plus doucement que nous pourrons.
Nous ne ſommes pas les ſeuls, comme vous ſçauez, qui taſchons à nous preualoir de la foibleſſe humaine.	Nous ne sommes pas les seuls, comme vous savez, qui tâchons à nous prévaloir de la faiblesse humaine.
C’eſt là que va l’eſtude de la pluſpart du monde, & chacun s’efforce de prendre les hommes par leur foible, pour en tirer quelque profit.	C'est là que va l'étude de la plupart du monde, et chacun s'efforce de prendre les hommes par leur faible, pour en tirer quelque profit.
Les flateurs, par exemple, cherchent à profiter de l’amour que les hommes ont pour les loüanges, en leur donnant tout le vain encens qu’ils ſouhaittent?	Les flatteurs, par exemple, cherchent à profiter de l'amour que les hommes ont pour les louanges, en leur donnant tout le vain encens qu'ils souhaitent?
& c’eſt vn art où l’on fait, comme on void des fortunes conſiderables.	et c'est un art où l'on fait, comme on voit des fortunes considérables.
Les Alchimiſtes tachent à profiter de la paſſion que l’on a pour les richeſſes, en promettant C des montagnes d’or à ceux qui les eſcoutent.	Les Alchimistes tachent à profiter de la passion que l'on a pour les richesses, en promettant Ç des montagnes d'or à ceux qui les écoutent.
Et les diſeurs d’Horoſcope, par leurs Predictions trompeuſes profitent de la vanité, & de l’ambition des credules eſpits:	Et les diseurs d'Horoscope, par leurs Prédictions trompeuses profitent de la vanité, et de l'ambition des crédules épits:
mais le plus grand foible des hommes, c’eſt l’amour qu’il ont pour la vie, & nous en profitons nous autres, par noſtre pompeux galimatias;	mais le plus grand faible des hommes, c'est l'amour qu'il ont pour la vie, et nous en profitons nous autres, par notre pompeux galimatias;
& ſçauons prendre nos auantages de cette veneration, que la peur de mourir, leur donne pour noſtre meſtier.	et savons prendre nos avantages de cette vénération, que la peur de mourir, leur donne pour notre métier.
Conſeruons-nous donc dans le degré d’eſtime où leur foibleſſe nous a mis, & ſoyons de concert auprés des malades, pour nous attribuer les heureux ſuccez de la malade, & rejetter ſur la Nature toutes les beueuës de noſtre art.	Conservons-nous donc dans le degré d'estime où leur faiblesse nous a mis, et soyons de concert auprès des malades, pour nous attribuer les heureux succès de la malade, et rejetter sur la Nature toutes les bues de notre art.
N’allons point, dis je, deſtruire ſottement les heureuſes preuentions d’vne erreur qui donne du pain a tant de perſonnes.	N'allons point, dis -je, détruire sottement les heureuses préventions d'une erreur qui donne du pain à tant de personnes.
M.	M.
TOME’S.	TOME'S.
Vous auez raiſon en tout ce que vous dites;	Vous avez raison en tout ce que vous dites;
mais ce ſont chaleurs de ſang, dont par fois on n’eſt pas le maiſtre.	mais ce sont chaleurs de sang, dont par fois on n'est pas le maître.
M.	M.
FILERIN.	FILERIN.
Allons donc, Meſſieurs, metcen Das couce raneune;	Allons donc, Messieurs, metcen Das couce raneune;
e falſons icy voſtre accommodement.	E fallsons ici votre accommodement.
M.	M.
DESFONANDRE'S.	DESFONANDRÉT.
l’y conſefis.	l'y consefis.
Qun me palſe mon hemetique pour la malade dont il s’agiſt, & ie luy paſſeray tout ce qu’il voudra pour le premier malade dont il ſera queſtion.	Qun me palse mon hémetique pour la malade dont il s'agît, ettord luy passerai tout ce qu'il voudra pour le premier malade dont il sera question.
M.	M.
FILERIN.	FILERIN.
On ne peut pas mieux dire.	On ne peut pas mieux dire.
Et voila ſe mettre à la raiſon.	Et voilà se mettre à la raison.
AIDEJTONIASORES Cela eſt fait.	ÀIDEJTONIASORES Cela est fait.
M.	M.
FILERIN.	FILERIN.
Touchez donc là.	Touchez donc là.
Adieu.	Adieu.
Vne autrefois montrez plus de prudence.	Une autrefois montrez plus de prudence.
SCENE II.	SCÈNE II.
MESSIEVRS TOME’S, M.	MESSIEURS TOME'S, M.
DESFONANDRE’S.	DESFONANDRÉT.
ETOEIAE.	ETOEIAE.
LYSETTE Voy, Meſſieurs, h& vous voila, & vous ne ſongez pas à reparer le tort qu’on vient de faire à la Medecine.	LYSETTE Vois, Messieurs, honneur vous voilà, et vous ne songez pas à réparer le tort qu'on vient de faire à la Médecine.
M.	M.
TOME'S.	TOME'S.
Comment, qu’eſt-ce?	Comment, qu'est-ce?
LYSETTE.	LYSETTE.
Vn inſolent, qui a eu l’effronterie d’entreprendre ſur voſtre meſtier:	Un insolent, qui a eu l'effronterie d'entreprendre sur votre métier:
& qui ſans võtre ordonnance, vient de tuer vn homme d’vn grand coup de Madu aadla ddsorJe 4	et qui sans votre ordonnance, vient de tuer un homme d'un grand coup de Madu ala ddsore 4
M.	M.
TOME'S.	TOME'S.
Eſcoutez, vous faites la railmundidmaisvom pes par nos mains quelque iour.	Écoutez, vous faites la railmundidmaisvom pes par nos mains quelque jour.
LYSETTE.	LYSETTE.
Ie vous permets de me tuer lors que i’auray recours à vous.	Je vous permets de me tuer lors que j'aurai recours à vous.
CLITANDRE.	CLITANDRE.
D Dieii, Ejiecees me M trouues-tu bien ainſi?	DIE Dieii, Ejiecees me M trouves-tu bien ainsi?
SCENE III.	SCÈNE III.
LYSETTE, CLITANDRE.	LYSETTE, CLITANDRE.
LYSETTE.	LYSETTE.
Le mieux du monde, & ie vous attendois avec impatience.	Le mieux du monde, et ici vous attendais avec impatience.
Enfin, le Ciel m’a faite d’vn naturel le plus humain du monde, & ie ne puis voir deux Amans ſoûpirer l’vn pour l’autre, qu’il ne me prenne vne tendreſſe charitable, & vn deſir ardent de ſoulager les maux qn’ils ſouffrent.	Enfin, le Ciel m'a faite d'un naturel le plus humain du monde, et apprendre ne puis voir deux Amants soupirer l'un pour l'autre, qu'il ne me prenne quelque tendresse charitable, et un désir ardent de soulager les maux qn'ils souffrent.
Ie veux à quelque prix que ce ſoit, tirer Lucinde de la tyrannie ou elle eſt, & la mettre en voſtre pouuoir.	Je veux à quelque prix que ce soit, tirer Lucinde de la tyrannie ou elle est, et la mettre en votre pouvoir.
Vous m’auez plû d’abord, ie me connois en gens, & elle ne peut pas mieux choiſir.	Vous m'avez plu d'abord, on me connais en gens, et elle ne peut pas mieux choisir.
L’amour riſque des choſes extraordinaires, & nous auons concerté enſemble vne maniere de ſtratagême, qui pourra peut-eſtre nous reüſſir.	L'amour risque des choses extraordinaires, et nous avons concerté ensemble une manière de stratagème, qui pourra peut-être nous réussir.
I’outes nos meſures ſont deſia priſes.	J'outes nos mesures sont déjà prises.
L’homme a qui nous auons affaire n’eſt pas des plus fins de ce monde:	L'homme à qui nous avons affaire n'est pas des plus fins de ce monde:
& ſi cette auanture nous manque, nous trouuerons mille autres voyes, pour arriuer à noſtre but.	et si cette aventure nous manque, nous trouverons mille autres voies, pour arriver à notre but.
Attendezmoy-là ſeulement, ie reuiens vous querir.	Attendezmoy-là seulement, je reviens vous quérir.
SCENE IV.	SCÈNE IV.
SGANARELLE, LYSETTE,	SGANARELLE, LYSETTE,
SGANARELLE.	SGANARELLE.
SGANARELLE.	SGANARELLE.
Dequoy?	Dequoy?
LYSETTE	LYSETTE
LYSETTE.	LYSETTE.
Reſioüiſſez-vous, vous dis-Je.	Réjouissez-vous, vous dis-Je.
SGANARELLE.	SGANARELLE.
Dy-moy donc ce que c’eſt, & puis ie me reſioüiray peuteſtre.	Dis-moi donc ce que c'est, et puis ie me réjouirai peutestre.
LYSETTE.	LYSETTE.
reſioüiſſiez auparauant:	réjouissiez auparavant:
que vous chantiez, que vous danciez.	que vous chantiez, que vous danciez.
SGANARELLE.	SGANARELLE.
Surquoy?	Surquoy?
LYSETTE.	LYSETTE.
Sur ma parole.	Sur ma parole.
SGANARELLE.	SGANARELLE.
Allons donc, la lera la la, la lera la.	Allons donc, la lera la la, la lera la.
Que Diable!	Que Diable!
LYSETTE.	LYSETTE.
Monſieur, voſtre fille eſt guerle.	Monsieur, votre fille est guerle.
SGANARELLE.	SGANARELLE.
Ma fille eſt guerie.	Ma fille est guérie.
LYSETTE Oüy, ie vous amene vn Medecin:	LYSETTE Oui, je vous amène un Médecin:
mais vn Medecin d’importance, qui fait des cures meruemeules, qui le mocque des autres Medecins.	mais un Médecin d'importance, qui fait des cures mervemeules, qui le moque des autres Médecins.
SGANARELLE.	SGANARELLE.
Où eſt-il?	Où est-il?
LYSETTE.	LYSETTE.
Ie vais le faire entrer.	Je vais le faire entrer.
SGANARELLE.	SGANARELLE.
Il faut voir ſi celuy-cy fera plus que les autres.	Il faut voir si celui-cy fera plus que les autres.
SCENE CLITANDRE, V En habit de Medecin SGANARELLE, LYSETTE, LYSETTE.	SCÈNE CLITANDRE, V En habit de Médecin SGANARELE, LYSETTE, LYSETTE.
E voicy.	E voici.
SGANARELLE.	SGANARELLE.
Voila vn MedeMcin quiala barbe bien ieune.	Voilà un MèdeMin quiala barbe bien jeune.
LYSETTE.	LYSETTE.
mudeniee ne le meidre pas à la barbe;	mudeniee ne le meidre pas à la barbe;
& ce n’eſt pas par le menton qu’il eſt habile.	et ce n'est pas par le menton qu'il est habile.
SGANARELLE.	SGANARELLE.
Monſieur, on m’a dit que D I vous auiez des remẽdes admirebles,pour laire alrer a la lelle.	Monsieur, on m'a dit que D I vous aviez des remèdes admirebles,pour laire alrer à la lelle.
CLITANDRE.	CLITANDRE.
Monſieur, mes remedes ſont differens de ceux des autres:	Monsieur, mes remèdes sont différents de ceux des autres:
Ils ont l’hemetique, les ſaignées.	Ils ont l'hémétique, les saignées.
les medecines, & les lauemens:	les médecines, et les lauemens:
Mais moy, ie gueris par des paroles, par des ſons, par des lettrès, par des taiſlinans, & par des anneaux conſtellez.	Mais moi, ie guéris par des paroles, pardes sons, par des lettrés, par des taislinans, et par des anneaux constellez.
LTSETIE.	LTSETIE.
Que vous ay-je dit?	Que vous ai-je dit?
SGANARELLE.	SGANARELLE.
Voila vn grand homme.	Voilà un grand homme.
LYSETTE Monſieur, comme voſtre fille eſt là toute habillée dans vne chaiſe, le vais la fane paſſer icy.	LYSETTE Monsieur, comme votre fille est là toute habillée dans une chaise, le vais la fane passer ici.
SGANARELLE.	SGANARELLE.
Cui, dey;	Cui, dey;
CLITANDRE.	CLITANDRE.
Ta ſians le pouls à Sganarelle.	Ta siants le pouls à Séganarelle.
Voſtre fille eſt bien malade.	Votre fille est bien malade.
SGANARELLE.	SGANARELLE.
Vous le connoiſſez icy.	Vous le connaissez ici.
CLITANDRE.	CLITANDRE.
Oüy, par la ſympathie qu’il aentren put & la fille.	Oui, par la sympathie qu'il alentren put et la fille.
D iij	 Dijà
SCENE VI.	SCÈNE VI.
LVCINDE, LYSETTE.	LUCINDE, LYSETTE.
SGANARELLE.	SGANARELLE.
CLIYANDEE	CLIYANDE
LYSETTE.	LYSETTE.
SE deux.	SE deux.
MN G Eenez, Monſieur.	MN G Eenez, Monsieur.
voila vne chaiſe auprès d’elle.	voilà une chaise auprès d'elle.
Allons, laiſſez - les-ſa tous	Allons, laissez - les-sa tous
SGANARELLE.	SGANARELLE.
Pourquoy?	Pourquoi?
ie veux demeurer là.	Ne veux demeurer là.
LYSETTE.	LYSETTE.
Vous mocquez-vous?	Vous moquez-vous?
Il faut s’eſloigner, vn Medecin a cent choſes a demander, qu’il n’eſt pas honneſte qu’vn homme entende.	Il faut s'éloigner, un Médecin a cent choses a demander, qu'il n'est pas honnête qu'H homme entende.
CLITANDRE.	CLITANDRE.
Parlant à Lutinde à part.	Parlant à Lutinde à part.
Ah, Madame, que le rauiſſement où ie me trouue eſt grand:	Ah, Madame, que le ravissement où tu me trouve est grand:
& que ie ſçay peu par ou vous comancer mon diſcours.	et que ici sais peu par ou vous comancer mon discours.
Tant-que ie ne vous ay parlé que des yeux, i’'auois, ce me ſembloit, cent choſes à vous dire:	Tant-ainsi ne vous ai parlé que des yeux, j'avais, ce me semblait, cent choses à vous dire:
& maintenant que i’ay la liberté de vous parler de la façon que ie ſouhaittois, ie demeure interdit:	et maintenant que j'ai la liberté de vous parler de la façon que ie souhaits, toujours demeure interdit:
& la grande ioye où ie ſuis, eſtouffe toutes mes paroles.	et la grande joie où on suis, étouffe toutes mes paroles.
LVCINDE.	LUCINDE.
Ie puis vous dire la meſme choſe, & ie ſens comme vous des mouuemens de ioye, qui m’empeſchent de pouuoir parIer.	Je puis vous dire la même chose, et ainsi sens comme vous des mouvements de joie, qui m'empêchent de pouvoir parIer.
CLITANDRE.	CLITANDRE.
Ah, Madame!	Ah, Madame!
que ie ſerois heureux!	que ici serais heureux!
s’il eſtoit vray que vous ſentiſſiez tout ce que ie ſens, & qu’il me fuſt permis de iuger de voſtre ame par la mienne.	s'il était vrai que vous sentissiez tout ce que je sens, et qu'il me fût permis de juger de votre âme par la mienne.
Mais, Madame, puis-je au moins croire que ce ſoit à vous a qui ie doiue la penſée de cét heureux ſtratageme, qui me fait jouir de voſtre preſence;	Mais, Madame, puis-je au moins croire que ce soit à vous a qui personne doive la pensée de cet heureux stratagème, qui me fait jouir de votre présence;
ENCINDE.	ENCINDE.
Si vous ne m’en deuez pas la penſée, vous m’eſtes redeuable, au moins d’en auoir approuué la propoſition auec beaucoup de ioye.	Si vous ne m'en devez pas la pensée, vous m'êtes redevable, au moins d'en avoir approuvé la proposition avec beaucoup de joie.
SGANARELLE, à Lyſette.	SGANARELLE, à Lysette.
cne cemble qu’il luy parle de bien prés.	Une cèmble qu'il avait parle de bien près.
LYSETTE, à Sganarelle.	LYSETTE, à Séganarelle.
C’eſt qu’il obſerue ſa phiſionnomie, & tous les traits de ſon viſage,	C'est qu'il observe sa phisionnomie, et tous les traits de son visage,
CLITANDRE, à Lucinde.	CLITANDRE, à Lucinde.
Serez-vous conſtante.	Serez-vous constante.
Madame, dans ces bontez que vous me teſmoignez?	Madame, dans ces bontés que vous me témoignez?
LVCINDE.	LUCINDE.
Mais vous, ſerez-vous ferme dans les reſolutions que vous auet Iiollcreeo.	Mais vous, serez-vous ferme dans les résolutions que vous auet Jiollcreo.
.	.
CLITANDRE.	CLITANDRE.
Ah!	Ah!
Madame, iuſqu’à la mort.	Madame, jusqu'à la mort.
Ie n’ay point de plus forte enuie que d’eſtre à vous, & ie vais le faire paroiſtre dans ce que vous m’allez voir faire.	Je n'ai point de plus forte envie que d'être à vous, et tu vais le faire paraître dans ce que vous m'allez voir faire.
SGANARELLE.	SGANARELLE.
1Ic Dleil,ſortie fiaiade;	1Ic Dil,sortie fiaiade;
elle me ſemble vn peu plus gaye.	elle me semble un peu plus gaie.
CLITANDRE.	CLITANDRE.
C’eſt que i’ay deſia fait agir ſur elle vn de ces remedes, que mon art m’enſeigne.	C'est que j'ai déjà fait agir sur elle un de ces remèdes, que mon art m'enseigne.
Comme l’Eſprit a grand empire ſur le corps, & que c’eſt de luy bien ſouuent que procedent les maladies, ma couieuinio tit de courir à guerir les eſprits auant que de venir au corps.	Comme l'Esprit a grand empire sur le corps, et que c'est de même bien souvent que procèdent les maladies, ma couieuinio tit de courir à guérir les esprits avant que de venir au corps.
I’ay donc obſerué ſes regards, les traits de ſon viſage, & les lignes de ſes deux mains:	J'ai donc observé ses regards, les traits de son visage, et les lignes de ses deux mains:
& par la ſcience que le Ciel m’a donnée, i’ay reconnu que c’eſtoit de l’eſprit qu’elle eſtoit malade, & que tout ſon mal ne venoit que d’vne imagination déreglée, d’vn deſir depraué de vouloir eſtre mariée.	et par la science que le Ciel m'a donnée, j'ai reconnu que c'était de l'esprit qu'elle était malade, et que tout son mal ne venait que d'une imagination déréglée, d'un désir dépravé de vouloir être mariée.
Pour moy ie ne voy rien de plus extrauagat & de plus ridicule, que Ceteb enun f'ndmmmmases	Pour moi ici ne vois rien de plus extravagat et de plus ridicule, que Ceteb un s'ndmmmmases
SGANARELLE.	SGANARELLE.
Voila vn habile homme!	Voilà un habile homme!
Et l’ay eu, & auray pour luy, D V toute ma vie, vne auerſion efſroy abie.	Et l'ai eu, et aurai pour lui, D V toute ma vie, une aversion eusroi abie.
SGANARELLE.	SGANARELLE.
vonla vn grand Medecin.	vonlà un grand Medecin.
CLITANDRE.	CLITANDRE.
Mais, comme il faut flatter l’imagination des malades, & que i’ay veu en elle de l’alienation d’eſprit:	Mais, comme il faut flatter l'imagination des malades, et que j'ai vu en elle de l'aliénation d'esprit:
& meſme, qu’il y auoit du peril à ne luy pas donner vn prompt ſecours;	et même, qu'il y avait du péril à ne le pas donner un prompt secours;
ie I’ay priſe par ſon foible, & luy ay dit que i’étois venu icy pour vous la demander en mariage.	Ce J'ai prise par son faible, et lui ai dit que j'étais venu ici pour vous la demander en mariage.
Soudain ſon viſage a change, ſon teint s’eſt eſclaircy, ſes yeux ſe ſont animez:	Soudain son visage a change, son teint s'est éclairci, ses yeux se sont animés:
& ſi vous voulez pour quelques iours l'entretenir daris cette erreur, vous verrez que nous la tireTOnd enou die ert.	et si vous voulez pour quelques jours l'entretenir daris cette erreur, vous verrez que nous la tireTOnd en die ert.
SGANARELLE.	SGANARELLE.
Ouy da, ie le veux bien.	Oui da, Seigneur le veux bien.
CLITANDRE.	CLITANDRE.
Apres nous ferons agir d’autres remedes pour le guern entierement de cette fantaiſie.	Après nous ferons agir d'autres remèdes pour le guern entièrement de cette fantaisie.
SGANARELLE.	SGANARELLE.
Oüy, cela eſt le mieux du monde.	Oui, cela est le mieux du monde.
Hé bien, ma fille, voila Monſieur qui a enuie de t’eſpoufer, & ie luy ay dit que ie le voulois bien.	Hé bien, ma fille, voilà Monsieur qui a envie de t'épouser, et ie lui ai dit que que le voulais bien.
LVCINDE.	LUCINDE.
Helas, eſt-il poſſible?	Hélas, est-il possible?
SGANARELLE.	SGANARELLE.
Oüy.	Oui.
LVCINDE.	LUCINDE.
Mais, codedepoir.	Mais, codepoir.
SGANARELLE.	SGANARELLE.
Quy , ouy.	Qui , oui.
LVCINDE.	LUCINDE.
Quoy, vous eſtes dans les ſehtimens d’eſtre mon mary?	Quoi, vous êtes dans les sehtiments d'être mon mari?
CLITANDRE.	CLITANDRE.
Oüy, Madame.	Oui, Madame.
EVCIIVDE.	EUCIIVDE.
Et mon pere y conſent?	Et mon père y consent?
DGANARLLLE.	DGANARLLLE.
Oüy;	Oui;
ma fille.	ma fille.
LVCINDE.	LUCINDE.
Ah, que ie ſuis heureuſe, ſi cela eſt veritable!	Ah, que personne suis heureuse, si cela est véritable!
CLITANDRE.	CLITANDRE.
N’en doutez point, Madame, ce n’eſt pus d'uuiouu mſij que ie vous aime, & que ie brûle de me voir voſtre mary, ie ne ſuis venu icy que pour cela:	N'en doutez point, Madame, ce n'est pus d'uuiouu msij que je vous aime, et que ici brûle de me voir votre mari, ie ne suis venu ici que pour cela:
& ſi vous voulez que ie vous diſe nettement les choſes comme elles ſont, cét habit n’eſt qu’vn pur pretexte inuenté, & ie n’ay fait le Medecin que pour m’approcher de vous, & obtenir ce que ie ſouhaitte.	et si vous voulez que je vous dise nettement les choses comme elles sont, cet habit n'est qu'un pur prétexte inventé, et un n'ai fait le Médecin que pour m'approcher de vous, et obtenir ce que Mon souhaite.
LVCINDE.	LUCINDE.
C’eſt me donner des marques d’vn amour bien tendre, & i’y ſuis ſenſible autant que ie puis.	C'est me donner des marques d'une amour bien tendre, et j'y suis sensible autant que ici puis.
SGANARELLE.	SGANARELLE.
Oh!	Oh!
la folle!	la folle!
ohlla folle!	ohlla folle!
ohl la folle!	ohl la folle!
LVCINDE.	LUCINDE.
Vous voulez donc bien, mon pere, me donner Monlieur poul erpoux:	Vous voulez donc bien, mon père, me donner Monlieur poul erpoux:
SGANARELLE.	SGANARELLE.
Oüy, ça donne-moy ta main.	Oui, ça donne-moi ta main.
Donnez-moy auſſi vn peu la voſtre pour voir.	Donnez-moi aussi un peu la vôtre pour voir.
CLITIIIVDNC.	CLITIIVDNC.
Mais, Monſieur.	Mais, Monsieur.
SGANARELLE.	SGANARELLE.
S’eſtouffant de rire.	S'étouffant de rire.
Non, non, c’eſt pour.	Non, non, c'est pour.
pour lui contenter l’eſprit.	pour lui contenter l'esprit.
Touchez-là.	Touchez-là.
Voila qui eſt fait.	Voilà qui est fait.
CLITANDRE.	CLITANDRE.
Acceptez pour gage de ma foy cẽt anneau que ie vous donne.	Acceptez pour gage de ma foi cẽt anneau que je vous donne.
Cert vir aifieau conſtellé, qui guerit les eſgaremens d’eſprit.	Cert vir aifieau constellé, qui guérit les égarements d'esprit.
LVCINDE.	LUCINDE.
Faiſons donc le contract, aii que Tien ny manque.	Faisons donc le contrat, aii que Tien ici manque.
CLITANDRE.	CLITANDRE.
Helas, ie le veux bien, Madame.	Hélas, Seigneur le veux bien, Madame.
Ie vais faire monter l’homme qui eſctit mes remedes, d ſuy lairc crone que c’eſt vn Notaire.	Je vais faire monter l'homme qui éctit mes remèdes, d suy lairc one que c'est un Notaire.
SGANARLLLE.	SGANARLLLE.
Fort bien.	Fort bien.
CLITANDRE.	CLITANDRE.
Hola, faites monter le Notaire que i’ay amene auec moi.	Holà, faites monter le Notaire que j'ai amène avec moi.
LVCINDE.	LUCINDE.
Quoy, vous auiez amené vn Notaire?	Quoi, vous aviez amené un Notaire?
CLITANDRE.	CLITANDRE.
Oüy, Madame.	Oui, Madame.
LVCINDE.	LUCINDE.
I’en ſuis rauie.	J'en suis ravie.
SGANARELLE.	SGANARELLE.
SCENE VII.	SCÈNE VII.
LE NOTAIRE, CLITANDRE, SGANARELLE, LVCINDE,	LE NOTAIRE, CLITANDRE, SGANARELLE, LUCINDE,
LYSETTE.	LYSETTE.
Clitandre parle au Notaire à l’oreille	Clitandre parle au Notaire à l'oreille
SGANARELLE.	SGANARELLE.
*, Monſieur, il faut faire vn Contract pour ces deux erſonnes-là.	*, Monsieur, il faut faire un Contrat pour ces deux ersonnes-là.
Eſcriuez (voila le ontract qu’on fait) ie luy doie emge nne eſcus en mariage.	Écrivez (voilà le ontrat qu'on fait) ie cy faye emge noût écus en mariage.
Eſcriuez.	Écrivez.
LVCINDE.	LUCINDE.
Ie vous ſuis bien obligée, Hion pere.	Je vous suis bien obligée, Hion père.
LE NOTAIRE.	LE NOTAIRE.
Voila qui eſt fait, vous n’auez qu’a venir ſigner.	Voilà qui est fait, vous n'avez qu'a venir signer.
SGANARELLE.	SGANARELLE.
vonla vircontract bien-toſt baſti.	vonlà vircontrat bientôt bâti.
CLITANNDRCL.	CLITANDRCL.
au moins.	au moins.
SGANARELLE.	SGANARELLE.
Hé non, vous dis-je, ſçaiton puo bien.	Hé non, vous dis-je, saison pu bien.
Mholis, demsiez lui la plume pour ſigner.	Mholis, démsiez lui la plume pour signer.
Va, va, ie ſigneray tantoſt moi.	Va, va, Madame signerai tantôt moi.
LVCINDE.	LUCINDE.
Non, non, ie teun auon le contract entre mes mains.	Non, non, Seigneur teun avon le contrat entre mes mains.
SGANARELLE.	SGANARELLE.
Hé bien, tien.	Hé bien, tien.
Es-tu conIelite:	Es-tu convelite:
LVCINDE.	LUCINDE.
Plus qu’on ne pouro haginer.	Plus qu'on ne pour haginer.
SGANARELLE.	SGANARELLE.
vona qui elt bien.	vona qui ellet bien.
v ona qui eſt bien.	v ona qui est bien.
CLITANDRE.	CLITANDRE.
Au reſte, ie n’ay pas eu ſeulement la precaution d’amener vn Notaire, i’ay eu celle encore de faire venir des voix & des inſtrumens pour celebrer la Feſte, & pour nous reſioüir, u’on les faſſe venir.	Au reste, Seigneur n'ai pas eu seulement la précaution d'amener un Notaire, j'ai eu celle encore de faire venir des voix et des instruments pour célébrer la Fête, et pour nous réjouir, on les fasse venir.
Ce ſont des gens que ie mene auec moy, & dont ie me ſers tous les iours pour pacifier auec leur harmonie les troubles de l’eſprit.	Ce sont des gens que on mène avec moi, et dont personne me sers tous les jours pour pacifier avec leur harmonie les troubles de l'esprit.
SCENE DERNIERE.	SCÈNE DERNIÈRE.
LA COMEDIE, LE BALET, ETLAM SIC E.	LA COMÉDIE, LE BALET, ETLAM SIC E.
Tous trois enſemble.	Tous trois ensemble.
Ans nous tous les hommes Deuiendroient mal  ſain:	Ans nous tous les hommes Deuiendroient mal sain:
Et c'eſt nous qui ſommes.	Et c'est nous qui sommes.
Leurs grands Medecins.	Leurs grands Médecins.
LA COMEDIE.	LA COMÉDIE.
Veut-on qu'on rahatte Par des moyens doux, Les vapeurs de rate Qui vous minent tous.	Veut-on qu'on rahatte Par des moyens doux, Les vapeurs de rate Qui vous minent tous.
Con laiſſe Hipocrate Et qu'on vienne a nous.	Con laisse Hypocrate Et qu'on vienne à nous.
Tous trois enſemble.	Tous trois ensemble.
nurant	nurant
LYSETTE.	LYSETTE.
Ils ſont allez acheuer le reſ e du Marlagc.	Ils sont allés achever le rés e du Marlagc.
SGANARELLE.	SGANARELLE.
Comment, le mariage;	Comment, le mariage;
LYSETTE.	LYSETTE.
Ma foy, Monſieur, la Becaſſe eſt bridée, & vous auez crû faire vn ieu, qui demeure vne verité.	Ma foi, Monsieur, la Becasse est bridée, et vous avez cru faire un jeu, qui demeure une vérité.
SGANARELLE.	SGANARELLE.
Les danceurs le retiẽnent, & veulent le faire dancer de force.	Les danceurs le retiiennent, et veulent le faire dancer de force.
Comment, Diable:	Comment, Diable:
Laiſſezmoy aller:	Laissezmoi aller:
laiſſez-moy aller, vous dis-je.	laissez-moi aller, vous dis-je.
Encore.	Encore.
Peſſe des gens.	Pesse des gens.
rance	rance
rance	rance
