A GRENOBLE,	À GRENOBLE,
M.	M.
DC.	DC.
XCVI.	XCVI.
LA FOIRE S.	LA FOIRE S.
GERMAIN, COMEDIE.	GERMAIN, COMÉDIE.
ACTE TREMIER.	ACTE TREMIER.
uena dulou ddullae.	ouvena dulou ddullae.
COLOMBINE.	COLOMBINE.
ARLEQUIN.	ARLEQUIN.
ARLEQUIN à part.	ARLEQUIN à part.
E ſeroit-ce point là quelque avan.	E serait-ce point là quelque avan.
tutiere foraine à Colombine.	tutière foraine à Colombine.
N'éV tes-vous poinr, Mademoiſelle, de ces Chauves ſouris apprivoiſées qui gracieuſent le Bourgeois, & luy propoſent la collation	N'éU tes-vous poinr, Mademoiselle, de ces Chauves souris apprivoisées qui gracieusent le Bourgeois, et lui proposent la collation
COLOMBINE.	COLOMBINE.
Et vous ne ſeriez-vous point par avanture de-ces Chevaliers des heritez par la fortutts qui retrouvent leur patrimoine dans la bourle.	Et vous ne seriez-vous point par aventure de-ces Chevaliers des hérités par la fortuts qui retrouvent leur patrimoine dans la bourle.
des pauaus.	des pavaus.
ARLEQUIN.	ARLEQUIN.
Oh!	Oh!
oh!	oh!
vous mettez ma pudeur hor' des gonds.	vous mettez ma pudeur hor' des gonds.
Je ſuis un Gentilhonnne qui ay quitté le ſervice pour venir prendre de l’employ à la foite.	Je suis un Gentilhonnne qui ai quitté le service pour venir prendre de l'emploi à la faite.
COLOMBINE.	COLOMBINE.
f'eut-on vous demauder où vous avez ſere vy, en Flandies ou en Allemagne.	s'eut-on vous demauder où vous avez sere vis, en Flandies ou en Allemagne.
A Pats.	À Pats.
ARLLQUIN.	ARLQUIN.
A Paris.	À Paris.
COLOMBINE.	COLOMBINE.
ARLEQUIN.	ARLEQUIN.
Oüy, j’ay eſté trois ans Cuiraſſier dans le Guet, aprés avoir ſervy volontaire dans le Renimient de Pille ensctei	Oui, j'ai été trois ans Cuirassier dans le Guet, après avoir servi volontaire dans le Renimient de Pille ensctei
COLOMBINE.	COLOMBINE.
Je n’ay pas oüy parler de ce Regiment-là,	Je n'ai pas ouï parler de ce Régiment-là,
ARLEQUIN miubteye vee cades pusbe .	ARLEQUIN miubteye ve cades puse .
Regimens de France, les ioldats y ſo.	Regiments de France, les joldats y souo.
tantoſt tantaſſins, tautoſt cartoſſiers, & ſont habillez de veid, de jaune ou de touge ſuivant la fantaiſie des Capitaines-	tantôt tantassins, tautôt cartossiers, et sont habillez de vit, de jaune ou de touge suivant la fantaisie des Capitaines-
COLOMBINE.	COLOMBINE.
Je commence à avoir quelque teinture de voltle Regimente	Je commence à avoir quelque teinture de voltle Regimente
ARLEQUIN.	ARLEQUIN.
C'eſt le corps le plus neceſſaire à l’Eſtat, & où on fait le plus viſte ſon chemin, on tirede là des gens pour remplir les emplois les plus lucratits;	C'est le corps le plus nécessaire à l'État, et où on fait le plus vite son chemin, on tirede là des gens pour remplir les emplois les plus lucratits;
& je conuois vingt Commis en chef qui u’ont jamais fait ailleurs leuts exercices.	et je convois vingt Commis en chef qui ouv'ont jamais fait ailleurs luts exercices.
COLOMBINE.	COLOMBINE.
Je ſuis ravy Monſieur, de connoiſtre da detdindumcate que diouuuro uaue unc Academie ſi fleuriſſante, appatamment vous ſçavez faire l'exercice du ſlambeau.	Je suis ravi Monsieur, de connaître da détindumcate que diouvro œuauté un Académie si fleurissante, appatamment vous savez faire l'exercice du slambeau.
ARLEQUIN.	ARLEQUIN.
Ouy Iay ta mauuulMtd (chemin faiſant ] une femme de Robbe, une fenime Gardenotte, & la Concierge d’un Abbé.	Oui Iba ta mauuulMtd (chemin faisant ] une femme de Robe, une fenime Gardenotte, et la Concierge d'un Abé.
COLOMBINE.	COLOMBINE.
La Concierge d’un Abbé, voilà un plaiſant employ.	La Concierge d'un Abbé, voilà un plaisant emploi.
ARLEQUIN.	ARLEQUIN.
Elle prenoit ſoin des meubles de Monſieur.	Elle prenait soin des meubles de Monsieur.
broyoit ſon rouge, baſſinoit ſou lit, & le friſoit tous les ſoirs.	broyait son rouge, bassinait sou lit, et le frisait tous les soirs.
COLOMRINEIl n’y a pas grand ouvrage à friſer des ſueveunen dulege commeceur la.	COLOMRINEIl n'y a pas grand ouvrage à friser des sueveunen dulège commeceur la.
VRLEQUIN.	VRLEQUIN.
Oh!	Oh!
malepeſte ne vous y trompez pas, j’aimerois mieux friſer trois teſtes de femeiles cuecucies, que cemmle due seule téte d’Abbé en marons.	malépeste ne vous y trompez pas, j'aimerais mieux friser trois têtes de femeiles cueccies, que camle due seule tête d'Abé en marons.
COLOMBINE.	COLOMBINE.
Il y a quelqueſois plus d’aſſaires auprés de ces Meſſieurs là qu’auprés des femmes.	Il y a quelquesais plus d'assaires auprès de ces Messieurs là qu'auprès des femmes.
ARLEQUIN.	ARLEQUIN.
Oneu uit ia tagc des ſemmies, mais pour moy je ne les trouve pas ſi dévergoudées que les hommes.	Oneu uit ja tagc des semmies, mais pour moi je ne les trouve pas si dévergoudées que les hommes.
COLOMBINE.	COLOMBINE.
Elles ſont pourtant bien expoſées au peril;	Elles sont pourtant bien exposées au péril;
car pour peu qu’une femme ait d’enjoüement, un homme luy donne vivement la chaſſe, elle évite un temps l’écüeil dangereux des preſens, elle reſiſte à la tempeſte, mais à la fin il vient une bouraſque de tiue ibûpirs;	car pour peu qu'une femme ait d'enjouement, un homme lui donne vivement la chasse, elle évite un temps l'écueil dangereux des présents, elle résiste à la tempête, mais à la fin il vient une bourasque de tive ibûpirs;
un amant fait force de voile, il double le cap de bonne eſperance, une femme veut ſe ſauver, elle donne contre un rocher, voilà la barque renverſée, & dans cette extremité-là l’honneur a bien	un amant fait force de voile, il double le cap de bonne espérance, une femme veut se sauver, elle donne contre un rocher, voilà la barque renversée, et dans cette extrémité-là l'honneur a bien
de la peine à ſe ſauver à la nage.	de la peine à se sauver à la nage.
ARLEQUIN.	ARLEQUIN.
L'honneur d’apreſent eſt pourtant bien mince, & bien leger, il devroit aller ſur I’eau comme du liege.	L'honneur d'aprésent est pourtant bien mince, et bien léger, il devrait aller sur J'eau comme du liège.
COLOMBINE.	COLOMBINE.
Et cette femme de Robbe, par exemple, que vous avez eclairée, ton honneur ſçavoitil nager?	Et cette femme de Robe, par exemple, que vous avez eclairée, ton honneur sçavoitil nager?
ARLEQUIN.	ARLEQUIN.
Oh!	Oh!
pour celui-là il faiſoit quelquefois le plongeon;	pour celui-là il faisait quelquefois le plongeon;
Elle n’avoit jamais étudié, & ſi muln quuone datant ao lno[ue lon ſhary, c’étoit elle qui faiſoit l’Extrait de tous les ptocés dont Mouſieur étoit rapporteur.	Elle n'avait jamais étudié, et si muln quuone datant ao lo[ue lon shari, c'était elle qui faisait l'Extrait de tous les ptocès dont Mousieur était rapporteur.
Oode ds Mlicds Eh!	Ode ds Mlicds Eh!
cette femme Gardenotte n’a-t’elle jamais fait de fauſſeté dans ſon miniſtete?	cette femme Gardenotte n'a-t-elle jamais fait de fausseté dans son ministette?
ARLEQUIN.	ARLEQUIN.
Il ne faut jamais dire de mal des gens donſ on a mangé le pain;	Il ne faut jamais dire de mal des gens dons on a mangé le pain;
mais ſi on avoit gardé minutte dans l’Ftude de tout ce qui ſe paſſoit dans la Chambre, il auroit fallu plus de vingt Clercs pour en délivrer des expeditions.	mais si on avait gardé minute dans l'Ftude de tout ce qui se passait dans la Chambre, il aurait fallu plus de vingt Clercs pour en délivrer des expéditions.
COLOMBINE.	COLOMBINE.
C’eſt-à-dire qu’il y avoit quelqu’un daus la maiſon qui ſignoit en ſecond.	C'est-à-dire qu'il y avait quelqu'un daus la maison qui signait en second.
ARLEQUIN.	ARLEQUIN.
.	.
YOuYavcz dit.	YOuYavcés dit.
COLOMBINE.	COLOMBINE.
Pour moy tout ce que je voyois m’échauffoit ſi tort le ſang, que je me ſuis faite Cnnonadde pool ne randiemts la coitſcience.	Pour moi tout ce que je voyais m'échauffait si tort le sang, que je me suis faite Cnnonadde pool ne randiemts la coitscience.
ARLEQUIN.	ARLEQUIN.
C'eſt-à dire que vous avez preſentement la conſcience à la glace, & moy pour le repo, de la mienne j’attrape icy l’aigent du paſſant, c’eſt moy qui fais voir la bonche de la verité, la mort de Lucrece, le Quadran du Loaſaque, le Sertail de l’Empereur du Cap verd, & autres niaiſeries lucratives Huroute datatorlos	C'est-à -dire que vous avez présentement la conscience à la glace, et moi pour le répo, de la mienne j'attrape ici l'aigent du passant, c'est moi qui fais voir la bonche de la vérité, la mort de Lucrece, le Quadran du Loaque, le Sertail de l'Empereur du Cap verd, et autres niaiseries lucratives Huroute datorlos
COLOMBINE.	COLOMBINE.
Quoy Celt toy qui.	Quoi Celt toi qui.
ARLEQUIN.	ARLEQUIN.
C’eſt moy-même.	C'est moi-même.
COLOMBINE.	COLOMBINE.
voilà cinquante Piſtolles qui te vont ſaûter au collet ſi tu veux ayder à de ſabuſer un vieux Docteur, & renvoyer un Provinctal à Pont-l’Evêque.	voilà cinquante Pistoles qui te vont saûter au collet si tu veux aider à de sabuser un vieux Docteur, et renvoyer un Provinctal à Pont-l'Évêque.
ARLE	ARLE
ARLEQUIN.	ARLEQUIN.
Je ne ſuis point intereſſé, mais je n’ay amais rien refuſé pour cinquante Piſtolles.	Je ne suis point intéressé, mais je n'ai amais rien refusé pour cinquante Pistoles.
SCENE II.	SCÈNE II.
ARLEQUIN, LA BOUCHE DE LA VERITE, LE DOCTEUR.	ARLEQUIN, LA BOUCHE DE LA VÉRITÉ, LE DOCTEUR.
ARLEQUIN.	ARLEQUIN.
JOicy le Rendez- vous de tous les Cutieux.	JOici le Rendez- vous de tous les Cutieux.
C’eſt ici qu’on voit tout pourvû qu’on ait des yeux.	C'est ici qu'on voit tout pourvu qu'on ait des yeux.
Ici l’on entend tout quand on a des oreilles, Et de l’argent, s’entend.	Ici l'on entend tout quand on a des oreilles, Et de l'argent, s'entend.
O Bouche ſans pareille!	Ô Bouche sans pareille!
Vous effort de mon art, mitacle de ma main, Vous ne ceſſerez pas d’eſtre mon Gâgnepain, Tant que la Ville En Badaux ſera fertile.	Vous effort de mon art, mitacle de ma main, Vous ne cesserez pas d'être mon Gâgnepain, Tant que la Ville En Badaux sera fertile.
Vous eſtes, il eſt vray, de bois & de carton Vuide de ſens commun, ſans eſprit, ſans raifon;	Vous êtes, il est vrai, de bois et de carton Vuide de sens commun, sans esprit, sans raison;
Cependant vous allez prononcer des Oracles.	Cependant vous allez prononcer des Oracles.
Mais on voit tous les jours de ſemblables miracles;	Mais on voit tous les jours de semblables miracles;
En effet combien voyons-nous De ces teſtes tant conſultées, Decider de nos Deſtinées, Quen ont pas plus d'erprit ce de raiſon que vous.	En effet combien voyons-nous De ces têtes tant consultées, Déider de nos Destinées, Quen ont pas plus d'erprit ce de raison que vous.
LACHANTEUSE, chante.	LACHANTEUSE, chante.
Venez à nous, accourez tous, Rien n’eſt ſi doux Que d’apprendre ſa Deſtinée;	Venez à nous, accourez tous, Rien n'est si doux Que d'apprendre sa Destinée;
Mais dans l’Himenée I’ignorance eſt d’un grand ſecours;	Mais dans l'Hyménée J'ignorance est d'un grand secours;
Epoux ignorez toûjours.	Époux ignorez toujours.
LE DOCTEUR.	LE DOCTEUR.
Monſieur, unn certaine Fille nomméé Colombine, m’a dit que je pourrois avoir chez vous des nouvelles d’une Fille que je cherche, & que j’ay fait affither.	Monsieur, un certaine Fille nommé Colombine, m'a dit que je pourrais avoir chez vous des nouvelles d'une Fille que je cherche, et que j'ai fait affither.
ARLEQUIN.	ARLEQUIN.
Voila noſtre homme.	Voilà votre homme.
Et n vous l’aviez trouvée qu’en feriez-vous?	Et n vous l'aviez trouvée qu'en feriez-vous?
LE DOCTEUR, Ce que j’en ferois, je l’épouſerois.	LE DOCTEUR, Ce que j'en ferais, je l'épouserais.
ARLEQUIN.	ARLEQUIN.
Eh!	Eh!
Monſieur l’Epouſeur, de quelle qua, lité eſtes-vous?	Monsieur l'Épouseur, de quelle qua, lité êtes-vous?
LE DOCTEUR.	LE DOCTEUR.
yy ides Mucetut.	y ides Mucetut.
ARLEQUIN.	ARLEQUIN.
Bens, bent.	Bens, bent.
Ah que voilà une qualité d’une grande reſource pour une femme.	Ah que voilà une qualité d'une grande ressource pour une femme.
Eh, quel âge avez-vous?	Eh, quel âge avez-vous?
LE DOCTEUR.	LE DOCTEUR.
Soixante & dix ans.	Soixante et dix ans.
ARLEQUIN.	ARLEQUIN.
Optime, Ottime:	Optime, Otême:
Voilà un âge bieni:	Voilà un âge bieni:
gliſſant;	glissant;
vous courez riſque de vous y caſſer le col.	vous courez risque de vous y casser le col.
Et la Fille quel age a-t-elle?	Et la Fille quel age a-t-elle?
LE DOCTEUR.	LE DOCTEUR.
Vingt ans	Vingt ans
ARLEQUIN.	ARLEQUIN.
Ah!	Ah!
Que c’eſt bien fait.	Que c'est bien fait.
Quand on n'à plusde deilto cuuojautore prendre de la, viande trop tendre.	Quand on n'à plusde deilto cuojautore prendre de la, viande trop tendre.
Vous voulez ſans doute ſçavoir ſi elle vous enrôllera dans le grand;	Vous voulez sans doute sçavoir si elle vous enrôllera dans le grand;
Catalogue ou Vulcain eſt à la teſte.	Catalogue ou Vulcain est à la tête.
LE DOCTEUR.	LE DOCTEUR.
Juſtement.	Justement.
ARLEQUIN.	ARLEQUIN.
Je m’en vais vous eſſayer le Bonnet de la verité, Il luy met le Bonnet de la verité, qui prend ſur ſa teſte la figure a nn aroiante	Je m'en vais vous essayer le Bonnet de la vérité, Il tu met le Bonnet de la vérité, qui prend sur sa tête la figure a nn artoyante
LA BOUCHE DE LA VERITE, chante.	LA BOUCHE DE LA VÉRITÉ, chante.
Conſoles-toy d’avoir ſur ton Turban, Le Croiſſant qu’on revece en l’Empire Ottoman;	Consoles-toi d'avoir sur ton Turban, Le Croissant qu'on revece en l'Empire Ottoman;
On le porte par tout le monde;	On le porte par tout le monde;
Et j’en vois, Qui malgté leur Perruque blonde, Ne ſont pas mieux coëffez que toy.	Et j'en vois, Qui malgté leur Perruque blonde, Ne sont pas mieux coiffez que toi.
SCENE III.	SCÈNE III.
COLOMBINE, eu petite fille.	COLOMBINE, eu petite fille.
ARLEQUIN, LA BOUCHE DE LA VERITE'	ARLEQUIN, LA BOUCHE DE LA VÉRITÉ
COLOMBINE.	COLOMBINE.
L y a long-temps, Monſieur, que la I curioſité m'auroit amenée ici, ſi la crainte ne m’avoit retenuë.	L y a longtemps, Monsieur, que la I Juriosité m'aurait amenée ici, si la crainte ne m'avait retenue.
eRdol randos La curioſité meneroit les Filles hien loin, ſi la crainte ne les retenoit, Mais c’eſt une Bride qui n’eſt pas toûjours la plus forte.	éRdol randos La curiosité mènerait les Filles hien loin, si la crainte ne les retenait, Mais c'est une Bride qui n'est pas toujours la plus forte.
COLOM	COLOM
COLOMBINE.	COLOMBINE.
Je ne crois pas qu’au monde il y ait une Fille plus craintive que moy, je n’o erois demeuret ſeule;	Je ne crois pas qu'au monde il y ait une Fille plus craintive que moi, je n'ô erais demeuret seule;
& la nuit j’ay ſi peur des Eſprits, qu’il faut que j’aille coucher avec ma Mere pour me raſſeurer.	et la nuit j'ai si peur des Esprits, qu'il faut que j'aille coucher avec ma Mère pour me rassurer.
ARLEQUIN.	ARLEQUIN.
Si vous aviez la connoiſſance de certains Eſprits palpables, ce ne ſeroit pas voſtre Mere que vous chercheriez le plus:	Si vous aviez la connaissance de certains Esprits palpables, ce ne serait pas votre Mère que vous chercheriez le plus:
Je gage que vous venez ſçavoir ſi voſtre beaucé durera long temps.	Je gage que vous venez savoir si votre beaucé durera long temps.
COLOMBINE.	COLOMBINE.
Mais, Monſieur, je crois qu’elle durera autant que ma jeuneſle.	Mais, Monsieur, je crois qu'elle durera autant que ma jeunes.
ARLEQUIN.	ARLEQUIN.
Ete lcumuer a surcuta hay poulſent la jeuneſſe bien loin;	Éte lumuer a surcuta ha houlsent la jeunesse bien loin;
& j’en counois qui ſuivant leur calcul ſont encore plus jeunes que leurs Fllles.	et j'en counais qui suivant leur calcul sont encore plus jeunes que leurs Fllles.
de lla d alsd.	de lla dig alsd.
Cela eſt vray.	Cela est vrai.
C’eſt pour cela que je renonceray à la jeuneſſe dés que j’auray vingt ans.	C'est pour cela que je renoncerai à la jeunesse dès que j'aurai vingt ans.
ARLEQUIN.	ARLEQUIN.
Vous compterez de bonne foy juſques à dix-huit, mais vous ſerez terriblemeut dols demns tut la Slaanemes	Vous compterez de bonne foi jusques à dix-huit, mais vous serez terriblemeut dols demns tut la Slaanères
COLOMBINE.	COLOMBINE.
J’ay une vieille tante, qui veut abſolument paſſer pour ma ſœui, elle dit que la glace de ſon niroir eſt ridée, & qu’on n’eu fait plus de ſi belle qu’au temps paſſé.	J'ai une vieille tante, qui veut absolument passer pour ma sœui, elle dit que la glace de son niroir est ridée, et qu'on n'eu fait plus de si belle qu'au temps passé.
ARLEQUIN.	ARLEQUIN.
Allez, dites-luy que je fais travailler à anoinahatacture ue Glaces pour les vieilles:	Allez, dites-lui que je fais travailler à anoinahatacture ouvre Glaces pour les vieilles:
vous voulez ſçavoir apparamment ſi vous aurez des amans:	vous voulez Savoir apparamment si vous aurez des amants:
COLOMBINE.	COLOMBINE.
Des amans, & qu’eſt-ce que des amans?	Des amants, et qu'est-ce que des amants?
ARBEGUIN.	ARBEGUIN.
Vous ne ſçavez pas ce que c’eſt qu’un tomienes vous	Vous ne savez pas ce que c'est qu'un tomienes vous
COLOMBINE.	COLOMBINE.
Non vraiment.	Non vraiment.
ARLEQUIN.	ARLEQUIN.
Vous eſtes pourtant de taille à le ſçavoir:	Vous êtes pourtant de taille à le savoir:
Un amant eſt un eſpece d’animal qui s’inſinuë auprés d'une fille en chien couchant, qui la mord en mâtin, & s’eufuit en lêvrier.	Un amant est un espèce d'animal qui s'insinue auprès d'une fille en chien couchant, qui la mord en mâtin, et s'eufuit en lêvrier.
COLOMBINE.	COLOMBINE.
Oh!	Oh!
vraiment ſi c’eſt là ce que vous appenlel des amans j'en ay Deaucoup.	vraiment si c'est là ce que vous appenle des amants j'en ai Deaucoup.
ARLEQUIN.	ARLEQUIN.
Je leſçavois bieu mey ;	Je lesçavois bieu me ;
rous urez eſté morduë peut-eſtre.	rous urez été mordue peut-être.
COLOMBINE.	COLOMBINE.
J’ay entr’autres un grand Couſin qui me baiſe toújours les mains dés qu’il les peut attraper, & qui dit qu’il ſe tuëra ſi je ne l’aime.	J'ai entr'autres un grand Cousin qui me baise toujours les mains dès qu'il les peut attraper, et qui dit qu'il se tuera si je ne l'aime.
ARLEQUIN.	ARLEQUIN.
Voilà le chien couchant.	Voilà le chien couchant.
COLOMBINE.	COLOMBINE.
je connoſs aufff un jeune Monſieur qui va à l'armée, & qui me donne toûjours quelque uuols avant de palal.	je connais auff un jeune Monsieur qui va à l'armée, et qui me donne toujours quelque ols avant de palalal.
ARLEQUIN.	ARLEQUIN.
Oh!	Oh!
pour celui là c’eſt le levrier.	pour celui là c'est le lévrier.
COLOMBINE.	COLOMBINE.
C’eſt luy qui m’a donné les Cornettes & les engageantes que vous me voyez.	C'est assez qui m'a donné les Cornettes et les engageantes que vous me voyez.
ARLEQUIN.	ARLEQUIN.
Des cornettes & des engageantes!	Des cornettes et des engageantes!
quand une fille eſt priſe par la teſte & par les bras - i elle ne peut plus deffendre le reſte:	quand une fille est prise par la tête et par les bras - i elle ne peut plus défendre le reste:
mais an que,toulenvens done;	mais an que,toulenvents done;
COLOMBINE.	COLOMBINE.
Je voudrois bien;	Je voudrais bien;
mais n’y a-t-il petſonne qui nous écoute?	mais n'y a-t-il petsonne qui nous écoute?
ARLEQUIN.	ARLEQUIN.
Vous pouvez parler librement, les gens qui ſont icy n’y viennent que pour entendre.	Vous pouvez parler librement, les gens qui sont ici n'y viennent que pour entendre.
COLOMBINE.	COLOMBINE.
Je.	Je.
Je.	Je.
, mais Monſieur je n’oſero.	, mais Monsieur je n'osero.
s vous le dire.	s vous le dire.
ARLEGUIN.	ARLEGUIN.
Oh!	Oh!
parlez donc, ou vous en allez.	parlez donc, ou vous en allez.
a ſe ſa ny Me.	à se sa belle Me.
Je voudrois bien ſçavoir ſi je ſeray mariée cette année.	Je voudrais bien sçavoir si je serai mariée cette année.
ARLEQUIN.	ARLEQUIN.
Pour pouvoir vous dire cela, il faudroit auparavant ſçavoir ſi vous eſtes fille.	Pour pouvoir vous dire cela, il faudrait auparavant savoir si vous êtes fille.
COLOMBINE.	COLOMBINE.
Si je ſuis fille.	Si je suis fille.
ARLEQUIN.	ARLEQUIN.
Oüy, fille, fille, bien des gens uſurpent ce nom là, de tous les tîties c’eſt le plus aiſé à falſifier, & telle porte une lozange en écuſſon qui entoureroit ſes armes de bien des cordons de veuve.	Oui, fille, fille, bien des gens usurpent ce nom -là, de tous les tîties c'est le plus aisé à falsifier, et telle porte une lozange en écusson qui entourerait ses armes de bien des cordons de veuve.
Ecoutez, Il faut mettre voſtie main dans la Bouche de la Verité, ſi vous eſtes Fille elle ne vous ſera point de mal;	Écoutez, Il faut mettre vostie main dans la Bouche de la Vérité, si vous êtes Fille elle ne vous sera point de mal;
mais ſi vous n’eſtiez que demie Fille, elle vous mordera ſi ſerré, qu’elle ne vous tâchera peut-être de dix ans.	mais si vous n'étiez que demie Fille, elle vous mordera si serré, qu'elle ne vous tâchera peut-être de dix ans.
COLOMBINE.	COLOMBINE.
Mais.	Mais.
Mais, Monſieut, qu’eſt-ce done qu’une demie Fille?	Mais, Monsieur, qu'est-ce done qu'une demie Fille?
ARLEQUIN, d’un air embarraſſé.	ARLEQUIN, d'un air embarrassé.
nento toit de riuterogation.	nento toit de riuterogation.
Une demye Fille c’eſt.	Une demie Fille c'est.
comme.	comme.
Par exemple.	Par exemple.
N'avez-vous jamais veu des Caſtors?	N'avez-vous jamais vu des Castors?
COLOMBINE.	COLOMBINE.
Oh qu’oüy!	Oh qu'oui!
ARLEQUIN.	ARLEQUIN.
Il y a des demy-Caſtors auſſi.	Il y a des demi-Castors aussi.
il y a du mélange.	il y a du mêlange.
tout le monde vous dira cela.	tout le monde vous dira cela.
calvens ) asyees	calvends ) asyees
COLOMBINE.	COLOMBINE.
oüy-dà.	oui-dà.
je ne crains tien, & j’y metrray ma main juſqu’au coude.	je ne crains tien, et j'y métrai ma main jusqu'au coude.
Source gallica.	Source galica.
bnffr.	bnffr.
LA BOUCHE DE LA VERITE', chante.	LA BOUCHE DE LA VÉRITÉ, chante.
Prends garde à mes dents C ii Crains ma colere;	Prends garde à mes dents Ç Crains ma colère;
’ay mordu ta mere A quinze ans.	Ç'ai mordu ta Mère A quinze ans.
Prends garde à mes dens, Car en ce temps Out rille n’eſt guére Plu, Fille que ſa Mere.	Prends garde à mes dents, Car en ce temps Out rille n'est guère Plu, Fille que sa Mère.
COLOMBINE.	COLOMBINE.
Mtais, Miomeur.	Mtais, Miomeur.
Mlla boncne eitoit une gourmande qui m’allât moidre ſans ſujet?	Mlla boncne éitait une gourmande qui m'allât moidre sans sujet?
ARLEQUIN.	ARLEQUIN.
C'eſt une Bouche fort ſobre, qui ne mord que fort à propos.	C'est une Bouche fort sobre, qui ne mord que fort à propos.
Il luy preud la main pour la mettre dans la Bouche de la Verité, qui e &uunas pear eu ileraree Il y a là du demy-Caſtor, & voſtr' main n’eſt pas ſi Fille que vous.	Il avait prud la main pour la mettre dans la Bouche de la Vérité, qui e etuunas péar eu ilérarée Il y a là du demi-Castor, et vostr' main n'est pas si Fille que vous.
COLOMBINE.	COLOMBINE.
Monſieur!	Monsieur!
je ſuis tres-humble ſervante à la Bouche de la Verité, mais j’ay trop peur de ſes vilaines dents.	je suis très-humble servante à la Bouche de la Vérité, mais j'ai trop peur de ses vilaines dents.
ACTE SECOND SCENE PREMIERE.	ACTE SECOND SCÈNE PREMIÈRE.
ARLEQUIN, en Femme dans une Vinaigrette.	ARLEQUIN, en Femme dans une Vinaigrette.
MEZETTIN, en Femme dant une autre Vimogrent.	MEZETIN, en Femme dant une autre Vimogrent.
LES DEOA IIOMMES qui les conduiſent.	LES DEA IIOMMES qui les conduisent.
Les Hommes ſe choquent & conteſt ent à qui reculera.	Les Hommes se choquent et contest ent à qui reculera.
PREMIER HOMME.	PREMIER HOMME.
Ecules, Vivant.	Écule, Vivant.
IT SECOND HOMME.	IT SECOND HOMME.
Recules toy-même.	Recules toi-même.
PREMIER HOMME.	PREMIER HOMME.
Holà, l’amy, hors du Paſſage,	Holà, l'ami, hors du Passage,
SECOND HOMME.	SECOND HOMME.
Hors du Paſſage toy-même.	Hors du Passage toi-même.
MEZETTIN.	MEZETIN.
Qu’eſt ce donc, Cocher, eſt-ce que vos Cheveaux tont foutous ?	Qu'est ce donc, Cocher, est-ce que vos Cheveaux tont fout ?
ARLEQUIN.	ARLEQUIN.
Foüettes-douc, Maraut, foüettes-donc, as tu oublié mes allûres?	Foutes-douc, Maraut, fouettes-donc, as tu oublié mes allûres?
PREMIER HOMMEMadame, ily a la un Caſroile qui empêche de paſſer.	PREMIER HOMMEMadame, ili a la un Casroile qui empêche de passer.
ARLEQUIN.	ARLEQUIN.
Un Cartoſſe!	Un Cartosse!
Eh marches luy ſur le ventre.	Eh marches beau sur le ventre.
Mouni venyepvunetere.	Mouni venyepvunetere.
Quelle eſt donc l’Impertinente qui arrête mon Equipage dans ſa courſe.	Quelle est donc l'Impertinente qui arrête mon Équipage dans sa course.
ARLEQUIN, la teſte a la Portere.	ARLEQUIN, la tête a la Portere.
C’eſt moy, Madame, & je vous troure bien ridicule de barrer avec voſtre Fiacre, les Aaancagdoloptas.	C'est moi, Madame, et je vous troure bien ridicule de barrer avec votre Fiacre, les Aaancagédoloptas.
MEZETTIN.	MEZETIN.
Sçavez-vous bien qui je ſuis, ma petite Amie?	Savez-vous bien qui je suis, ma petite Amie?
ARLEQUIN.	ARLEQUIN.
Me counoiſſez, vous bien, ma petite Mignonne?	Me counaissez, vous bien, ma petite Mignonne?
MEZETTIN.	MEZETIN.
Aprenez ſi vous ne le ſçavez que je ſuis la premiere couſine du premier Clerc d’un Huiſſier à verge au Chaſtelet de Paris.	Apprenez si vous ne le savez que je suis la première cousine du premier Clerc d'un Huissier à verge au Châtelet de Paris.
ARLEQUIN.	ARLEQUIN.
Et moy je ſuis la femme du Marguillier de la Villette.	Et moi je suis la femme du Marguillier de la Villette.
MEZETTIN.	MEZETIN.
Reculez-donc.	Reculez-donc.
ARLEQUIN.	ARLEQUIN.
Oh!	Oh!
reculez-vous même, on n’a jamais recnlé dans ma famille.	reculez-vous même, on n'a jamais recnlé dans ma famille.
MEZETTIN.	MEZETIN.
Oh bien Madame, je vous declare que je ne ſuis point preſſée, & que je reſte icy La fuen a ſolencodenaues	Oh bien Madame, je vous déclare que je ne suis point pressée, et que je reste ici La sven a solencodenavez
ARLEQUIN.	ARLEQUIN.
Et moy juſques à lune levante.	Et moi jusques à lune levante.
MEZETTIN.	MEZETIN.
Je n’ay rien à faire, pourveu que j’arrive aux Tuilleries entre chien & loup.	Je n'ai rien à faire, pourvu que j'arrive aux Tuilleries entre chien et loup.
ARLEQUIN.	ARLEQUIN.
Et moy pourveu que je ſois demain au lever de Monſieur le Marquis de la Virgouleuſe.	Et moi pourvu que je sois demain au ver de Monsieur le Marquis de la Virgouleuse.
MEZETTIN.	MEZETIN.
Puis qu’on arrête ainſi ma Caleche je veux me réjoüir à rouër de coups ce maraut-là.	Puis qu'on arrête ainsi ma Calèche je veux me réjouir à rouer de coups ce maraut-là.
Il bat l’homme qui meine la vinaigretl8 a Afitomn.	Il bat l'homme qui mène la vinaigretl8 a Afitomn.
ARLEQUIN.	ARLEQUIN.
Madame, Madame, ſi vous voulez batdre mon Coenei uepeemez vous sil vous plaiſt, car je le tiens à l'heuie.	Madame, Madame, si vous voulez batdre mon Coènei uepeemez -vous sil vous plaît, car je le tiens à l'heuie.
MEZETTIN.	MEZETIN.
Petit Laquais allez me chercher à dîner à la Gargoite, & faites porter du foin pour mes Chevaux.	Petit Laquais allez me chercher à dîner à la Gargoite, et faites porter du foin pour mes Chevaux.
ARLEQUIN.	ARLEQUIN.
Pour moy j’ay toû ours des vivres pour trois jours, donnez ma Cuiſine.	Pour moi j'ai toujours des vivres pour trois jours, donnez ma Cuisine.
Il tire de ſa Chaize des Serviettes, de la Vaiſſelle, un Poulet, de la ſalade, une Bouteille & des verres,	Il tire de sa Chaize des Serviettes, de la Vaisselle, un Poulet, de la salade, une Bouteille et des verres,
SCENE II.	SCÈNE II.
LE COMMISSAIRE, ARLEQUIN, MEBETTIN.	LE COMMISSAIRE, ARLEQUIN, MEBETIN.
LE COMMISSAIRE.	LE COMMISSAIRE.
URE cohuë, eſt-ce donc mes Dames, & vonid du dincerremens yuu troupeau de Bœufs, & deux Chars de foin qui ne ſçauroient paſſer, oſtez-vous de là.	URE cohue, est-ce donc mes Dames, et vonid du dincerrements yu troupeau de Bœufs, et deux Chars de foin qui ne sauraient passer, ôtez-vous de là.
RABO ETRAIVS, Oh!	RABO ETRAIUS, Oh!
bien Monſieur, je ſecheray plûtôt ſur pied que d’en branler.	bien Monsieur, je sécherai plutôt sur pied que d'en branler.
ARLEQUIN.	ARLEQUIN.
Et moy je n’en demareray pas deuſſai-je uſter la circulation de Paris.	Et moi je n'en dévarerai pas dussai-je usiter la circulation de Paris.
MEZETTIN.	MEZETIN.
Je ſouffriray bien vraiment qu’une ſousRoturiere inſulte ma Caleche en pleine ruë.	Je souffrirai bien vraiment qu'une sousRoturière insulte ma Calèche en pleine rue.
ARLEQUIN.	ARLEQUIN.
Nous verrons ſi une arriere Bourgeoiſe Esda druumsedu a Mlaeo len so dooe	Nous verrons si une arrière Bourgeoise Édà drueusedu à Mlaeo len so doe
LE COMMISSAIRE.	LE COMMISSAIRE.
Il faut trouver quelque accommodement à cela.	Il faut trouver quelque accommodement à cela.
ARLEQUIN.	ARLEQUIN.
Comment Monſieur le Praticien;	Comment Monsieur le Praticien;
eſt-ce que vous me prenez pour une femme d’accommodement?	est-ce que vous me prenez pour une femme d'accommodement?
LE COMMISSAIRE, prend les Vinaigrettes pour les faire reculer.	LE COMMISSAIRE, prend les Vinaigrettes pour les faire reculer.
Reculez-donc.	Reculez-donc.
MRENGCOMHETTIN.	MRENGCOMHÉTTIN.
Ils ſe battent & ſe decoiffent.	Ils se battent et se décoiffent.
eiti enil pl LUCRECE SEULE, Ca.	éiti enil pl LUCRECE SEULE, Ca.
NUEL' bruit injurieux oze attaquer ma gloite?	NUEL bruit injurieux oze attaquer ma gloite?
Quel horrible attentât!	Quel horrible attentât!
ô ciel le puis-je croire?	ô ciel le puis-je croire?
Quoy Tarquin mépriſant les Dieux & leurs Autels, Nourriroit dans ſon ſein des deſits erimi1112 nels, Dieux!	Quoi Tarquin méprisant les Dieux et leurs Autels, Nourrirait dans son sein des désits erimi12 nels, Dieux!
pourquoy m’accorder les traits d’un beau viſage, A moy qui ne veux point en faire aucun uſage.	pourquoi m'accorder les traits d'un beau visage, À moi qui ne veux point en faire aucun usage.
A moy qui ne veux point d’un ſoûris, d’un regard Enchaîner chaque jour quelque amant à mon chatt, A moy qui ne ſuis point de ces ſemmes coquettes, Qui tirent intereſt de leurs faveurs ſecrettes, Et mettant à proſit les charmes de leurs yeux Traſiquent un preſent qu’elles doivent aux Dieux:	À moi qui ne veux point d'un souris, d'un regard Enchaîner chaque jour quelque amant à mon chat, À moi qui ne suis point de ces semmes coquettes, Qui tirent intérêt de leurs faveurs secrètes, Et mettant à prosit les charmes de leurs yeux Trasiquent un présent qu'elles doivent aux Dieux:
Mais pourquoy faire au ciel une injuſte querelle, Des amours de Tarquin ſuis-je pas criminelle, C’eſt moy qui ce matin par des ſoins imprudens, Ay voulu me parer de ces ajuſtemens, C’eſt moy qui par ces nœuds dont l’appareil m’offenſe, De mes cheveux épars ay domptè la licence, Dangereux ornemens, pe ni-ieux attraics, Cherchez une autre main quittez-moy pour jamais, Periſſe un ornement à ma vertu contiaire, Mais quel mortel icy porte un pas temeraire.	Mais pourquoi faire au ciel une injuste querelle, Des amours de Tarquin suis-je pas criminelle, C'est moi qui ce matin par des soins imprudents, Ai voulu me parer de ces ajustements, C'est moi qui par ces nœuds dont l'appareil m'offense, De mes cheveux épars ai domptère la orne, Dangereux ornements, ni-yeux attraics, Cherchez une autre main quittez-moi pour jamais, Périsse un ornement à ma vertu contiaire, Mais quel mortel porte un pas téméraire.
SCENE IV.	SCÈNE IV.
LUCRECE, MEZETTIN en habit heroïque.	LUCRECE, MEZETIN en habit héroïque.
MEZETTIN.	MEZETIN.
Rinceſſe, pardonnez ſi d’un pas indiſcret.	Rincesse, pardonnez si d'un pas indiscret.
Y Je m’offre deyant vous crotté comme un ba bet, Excuſez ſi forcé du zele qui me preſſe.	Y Je m'offre deyant vous crotté comme un ba bet, Excusez si forcé du zèle qui me presse.
, Madame, par haz rd n’eſtes-vous point LuCee.	, Madame, par has réd n'êtes-vous point LuCée.
LUCRECE.	LUCRECE.
Ony, Scigneurs je la Iuis.	Oni, Scigneurs je la Juis.
MEZETTIN.	MEZETIN.
L’Empereur des Romains Me depéche vers vous pour vous remettre és mains Des ſignes aſſeurez de l’amour qui le perce, Un poulet des plus grands eſcorté d’un Seſterce.	L'Empereur des Romains Me dépêche vers vous pour vous remettre ès mains Des signes assurés de l'amour qui le perce, Un poulet des plus grands escorté d'un Sesterce.
Un Seſterce en François fait mil écus & ds.	Un Sesterce en Français fait mil écus et ds.
Ma Princeſſe il eſt bon de pezer là-deſſus.	Ma Princesse il est bon de pezer là-dessus.
LUCRECE.	LUCRECE.
A moy, Seigneur.	À moi, Seigneur.
Liſez.	Lisez.
MEZETTIN.	MEZETIN.
A.	A.
vous.	vous.
***.	***.
LUCRECE.	LUCRECE.
O Dieux!	Ô Dieux!
METETTIN.	METTTIN.
Sçavez-vous lire,	Savez-vous lire,
LUCRECE.	LUCRECE.
D'étounement je ne ſçaurois rien dire;	D'étounement je ne saurais rien dire;
MEZETTIN.	MEZETIN.
Ne vous y trompez pas il eſt ſigné Tarquin, Scellé de ſon grand ſceau, & plus bas Mezettin.	Ne vous y trompez pas il est signé Tarquin, Scellé de son grand sceau, et plus bas Mezettin.
LUCRECE lit.	LUCRECE lit.
Il n’eſt rien qu’en ees lieux l’amour ne voüs ſoûmette, 113 Vous remuez les cœurs par des reſſoris ſecrets.	Il n'est rien qu'en ces lieux l'amour ne ès soumette, 113 Vous remuez les cœurs par des ressoris secrets.
En argent bien comptant je compte la fleurette, Et je ne prens pas garde aux frais.	En argent bien comptant je compte la fleurette, Et je ne prends pas garde aux frais.
Le ſtile en eſt preſſant.	Le style en est pressant.
1e.	1e.
MEZETTIN.	MEZETIN.
Et ſur tout Laçonique:	Et sur tout Laçonique:
Mais m’eux que ce papiel eette bourſe s’explique.	Mais m'eux que ce papiel cette bourse s'explique.
io	jo
0& HumA Que dites-vous, Seigneur, l’ay-je bien entendu, Connoiſt.	>0 HumA Que dites-vous, Seigneur, l'ai-je bien entendu, Connaît.
il bien Lucrece?	il bien Lucrece?
.	.
MEZETTIN.	MEZETIN.
E ouy, que je ſois pendu, Haut & court par mon col, il vous connoiſt, Madame.	E oui, que je sois pendu, Haut et court par mon col, il vous connaît, Madame.
Jugez en ce moment de l’excez de ſa flâme Dachepter des faveurs trois cens Loüis comptans, Qu’il pourroit obtenir ailleurs pour quinze francs,	Jugez en ce moment de l'excès de sa flamme Dachepter des faveurs trois cens Loüis comptant, Qu'il pourrait obtenir ailleurs pour quinze francs,
LUCRECE.	LUCRECE.
N’étoit tout le reſpect que j’ay pour voſtra Maiſtie, Vous poulkes bien, spigneur, ſortir par la feneſtre.	N'était tout le respect que j'ai pour vostra Maîtie, Vous poulées bien, spigneur, sortir par la fenêtre.
MELEPEIN.	MELÉPEIN.
Moy, Madame.	Moi, Madame.
LUCRECE.	LUCRECE.
Ouy, Scigueur, car ennu pour le Roy, Vous vous chargez icy d’un foit vilain employ.	Oui, Sigueur, car ennu pour le Roi, Vous vous chargez ici d'un soit vilain emploi.
MELETIIN.	MELETIN.
C’eſt l’employ le plus ſeur pour bruſquer la fortune.	C'est l'emploi le plus sûr pour brusquer la fortune.
LUCRECE.	LUCRECE.
Seigneur, voſtre preſence en ces lieux m’importune, Allez, retirez-vous.	Seigneur, votre présence en ces lieux m'importune, Allez, retirez-vous.
MEZETTIN.	MEZETIN.
Voici Tarquin qui vien, Faites voſtre devoir je vais faire le mien;	Voici Tarquin qui viens, Faites votre devoir je vais faire le mien;
Souvenez-vous toûjours, Beauté trop deſſalée, Quand on reçoit l’argent que l’on eſt entôl.	Souvenez-vous toujours, Beauté trop dessalée, Quand on reçoit l'argent que l'on est entôl.
lée.	lée.
SCENEV.	SCENEU.
TARQUIN, LUCRECE, MEZETTIN.	TARQUIN, LUCRECE, MEZETIN.
Gardes.	Gardes.
TARQUIN.	TARQUIN.
Vant que de venir vous découvrir mon cœur, J'ay fait ſonder le guet pat mon Ambaſſadeur, Mon Gaide du Tréſor l’a fait partir en poſte;	Vant que de venir vous découvrir mon cœur, J'ai fait sonder le guet pat mon Ambassadeur, Mon Gaide du Trésor l'a fait partir en poste;
Auſſi ſans un moment douter de la Ripoſte, Et pouſſé des tranſports d’un feu ſeditieux, Je me luis tranſporté moy-même, ſur les Lieux.	Aussi sans un moment douter de la Riposte, Et poussé des transports d'un feu séditieux, Je me luis transporté moi-même, sur les Lieux.
Mon amour à la fin a rompu ſa gourmette, Et mon Valet-de-Chainbre appotte ma Toilette.	Mon amour à la fin a rompu sa gourmette, Et mon Valet-Chainbre appotte ma Toilette.
LUCRECE.	LUCRECE.
Seigneur, que ce diſcouis pour Lucroce eſt nouveau, Moy que l’on vit dans Rome au ſortir du Berceau, Eſtre un exemple à tous d’honneur & de ſageſſe.	Seigneur, que ce discouis pour Lucroce est nouveau, Moi que l'on vit dans Rome au sortir du Berceau, Être un exemple à tous d'honneur et de sagesse.
TARQUIN.	TARQUIN.
On peut bien en ſa vie avoir une foibleſſe, Le Soleil quelque fois s’éclipſe dans les Cieux, Et n’en eſt pas moins pur revenant à nos yeux;	On peut bien en sa vie avoir une faiblesse, Le Soleil quelque fois s'éclipse dans les Cieux, Et n'en est pas moins pur revenant à nos yeux;
Plus d’une femime ici, dout la vertu je gage, A ſouffert mainte Eclypſe, y paſſe encor pour lagc.	Plus d'une femime ici, dout la vertu je gage, A souffert mainte Eclypse, y passe encor pour lagc.
Toute l’adreſſe giſt à bien cacher ſon jeu;	Toute l'adresse gît à bien cacher son jeu;
Vous pouvez avec moy tarquiniſer un peu,	Vous pouvez avec moi tarquiniser un peu,
LUGREOE.	LUGREOE.
Quoy donc;	Quoi donc;
oubliez-vous, Seigneur, quelle eſt Lucrece?	oubliez-vous, Seigneur, quelle est Lucre?
TARQUIN.	TARQUIN.
Oüy, je veux l’oublier, car enfin, ma Print ceſſe, Quand on peut regarder ce Corſage joly, Ce minois ſi bien peint, ce cuir frais & poli, Cette bouche, ces dents, cette vive prus nelle, Qui comme un gros Rubis charme, brille.	Oui, je veux l'oublier, car enfin, ma Print cesse, Quand on peut regarder ce Corsage joli, Ce minais si bien peint, ce cuir frais et poli, Cette bouche, ces dents, cette vive prus nelle, Qui comme un gros Rubis charme, brille.
étincelle.	étincelle.
Sur tout ces petits monts faits d’un cettait.	Sur tout ces petits monts faits d'un cettait.
metail, Tenus ſur l’eſtomac par deux clouds de corail;	métail, Tenus sur l'estomac par deux clouds de corail;
Ça.	Ça.
Qu'on a vû ce nez, ce .	Qu'on a vu ce nez, ce .
Ah Divine Princeſſe, On oublie aiſement que vous eſtes Lucrece, Pour ſe ieſſouvenir qu’en ce preſſant deſtin, Toute Luerece eſt femme, & tout homme ent laſquiſe Il luy baiſe la main,	Ah Divine Princesse, On oublie aisément que vous êtes Lucrece, Pour se jessouvenir qu'en ce pressant destin, Toute Luerece est femme, et tout homme ent sise Il était baise la main,
LUCRECE.	LUCRECE.
Queue eudtejine du Gale eauel amoui temeraire?	Queue eutejine du Gale eauel amoui téméraire?
Seigueur, que faites-vous.	Seigueur, que faites-vous.
3.	3.
TARQUI N.	TARQUI N.
Mojus que je ne veux faire.	Mojus que je ne veux faire.
D’un amour clandeſt n'mon ſoye eſt riſſolé.	D'un amour clandest n'mon soie est rissolé.
Juſques aux inieſtins ie me ſens greſillé.	Jusqu' aux injestins ie me sens gresillé.
ain:	ain:
mnauame, iouitiez qu’avec vous j’eſcarmouche;	mnaume, jouitiés qu'avec vous j'escarmouche;
Que d’appas, que d’attraits, l’eau m’en vient à li bouche.	Que d'appas, que d'attraits, l'eau m'en vient à li bouche.
Lpti ?	Lpti ?
a i2	a j2
LUCRECE.	LUCRECE.
On pourroit par bonté d’un amour mutuel.	On pourrait par bonté d'un amour mutuel.
Mais, Soigheur, vous allez d’acord au cris miuel.	Mais, Soigheur, vous allez d'acord au cris mivel.
21.	21.
TARQUIN.	TARQUIN.
Madame, j’ayme en Roy, cela veut dire en maiſtre.	Madame, j'aime en Roi, cela veut dire en maître.
Ma tendreſſe eſt avide & veut de quoy repaiſtre.	Ma tendresse est avide et veut de quoi repaître.
Un ſoûris, un regard’affriole un Amant, analsecit viuude stop ciede untou anour gourmand.	Un souris, un regard'affriole un Amant, analsecit vivude stop cide untou anour gourmand.
LUCRECE.	LUCRECE.
Seigneur, à quelque excez vous porterez iroz ame.	Seigneur, à quelque excès vous porterez iroz âme.
TARQUIN.	TARQUIN.
Madame, à quelque excez vous pouſſerez ma flâme;	Madame, à quelque excès vous pousserez ma flamme;
dideu de Mep loengeure veue cutez mon feu.	didu de Mep loengeure vue cutez mon feu.
J'ay trop fait pour titer mon épingle du jeu.	J'ai trop fait pour titer mon épingle du jeu.
LUCRECE.	LUCRECE.
Avant qu'à tes deſſeins mon cœur ſe détermine, Ce fer de mille coups m’ouvrira la poitrine.	Avant qu'à tes desseins mon coeur se détermine, Ce fer de mille coups m'ouvrira la poitrine.
TARQUIN.	TARQUIN.
Il n’eſt pas encor temps d’accomplir ce deſir, Vous vous poignarderez tantoſt tout à loiſir.	Il n'est pas encor temps d'accomplir ce désir, Vous vous poignarderez tantôt tout à loisir.
LUCRECE.	LUCRECE.
Quoy!	Quoi!
Seigneur, ia vertu cette fleur immortelle.	Seigneur, ja vertu cette fleur immortelle.
belle.	belle.
TARQUIN.	TARQUIN.
Holà, Gatdes.	Holà, Gatdes.
à moy.	à moi.
MEZETTIN.	MEZETIN.
3 Que voulez-vous, Seigneur?	3 Que voulez-vous, Seigneur?
LUCRECE.	LUCRECE.
Puiſque rien ne ſçauroit atêter ta fureur, Approche, & vois en moy l’action la plus rare Dont jamais l'Univers ait oüi parler.	Puisque rien ne saurait atêter ta fureur, Approche, et vois en moi l'action la plus rare Dont jamais l'Univers ait ouï parler.
Barbare, .	Barbare, .
Contre tes noirs deſſeins en vain j’ay combattu;	Contre tes noirs desseins en vain j'ai combattu;
En blen:	En blen:
conhols Luelece & toute ſa vertu.	conhols Luelece et toute sa vertu.
Elle ſe tuë.	Elle se tue.
12 TARQUIN.	12 TARQUIN.
Que vois-je?	Que vois-je?
Juſte Ciel l.	Juste Ciel l.
MEZETTIN.	MEZETIN.
Bon ce n’eſt que pour rire.	Bon ce n'est que pour rire.
TARQUIN.	TARQUIN.
i) 2l.	y) 2l.
se Phr Non la peſte m’étouffe, elle tombe, elle exire.	se Phr Non la peste m'étouffe, elle tombe, elle exire.
Et c’eſt moy Dieux cruels qui ſuis ſon aſ22 ſaſſin, dans le ſein.	Et c'est moi Dieux cruels qui suis son as2 sassin, dans le sein.
Que la terre irritée aprés tant d’injuſtice, S’ouvre pour m’engloûtir dans ſes cteux precipices Que la toudre du ciel ſur moy tombe en éclats;	Que la terre irritée aprés tant d'injustice, S'ouvre pour m'engloutir dans ses cteux précipices Que la toudre du ciel sur moi tombe en éclats;
Mais quoy, pour me punir n’ay- je donc pas un bras, Que ee poignard encor tout fumant de ſageſſe, Immole en même temps & Tarquin & Lucrece, Frappons ce lache cœur qui me retient la main, Perçons.	Mais quoi, pour me punir n'ai- je donc pas un bras, Que ce poignard encor tout fumant de sagesse, Immole en même temps et Tarquin et Lucrece, Frappons ce lache cœur qui me retient la main, Perçons.
, non.	, non.
, remettons cette affaire à demain:	, remettons cette affaire à demain:
Je ſens mollir mon bras, je ſens couler mes larmes, Et ma main de foibleſſe abandonne les armes.	Je sens mollir mon bras, je sens couler mes larmes, Et ma main de faiblesse abandonne les armes.
Je deviens tout perplex, viens-t’en me ſoûtenir:	Je deviens tout perplex, viens-t-en me soutenir:
O temps!	Ô temps!
ôſiecle!	ôsiecle!
ô mœurs!	ô mœurs!
que dira l’avenir, D'un chimerique honneur le ſexe s’infatuë, Plûtoſt que forligner une femme ſe tuë Ah!	que dira l'avenir, D'un chimérique honneur le sexe s'infatue, Plutôt que forligner une femme se tue Ah!
Lucrece mamour vous donnez aujourd’huy Un exemple étonnant qui ſera peu ſuivy.	Lucrece mamour vous donnez aujourd'hui Un exemple étonnant qui sera peu suivi.
.	.
MEZETTIN.	MEZETIN.
Pleurez, Seigneur,pleurez l’effet de vos fiedaiſles.	Pleurez, Seigneur,pleurez l'effet de vos fiedaisles.
TARQUIN.	TARQUIN.
Ah toy qui ſçais pleurer, épargnes-m’en les .	Ah toi qui sais pleurer, épargnes-m'en les .
peines.	peines.
MEZETTIN.	MEZETIN.
Chantez du moms du an lat lon triſte tombeau.	Chantez du moments du an lat lon triste tombeau.
TARQUIN.	TARQUIN.
C’eſt à toy bien plûtoſt d’enfler ton chalumeau.	C'est à toi bien plutôt d'enfler ton chalumeau.
40 clsbente.	40 clsbente.
Car je t’ay pris pour mon valet.	Car je t'ai pris pour mon valet.
A cauſe de ton Flageollet.	À cause de ton Flageollet.
MEZETTIN chante.	MEZETIN chante.
Car il m’a pris pour ſon valet A caule de mon Flageollet	Car il m'a pris pour son valet A caule de mon Flageollet
ACTE TROISIEME.	ACTE -TROISIÈME.
SCENE PREMIERE.	SCÈNE PREMIÈRE.
ARLEGUIN.	ARLEGUIN.
LE DOCIEUR.	LE DOCIEUR.
ARLEQUIN.	ARLEQUIN.
EST icy qu’en voit ce qu’il y a de & plus curieux à la Foire.	EST ici qu'en voit ce qu'il y a de et plus curieux à la Foire.
Sauts perilleux.	Sauts périlleux.
Un Greffier qui ſaute à pieds joints pardeſſus la Juſtice.	Un Greffier qui saute à pieds joints pardessus la Justice.
Une femme de cinquante-ans qui ſaute à reculons à vingt- cinq.	Une femme de cinquante-ans qui saute à reculons à vingt- cinq.
Une jeune perſonne qui ſaute de l'état de fille à celuy de veuve ſans avoir paſſé par le Mariage.	Une jeune personne qui saute de l'état de fille à celui de veuve sans avoir passé par le Mariage.
Un Baſque qui du derriere d'un Cairoſſe ſaute dedans ſans attraper la rouë.	Un Basque qui du derrière d'un Cairosse saute dedans sans attraper la roue.
Monſtres naturels, un animal moitié Medecin de la ceinture en haut, & moitié Mule de la ceinture en bas, avec un autre animal moitié Avocat, & moitié petir Maiſtre.	Monstres naturels, un animal moitié Médecin de la ceinture en haut, et moitié Mule de la ceinture en bas, avec un autre animal moitié Avocat, et moitié petir Maître.
Un Autropophage qui mange les hommes tous crûs, & qui n’a plus faim dés uiſvoit des femmes.	Un Autrophage qui mange les hommes tous crus, et qui n'a plus faim ès uisvoit des femmes.
Ouvrages merveilleux, un Sac fait à l’éguille, contenant le procés d’un bas Normand commencé ſous Richard ſans peur premier Duc de Normandie.	Ouvrages merveilleux, un Sac fait à l'éguille, contenant le procès d'un bas Normand commencé sous Richard sans peur premier Duc de Normandie.
Le Coftre fort d’un Gaſcoi pezant trois grains de bled avec tout ce qui eſt dedans;	Le Coftre fort d'un Gascoi pezant trois grains de bled avec tout ce qui est dedans;
mais!	mais!
ce qu’il y a de plus curieux c’eſt une Pendule qui marque l’heure d’emprunter, & jamais celle de paver, Ouvrage tres-utile pour quantité d’Officiers re venus de l’armée.	ce qu'il y a de plus curieux c'est une Pendule qui marque l'heure d'emprunter, et jamais celle de paver, Ouvrage très -utile pour quantité d'Officiers re venus de l'armée.
LE DOCT.	LE DOCT.
EUR.	EUR.
quepouovoncauuleque couz avoir une à quel prix que ce ſoit.	quepouovoncauuleque couz avoir une à quel prix que ce soit.
ARLEQUIN.	ARLEQUIN.
A prefent ces Ouvrages là ne ſe vendent plus, on en fait les Louteries, & depuis qu’on ne uome pias de jettons dans les compagnies, ce ſont les Orlogers qui les diſtribuënt.	À présent ces Ouvrages là ne se vendent plus, on en fait les Louteries, et depuis qu'on ne ome pias de jetons dans les compagnies, ce sont les Orlogers qui les distribuënt.
LEDOCIEON.	LÉDOCIEON.
Eh bien je prendray des billets de Lotterie.	Eh bien je prendrai des billets de Lotterie.
ARLEQUIN.	ARLEQUIN.
Vous ferez fort bien, vous avez la Phiziouomie heureuſe, & je crois que vous gagnerez le gros Lot.	Vous ferez fort bien, vous avez la Phiziouomie heureuse, et je crois que vous gagnerez le gros Lot.
Voilà le Cadran du Zodiaque.	Voilà le Cadran du Zodiaque.
On ouvre.	On ouvre.
LE DOCTEUR.	LE DOCTEUR.
Ah ah!	Ah ah!
je vois dans voſtre Zodiaque des ſignes que je ne conuois point.	je vois dans votre Zodiaque des signes que je ne convois point.
ARLEQUIN.	ARLEQUIN.
Ce ſont tous ſignes ſimboliques & miſtetieux que j’ay mis à la place des anciens, je teforme le Lodiaque comme il me plaiſt.	Ce sont tous signes symboliques et mistetieux que j'ai mis à la place des anciens, je teforme le Lodiaque comme il me plaît.
LE DOCTEUR.	LE DOCTEUR.
oubutune qupavoir mis un Procuteur parmy les aſtres.	oubutune qupavoir mis un Procuteur parmi les astres.
ARLEQUIN.	ARLEQUIN.
C’eſt moy qui l’ay mis à la place du Cancre.	C'est moi qui l'ai mis à la place du Cancre.
Celuy que vous voyez en ſigne, Eſtoit un Procureur iuſigne Que je nommai cancre ou vilain, Pour m’avoir fait mouiir de faim Quand j’étois Clerc ſous ſa ferulle, On euteudoit à la peuaule Sonner l’heure du coucher Avant celle du ſouper.	Celui que vous voyez en signe, Était un Procureur iusigne Que je nommai cancre ou vil, Pour m'avoir fait mouiir de faim Quand j'étais Clerc sous sa ferlle, On euteudait à la peuaule Sonner l'heure du coucher Avant celle du souper.
LE DOCTEUR.	LE DOCTEUR.
Qu’eſt-ce que c’eſt que cette fille avec un trebuchet à la main?	Qu'est-ce que c'est que cette fille avec un trébuchet à la main?
ARLEQUIN.	ARLEQUIN.
Au lieu de ſigne on a pris ſoin, De mettre en cet endroit l’Epiciere du coin, La Balance autrefois ſervoit à la Juſt:	Au lieu de signe on a pris soin, De mettre en cet endroit l'Épicière du coin, La Balance autrefois servait à la Jut:
ce, Maintenant au Palais ce meuble eſt ſuperflus, Et l’on ne s’en ſert preſque plus, Qu’à pezer le ſucre & l’épice.	ce, Maintenant au Palais ce meuble est superflus, Et l'on ne s'en sert presque plus, Qu'à pezer le sucre et l'épice.
LE DOCTEUR.	LE DOCTEUR.
Eh.	Eh.
voiſa un homme qui me reſſemble.	voisa un homme qui me ressemble.
ARLEQUIN.	ARLEQUIN.
C'eſt le Caprieorne.	C'est le Capprieorne.
Quoique ce Chef cornu contienne une Satire, Je ne veux tien vous dire, Sur un ſujet ſi beau Pour un' Epoux content que mes vers feroient rire, Mille enrageroient dans leur peau.	Quoique ce Chef cornu contienne une Satire, Je ne veux tien vous dire, Sur un sujet si beau Pour un Époux content que mes vers feraient rire, Mille enrageraient dans leur peau.
LE DOCTEUR.	LE DOCTEUR.
Y a-t-il des malades dans le Firmament, Que j'y vois un Carabinier de la faculté.	Y a-t-il des malades dans le Firmament, Que j'y vois un Carabinier de la faculté.
ARLEQUIN.	ARLEQUIN.
J'ay mis au lieudu Sagittaire Ce venstable Aporiquaite, Tout viſage ſans nez fiemit à ſon aſpest.	J'ai mis au lieudu Sagittaire Ce venstable Aporiquaite, Tout visage sans nez fiemit à son aspest.
ẽt ly s’agnoüillaut de cirile maniere misa ſuane avuasestece	Ut li s'agnoüillaut de cirile manière misa suane avuasestece
LE DOCTEUR.	LE DOCTEUR.
Eſt-ce qu’il y a quelque ſigne de mort que je vois une place vaquante.	Est-ce qu'il y a quelque signe de mort que je vois une place vaquante.
ARLEQUIN.	ARLEQUIN.
l’ay cherché vainement par tout noſtre Hemiſphere, Une fille pour mettre au ſigne de Virge;	l'ai cherché vainement par tout notre Hémisphère, Une fille pour mettre au signe de Virge;
Mais par le premier ordinaire Il m’en vient uns de Congo.	Mais par le premier ordinaire Il m'en vient uns de Congo.
Que unes-vous de ces Gemcaul-lat	Que unes-vous de ces Gemcaulat
LE DOCTEUR.	LE DOCTEUR.
Octave & Angelique qui s’embraſſent.	Octave et Angélique qui s'embrassent.
ARLEQUIN.	ARLEQUIN.
Vous l’avez dit Docteur les Gemini ſont morts;	Vous l'avez dit Docteur les Gemini sont morts;
Mais ces deux grands Gemeaux que vous voyez paroiſtre, Ne faiſant plus qu’un en deux corps Malgré vous en feront renaiſtre.	Mais ces deux grands Gemeaux que vous voyez paraître, Ne faisant plus qu'un en deux corps Malgré vous en feront renaître.
Mx M d eso Allez-vous en au diable avec voſtre Lodiaque.	Mx M ô Allez-vous en au diable avec votre Lodiaque.
ARLEQUIN.	ARLEQUIN.
Tour vous detienee je d’en vais vous ſaire entendre mon carillon.	Tour vous détiene je d'en vais vous zaïre entendre mon carillon.
Le Temps ſe détache & chante.	Le Temps se détache et chante.
LE TEMPS.	LE TEMPS.
Ton temps, ton temps eſt paſſé, Ton timb.	Ton temps, ton temps est passé, Ton timb.
ton timbre eſt caſſé, Tu t’en tu t’en vas ſinir ta catriere, Ne prens point de femme;	ton timbre est cassé, Tu t'en tu t'en vas sinir ta catrière, Ne prends point de femme;
car Au lieu de ſonner l’heure entiere Ta ne ſonncrois que le quart.	car Au lieu de sonner l'heure entière Ta ne sonncrais que le quart.
LE CAPVERD.	LE CAPVERD.
SCENE I.	SCÈNE I.
ARLEQUIN, en Empereur Mh etl iers.	ARLEQUIN, en Empereur Mh etl jers.
E ſuis Prince de la verdure, J Le Teinturier en verd de toute la natute, On ne me prend jamais ſans verd;	E suis Prince de la verdure, J Le Teinturier en verd de toute la natute, On ne me prend jamais sans verd;
Singes & Perroquets ſont ſous ma Seigneurie, Roy des Serins de Canarie;	Singes et Perroquets sont sous ma Seigneurie, Roi des Serins de Canarie;
Je m’appelle en un mot l’Empereur du Cap Verd.	Je m'appelle en un mot l'Empereur du Cap Verd.
Je bois pour me tenir toûjours la teſte verte;	Je bois pour me tenir toujours la tête verte;
Vin de Vauver, Verjus, Verdée & Ver-degris Chez moy les Ragoûts ſont vernis, Tout s’y mange à la ſauce verte;	Vin de Vauver, Verjus, Verdée et Ver-degris Chez moi les Ragoûts sont vernis, Tout s'y mange à la sauce verte;
Et mon Cuiſinier depuis peu Fut pendu par mon ordre en la place publique, Pour m’avoir à ſoupé contre ma politique, Fait ſervir une Carpe au bleu.	Et mon Cuisinier depuis peu Fut pendu par mon ordre en la place publique, Pour m'avoir à soupé contre ma politique, Fait servir une Carpe au bleu.
C’eſt ici que l’on voit un Serail à loüer, Femme à vendte ou Femme à donner.	C'est ici que l'on voit un Serail à louer, Femme à vendte ou Femme à donner.
Si je voulois en acheter Je ne pourrois au quel entendre, Combien en ce lieu de Maris M'ameneroient leurs Femmes vendre.	Si je voulais en acheter Je ne pourrais au quel entendre, Combien en ce lieu de Maris M'amèneraient leurs Femmes vendre.
Et m’en feroient fort juſte prix.	Et m'en feraient fort juste prix.
Vous trouverez ici de quoy vous ſatïsfaire A bouche que veux-tu;	Vous trouverez ici de quoi vous satisfaire A bouche que veux-tu;
je donne aux Epou.	je donne aux Épou.
ſeurs, Du blond, du brun, du roux, enfin j’ay de quoy faire Des Cocus de toutes couleurs.	sûrs, Du blond, du brun, du roux, enfin j'ai de quoi faire Des Cocus de toutes couleurs.
Vous, Geolliers biſtournez, qui pour ma ſeureté, De mes meuus plaiſirs conſervez les ſerrures A mes oyſeaux privez donnez la liberté, Qu’ils viennent chercher leurs paſtures.	Vous, Geolliers bistournez, qui pour ma sûreté, De mes meuds plaisirs conservez les serres À mes oiseaux privé donnez la liberté, Qu'ils viennent chercher leurs pâtures.
SCENE II.	SCÈNE II.
ARLEQUIN, PIERROT.	ARLEQUIN, PIERROT.
PIERROT.	PIERROT.
Onſieur, voila bien des gens là qui deN mandent à ſe marier;	Onsieur, voilà bien des gens -là qui deN mandent à se marier;
il y en a un entr'autres qui dort toûjours, & demande une femme.	il y en a un entr'autres qui dort toujours, et demande une femme.
44 La foire S.	44 La foire S.
Germain,	Germain,
ARLEQUIN.	ARLEQUIN.
Il dort & demande une Femme;	Il dort et demande une Femme;
il rêve donc.	il rêve donc.
Fais-le entrer.	Fais-le entrer.
SCARAMOUCHE, en manteau fouré & en bonnet de nuit.	SCARAMOUCHE, en manteau fouré et en bonnet de nuit.
1.	1.
ARLEQUIN.	ARLEQUIN.
eoanmo donus;	eoanmais donus;
Oûjours je dors, toûjours je baille.	Ouijours je dors, toujours je baille.
ARLEQUIN Qui vous fit ſous le nez une ſi grande entaille?	ARLEQUIN Qui vous fit sous le nez une si grande entaille?
SCAR AMOUCHE.	SCAR AMOUCHÉE.
En mariage ici je viens m'appareiller.	En mariage ici je viens m'appareiller.
ARLEQUIN.	ARLEQUIN.
1 - Il faut vous marier avec un Oreiller.	1 - Il faut vous marier avec un Oreiller.
SCARAMOUCHE.	SCARAMOUCHE.
2 Non, Monſieur, il me faut uue Femme gaillarde, Quelque jeune égrillarde Qui chante pour me réveiller,	2 Non, Monsieur, il me faut ève Femme gaillarde, Quelque jeune égrillarde Qui chante pour me réveiller,
ARLEQUIN.	ARLEQUIN.
Pemme trop éveillée & mary qui ſommeille, Ne peuvent long-tems s’accorder, Toujours au chant du Coq la Poulle ſe reveille;	Pemme trop éveillée et mari qui sommeille, Ne peuvent longtemps s'accorder, Toujours au chant du Coq la Poule se réveille;
Mais quand le Coq s’endort la Poulle a beau chanter, Elle n’eſt point entenduë, De lopoun cutomnaue lu Duut contmue, L’oblige b’en à déchanter.	Mais quand le Coq s'endort la Poule a beau chanter, Elle n'est point entendue, De lopoun cutomnaue lu Duut contue, L'oblige b'en à déchanter.
SCARAMOUCHE.	SCARAMOUCHE.
Plus d’un mary qui m’écoute, Comme moy quelquefois voudroit dormir Olen tort 5.	Plus d'un mari qui m'écoute, Comme moi quelquefois voudrait dormir Olen tort 5.
Car quand on dort On ne voit goute.	Car quand on dort On ne voit goute.
ARLEQUIN.	ARLEQUIN.
Il ne faut pourtant pas dormir quand il eſt queſtion de choiſir une femme, & les plus clairs-voyans n’y voient pas trop clait.	Il ne faut pourtant pas dormir quand il est question de choisir une femme, et les plus clairs-voyants n'y voient pas trop clait.
Je m’en vais t’en donner une qui chantera toûjours.	Je m'en vais tendonner une qui chantera toujours.
UNE SULTANE chante.	UNE SULTANE chante.
Eſpoux qui poſſedez un ohjet plein d’appaz Ne vous endormez pas.	Époux qui possédez un ohjet plein d'appas Ne vous endormez pas.
Gardez-bien voſtre conqueſte Contre les veilles d un Amant:	Gardez-bien votre conquête Contre les veilles d unTant:
Car biett ſouvent un mary ſe reveille Avec un mal de teſte Qu’il n’avoit pas en s’endormant.	Car biett souvent un mari se réveille Avec un mal de tête Qu'il n'avait pas en s'endormant.
ARLEQUIN.	ARLEQUIN.
chante.	chante.
La femme eſt une place ennemie Que toſt ou tard on aſſiegera, Il faut toûjours qu’un mary crie, Qni vive, qui vive, qui va là;	La femme est une place ennemie Que tôt ou tard on assiégera, Il faut toujours qu'un mari crie, Qni vive, qui vive, qui va là;
Veille qui pourta, Si la ſentinelle eſt endormie, Dans le Corps-de-garde entrera.	Veille qui pourta, Si la sentinelle est endormie, Dans le Corps-de-garde entrera.
SCENE IV.	SCÈNE IV.
ARLEQUIN, MEZETTIN en ſautant.	ARLEQUIN, MEZTTIN en sautant.
MELETEI vinim.	MELETEI vinim.
Onſieur, vous voyez un homme dans Mle dernier deſeſpoir.	Onsieur, vous voyez un homme dans Mle dernier désespoir.
ARLEQUIN.	ARLEQUIN.
A vous voir rire & dancer on ne le croiroit jamais.	À vous voir rire et dancer on ne le croirait jamais.
MEZETTIN riant.	MEZETIN riant.
Je vieus de perdle uu graud procés.	Je vieus de perdle u graud procès.
ARLEQUIN.	ARLEQUIN.
Il n’y a pas la trop de quoy rire.	Il n'y a pas la trop de quoi rire.
MEZETTIN pleurant.	MEZETIN pleurant.
Mais ce qui me conſole, c’eſt que je ſuis délivré par Arreſt de ma premiete femme.	Mais ce qui me console, c'est que je suis délivré par Arrêt de ma premiète femme.
M Il n’y a pas là de quoy pleuter.	M Il n'y a pas là de quoi pleuter.
MEZETTIN riant.	MEZETIN riant.
Elle m’a accuſé enJuſtice de n’eſtre mary que pour la forme, & m'a fait declarer vieux à la fleur de mon âge.	Elle m'a accusé enJaptice de n'être mari que pour la forme, et m'a fait déclarer vieux à la fleur de mon âge.
ARLEQUIN.	ARLEQUIN.
Eh!	Eh!
que diable d’homme eſt-ce donc cela?	que diable d'homme est-ce donc cela?
il pleure quand il faut rire, & il rit quand il faut pleurer:	il pleure quand il faut rire, et il rit quand il faut pleurer:
C’eſt-à-dire que vous eſtes dans la liſte de fr gidis & maleficiatis.	C'est-à-dire que vous êtes dans la liste de fr gidis et maleficiatis.
MEZETTIN.	MEZETIN.
Une goguenatde de ſervante m’accuſa auſſi d’eſtie le pere d’un enfaut, parce qu’il me reſſembloit.	Une goguenatde de servante m'accusa aussi d'étie le père d'un enfaut, parce qu'il me ressemblait.
E.	E.
ARLEQUIN.	ARLEQUIN.
S’il falloit adopter tous.	S'il fallait adopter tous.
les enfans qui nous teſſemblent, & rejetter ceux qui ne nous reſſemblent pas, on verroit un beau?	les enfants qui nous tessemblent, et rejeter ceux qui ne nous ressemblent pas, on verrait un beau?
broüillamini dans les familles.	brouillamini dans les familles.
MEZETTIN.	MEZETIN.
De deux procés oppoſez je me flattois d’en gagner un.	De deux procès opposez je me flattais d'en gagner un.
Eh bien:	Eh bien:
ARLEQUIN.	ARLEQUIN.
MEZETTIN riant:	MEZETIN riant:
Je les ay perdus tous deux:	Je les ai perdus tous deux:
Les mémes ſuges le même jour ont dit que j’étois oüy & non & m’ont condamné aux dépens.	Les mêmes suges le même jour ont dit que j'étais oui et non et m'ont condamné aux dépens.
ARLEQUIN chante:	ARLEQUIN chante:
Aprés un pareil procés.	Après un pareil procès.
Crois-moy ne plaide jamais, Dans la même occaſion T’antoſt on dit oüy, tantoſt on dit non.	Crois-moi ne plaide jamais, Dans la même occasion T'antôt on dit oui, tantôt on dit non.
Par Arreſt te voilà donc Declaré cocq & chapon.	Par Arrêt te voilà donc Déclaré coc et chapon.
ARLEQUIN.	ARLEQUIN.
Tiens voilà une femme que je te veux donſer qui à elte auticiois Seim de Ganarie.	Tiens voilà une femme que je te veux donser qui à elle auticiais Seim de Ganarie.
MEZETTIN.	MEZETIN.
Bon cela ne ſe peut pas.	Bon cela ne se peut pas.
ARLEQUIN.	ARLEQUIN.
Parlez, n’eſt-il pas vray belle Viſionnaire, Que vous avez jadis chanté dans ma VoAlelor	Parlez, n'est-il pas vrai belle Visionnaire, Que vous avez jadis chanté dans ma VoAlelor
COLOMBINE en Sultane.	COLOMBINE en Sultane.
Oüy Seigneur, & c’eſt aujourd’huy Ce qui fait mon mortel ennuy;	Oui Seigneur, et c'est aujourd'hui Ce qui fait mon mortel ennui;
Lorſque j’étois Serin de Canarie Je paſſois plaiſamment la vie, On m’a, croyant me faire un plaiſir ſingulier Naſuralizé fille, ah!	Lorsque j'étais Serin de Canarie Je passais plaisamment la vie, On m'a, croyant me faire un plaisir singulier Nasuralisé fille, ah!
le triſte métief.	le triste métief.
ARLEQUIN.	ARLEQUIN.
Vous avez tort d’avoir tant d’amertume, La belle autrefois beſte à plume, C’eſt un ſort plein d’attraits, D'eſtre jeune fille au teint ſrais.	Vous avez tort d'avoir tant d'amertume, La belle fois bête à plume, C'est un sort plein d'attraits, D'être jeune fille au teint srais.
COLOMBINE.	COLOMBINE.
Quand du Soleil la lumiere inégale Sur la terre s’affoibliſſoit, Sans redouter l’éclat, ſans craindre le ſcandale, Je couchois où bon me ſembloit, Sans appeller ny Parens ny Notaire;	Quand du Soleil la lumière inégale Sur la terre s'affaiblissait, Sans redouter l'éclat, sans craindre le scandale, Je couchais où bon me semblait, Sans appeler ni Parentsîle Notaire;
Je choiſiſſois l’Epoux qui ſçavoit mieux me plaire, Nous goûtions un heureux deſtin, Et mon Epoux eſtoit certain, Que de tous ſes petits il étoit le vray pere.	Je choisissais l'Époux qui savait mieux me plaire, Nous goûtions un heureux destin, Et mon Époux était certain, Que de tous ses petits il était le vrai père.
ARLEQUIN.	ARLEQUIN.
Ceux que le Dieu d’Hymen attrape au trebuchet, Ne ſont pas ſi ſeurs de leur fait, Et tel ſe voit d’enfans une longue lignée;	Ceux que le Dieu d'Hymen attrape au trébuchet, Ne sont pas si sûrs de leur fait, Et tel se voit d'enfants une longue lignée;
Qui n’a fait que preſter ſon nom à la Couvée.	Qui n'a fait que prêter son nom à la Couvée.
COLOMBINE.	COLOMBINE.
Sans aller en juſtlce attaquer les défauts De ces Maris feoids od brutaux, Dés qu’un nouveau venu me plaiſoit davantage, Je rompois net mon Mariage, Sans craindre que par des Arreſts On eut droit de me mettre en cage, Et le Printemps prochain j’aſſois ſous un Feüillage Me marier ſur nouveaux frais.	Sans aller en justlce attaquer les défauts De ces Maris feoids ods odeurs, Dés qu'un nouveau venu me plaisait davantage, Je rompais net mon Mariage, Sans craindre que par des Arrêts On eut droit de me mettre en cage, Et le Printemps prochain j'assois sous un Fueillage Me marier sur nouveaux frais.
ARLEQUIN à Mezettin.	ARLEQUIN à Mezettin.
Prends de ma main cette fille prudente, De crainte d’effleurer ta tepu:	Prends de ma main cette fille prudente, De crainte d'effleurer ta tepu:
ation.	ation.
Tu la verras changer de Naris plus de trente, Avant que demander la ſeparation;	Tu la verras changer de Naris plus de trente, Avant que demander la séparation;
Mais avec elle ſeras-tu ouy ou non.	Mais avec elle seras-tu oui ou non.
MEZETTIN chante, Je ſuis oüy, je ſuis non.	MEZETIN chante, Je suis oui, je suis non.
Selon l’occaſion, La choſe eſt incertaine, Je ſuis toûjours oüy Chez la femme d’autruy;	Selon l'occasion, La chose est incertaine, Je suis toujours oui Chez la femme d'autrui;
Mais je ſuis non avec la mienne.	Mais je suis non avec la mienne.
ARLEQUIN chante.	ARLEQUIN chante.
Dedans tes champs, Seme, arroſe, détriche, Plante ch teus temps Si tu veux eſtre riche;	Dedans tes champs, Same, arrose, détriche, Plante ch teus temps Si tu veux être riche;
Mais, A laiſſer ſa femme en friche On ne s’appauvrit jamais.	Mais, À laisser sa femme en friche On ne s'appauvrit jamais.
ARLEQUIN.	ARLEQUIN.
Sois complaiſant, Affable & Debonnaire, Traitte ta femme avec douce maniere, Mais, Quand elle eſt dans la Riviere Ne l’en retire jamais.	Sois complaisant, Affable et Débonnaire, Traite ta femme avec douce manière, Mais, Quand elle est dans la Rivière Ne l'en retire jamais.
ARLEQUIN chante a l’antropophage.	ARLEQUIN chante a l'antrophage.
Pour vous Monſieur le Sauvage, Ne faites pas le méchant, Quatre jours de Mariage Vous rendiont moins violent, Quand on voit un beau viſage, On croit d’abord faire rage;	Pour vous Monsieur le Sauvage, Ne faites pas le méchant, Quatre jours de Mariage Vous rendiont moins violent, Quand on voit un beau visage, On croit d'abord faire rage;
Mais ſon approche nous iend Doux & ſouple coime un gand.	Mais son approche nous iend Doux et souple coime un gand.
I ij	I ij
LA PETITE FILLE chante dans ſa cage.	LA PETITE FILLE chante dans sa cage.
Vous qui vous mocquez par vos ris De ma figure en cage, Parmy vous autres beaux eſprits Il s’en trouve je gage, Qui vouuroient bien au meme prix Revenir à mon âge.	Vous qui vous mocquez par vos ris De ma figure en cage, Parmi vous autres beaux esprits Il s'en trouve je gage, Qui vouraient bien au même prix Revenir à mon âge.
LA CHANTEUSE chante.	LA CHANTEUSE chante.
La Foire eſt un Serrail fecond Qui peupleroit la France, Force Mariages s’y font saiis Contract ny duſance;	La Foire est un Serrail fécond Qui peuplerait la France, Force Mariages s'y font ais Contrat ny dusance;
Meſſieurs la Foire eſt ſur le Pont, Venez en diligence.	Messieurs la Foire est sur le Pont, Venez en diligence.
ARLEQUIN chante.	ARLEQUIN chante.
Par quelqu’agreable Chanſon Filouter l’Auditoire, rut laj coupoi ooutre de cordons Voilà noſtre Grimoire;	Par quelqu'agréable Chanson Filouter l'Auditoire, rut la coupoi ooutre de cordons Voilà notre Grimoire;
Car icy nous nous entendons Comme Larrons en Foire.	Car ici nous nous entendons Comme Larrons en Foire.
LA CHANTEUSE.	LA CHANTEUSE.
Tel qui ſa femme tous les jouts A la Foire accompagne, Ne voit pas en certains détours Les Rivaux en campagne;	Tel qui sa femme tous les jouts A la Foire accompagne, Ne voit pas en certains détours Les Rivaux en campagne;
Un Mary ne ſçait pas toûjours Les Foires de Champagde.	Un Mari ne sait pas toujours Les Foires de Champagde.
ARLEQUIN.	ARLEQUIN.
Meſſieurs de bon cœur recevez La Piece qu’on vous donne, Demain nos vœux ſeront comblez, Si voſtre argent foizonne, Si les Marchands ſont aſſemblez La Foire ſera bonne.	Messieurs de bon cœur recevez La Pièce qu'on vous donne, Demain nos vœux seront comblés, Si votre argent faizonne, Si les Marchands sont assemblez La Foire sera bonne.
LA CHANTEUSE chante au Docteur, Il faut que tout Vieillard usé Renonce au Mariage, Si vous en eſtes euteſté Prenez fille à cet âge, Et pour plus grande ſeureté Vous la mettrez en cage.	LA CHANTEUSE chante au Docteur, Il faut que tout Vieillard usé Renonce au Mariage, Si vous en êtes eutesté Prenez fille à cet âge, Et pour plus grande sûreté Vous la mettrez en cage.
MEZETTIN chante.	MEZETIN chante.
Deux troupes de Marchands forains ne aunt s ssasu e Mais ſi pour les Italiens Voſtre bon gouſt s’explique, Bien-toſt quelqu'un des deux Voiſins Fermera la Boutique.	Deux troupes de Marchands forains ne aunt susasu e Mais si pour les Italiens Votre bon goût s'explique, Bientôt quelqu'un des deux Voisins Fermera la Boutique.
I iij.	I Jij.
ARLEQIUN chante.	ARLÊQIUN chante.
Quoique le pauvre Italien Ait eû plus d’une ciize;	Quoique le pauvre Italien Ait eu plus d'une cize;
Les jaloux ne luy prennent rien De voſtre chalandiſe, Le parterre ſe connoiſt bien En bonne marchandiſe.	Les jaloux ne force prennent rien De votre chalantise, Le parterre se connaît bien En bonne marchandise.
Quand on demande bis, Puiſque vous le voulez ainſi Contentons voſtre envie;	Quand on demande bis, Puisque vous le voulez ainsi Contentons était envie;
Mais faites-donc Chorus auſſi, Car j’aime l’harmonie, Demain vous ſerez bis icy, Mon Seriail vous en prie.	Mais faites-donc Chorus aussi, Car j'aime l'harmonie, Demain vous serez bis ici, Mon Seriail vous en prie.
