ACTEURS DU PROLOGUE.	ACTEURS DU PROLOGUE.
DAMON, Fils.	DAMON, Fils.
C· CRISPIN, Valet de Damon.	 CRISPIN, Valet de Damon.
LE DECORATEUR.	LE DÉCORATEUR.
LAYS.	LAIS.
AMINTE	AMINTE
LUCRECE.	LUCRECE.
JSTINE	JSTINE
T.	T.
D	D
DAMON, CRISPIN, DAMON.	DAMON, CRISPIN, DAMON.
E bien, Criſpin, nos Meſſieurs & nõs Demoiſelles ſont-ils bien-toſt en état de faire la repetition de ma Pie	E bien, Crispin, nos Messieurs et noms Demoiselles sont-ils bientôt en état de faire la répétition de ma Pie
2 ?	2 ?
CRISPIN TTout le monde ſera préſt dans un moment comme l'on s’atend de la joüer demain lns remiſe, on n’a plus de temps à negliger.	CRISPIN TTout le monde sera prompt dans un moment comme l'on s'attend de la jouer ain lns remise, on n'a plus de temps à négliger.
le n’eſt pas qu’ls naient quelque petit charin de l’exactitude que vous avés voulu exier d’eux & comme l’on n’a pas accoutumé e faire des Répetitions avec les Habits, les écorations, & les Violons, ils ne prennẽt i’en murmurant le ſoin qu’il faut qu’ils ſe onnent pour s’habiller;	le n'est pas qu'ls noient quelque petit charin de l'exactitude que vous avez voulu exier d'eux et comme l'on n'a pas accoutumé eût faire des Répétitions avec les Habits, les écorations, et les Violons, ils ne prennent j'en murant le soin qu'il faut qu'ils se onnent pour s'habiller;
& principalement bs Demoiſelles qui ne ſont pas bien aiſes de donner plus de peine que le beſoin ne le mande.	et principalement bs Demoiselles qui ne sont pas bien aises de donner plus de peine que le besoin ne le mande.
Il n’y en a pas une qui ne vous ait t en s’abillant, toutés les poüilles que la odeſtie peut ſouffrir dans la bouche d’une imme, & qui n’ait dit plus de cent foïs Bre que cet Autheur eſt fols;	Il n'y en a pas une qui ne vous ait t en 'abillant, toutz les pouillés que la odestie peut souffrir dans la bouche d'une imme, et qui n'ait dit plus de cent foïs Bre que cet Auteur est fous;
Mais vous n’eſtes pas Homme à prendre garde à cela.	Mais vous n'êtes pas Homme à prendre garde à cela.
CRISPIN Et ſur tout, ne parlés point de ces Meſſieurs les Medecins, car cela porte mal’heur.	CRISPIN Et sur tout, ne parlès point de ces Messieurs les Médecins, car cela porte malheur.
DAMON.	DAMON.
Ah, je n’ay garde de choquer cette docte compagnie puis qu’ils m’ont promis d’ordon ner un Remede à contre temps a un de mes parens qui le ſera quitter la jouiſſance de ſon bien, dont je ſuis l'unque nencier.	Ah, je n'ai garde de choquer cette docte compagnie puis qu'ils m'ont promis d'ordon ner un Remede à contre temps à un de mes parents qui le sera quitter la jouissance de son bien, dont je suis l'unque nencier.
CRISPIN.	CRISPIN.
C’eſt donc ſans doute, de Meſſieurs les Procureurs dont vous voulés découvrir les artifices pour attraper l’argent de leurs Cleants.	C'est donc sans doute, de Messieurs les Procureurs dont vous voulez découvrir les artifices pour attraper l'argent de leurs Cléants.
DAMON.	DAMON.
Non, bien loin de cela, ils me font pitié.	Non, bien loin de cela, ils me font pitié.
car la plus-parts des Meſſieurs de ce corps ſont à preſent ſans pratique, depuis que la Troupe de l’Hotel de Bourgougne les a repreſentés ſous le nom de Grapinian & qu’il a découvert au Public la maniere dont ils uſent pour s’enrichir ;	car la pluparts des Messieurs de ce corps sont à présent sans pratique, depuis que la Troupe de l'Hotel de Bourgougne les a représentés sous le nom de Grapinian et qu'il a découvert au Public la manière dont ils usent pour s'enrichir ;
aux dépens des pauvres Pledeurs.	aux dépens des pauvres Pledeurs.
CRISPIN Pour moy qui n’ay rien encor entendu de cette Piece, je m’aprête a voir des merveilles dans cette Repetition.	CRISPIN Pour moi qui n'ai rien encor entendu de cette Pièce, je m'apprête à voir des merveilles dans cette Répétition.
C’eſt ſans doute quel que Suj et de nouvel invention.	C'est sans doute quel que Suj et de nouvel invention.
DAMON Fy, ne me parlés point de ces Sujets d’invention, j'appelle ces Monſtres modernes avortons d’une imagination bornẽe, & j’abãdonne ces projets infructeux & ces fades reſveries à ces Genies rampans, que l’Ingnorãce rend incapables des larcins glorieux que font les Doctes chez les Grecs & chez les Latins, & qui ne ſçavent pas mettre les Plaiſãteries de l’Antiquité en œuvre.	DAMON Fy, ne me parlés point de ces Sujets d'invention, j'appelle ces Monstres modernes avortons d'une imagination bornée, et j'abandonne ces projets infructeux et ces fades rêveries à ces Génies rampants, que l'Ingnorance rend incapables des larcins glorieux que font les Doctes chez les Grecs et chez les Latins, et qui ne sauvent pas mettre les Plaisãteries de l'Antiquité en œuvre.
J’ay tiré l'idée de cette Piece de Moſte llaria de Plaute, que luy-même, à ce que l’on tient, avoir tirée du Phaſma de Menandre.	J'ai tiré l'idée de cette Pièce de Môte laria de Plaute, que lui-même, à ce que l'on tient, avoir tirée du Phâma de Ménandre.
CRISPIN à part Voila bien des mots où je ne comprẽs rien;	CRISPIN à part Voilà bien des mots où je ne comprends rien;
mais pour mon honneur je n’en veux riem faire paroître.	mais pour mon honneur je n'en veux riem faire paraître.
Le Sujet eſt ſans doute plaiſant?	Le Sujet est sans doute plaisant?
& vous n’aurez pas manqué de l’aſſaiſonner de ces traits fréquens de Satyre délicate qui font l’agrémẽt des Pieces du temps?	et vous n'aurez pas manqué de l'assaisonner de ces traits fréquents de Satire délicate qui font l'agrémẽt des Pièces du temps?
DAMON.	DAMON.
Pour le Sujet, il eſt plaiſant;	Pour le Sujet, il est plaisant;
mais pour l'aſſaiſonnement dont vous me parlez, je vous avouë qu’il n’eſt point du tout de mon gouſt, & je ne trouve rien de ſi mal-honnête que ces Satires indiſcretes & piquâtes qu’on met fur le Theatre contrè le Prochain.	mais pour l'assaisonnement dont vous me parlez, je vous avoue qu'il n'est point du tout de mon goût, et je ne trouve rien de si malhonnête que ces Satires indiscrètes et piquâtes qu'on met fur le Théâtre contrètes le Prochain.
Je m’étonne.	Je m'étonne.
LE DECORATEUR.	LE DÉCORATEUR.
Meſſieurs, tout le monde eſt prêt, & dés que vous aurez fait ſilence, on commencera.	Messieurs, tout le monde est prêt, et dès que vous aurez fait silence, on commencera.
DAMON.	DAMON.
Et moy, je m’en vay pres d’eux pour leur faire obſerver leurs Entrées & leurs Sorties?	Et moi, je m'en vais pres d'eux pour leur faire observer leurs Entrées et leurs Sorties?
Mais afin que tout ſe faſſe en ordre, que Meſſieurs vos Violons joüent l’Air que l’on a fait pour l’ouverture du Theatre.	Mais afin que tout se fasse en ordre, que Messieurs vos Violons joüent l'Air que l'on a fait pour l'ouverture du Théâtre.
12 SLLECCVEM SANS CONDUITE.	12 SLECCUEM SANS CONDUITE.
CURADSA.	CURADSA.
TICIDE	TICIDE
SCENE PREMIERE, GERONTE, CRISPIN, GERONTE.	SCÈNE PREMIÈRE, GÉRONTE, CRISPIN, GÉRONTE.
ſertant.	sertant.
dun Legis qu’il regarde aves étonnement.	dun Légis qu'il regarde aves étonnement.
UEL deſordte!	OÙEL désordte!
CRISPIN le ſuivant avec un Tabelier & un Marteau.	CRISPIN le suivant avec un Tabelier et un Marteau.
CRISTIN.	CRYSTIN.
Ah, ah, ſi vous ſçavies pourquoy cela ſe faite.	Ah, ah, si vous saviez pourquoi cela se faite.
GERONTE.	GÉRONTE.
Que font tous ces Pendarts dans ce grãd Cabinet Dont l'un le Verre en main marmote un Air bizare L’autre en mâchãt de haut, accorde une Guitarre L’un la Bouteille aupoing, ainſi qu’au Cabaret, Sur les pas d’une Entrée exerce ſon jaret, (carte.	Que font tous ces Pendards dans ce grand Cabinet Dont l'un le Verre en main marmotte un Air bizare L'autre en mâchant de haut, accorde une Guitre L'un la Bouteille aupoin, ainsi qu'au Cabaret, Sur les pas d'une Entrée exerce son jaret, (carte.
L’autre en ſifflant, barboüille au coin dont on s’éDes barbes & des yeux à des Spectres de carte;	L'autre en sifflant, barbouille au coin dont on s'éDes barbes et des yeux à des Spectres de carte;
L’un en dépit du bruit, aſſis ſur un couſſin, Fait ſous ces doigts crochus gemir un Claveſin;	L'un en dépit du bruit, assis sur un coussin, Fait sous ces doigts crochus gémir un Clavesin;
Et l’autre qui des yeux & de la voix l’exite, Et batant la meſure, écume une Marmite.	Et l'autre qui des yeux et de la voix l'exite, Et bâtant la mesure, écume une Marmite.
Que veut dire cecy:	Que veut dire ceci:
Parle, Maraut, dy-moi, que fõt-ils là dédans Depuis qu’ant?	Parle, Maraut, dis-moi, que fût-ils là dédans Depuis qu'ant?
& pourquoy A-t-on abandonné ce Logis au pillage?	et pourquoi A-t-on abandonné ce Logis au pillage?
Toy méme, que fais-tu dans un tel équipage?	Toi -même, que fais-tu dans un tel équipage?
Pourquoy ce Tabelier, ce Marteaux, ce Bonnet CRISPIN Oh, oh, ſi vous ſçaviés pourquoy cela ce fait.	Pourquoi ce Tabelier, ce Marteaux, ce Bonnet CRISPIN Oh, oh, si vous savez pourquoi cela ce fait.
GERONTE	GÉRONTE
GERONTE Tu peux l'en aplaudir.	GÉRONTE -THu peux l'en applaudir.
Je te romperay le cou.	Je te romperai le cou.
CRISPIN.	CRISPIN.
CRISPIN.	CRISPIN.
con, je prétens vous voir y rire comme un Foue là le Diable & les Dieux devenus camarades, S lont du Ciel aux Enfers de fréqueutes Caſcades;	con, je prétends vous voir y rire comme un Foue là le Diable et les Dieux devenus camarades, S ont du Ciel aux Enfers de fréqueutes Cascades;
le Theatre s’y voit changé de vingt façons;	le Théâtre s'y voit changé de vingt façons;
les Champs Eliſiens, les Spectres, les Démons, Palnure, Minos, le brave Fils d’Anchiſe Qui Pleure comme un Veau courant apres Eliſe, l’Antre de la Sibille, & Cerbere enchaîné:	les Champs Élisiens, les Spectres, les Démons, Palnure, Minos, le brave Fils d'Anchise Qui Pleure comme un Veau courant après Élise, l'Antre de la Sibille, et Cerbère enchaîné:
Cela vous vaudra mieux qu'un quintal de Sené?	Cela vous vaudra mieux qu'un quintal de Séné?
Car enfin on n’y voit rien de mélancolique, On y rit en cadence, on y pleure en muſique;	Car enfin on n'y voit rien de mélancolique, On y rit en cadence, on y pleure en musique;
Et vous pourez enfin y voir à tous momens Abiſmer quelque Diable au ſon des Inſtrumens Pour ceux dont vous parlez,ce ſont les Sĩphoniſtes ves reintres, les Dancems, & les soulmachiniſtes	Et vous pourrez enfin y voir à tous moments Abismer quelque Diable au son des Instruments Pour ceux dont vous parlez,ce sont les Sĩphonistes vez intres, les Dancem, et les soulmachinistes
Le dit-on?	Le dit-on?
CRISPIN C'eſt mon Maiſtre, il a tout inventé;	CRISPIN C'est mon Maître, il a tout inventé;
C'eſt de tout ce qu'on fait le ſouverain Arbitre?	C'est de tout ce qu'on fait le souverain Arbitre?
Malepeſte il eſt Grec, Monſieur, ſur ce Chapitre Pour ſçavoir ce grand Art qui ne luy ſert de rien, Mon Maiſtre a dépenſé lé plus beau de ſon bien:	Malepeste il est Grec, Monsieur, sur ce Chapitre Pour savoir ce grand Art qui ne te sert de rien, Mon Maître a dépensé lé plus beau de son bien:
Mais il a des c lartez qu'aucun ne luy diſpute;	Mais il a des ç lartés qu'aucun ne lui dispute;
L’Eſprit n’invente rien, que le ſien n'execute;	L'Esprit n'invente rien, que le sien n'exécute;
Et ſes doigts qui n'ont pris que de loctes leçons, Font juſqu'à des Sifflets de trente-deux façons.	Et ses doigts qui n'ont pris que de loctes leçons, Font jusqu'à des Sifflets de trente-deux façons.
Ie Logis eſt tout plein de ce qu’il imagine;	Je Logis est tout plein de ce qu'il imagine;
Juſqu'à boire & manger, tout s’y fait en machine?	Jusqu'à boire et manger, tout s'y fait en machine?
La Porte du Logis.	La Porte du Logis.
vous la voyez, GERONTE, Fort bien	vous la voyez, GÉRONTE, Fort bien
CRISPIN.	CRISPIN.
Elle s'ouvre en machine, & ſi cela.	Elle s'ouvre en machine, et si cela.
n'eſt rien.	n'est rien.
Mon Maiſtre va morb!	Mon Maître va morb!
eu, pour peu que l'õ l'en pric Changer en un clin-d’œil la maiſou en Prairie, Et d’un coup de Sifflet, i’il l'avoit entrepris	eu, pour peu que l'avait l'en pric Changer en un clin-d'œil la maisou en Prairie, Et d'un coup de Sifflet, j'il l'avait entrepris
Hauſſer de trente pieds les gros murs du Logis.	Hausser de trente pieds les gros murs du Logis.
SERONTE *C QG Eh d’où luy peut venir une telle chimere?	SERONTE *C QG Eh d'où tu peut venir une telle chimère?
10 Luy chérir un tel Art?	10 Lui chérir un tel Art?
Luy, Criſpin, Fils d’un Pere die Amoureux du trafic qu’il avoit toûjours fait, Sans avoir jamais veu Machine, ny Balet, Qui ſans ceſſe au travail n’alla voir de ſa vie Specacre, Dailce, veuxy Pancos, ay Combule;	Lui, Crispin, Fils d'un Père die Amoureux du trafic qu'il avait toujours fait, Sans avoir jamais vu Machine, ni Ballet, Qui sans cesse au travail n'alla voir de sa vie Specacre, Dailce, veuxi Pancos, ai Combule;
Pretend-il que toûjours de tels enteſtemens.	Prétend-il que toujours de tels entêtements.
IAHUUCRISPIN,MAMIEN 1113V Oh non, je ne croy pas qu’il en ait pour long-temps	JAHUCRISPIN,MAMIEN 113U Oh non, je ne crois pas qu'il en ait pour longtemps
GERONTE.	GÉRONTE.
Le prodigue!	Le prodigue!
Eſt-ce ainſi que mon Neveu profite Des ſoins que prit mon Frere à regler ſa conduite Eſt-ce donc là le fruit de ceux qu’il prit toûjours Pour enrichir un Fils au péril de ſes jours?	Est-ce ainsi que mon Neveu profite Des soins que prit mon Frère à régler sa conduite Est-ce donc là le fruit de ceux qu'il prit toujours Pour enrichir un Fils au péril de ses jours?
Le voyage qu’il fait, de ſa ſanté prodigue, Dont la ſoif de l’argent luy cacha la fatigue;	Le voyage qu'il fait, de sa santé prodigue, Dont la soif de l'argent était cacha la fatigue;
Cet amour d’un trafic pratiqué ſi ſouvent, Qui l’a depuis trois ans fait voguer au Levant, Dans un âge où la mort peut tromper ſon attente, N'a-t-il rien qui le touche ou rien qui l’épouvente Mais quand panſon retour il ſera detrompé, Que dira-t-il de voir tout ſon bien diſſipé Par un Fils de qui l’ame au plaiſir a charnée Abſorbe en quatre jours la rente d’une année?	Cet amour d'un trafic pratiqué si souvent, Qui l'a depuis trois ans fait voguer au Levant, Dans un âge où la mort peut tromper son attente, N'a-t-il rien qui le touche ou rien qui l'épouvante Mais quand panson retour il sera détrompé, Que dira-t-il de voir tout son bien dissipé Par un Fils de qui l'âme au plaisir a charnée Absorbe en quatre jours la rente d'une année?
De quel œil verra-t-il ce Prodigue enteſté D'uu Artou la uebauene ce ramour l'ont porté, Poſſedant pour tout fruit du bien qu’il luy deſtine, Des Lettres du Grãd Sceau de Docteur en Machine CRISTIN.	De quel œil verra-t-il ce Prodigue entêté D'u Artou la uebauene ce ramour l'ont porté, Possédant pour tout fruit du bien qu'il lui destine, Des Lettres du Grand Sceau de Docteur en Machine CRYSTIN.
C21 vrion Pere revient il nous trompera fort,	C21 vrion Père revient il nous trompera fort,
Pourquoy?	Pourquoi?
GERONTE ChrorIv Pour parler franc, Monſieur, on Ie croit mor On n’a depuis trois ans point eu de ſes nouvelles Et ſans doute.	GÉRONTE ChrorIv Pour parler franc, Monsieur, on Ie croit mór On n'a depuis trois ans point eu de ses nouvelles Et sans doute.
GERONIE.	GERONIE.
Ah!	Ah!
ce mot rend mes douleurs mortelles;	ce mot rend mes douleurs mortelles;
pour le malheur du Fils, le Pere aura péry, Mais ie le verray gueux, ſans en eſtre attendry.	pour le malheur du Fils, le Père aura péri, Mais ie le verrai gueux, sans en était attendri.
Puis qu’il fait de ſon bien un ſi mauvais uſage, Dis-luy que ie renonce à Ié voir davantage;	Puis qu'il fait de son bien un si mauvais usage, Dis-lui que personne renonce à Jé voir davantage;
Que jamais de mon bien il n’attende un denier;	Que jamais de mon bien il n'attende un denier;
Que ie fais ſon Couſin mon unique heritier?	Que un fais son Cousin mon unique héritier?
Et que pour ne pas voir des malheurs que ie pleure A ma Maiſon des Champs ie retourne ſur l'heure.	Et que pour ne pas voir des malheurs que ici pleure À ma Maison des Champs était retourne sur l'heure.
SCENE II.	SCÈNE II.
CRISPIN ſoul,	CRISPIN soul,
E n'a pas tout le tort.	E n'a pas tout le tort.
Depuis un an au plus, Mon Maiſtre a dépenſé plus de vingt mille écus;	Depuis un an au plus, Mon Maître a dépensé plus de vingt mille écus;
Il a mis ſans façon, pout faire ſes largeſſes, 2 Et beaux Meubles en gage, & Coffres-forts en pie- Le tout pour régaler la galante Laïs.	Il a mis sans façon, pout faire ses largesses, 2 Et beaux Meubles en gage, et Coffres-forts en pie- Le tout pour régaler la galante Lais.
Juſtine, Polemon;	Justine, Polémon;
Lueinde, Alcidamis, (ces;	Lueinde, Alcidamis, (ces;
A Le Baron Dargentbref, Polexandre Lucrece, Et d’autres Débauchez preſque de meſme eſpece.	À Le Baron Dargentbref, Polexandre Lucre, Et d'autres Débauchés presque de même espèce.
Mais dépeſchons d’aller où mon Maiſtre m'a dit Il vient, & le Baron Dargentbref qui le ſuit.	Mais dépêchons d'aller où mon Maître m'a dit Il vient, et le Baron Dargentbref qui le suit.
{	
«a ſimaxalnar s.	«a simaxalnar s.
20110 11 SCENSE TI DAMON, DARGENTBREE· DAMON .	20110 11 SCENSE TY DAMON, DARGENTBRE DAMON .
LE mocques-tu de moy?	LE moques-tu de moi?
DARGENTBREF.	DARGENTBREF.
Veux-tu que ie te die?	Veux-tu que Seigneur te die?
J'admire ton adreſſe, & ie plains ta folie.	J'admire ton adresse, et Seigneur plains ta folie.
Quoy, toûiours à la bouche Obtique, Ailes, Chaſſis Cintre, Vols, Contrepoids, Couliſſes, Chars, Habits;	Quoi, toujours à la bouche Obtique, Ailes, Chassis Cintre, Vols, Contrepoids, Coulisses, Chars, Habits;
Rens à te divertir tes pernes plus utiles, Et choiſis à tes ſens des plaiſirs plus tranquilles DAMOM, Oüaye,	Rends à te divertir tes pernes plus utiles, Et choisis à tes sens des plaisirs plus tranquilles DAMOM, Oüaye,
D'ARGENTEREE.	D'ARGENTERÉE.
Outre I'embarras qui pour toy me fait peur Ce fracas entre nous ſent trop ſon grand Seigneur, Cela fied bien à ceux dont la magnificence Meſure leurs plaiſirs par la grande dépenſe, Qui nez dedans un rang à tout ſacrifierA des plaiſirs que l'Art peut diverſifier, Peuvent avec éclat toûiours ſe ſatisfaire,  211 Et donner à leurs fens tout ce qui peut leut plaire.	Outre J'embarras qui pour toi me fait peur Ce frac entre nous sent trop son grand Seigneur, Cela sied bien à ceux dont la magnificence Mesure leurs plaisirs par la grande dépense, Qui nez dedans un rang à tout sacrifier des plaisirs que l'Art peut diversifier, Peuvent avec éclat toujours se satisfaire, 211 Et donner à leurs sens tout ce qui peut lut plaire.
Mais un Hõme, entre nous, bercé ſur un Contoir Ne doit pas ſe regler ſur tout ce qu’il peur voir:	Mais un Homme, entre nous, bercé sur un Contoir Ne doit pas se régler sur tout ce qu'il peur voir:
T'y vouloir obſtiner, c’eſt croyant qu’on t’admire, Juſqu’au bout de la plume affronter la Satire.	T'y vouloir obstiner, c'est croyant qu'on t'admire, Jusqu'au bout de la plume affronter la Satire.
Croy-moi, pour voir tes ſoîs ſuivis de tãt de frais na roleve a cospe tes ales de troppres, Et les Giands dont l'exemple a broüillé ta cervelle Pour le Fils d’un Marchand ne ſont pas un modelle	Crois-moi, pour voir tes soîts suivis de tant de frais na roleve a côpe tes ales de troppres, Et les Giands dont l'exemple a brillé ta cervelle Pour le Fils d'un Marchand ne sont pas un modèle
DAMON.	DAMON.
Oh, ohi vous raiſõnés pa bleu comme un Docteur, Nôtre Amy;	Oh, ohi vous raisonnez pour bleu comme un Docteur, Notre Ami;
Je ſçavois que vôtre ſombre humeur, Le Cornet à la main ſans briguer d’autres Plunes, Sur la Chance entrois iours autoit faît ſix Volumes Que chaque Paroly fait au premier venu, D'un fier Sept & le Va ſe trouvoit ſoutenu?	Je savais que votre sombre humeur, Le Cornet à la main sans briguer d'autres Plunes, Sur la Chance entrais jours autait faît six Volumes Que chaque Paroli fait au premier venu, D'un fier Sept et le Va se trouvoit soutenu;
Qu'armé de ces deux mots qui font vôtre reſource, Vous portiés la terreur iuſqu’au fond d’une Bource;	Qu'armé de ces deux mots qui font votre ressource, Vous portiez la terreur jusqu'au fond d'une Bource;
Et que muny d'un Dez ſouvent eſcamoté:	Et que muni d'un Dez souvent escamoté:
Vos doigts couloient à fond latgent le mieux Iété, Je ſçavoîs bien encor que lors que quelque perte Rendoit le talen nul;	Vos doigts coulaient à fond latgent le mieux Iété, Je sçavoîs bien encor que lors que quelque perte Rendait le talen nul;
& la Bource deſerte, Vôtre eſprit inventif ſçavoit ſans s'etonner.	et la Bource déserte, Votre esprit inventif Havait sans s'étonner.
Hypotequant l'argent d’une Dupe à berner, Et le talen ſubtil qu'ont vos doigts en partage, Mettre chez vos Amis votie eſperance en gage, Divulguer fans façon ce qui ſe doit cacher.	Hypotequant l'argent d'une Dupe à berner, Et le talen subtil qu'ont vos doigts en partage, Mettre chez vos Amis votie espérance en gage, Divulguer fans façon ce qui se doit cacher.
Mais ie ne ſçavois pas que vous ſçeuſſiés prêcher.	Mais ici ne savais pas que vous savez prêcher.
Mais.	Mais.
DARGENTBREE DAMON Voſtre bel eſprit brillant par intervale;	DARGENTBRE DAMON Votre bel esprit brillant par intervalale;
Pres de moy vainement fait dépenſe en MoraleSi je perdois au jeu mon argent & mes ſoins, Vous m’en aimeriez mieux, je m’en aimerois moins Et n’eſtant ſcrupuleux que de bonne maniere, Vous pouriez ſans façon.	Pres de moi vainement fait dépense en MoraleSi je perdais au jeu mon argent et mes soins, Vous m'en aimeriez mieux, je m'en aimerais moins Et n'étant scrupuleux que de bonne manière, Vous pourriez sans façon.
DARGENTBREF Laiſſons cette matiere	DARGENTBREF Laissons cette matière
DAMON Vois-je pas.	DAMON Vois-je pas.
Non.	Non.
Siffait.	Siffait.
,	,
DARGENTBRET Qui te rend tranſporté	DARGENTBRET Qui te rend transporté
DAMON Je croyois voir la-bas mon Caroſſe arreſté.	DAMON Je croyais voir la-bas mon Carosse arrêté.
Nos Dames ont voulu pour dancer leurs Entrées.	Nos Dames ont voulu pour dancer leurs Entrées.
De crainte d’embarras, ne venir qu’habillées:	De crainte d'embarras, ne venir qu'habillées:
ſe leur viens d’envoyer mon Caroſſe, & j’ay crû Les voir venir, Dis-moy je te prie, as-tu vû Les Habits ſinguliers que je leur ay fait faire?	se leur viens d'envoyer mon Carposse, et j'ai cru Les voir venir, Dis-moi je te prie, as-tu vu Les Habits singuliers que je leur ai fait faire?
DARGENTBREF Tout eſt nou veau pour moy?	DARGENTBREF Tout est nou veau pour moi?
mais ẽfin pour teplai Ils doivent.	mais ienfin pour teplai Ils doivent.
re,	re,
DAMON.	DAMON.
Tu verras s’ils ſont imaginez.	Tu verras s'ils sont imaginés.
Moy-meſme par plaiſir je les ay deſſignen;	Moi-même par plaisir je les ai dessignen;
Sans vanité ce ſont.	Sans vanité ce sont.
Je veux t’en faire Arbitre, Toj querȩuis farfomer juite lur ce Chapitre:	Je veux t'en faire Arbitre, Toj querȩuis farfomer juite lur ce Chapitre:
Et ſi tu ne me dis, lors que tu les verras, Qu’ils ſont divins, morbleu tu ne t’y connois pas.	Et si tu ne me dis, lors que tu les verras, Qu'ils sont divins, morbleu tu ne t'y connais pas.
DARGENTBREE.	DARGENTBRE.
Je ne m’y connois pas, ſi je ne les aprouve?	Je ne m'y connais pas, si je ne les approuve?
DAMON Non, morbleu je ſoûtiens qu’un Homme.	DAMON Non, morbleu je soutiens qu'un Homme.
DARGENTBREF.	DARGENTBREF.
Je te trouve.	Je te trouve.
DAMON.	DAMON.
Mais outre les.	Mais outre les.
Habits, ce qu’il faut admiter, C'eſt l’Entrée où je veux qu’on les vienne adorers je Tu n’as jamais rien veu de galant, Dieu me damne Oi Jamais comme Laïs habillée en Diane.	Habits, ce qu'il faut admiter, C'est l'Entrée où je veux qu'on les vienne adorers je Tu n'as jamais rien vu de galant, Dieu me damne Oi Jamais comme Laïs habillée en Diane.
Elle ſort en dançant d’un air déliberé, Du fonds d’un petit Bois à Venus conſacré.	Elle sort en dançant d'un air délibéré, Du fonds d'un petit Bois à Venus consacré.
Six Beautez en habits de Chaſſeuſes comme elle, sa La ſuivent en dançant, luy marquent leur zele;	Six Beautés en habits de Chasseuses comme elle, sa La suivent en dançant, notre marquent leur zèle;
Du ſon d’un Air divin leurs pas ſont animés, Et l’oreille & les yeux égalément charmés, On les voit ſe meſler d’un air galant & rare.	Du son d'un Air divin leurs pas sont animés, Et l'oreille et les yeux égalément charmés, On les voit se mêler d'un air galant et rare.
Dans le moment qui ſuit, ce nombre ſe ſepare;	Dans le moment qui suit, ce nombre se sépare;
Un ſignal concerté que l’on ne prévoit pas, Fait ceſſer tout-à-coup-le concert & les pas?	Un signal concerté que l'on ne prévoit pas, Fait cesser tout-à-couple concert et les pas?
Puis Diane au milieu profitant du ſilence, La Meſſe un air qu’elle chante entre chaque cadence;	Puis Diane au milieu profitant du silence, La Messe un air qu'elle chante entre chaque cadence;
D Et l’air firy, le ſon de tous les inſtrumens I Donne à des pas nouveaux de nouveaux agrémeut Eh dis-moy, penſe-ru qu’une telle dépenſe.	 Droit l'air siri, le son de tous les instruments I Donne à des pas nouveaux de nouveaux agrémeut Eh dis-moi, pense-ru qu'une telle dépense.
DARGENTBREF Cela ſera galant.	DARGENTBREF Cela sera galant.
BAMON Galant?	BAMON Galant?
Oüy je le penſe.	Oui je le pense.
Mais je voy mon caroſſe, & nos Belle dedans Voyons.	Mais je vois mon carosse, et nos Belle dedans Voyons.
DARGENTEREE Je ne croy pas qu’il ne perde le ſens.	DARGENTERE Je ne crois pas qu'il ne perde le sens.
Sur tout ce qu’il invente il veut que l’on le louë:	Sur tout ce qu'il invente il veut que l'on le loue:
Elles ſont à charmer, il faut que je l’avouë.	Elles sont à charmer, il faut que je l'avoue.
SCENE.	SCÈNE.
IV LAYS en Diane, DARGENTBREE, AMINTE, LUCRECE, DAMON, JUSTINE, LUCINDE, en Chaſſeuſes, LAYS à Damon V ous voyezss.	IV LAIS en Diane, DARGENTBRE, AMINTE, LUCRECE, DAMON, JUSTINE, LUCINDE, en Chasseuses, LAIS à Damon V os voyezss.
Je ne ſçay quel ſuccés peut avoir Mais quoy que j’imagine, & quoy qu’on ſe propoſe Que queique obitacle en dort mncerrompre le cours Oiïy, quelque peu de lieu que ma raiſon y voye,	Je ne sais quel succès peut avoir Mais quoi que j'imagine, et quoi qu'on se propose Que que obitacle en dort ménerrompre le cours Oiïy, quelque peu de lieu que ma raison y voie,
DARGENTBREF Que l’Amour qui ſuit par tout vos pas Donne ſous ces habits de force à vos appas!	DARGENTBREF Que l'Amour qui suit par tout vos pas Donne sous ces habits de force à vos appas!
On voit bien que la main d’un ſçavant Oeconome, DAMON.	On voit bien que la main d'un Savant Oeconome, DAMON.
Il s’y cõnoiſt, morbleu mieux qu’Hõme du RoyauLAYS (meSans nous embarraſſer du ſoin d’un compliment, Laiſſons-fa nos appas, & loll diccinementy Sçachons ſi tout eſt preſt, & sil faut qu’on demeure	Il s'y cõnoist, morbleu mieux qu'Homme du RoyauLAYS (meSans nous embarrasser du soin d'un compliment, Laissons-fa nos appas, et loll diccinementi Sachons si tout est prêt, et sil faut qu'on demeure
DAMON Tout eſt preſt, & l'on peut cõmencer dans uneheure	DAMON Tout est prêt, et l'on peut commencer dans uneheure
LAIS.	LAIS.
Je ne ſçay quel ſuccés peut avoir ce plaiſir, Mais je me ſens d’humeur à me bien d’ivertir;	Je ne sais quel succès peut avoir ce plaisir, Mais je me sens d'humeur à me bien d'ivertir;
De joye à cer objet je me ſens l’ame pleine;	De joie à cer objet je me sens l'âme pleine;
De dancer en marchant je ne m’abſtiens qu’à peine L’Air que iie dois chanter, me ſemble ſi galant, Que ie ne ſçay comment ie ne dançe en parlant;	De dancer en marchant je ne m'abstiens qu'à peine L'AY que jie dois chanter, me semble si galant, Que tu ne sais comment mieux ne dançe en parlant;
Et j’ay l’eſprit ſi plein de ce que j’imagine, Que je croy voir en l’air toûjours quelque Machine Tu reſves.	Et j'ai l'esprit si plein de ce que j'imagine, Que je crois voir en l'air toujours quelque Machine Tu rêves.
LECRECE	LECRECE
AMINTE, Il eſt vray que toûjouis ſur quoy que l'on s’afſure;	AMINTE, Il est vrai que toujours sur sur quoique l'on s'afsure;
Ton cha grin d’eſprit fort eſt de mauvais augures Et ton cœur que la joye auroit dequoy tenter, Avant qu'e d’en ioüir, cherche à s’en rebutes Il n’eſt point de projet de qui ta prévoyance N’empoiſonne toûjours le plaiſir par avance;	Ton cha grin d'esprit fort est de mauvais augures Et ton cœur que la joie aurait dequoy tenter, Avant qu'en j'en jouir, cherche à s'en rebutes Il n'est point de projet de qui ta prévoyance N'empoisonne toujours le plaisir par avance;
Et ton cœur qui n’en a que ton chagrin pour fruit, Encenſe à tous momens les Monſtres qu’il produit.	Et ton cœur qui n'en a que ton chagrin pour fruit, Encense à tous moments les Monstres qu'il produit.
Au millieu des plaiſirs où ton penchant te livre, Tu te fais un Roman de ce qui les peut ſuivre;	Au millieu des plaisirs où ton penchant te livre, Tu te fais un Roman de ce qui les peut suivre;
Et tu crois que toûjours la joye où l’on s’attend, Eſt un piege ſecret que le plaiſir nous tend.	Et tu crois que toujours la joie où l'on s'attend, Est un piège secret que le plaisir nous tend.
Quoy, ſur tous les plaiſirs dont nôtre ame eſt émuë Faut-il toûjours paſſer le furur en reveuë, Meſler toûjours de fiel ce qu’il a de douceur, Se livrer au plaiſir dans les bras de la peur, Et vouloir ſe piquer avec tant de jeunneſſe De la ſotte vertu des ſept Sages de Grece?	Quoi, sur tous les plaisirs dont notre âme est émue Faut-il toujours passer le fur en reçue, Mêler toujours de fiel ce qu'il a de douceur, Se livrer au plaisir dans les bras de la peur, Et vouloir se piquer avec tant de jeunesse De la sotte vertu des sept Sages de Grèce?
Pour moï, quoy que toûjours prête à me divertir, Je crois avoir des yeux, & crois m’en bien ſervir;	Pour moï, quoi que toujours prête à me divertir, Je crois avoir des yeux, et crois m'en bien servir;
Mais à les employer, quelque lieu que je voye, Je les ferme au chagrin, & les ouvre à la joyes Je prens, ſans balancer, ſut ce qui te retient, Le plaiſir tel qu’il s’offre, & le temps cõme il vient Coutente da prerens plarce qui me concaune;	Mais à les employer, quelque lieu que je voie, Je les ferme au chagrin, et les ouvre à la joies Je prends, sans balancer, sut ce qui te retient, Le plaisir tel qu'il s'offre, et le temps commme il vient Coutente da prérents plarce qui me concaune;
Je ne veux point paſſer pour Sibille moderne, Je me fais du preſent un remede au futur, Et j’ay toûjours trouvé ce party le plus ſûr.	Je ne veux point passer pour Sibille moderne, Je me fais du présent un remède au futur, Et j'ai toujours trouvé ce parti le plus suir.
LuSTINE.	LuSTINE.
Sì j'oſe icy meſler vos ſentimens aux nôtres, Je croy que ce chagrin ſert de pretexre à d’autres;	 S'ose ici mêler vos sentiments aux nôtres, Je crois que ce chagrin sert de prétexte à d'autres;
Et ſon Amant abſent.	Et son Amant absent.
LUCINDE.	LUCINDE.
Cela peut-être ainſy.	Cela peut-être ainsi.
Mais emploions le temps que nous perdons icy;	Mais employons le temps que nous perdons ici;
’Attendans qu’au Logis les Conviez ſe vendent, Allons faire hâter vos Gens qui nous attendent, Allons voir s’il ont eu ſoin de ſe traveſtir, Et ne ſongeons à rien qu’à nous bien divertir,	Çà Attendans qu'au Logis les Conviés se vendent, Allons faire hâter vos Gens qui nous attendent, Allons voir s'il ont eu soin de se travestir, Et ne songeons à rien qu'à nous bien divertir,
SCENE V.	SCÈNE V.
LAYS, DARGENTBREF, AMINTE, DAMON, 1104 LUCRECE, CRISPIN, JUSTINE, LUCINDE, Eltiorrra H Monſieur.	LAIS, DARGENTBREF, AMINTE, DAMON, 1104 LUCRECE, CRISPIN, JUSTINE, LUCINDE, Eltiorrra H Monsieur.
DAMON.	DAMON.
Quej* ERRIIN Monſieur.	Quej* ERIIN Monsieur.
DAMON.	DAMON.
Quel accident t’afflige?	Quel accident t'afflige?
Tout eſt perdu.	Tout est perdu.
chrpras Comment?	chras Comment?
PDAMON.	PDAMON.
CRISPIN.	CRISPIN.
Tout eſt perdu vous dis-je s Nous pouvons vous & moi deſerter la Maiſon, Et nous allons chanter ſur un diable de ton.	Tout est perdu vous dis-je s Nous pouvons vous et moi déserter la Maison, Et nous allons chanter sur un diable de ton.
2	2
DAMON.	DAMON.
Quel eſt donc ce malheur?	Quel est donc ce malheur?
CRISPIN.	CRISPIN.
An je, me deſeſpere.	An je, me désespère.
Dis.	Dis.
DAMON.	DAMON.
CRISPIN Vôtre Pere vient d'arriver.	CRISPIN Votre Père vient d'arriver.
DAMON.	DAMON.
Qui?	Qui?
mon Pere?	mon Père?
CRISPIN.	CRISPIN.
Vôtre Pere, Monſieur.	Votre Père, Monsieur.
2	2
DAMON.	DAMON.
Et de qui Ias-tu ſçu?	Et de qui Jas-tu sçu?
LAYS.	LAIS.
Tu te moques de nous.	Tu te moques de nous.
CRISPIN Madame, je l'ay veu.	CRISPIN Madame, je l'ai vu.
AMINTE Pour troubler nos plaifirs, quelques Viſionairesoea	AMINTE Pour troubler nos plaisirs, quelques Visionairesoea
CRISPIN Je Tay veu vous dit-oi, ionges à vos aharrese	CRISPIN Je Tai vu vous dit-je, ionges à vos aharré
LDAMORT VATI VAN Quel contre-temps!	LDAMORT VATI VAN Quel contretemps!
ò Ciel!	§ Ciel!
luy que je croy mort.	Elle que je crois mort.
CRISPIN.	CRISPIN.
Tout aelheure ai reneau vient d’arriver au Port, Il eſt vénu dedans.	Tout aelheure ai reneau vient d'arriver au Port, Il est vénu dedans.
AMINIL.	AMINIL.
Cela n’eſt pas croyable.	Cela n'est pas croyable.
CRISPIN.	CRISPIN.
Il marche ſur mes pas, ou je me donne au Diable.	Il marche sur mes pas, ou je me donne au Diable.
Pour peu qu’à raiſonner vous ſoyés obſtinés, Je prétens vous le voir à quatre doigts du nez.	Pour peu qu'à raisonner vous soyez obstinez, Je prétends vous le voir à quatre doigts du nez.
Quel ſabat je prévoy, s’il faut qu’il s’aperçoive.	Quel sabat je prévois, s'il faut qu'il s'aperçoive.
AMINTE Nil nous dit vray, lortons ain qu'I le reçoive.	AMINTE Nil nous dit vrai, lortons ain qu'I le reçoive.
Attendés.	Attendez.
LUCRECE.	LUCRECE.
L'attendant, nous pourions par malheux Eſſuyer quelque cnay de la mauvaiſe humeur, Et ce ſeroit pour nous une choſe fâcheuſe.	L'attendant, nous pourrions par malheux Essuyer quelque cnai de la mauvaise humeur, Et ce serait pour nous une chose fâcheuse.
Un moment.	Un moment.
DAMONT	DAMONT
CRISPIN.	CRISPIN.
Quel ſurſaut pour la Bande joyeuſe;	Quel sursaut pour la Bande joyeuse;
DAMON.	DAMON.
Tu Ie vois ce retour me met au deſeſpoir:	Tu Je vois ce retour me met au désespoir:
Si mon malheur te touche, il faut le faire voir, Je ſuis perdu, ce coup rend ma douleur mortelle;	Si mon malheur te touche, il faut le faire voir, Je suis perdu, ce coup rend ma douleur mortelle;
Je connois dés long-temps ton adreſſe & ton zel e Si mon repos t’eſt cher, lous que tout me trahait Repare ce malheur par quelque trait d’eſprit, Au ſecours de ton Maître apelle l’artifice, Tant de fois au beſoin tu m’as rendu ſervice, Ton eſprit.	Je connais dès longtemps ton adresse et ton zel e Si mon repos t'est cher, lous que tout me trahait Répare ce malheur par quelque trait d'esprit, Au secours de ton Maître apelle l'artifice, Tant de fois au besoin tu m'as rendu service, Ton esprit.
CRISPIN.	CRISPIN.
Il eſt vray;	Il est vrai;
mais pour ce coup, Monſieur, Tout Ieiprit que j'avois, ſe convertit en peur.	mais pour ce coup, Monsieur, Tout Jeiprit que j'avais, se convertit en peur.
Invente, cherche.	Invente, cherche.
DAMON	DAMON
Attendez.	Attendez.
CRISPIN.	CRISPIN.
Trruin je m’y romprois la teſte.	Trruin je m'y romprais la tête.
Quoy?	Quoi?
Bafudivo	Bafudivo
CRISPIN.	CRISPIN.
Parbleu, la défaite eſt honneſte.	Parbleu, la défaite est honnête.
Bone Si.	Bone Si.
CRISPIN bas, LAMON VAS AMINTE Que dit-il?	CRISPIN bas, LAMON VAS AMINTE Que dit-il?
CRISPIN Ne perdons point de temps?	CRISPIN Ne perdons point de temps?
Vous le ſçaurés bientoſt, entrez tous là-dedans?	Vous le saurez bientôt, entrez tous là-dedans?
Dõnez blen l’ordre à tout, que pas-un ne ſe mõtre	Donnez blen l'ordre à tout, que pas-un ne se montre
Je crains.	Je crains.
LUCRECE	LUCRECE
CRISPIN Ne craignez rien, je vais à ſa rencontre	CRISPIN Ne craignez rien, je vais à sa rencontre
SCENE VI.	SCÈNE VI.
CRISPIN ſeul.	CRISPIN seul.
Ecy ſent le baſton terriblement;	Eci sent le bâton terriblement;
mais quoy, Mon Maiſtre court autãt de riſque cõme moy Hazardons le paquet, puis que cette défaite Nous peut donner le temps de faire Maiſon nette:	mais quoi, Mon Maître court autant de risque cõme moi Hasardons le paquet, puis que cette défaite Nous peut donner le temps de faire Maison nette:
Tâchons de découvrir s'ri n turoit rien appris Du deſordre où l’on ſçait que s’eſt plongé ſon Fils.	Tâchons de découvrir s'ri n urait rien appris Du désordre où l'on sait que s'est plongé son Fils.
Mais quoy, noſtre bon Hõme eſt longtẽps à ſe rẽdre Je le voy, cachons-nous un mõent pour l’entendre	Mais quoi, notre bon Homme est longtẽps à se rendre Je le vois, cachons-nous un mõent pour l'entendre
SCENE VII.	SCÈNE VII.
DAMON Pere, CRTSPIN cache.	DAMON Père, CRTSPIN cache.
DAMON Pere.	DAMON Père.
Nfin je puis encor, ſans redouter les flots.	Nfin je puis encor, sans redouter les flots.
TGoûter avec les miens la douceur du repos Et ſauvé des périls d’un pénible voyage, Voir mes biens & mes jours à couvert du naufrage Mon Vaiſſeau que le Ciel a conduit ſur ces bords, Me livte à mes Amis, enrichy des tréſors Que produit loin de nous une Terre étrangere.	TGoûter avec les miens la douceur du repos Et sauvé des périls d'un pénible voyage, Voir mes biens et mes jours à couvert du naufrage Mon Vaisseau que le Ciel a conduit sur ces bords, Me livte à mes Amis, enrichy des trésors Que produit loin de nous une Terre étrangère.
CRISPIN caché.	CRISPIN caché.
Tant-mienx, car au Logis il n’en trouvera guéres	Tant-mienx, car au Logis il n'en trouvera guère
DAMON Pere Que tous mes Gens auront, m’ayant tant attendu, De prainl à me volls	DAMON Père Que tous mes Gens auront, m'ayant tant attendu, De prainl à me volls
CRISPIN.	CRISPIN.
Oüy, de te voir pendu.	Oui, de te voir pendu.
DAMON Pere.	DAMON Père.
Mais voicy ma Maiſon, où le Ciel me renvoye;	Mais voici ma Maison, où le Ciel me renvoie;
La larme, à cet aſpect, me vient à l’œil de joye.	La larme, à cet aspect, me vient à l'œil de joie.
Que mon Fils de mes ſoins chérira le ſuccés!	Que mon Fils de mes soins chérira le succès!
CRISTIN.	CRYSTIN.
Oüy da, comme un Client la perte d’un Procés.	Oui da, comme un Client la perte d'un Procès.
DAMON.	DAMON.
Heurtons, je pers le tẽps quand il faut que je vole	Heurtons, je perds le temps quand il faut que je vole
CRISPIN.	CRISPIN.
Montrons-nous, & ſur tout joüons bien noſtre rôle Oh c’eſt luy.	Montrons-nous, et sur tout jouons bien notre rôle Oh c'est main.
Non.	Non.
DAMON Crispin.	DAMON Crispin.
CRISPIN C’eſt luy.	CRISPIN C'est lui.
Vous de retour, Mõ cher Maiſtre, Voicy pour lous ui leureux jour	Vous de retour, M cher Maistre, Voici pour lous leureux jour
Tu vois.	Tu vois.
DAMON.	DAMON.
CRISPIN Vous avez fait, comme ou voit, bon voyage.	CRISPIN Vous avez fait, comme ou voit, bon voyage.
DAMON.	DAMON.
Fort bon.	Fort bon.
DAMON.	DAMON.
CRISPIN.	CRISPIN.
qde vousuvez de lante pour voitre âge?	q vousvez de lante pour voitre âge?
DAMON.	DAMON.
Malgré ce que ſur Mer il m’a falu ſouffrir, Je me porte aſſez bien Heurte & me fais ouvrir	Malgré ce que sur Mer il m'a fallu souffrir, Je me porte assez bien Heurte et me fais ouvrir
Quoy?	Quoi?
CRISPIN DAMON La Porte.	CRISPIN DAMON La Porte.
CRISPIN	CRISPIN
Pourquoy?	Pourquoi?
DAMON CRISPIN Si l’on m’en voit aprocher de dix pas.	DAMON CRISPIN Si l'on m'en voit approcher de dix pas.
BAMON Mais pourquoy m’ẽpeſcher d’aprocher mon Logis,	BAMON Mais pourquoi m'ẽpescher d'approcher mon Logis,
CRISTIN Depuis prés de ſix mois il y vient des Eſprits.	CRYSTIN Depuis près de six mois il y vient des Esprits.
Maraut?	Maraut?
DAMON CRISPIN	DAMON CRISPIN
DAMON.	DAMON.
Si tu m’en fais prendre un, je te feray bien taire.	Si tu m'en fais prendre un, je te ferai bien taire.
Quels contes!	Quels contes!
des Eſpriés.	des Espriés.
CRISPIN.	CRISPIN.
Monſieur, qu’allés-vous faire?	Monsieur, qu'allés-vous faire?
DAMON Je la veux faire ouvrir.	DAMON Je la veux faire ouvrir.
CRISPIN.	CRISPIN.
Eh par qui Je vous dis?	Eh par qui Je vous dis?
Qu’ils ont faît deſerter juſqu’au Chat du Logis;	Qu'ils ont faît déserter jusqu'au Chat du Logis;
Que la Maiſon n’a plus que le Drabie pour Hôte;	Que la Maison n'a plus que le Drabie pour Hôte;
Que la peur & les coups.	Que la peur et les coups.
DAMON.	DAMON.
Oallurrre  CRISPIN.	Oallurrre CRISPIN.
Eſt-ce ma faute;	Est-ce ma faute;
Et mes Meubles t DAMON CRISPIN	Et mes Meubles t DAMON CRISPIN
Vôtre Fils comme vos Domeſtiques,	Votre Fils comme vos Domestiques,
Ils ſont en lieu de ſeureté;	Ils sont en lieu de sûreté;
On les a mis dehois, quand on a deſerté.	On les a mis dehois, quand on a déserté.
DAMON Et mon Fils?	DAMON Et mon Fils?
CRISTIN	CRYSTIN
A quitté la Maiſon.	À quitté la Maison.
DAMON.	DAMON.
Quelles terreurs paniques?	Quelles terreurs paniques?
Et mes deux Coffres-forts?	Et mes deux Coffres-forts?
CRISPIN.	CRISPIN.
Ah pour les Coffres-forts, Ont à vinigt iois tâché de les mettre dehors;	Ah pour les Coffres-forts, Ont à vinigt jois tâché de les mettre dehors;
Mais l’Eſprit (je ne ſçay ce qu’il veut qu’õ en faſſe) N’a jamais pû ſouffrir qu’on les changeât de place Et ce Diable à toute heure acharné contre nous, Dés qu’on en aprochoit, nous aſſommoit de coups.	Mais l'Esprit (je ne sais ce qu'il veut qu'ô en fasse) N'a jamais pu souffrir qu'on les changeât de place Et ce Diable à toute heure acharné contre nous, Dès qu'on en approchait, nous assommait de coups.
DAMON.	DAMON.
Quoy, l'on les a laiſſés?	Quoi, l'on les a laissés?
CRISTIN.	CRYSTIN.
, Sans doutej	, Sans doutej
BAMON.	BAMON.
AhZ.	AhZ.
CRISPIN DAMON Comment faire Ouvre-moi ce Logis, ſi tu crains ma colere;	CRISPIN DAMON Comment faire Ouvre-moi ce Logis, si tu crains ma colère;
Depeene jou de cent coups le vayteicropier.	Dépeène jou de cent coups le vaiteicropier.
CRISPIN.	CRISPIN.
Moi!	Moi!
ie n’ay pas -les Clefs.	Elle n'ai pas ailes Clefs.
DAMON Qu’on cherche un otrreurien Mes Coffres-forts?	DAMON Qu'on cherche un otrreurien Mes Coffres-forts?
Tâchons d’enfoncer cette Porte	Tâchons d'enfoncer cette Porte
CRISPIN.	CRISPIN.
Vous aurés tout l’Enfer aux trouſſes.	Vous aurez tout l'Enfer aux trousses.
DAMON heurtantt.	DAMON heurtant.
Je veux mes Coffres-forts.	Je veux mes Coffres-forts.
Il n’importe;	Il n'importe;
CRISPIN Monſieur, vous vous perdés.	CRISPIN Monsieur, vous vous perdez.
Tay toy.	Tais -toi.
DAMON heurtant Le milieu du Theatre s'ouvre, & Damon voulant heurter, tombe.	DAMON heurtant Le milieu du Théâtre s'ouvre, et Damon voulant heurter, tombe.
CRISPIN Voila, parbleu, le Viellard ſur le nez.	CRISPIN Voilà, parbleu, le Viellard sur le nez.
Crispin diſparoit,	Crispin disparaît,
DAMON.	DAMON.
N'en prenés pas la peine.	N'en prenezez pas la peine.
UN AUTRE DEMON On veut te contenter.	UN AUTRE DEMON On veut te contenter.
Les quatre Demons te ſaiſiſſent, & ſont onlevez avec luy ſur le cintre.	Les quatre Demons te saisissent, et sont onlevez avec lui sur le cintre.
DAMON.	DAMON.
en lair Ah!	en lair Ah!
le Diable m’emporte, & me va tourmenter, A Dieu mes Coffres forts.	le Diable m'emporte, et me va tourmenter, À Dieu mes Coffres forts.
FIN.	FIN.
