91 n ne ce ce les pi pi de I les Hôteſſes trouvent quelques traits OSatyriques dans cette Comedie, je proteſte ouvertement que mon intention n’eſt pas de toucher celles qui ont l’honneur pour guide, en voulant ſeulement a celles qui pleument l’oiſon avec trop de licence:	91 n ne ce ce les piques pi de I les Hôtesses trouvent quelques traits OSatiriques dans cette Comédie, je proteste ouvertement que mon intention n'est pas de toucher celles qui ont l'honneur pour guide, en voulant seulement à celles qui pleument l'oison avec trop de licence:
& je ſouhaite que les pointes qu’elles y remarqueront, les puiſſent ſi vivement piquer, que leur rementevant leurs fautes preſentes & paſſées, elles ayent la vertu de les faire venir a reſipicence.	et je souhaite que les pointes qu'elles y remarqueront, les puissent si vivement piquer, que leur rementevant leurs fautes présentes et passées, elles aient la vertu de les faire venir a resipicence.
1 ACTEURS.	1 ACTEURS.
UILLOT.	UILOT.
E I I I ELIN.	E I I I ELIN.
Yvrongnes.	Yvrongnès.
LLEMTTE, Hôteſſe.	LLEMTTE, Hôtesse.
BERINE, Femme de Rafin RINGALETTE, Servante.	BERINE, Femme de Rafin RINGALETTE, Servante.
COMEDIE all anl Delenlo (u.	COMÉDIE all anl Delenlo (u.
SCENE I.	SCÈNE I.
Guillot, Potelin, Guillemette, & Raſin.	Guillot, Potelin, Guillemette, et Rasin.
GUILLOT.	GUILOT.
Moy?	Moi?
vivre ſobrement trois jours dans cette 2 chambre, Sans goûter juſque là* du boüillon de Septembre N’eſt-ce pas déroger à ma vocation?	vivre sobrement trois jours dans cette 2 chambre, Sans goûter jusque là* du bouillon de Septembre N'est-ce pas déroger à ma vocation?
Paſſé plus de vingt ans j’ay fait profeſſion, D’en offrir ſans relâche au Dieu de la vendange, Et maintenant je fais une diette etrange, Laiſſant moiſir le pot, le verre & le flacon;	Passé plus de vingt ans j'ai fait profession, D'en offrir sans relâche au Dieu de la vendange, Et maintenant je fais une diette étrange, Laissant moisir le pot, le verre et le flacon;
Moy qui ſuis en effet un fameux Biberon, Exerçant le métier, j’auray bien plus de gloire qa cnomenon ee neu quune mert cemps de boire, Sça, ça, ſortons d’icy, Mon amy Potelin, Mon cher Emulateur ſerois-tu pas enclin Avenir chez Margot travailler à la pinte?	Moi qui suis en effet un fameux Biberon, Exerçant le métier, j'aurai bien plus de gloire qa cnomenon ce neu quune mert cemps de boire, Sa, ça, sortons d'ici, Mon ami Potelin, Mon cher Emulateur serais-tu pas enclin Avenir chez Margot travailler à la pinte?
OTELIN.	OTELIN.
J’ay déja dans la pance un pot de vin d’Abſinte, Et j’oſe me vanter, grac’au bon Dieu Bachus, Qu’il contiendroit du pur encor pour deux écus;	J'ai déjà dans la pance un pot de vin d'Absinte, Et j'ose me vanter, grâce'au bon Dieu Bachus, Qu'il contiendrait du pur encor pour deux écus;
A 3 *Il porte la main ſoûs le menton.	À 3 *Il porte la main sous le menton.
Allons, tout à l’inſtant j’en veux faire l’épreuve.	Allons, tout à l'instant j'en veux faire l'épreuve.
GUILLOT.	GUILOT.
Dans l’ardeur de ma ſoif, je tarirois un fleuve, r cerrea jar eut le goût d’un vin pur & bien meur.	Dans l'ardeur de ma soif, je tarirais un fleuve, r cerrea jar eut le goût d'un vin pur et bien meur.
POTELIN.	POTELIN.
Sus donc amy, ſortons, & nous mettons d’humeur:	Sus donc ami, sortons, et nous mettons d'humeur:
Allons dix pas d’icy enes Dame Guillemette, Elle eſt de bon accueil, & dit bien la ſornette.	Allons dix pas d'ici enes Dame Guillemette, Elle est de bon accueil, et dit bien la sornette.
Entrons.	Entrons.
GGILLOT.	GGILOT.
POTELIN.	POTELIN.
Je vois venir le Compagnon Rafin;	Je vois venir le Compagnon Rafin;
Sans doute qu'en paiſant ii nous fera du fin, Cependant je veux bien crever de malvoiſie S’il ne vient avec nous mener la bonne vie.	Sans doute qu'en paisant ji nous fera du fin, Cependant je veux bien crever de malvoisie S'il ne vient avec nous mener la bonne vie.
GUILLOT.	GUILOT.
Entrons ſans luy parler.	Entrons sans lui parler.
POTELIN.	POTELIN.
Courugeo ett du bon.	Courugeo ett du bon.
Hôteſſe apportes-nous la coane d’un Jambon.	Hôtesse apportes-nous la coane d'un Jambon.
Du pâté bien poivré, du ſalé, du fromage, Et de ce jus divin qui rend l’ignorant ſage.	Du pâté bien poivré, du salé, du fromage, Et de ce jus divin qui rend l'ignorant sage.
GUILLEMETTE.	GUILEMETTE.
Soyés les bien-venus:	Soyez -les bienvenus:
Demandés librement Ce que vous deſirés, vous l’aurés promptement.	Demandez librement Ce que vous désirez, vous l'aurez promptement.
Voicy de la liqueur que vous trouverés bonne, Tous les jours elle fait des Docteurs de Sorbonne.	Voici de la liqueur que vous trouverez bonne, Tous les jours elle fait des Docteurs de Sorbonne.
Car elle fait parler Hebreu, Grec & Latin, Lon Lors qu'on en ſçait pinter du foir juſqu’au matin,	Car elle fait parler Hebreu, Grec et Latin, Lon Lors qu'on en sait pinter du soir jusqu'au matin,
GUILOT Par le grand Vigneron, Protecteur des Hôteſſes, Souverain Directeur du jeu de quatre feſſes, Avalons de ce jus qui paſſe les Recteurs, Puis qu’il a le pouvoir de faire des Docteurs.	GUILOT Par le grand Vigneron, Protecteur des Hôtesses, Souverain Directeur du jeu de quatre fesses, Avalons de ce jus qui passe les Recteurs, Puis qu'il a le pouvoir de faire des Docteurs.
Apres avoir ben, il dir.	Après avoir ben, il dir.
Ma foy ce Precepteur ne me ſemble pas rude.	Ma foi ce Précepteur ne me semble pas rude.
DTELIN.	DTELIN.
Ne perdons point de temps, mettons-nous à l’étude,	Ne perdons point de temps, mettons-nous à l'étude,
RAFIN entre.	RAFIN entre.
Ha!	Ha!
ha!	ha!
je vous y prens.	je vous y prends.
O P.	Ô P.
O!	Ô!
le bon moûtardier!	le bon moûtardier!
Que viens tu faire icy ?	Que viens tu faire ici ?
RAFIN.	RAFIN.
Je viens étudier.	Je viens étudier.
GUILLOT.	GUILOT.
Etrange nouveauté de voir le Protecole.	Etrange nouveauté de voir le Protocole.
De tous les Biberons venir à nôtre Ecole.	De tous les Biberons venir à notre École.
NAFIN.	NAFIN.
Tu me dois ſurpaſſer en certaine façon?	Tu me dois surpasser en certaine façon?
Car, a ce que je vois, tu ſçais bien ta leçon Et moy, pauvre idiot, j’ignore encore la miene.	Car, à ce que je vois, tu sais bien ta leçon Et moi, pauvre idiot, j'ignore encore la miene.
5T.	5T.
Tiens Rafin mon amy, recordes bien la tienne.	Tiens Rafin mon ami, recordes bien la tienne.
Plonge tous tes eſprits dans ce docte element:	Plonge tous tes esprits dans ce docte élément:
Ne differes donc pas, & crois qu’aſſeurément	Ne diffères donc pas, et crois qu'assurément
ce Ce volume imprimé d’un rouge caractere.	ce Ce volume imprimé d'un rouge caractère.
Te fera concevoit le plus caché miſtere;	Te fera concevait le plus caché mystère;
C’eſt à dire en deux mots qu’il te rendra profond, Mais pourtant debon cœur il en faut voir le fond.	C'est à dire en deux mots qu'il te rendra profond, Mais pourtant débon cœur il en faut voir le fond.
TIFIN.	TIFIN.
J’entens qu’il me faut voir le fond de cette coupe.	J'entends qu'il me faut voir le fond de cette coupe.
SAILEOT.	SAILEOT.
Pouſſons à la ſanté de la bachique troupe.	Poussons à la santé de la bachique troupe.
trair.	trair.
Mſ * OTELIN.	Ms * OTELIN.
Il faut continuer, & montrer qu’en beuvant L’Homme le plus groſſier peut devenir ſçavant.	Il faut continuer, et montrer qu'en buvant L'Homme le plus grossier peut devenir savant.
GUILLEMETTE.	GUILEMETTE.
v4 Pouſſés, je vous promets en bonne conſcience Que bien-tôt vous ſerés tout farcy de ſcience.	v4 Poussés, je vous promets en bonne conscience Que bientôt vous serez tout farci de science.
RAFIN.	RAFIN.
Verſe-nous donc ſans fin de ce vin ſavoureux, Et reçois de Rafin ce baiſer amoureux.	Verse-nous donc sans fin de ce vin savoureux, Et reçois de Rafin ce baiser amoureux.
SCENE.	SCÈNE.
II.	II.
Guillemette & Fringalette.	Guillemette et Fringalette.
GUILLEM.	GUILLEM.
Ane pas te mentn, je les vois diſpoſes a bien le divertir.	Âne pas te mentn, je les vois disposes a bien le divertir.
FRINGALETTE.	FRINGALETTE.
Ne leur faut-il plus rien ?	Ne leur faut-il plus rien ?
GUILLEM.	GUILLEM.
Il ne leur faut qu’à boire.	Il ne leur faut qu'à boire.
mnes en promptemeney de famin en faire acroire, Ne leur épargnes-pas l’element du poiſſon.	mnes en promptemenin de famin en faire acroire, Ne leur épargnes-pas l'élément du poisson.
FRINGAL.	FRINGAL.
C’eſt à dire qu’il faut baptier leur boiſſon.	C'est à dire qu'il faut baptier leur boisson.
Quel entretien ont ils?	Quel entretien ont -ils?
GUILLEM.	GUILLEM.
Un entretien folâtre.	Un entretien folâtre.
FRINGAL.	FRINGAL.
Cependant je prevois que ruu vous idolatre.	Cependant je prévois que ru vous idolâtre.
GUILLEM.	GUILLEM.
Tous trois également me careſſent des mieux.	Tous trois également me caressent des mieux.
FRINGAL.	FRINGAL.
Mais d’où vient que Rafin, vous faiſant les doux yeux, Cole avec tant d’ardeur rauuuene iur la votre.	Mais d'où vient que Rafin, vous faisant les doux yeux, Cole avec tant d'ardeur rauvene jur la votre.
GUILLEM.	GUILLEM.
ſcaimn joue ionjed, ce nous jeuons lenotre.	scaimn joue ionaid, ce nous jeuons lenotre.
SCENE III.	SCÈNE III.
ouvume, Guillemette, Rafin & Fringalette.	ouvme, Guillemette, Rafin et Fringalette.
CERBERINE.	CERBERINE.
E l’ay veu, je l’ay veu ce malheureux mutin, A *Elle verſe de l’eau dans le vin.	E l'ai vu, je l'ai vu ce malheureux mutin, A *Elle verse de l'eau dans le vin.
Je l’ay veu ſur le ſoir courir comme un lutin, Et je le vois crever de vin & de viande.	Je l'ai vu sur le soir courir comme un lutin, Et je le vois crever de vin et de viande.
GUILLEMETTE.	GUILEMETTE.
Quel vacarme fais-tu?	Quel vacarme fais-tu?
qu’eſt-ce que tu demande?	qu'est-ce que tu demande?
CERBERINE.	CERBERINE.
Je demande un Y vrongne, un Homme ſans ſoucy, An prouigue, un pourceau, orer un vray racourcy De tout ce qui ſe void d’infame dans le monde,	Je demande un Y vrongne, un Homme sans souci, An provigue, un pourceau, outrer un vrai racourci De tout ce qui se voit d'infâme dans le monde,
RAFIN.	RAFIN.
Adieu plaiſir, j’entens Cerberine qui gronde.	Adieu plaisir, j'entends Cerberine qui gronde.
Il faut faire mon mieux pour ſa rage appaiſer.	Il faut faire mon mieux pour sa rage apaiser.
Ma mignone, viens cy, laiſſe-moy te baiſer.	Ma mignone, viens cy, laisse-moi te baiser.
CERBERINE.	CERBERINE.
Va-t’en, va t’en vilain farcy d’action noire, Eponge de taverne, eſcrement de machoire, Va-t’en, va-t’en baiſer les tonneaux & leurs flux, Comme les vrais objets que tu cheris le plus.	Va-t-en, va -en vil farci d'action noire, Éponge de taverne, aisément de mâchoire, Va-t-en, va-en baiser les tonneaux et leurs flux, Comme les vrais objets que tu chéris le plus.
RAFIN.	RAFIN.
Quer nuriemene demers quene chamoh étrange?	Quer nuriemène demers quène chamoh étrange?
CERBERINE.	CERBERINE.
Chantant comme je fais, c’eſt chanter ta loüange:	Chant comme je fais, c'est chanter ta louange:
Qui connoit ta vertu n’en peut jamais douter.	Qui connaît ta vertu n'en peut jamais douter.
RAFIN.	RAFIN.
Pour moy, je ne ſçaurois ces faux tons écouter, Sans dire en quatre mots, excuſant ta foibleſſe, Que ſi c’eſt là chanter, c’eſt chanter en diableſſe.	Pour moi, je ne saurais ces faux tons écouter, Sans dire en quatre mots, excusant ta faiblesse, Que si c'est là chanter, c'est chanter en diablesse.
Retire toy d’icy, laiſſe-nous en repos, Ou vien-nous entonner la munque des pots.	Retire toi d'ici, laisse-nous en repos, Ou viennous entonner la munque des pots.
CER.	CER.
CERBERINE.	CERBERINE.
Entonne, que ton cœur te paſſe par la bouche, Miſerable crevé.	Entonne, que ton cœur te passe par la bouche, Misérable crévé.
RAFIN.	RAFIN.
Hola, beſte farouche.	Holà, bête farouche.
Saiis Dcaucoup nencens m luue endiger de con, Si tu ne veux goûter du fruit de ce bâton.	Saiis Daucoup nencents m uve endiger de con, Si tu ne veux goûter du fruit de ce bâton.
CERBERINE.	CERBERINE.
Mille coups ſur le dos & autant ſur la trongne Ne ſont fruits de bâtons, mais bien fruits d’un Yvrongne.	Mille coups sur le dos et autant sur la trongne Ne sont fruits de bâtons, mais bien fruits d'un Yvrongne.
RAFIN.	RAFIN.
Paix, paix, il n’eſt pas temps de mener tant de bruit, Ceſt plus-tot la raiſon de gouter de mon fruit;	Paix, paix, il n'est pas temps de mener tant de bruit, Cest plus-tôt la raison de goûter de mon fruit;
On s’en void dégoûté pour peu que l’on le touche, Ileſt dur a macher, & piquant à la bouche.	On s'en voit dégoûté pour peu que l'on le touche, Ilest dur a mâcher, et piquant à la bouche.
GUILLEM.	GUILLEM.
Cerberine, aprés tont, c’eſt beaucoup endurer, La douceur d’un Mary ne peut toûjours durer;	Cerberine, après tont, c'est beaucoup endurer, La douceur d'un Mari ne peut toujours durer;
Bien ſouvent du midy le vent retourne en biſe;	Bien souvent du midi le vent retourne en bise;
Tant va la cruche à l’eau qu’à la fin elle briſe.	Tant va la cruche à l'eau qu'à la fin elle brise.
CERBERINE.	CERBERINE.
Si ce n’eſt quant il prend du bouillon de naveau, De me voir bien draper ce n’eſt rien de nouveau:	Si ce n'est quant il prend du bouillon de naveau, De me voir bien draper ce n'est rien de nouveau:
Car quant il eſt garny de l’étoffe de Boonne, De Mozele ou d’Ay, je ſçay ce qu’en vaut l’aune,	Car quant il est garni de l'étoffe de Bovonne, De Mozèle ou d'Ai, je sais ce qu'en vaut l'aune,
GUILLEM.	GUILLEM.
C’eſt pourquoy, le voyant goûter de ma boiſon, Ta Tu voudrois de bon cœur qu’il devint un poiſſon, Afin qu’il n’avalât que de l’eau de riviere, Et ne te frotât plus de graiſſe d’etriviere.	C'est pourquoi, le voyant goûter de ma boison, Ta Tu voudrais de bon cœur qu'il devînt un poisson, Afin qu'il n'avalât que de l'eau de rivière, Et ne te frotât plus de graisse d'étrivière.
CERBERINE.	CERBERINE.
Se me leroit, ſans doute, un heureux changements Mais il ſuccederoit à ton grand detriment.	Se me lerait, sans doute, un heureux changements Mais il succéderait à ton grand détriment.
NOIEBEIVI.	NOIEBEIVI.
A mon grand detriment?	À mon grand détriment?
je crois que tu te gauſſes?	Je crois que tu te gausses?
CERBERINE.	CERBERINE.
Tu ne mouillerois plus tes croutes dans ſes ſauſſes, Et ne plumerois pas l’oizon comme tu fais.	Tu ne mouillerais plus tes croutes dans ses sausses, Et ne plumerais pas l'oizon comme tu fais.
GUILLEM.	GUILLEM.
Te lautendecoener lur mnoy leu dormets fraits De ta maudite humeur?	Te lautendecner lur moin lu dormets fraits De ta maudite humeur?
As-tu cette croyance Qu’aux dépens de Rafin je viens remplir ma pance?	As-tu cette croyance Qu'aux dépens de Rafin je viens remplir ma pance?
CERBERINE.	CERBERINE.
Aux dépens de Rafin, aux dépens de Guillot Tu mets la main au plat, & le nez dans le pot, Sans honte & ſans façon, & tu n’ouvres la porte A toute heure du jour qu’à celuy qui t’aporte.	Aux dépens de Rafin, aux dépens de Guillot Tu mets la main au plat, et le nez dans le pot, Sans honte et sans façon, et tu n'ouvres la porte A toute heure du jour qu'à celui qui t'aporte.
GUILLEM.	GUILLEM.
Les borgnes, les boiteux, les grands & les petits Peuvent dans mon logis prendre leurs appetits;	Les borgnes, les boiteux, les grands et les petits Peuvent dans mon logis prendre leurs appétits;
Tous me ſont bien-venus pourveu que l’argen Qu ſonne.	Tous me sont bienvenus pourvu que l'argen Son sonne.
CERBERINE.	CERBERINE.
C’eſt ainſi qu’avec tous on fait de la friponne, Et que tous ont pouvoir de prendre leurs ébats 10.	C'est ainsi qu'avec tous on fait de la friponne, Et que tous ont pouvoir de prendre leurs ébats 10.
Au ſon de ce metal tant par fiaut que par bas.	Au son de ce métal tant par fiaut que par bas.
GUILLEM.	GUILLEM.
Que veut dire ce bas, maudite creature?	Que veut dire ce bas, maudite créature?
Je n’ay jamais rien fait.	Je n'ai jamais rien fait.
Mais.	Mais.
CERBERINE.	CERBERINE.
Deuu preco iots la ceinture.	Devu préco jots la ceinture.
Mais.	Mais.
GUILLEM.	GUILLEM.
CERBENINE.	CERBENINE.
Mais.	Mais.
GUILLEM.	GUILLEM.
Mais, mais, mais, laiſſons là ce diſcours, Craignant que ton Mary ne vienne à mon ſecours, Et qu’il ne frotte enfin tes bras & tes épaules De tripes de fagots ou bien d’huile de gaules.	Mais, mais, mais, laissons là ce discours, Craignant que ton Mari ne vienne à mon secours, Et qu'il ne frotte enfin tes bras et tes épaules De tripes de fagots ou bien d'huile de gaules.
j’en verray des effets.	j'en verrai des effets.
CERBERINE.	CERBERINE.
D’un tranſport furieux, Je t’ôterois plus tôt la prunelle des yeux Que tu ne me verrois.	D'un transport furieux, Je t'ôterais plu tôt la prunelle des yeux Que tu ne me verrais.
FRINGALETTE.	FRINGALETTE.
Quel Demon te tranſporte?	Quel Démon te transporte?
Quelle honte de voir t’emporter de la ſorte.	Quelle honte de voir t'emporter de la sorte.
Te voyant clabauder hors de toute ſaiſon, On croiroit que le diable eſt en cette maiſon.	Te voyant clabauder hors de toute saison, On croirait que le diable est en cette maison.
Si ces gens ont la fievre, & que la ſoif les preſſe A ſe deſalterer, qu’en peut nôtre Maîtreſle?	Si ces gens ont la fièvre, et que la soif les presse A se désaltérer, qu'en peut notre Maîtres?
& i4 On ne ſçauroit nier qu’en telle extrémité, vendant inemne lon vin, c’eſt faire charité.	et i4 On ne saurait nier qu'en telle extrémité, vendant inemne lon vin, c'est faire charité.
CERBERINE.	CERBERINE.
Je veux bien avoüer qu’elle eſt fort charitable, Mais c’eſt aſſeurément au lit aprés la table,	Je veux bien avouer qu'elle est fort charitable, Mais c'est assurément au lit après la table,
FRING.	FRING.
Ne parles pas du lit, elle eſt femme de bien.	Ne parles pas du lit, elle est femme de bien.
CERBERINE.	CERBERINE.
De la table & du lit Rafin ſait pour combien.	De la table et du lit Rafin sait pour combien.
Le voyant ſur la ruë, on le flate on l’apelle, Diſant paſſeras-tu devant cette chapelle Sans dire une oraiſon.	Le voyant sur la rue, on le flatte on l'appelle, Disant passeras-tu devant cette chapelle Sans dire une oraison.
Viens Rafin mon amy, Tu ſçais bien que je t’aime un peu plus qu’à demy, Et que je te careſſe au deſſus de tout autre;	Viens Rafin mon ami, Tu sais bien que je t'aime un peu plus qu'à demi, Et que je te caresse au dessus de tout autre;
Viens y mon cher Mignon dire une patenôtre.	Viens y mon cher Mignon dire une patenôtre.
A ce diſcours flateur, il entre en la maiſon, Faiſant du charlatan, & pour toute oraiſon, Il luy dit:	À ce discours flatteur, il entre en la maison, Faisant du charlatan, et pour toute oraison, Il lui dit:
ma Mignonne, emplis-nous la bouteille, A l’honneur de Bachus je vay faire merveille, Et rendre en iemie cemps toir detii latiofait.	ma Mignonne, emplis-nous la bouteille, A l'honneur de Bachus je vais faire merveille, Et rendre en iemie cemps toir déti osait.
Aprez tout ces doux mots, Dieu ſçait ce qu’on y fait Cependant, j’oſe bien dire que ſans reſource, En diverſes façons on luy vuide les bourſes.	Aprez tout ces doux mots, Dieu serait ce qu'on y fait Cependant, j'ose bien dire que sans ressource, En diverses façons on lui vide les bourses.
FRING.	FRING.
Va-t’en vomir ailleurs ta mediſante humeur, On ne fait rien chez-nous qui ne bute à l’honneur.	Va-t-en vomir ailleurs ta médisante humeur, On ne fait rien chez-nous qui ne bute à l'honneur.
CERBERINE.	CERBERINE.
Ma mediſante humeur?	Ma médisante humeur?
Apelles-tu medire routes ces veiſtes:	Apelles-tu médire routes ces véistes:
jen ayuien d'autie a dire.	jen aivien d'autie a dire.
FRING.	FRING.
Pour moy, je ne veux plus écouter ton caquet.	Pour moi, je ne veux plus écouter ton caquet.
CERBERINE.	CERBERINE.
Mon cœur n’a pas encor déchargé ſon paquet.	Mon cœur n'a pas encor déchargé son paquet.
Quant ce goinfre achevé ſe vient remplir la pance, Il luy ſerre la main, il rit, il chante, il danſe, Et ce beau paſſetemps qui me choque & me nuit Dure le plus ſouvent juſqu’aprez la minuit.	Quant ce goinfre achevé se vient remplir la pance, Il lui serre la main, il rit, il chante, il danse, Et ce beau passetemps qui me choque et me nuit Dure le plus souvent jusqu'aprez la minuit.
Et puis quant il a fait ſes dernieres gambâdes, Il retourne au logis me donner des aubades, Sifflant, criant, hurlant comme un vray Lucifer, Et pouſſant des motets à l’uſage d’enfer Le reſte de la nuit.	Et puis quant il a fait ses dernières gambasdes, Il retourne au logis me donner des aubades, Sifflant, criant, hurlant comme un vrai Lucifer, Et poussant des motets à l'usage d'enfer Le reste de la nuit.
Et ce qui plus me fache, Aprez tant de tourmens, c’eſt qu’il va ſans relache.	Et ce qui plus me fache, Aprez tant de tourments, c'est qu'il va sans relache.
De la table au foyer, du foger au buffet, Du buffet au grabat, tellement qu’en effet Il furette par tout, il peſte il ſe demenne, Et jamais ſon furet n’entre dans ſa garenne.	De la table au foyer, du foger au buffet, Du buffet au grabat, tellement qu'en effet Il furette par tout, il peste il se demenne, Et jamais son furet n'entre dans sa garenne.
FRING.	FRING.
O!	Ô!
que voila ton cœur joliment déchargé.	que voilà ton cœur joliment déchargé.
CERBERINE.	CERBERINE.
Ce que je conte icy n’eſt rien qu’un abregé De ſes comportemens:	Ce que je conte ici n'est rien qu'un abrégé De ses comportements:
je te jure & proteſte Qu’il faut bien quatre jours pour te conter le reſte, Avec plus de loiſir j’en feray le devoir.	je te jure et proteste Qu'il faut bien quatre jours pour te conter le reste, Avec plus de loisir j'en ferai le devoir.
FRING.	FRING.
Adieu la bonne Femme.	Adieu la bonne Femme.
Elle s’en va.	Elle s'en va.
LES YVRONGNES:	LES YURONGNES:
CERBERINE.	CERBERINE.
Adieu juſqu’à revoir.	Adieu jusqu'à revoir.
SCENE.	SCÈNE.
IV.	IV.
Rtujmi 5 Pringatetre, ouator, Guillemette, Cerberin & Potelin.	Rtujmi 5 Pringatetre, ouator, Guillemette, Cerbin et Potelin.
I RAFIN.	I RAFIN.
Our le repos du corps auſſibien que de l’ame, Delivres-nous Seigneur d’une mauvaiſe Fame!	Our le repos du corps aussibien que de l'âme, Delivres-nous Seigneur d'une mauvaise Famme!
FRINGALETTE.	FRINGALETTE.
T’en voila delivré:	T'en voilà délivré:
Mais dans fort peu de temps Elle doit revenir troubler nos paſſetems.	Mais dans fort peu de temps Elle doit revenir troubler nos passets.
GUILLOT.	GUILOT.
Qu'elle revienne icy hurler pour nous diſtraire, le ne laiſſeray pas de boiré à l’ordinairé, Et de me recréer:	Qu'elle revienne ici hurler pour nous distraire, le ne laisserai pas de boiré à l'ordinairé, Et de me recréer:
car tout ſon hurlement Ne peut eſtre pour moy qu’un divertiſſement.	car tout son hurlement Ne peut être pour moi qu'un divertissement.
GUILLEM.	GUILLEM.
Tu parles bien Guillot:	Tu parles bien Guillot:
Mais la voyant d’emblée.	Mais la voyant d'emblée.
Entrer dans mon logis, faire de l’endiablee, Palir, roüer les yeux, rougir, grincer les dents;	Entrer dans mon logis, faire de l'endiable, Palir, rouger les yeux, rougir, grincer les dents;
Tenir à ſon Mary des diſcours impudents:	Tenir à son Mari des discours impudents:
Tirer la langue, & faire une grimace étrange:	Tirer la langue, et faire une grimace étrange:
Avoir entierement l’humeur d’un mauvais Ange:	Avoir entièrement l'humeur d'un mauvais Ange:
Me dire autant de mal qu’il peut luy ſuggerer, Certes cela n’eſt pas facile à digerer.	Me dire autant de mal qu'il peut venir suggérer, Certes cela n'est pas facile à digérer.
POTEL.	POTEL.
Qu'elle ait entieremene l'hameur d’une Cerbere.	Qu'elle ait entièremène l'hameur d'une Cerbère.
Je me moque de tout quant j’empoigne le verre.	Je me moque de tout quant j'empoigne le verre.
Vuides-le quatre fois;	Vides-le quatre fois;
je ſuis d’opinion Qu’il n’eſt rien de meilleur pour la digeſtion.	je suis d'opinion Qu'il n'est rien de meilleur pour la digestion.
GUILLEM.	GUILLEM.
Qu’en dis-tu mon Rafin?	Qu'en dis-tu mon Rafin?
RAFIN.	RAFIN.
L’eſſence de la vigne* Echauffe l’eſtomach, & ſa valeur inſigne Epure nos eſprits, chaſſe tous nos ennuis, Et nous fait reſpirer mil agreables nuits.	L'essence de la vigne* Échauffe l'estomac, et sa valeur insigne Pure nos esprits, chasse tous nos ennuis, Et nous fait respirer mille agréables nuits.
O divine liqueur!	Ô divine liqueur!
O nectar admirable!	Ô nectar admirable!
Noye tous les chagrins qu’une ame abominable.	Noie tous les chagrins qu'une âme abominable.
ive cauic tous les jours.	ive cavic tous les jours.
ce laio qu avee plaiſirs Je puiſſe librement aſſouvir mes deſirs.	ce laio qu ave plaisirs Je puisse librement assouvir mes désirs.
Sans interruption.	Sans interruption.
CERBERINE entre.	CERBERINE entre.
L’eſſence de la vigne, Pourit ton eſtomach, & ſa vertu maligne Etouffe tes eſprits;	L'essence de la vigne, Pourit ton estomac, et sa vertu maligne Étouffe tes esprits;
& chaſſant tes ennuis Elle me fait ſouffrir mille mauvaiſes nuits.	et chassant tes ennuis Elle me fait souffrir mille mauvaises nuits.
O mandite liquent!	Ô mandite liquent!
O nectar execrable!	Ô nectar exécrable!
Noye tous les tourmens qu’un gointre infatiable Me cauſe tous les jours & fais que mes plaiſirs Puiſſent luy ſucceder ſelon mes bons deſirs Au milieu de la mer.	Noie tous les tourments qu'un gointre insatiable Me cause tous les jours et fais que mes plaisirs Puissent lui succéder selon mes bons désirs Au milieu de la mer.
RAFIN.	RAFIN.
Ha!	Ha!
c’eſt choſe aſſearée B * Cerberine ecoute à la porte.	c'est chose assearée B * Cerberine ecte à la porte.
Qu'un Qu’un plaiſir n’eſt jamais de fort longue durée!	Qu'un Qu'un plaisir n'est jamais de fort longue durée!
Faut-il que ce demon nous faſſe tant patir, Quant nous ne commençons qu’à nous bien divertir?	Faut-il que ce démon nous fasse tant pâtir, Quant nous ne commençons qu'à nous bien divertir?
Objet de mes tourmens quitte le nom de femme, Il te faut deſormais prendre celuy d’infame;	Objet de mes tourments quitte le nom de femme, Il te faut désormais prendre celui d'infâme;
Abandonne ce lieu, poiſon de mes plaiſirs, Pforreur de tous mes ſens, cauſe de mes ſoûpirs, Abandonne ce lieu?	Abandonne ce lieu, poison de mes plaisirs, Pforreur de tous mes sens, cause de mes soupirs, Abandonne ce lieu?
CERBERINE.	CERBERINE.
Ha!	Ha!
c’eſt choſe aſſeurée Qu’un mécontentement m’eſt de longue durée.	c'est chose assurée Qu'un mécontentement m'est de longue durée.
Faut-il qu’un biberon me faſſe tant patir, Quant il ne tient qu’à luy de me bien divertir.	Faut-il qu'un biberon me fasse tant pâtir, Quant il ne tient qu'à belle de me bien divertir.
Objet de mes ennuis, quitte le nom d’infame, Et ne tourmente plus ta miſerable femme:	Objet de mes ennuis, quitte le nom d'infâme, Et ne tourmente plus ta misérable femme:
Abandonne le vin, poiſon de mes plaiſirs, Horreur de tous mes ſens, cauſe de mes ſoûpirs, Abandonne le vin?	Abandonne le vin, poison de mes plaisirs, Horreur de tous mes sens, cause de mes soupirs, Abandonne le vin?
RAFIN.	RAFIN.
O langue ſerpentine!	Ô langue serpentine!
Sur le bord d’Acheron va faire lamutine.	Sur le bord d'Acheron va faire lamutine.
Retire toy ſerpent, retire-toy d’icy, Et ne retourne plus me donner du ſoucy.	Retire toi serpent, retire-toi d'ici, Et ne retourne plus me donner du souci.
Vîte avec les demons va-t’en vomir ta rage, Et ne m’ontrage plus.	Vite avec les démons va-t-en vomir ta rage, Et ne m'ontrage plus.
GUILLOT.	GUILOT.
Je crains un grand orage.	Je crains un grand orage.
Je meconnois au tems;	Je méconnais au temps;
& même je prevois Qu’il tombera dans peu de la grêle de bois.	et même je prévois Qu'il tombera dans peu de la grêle de bois.
Mais prens garde, pourtant, qu’en faiſant trop la bête Cette grêle à la fin ne t’ecraſe la tête.	Mais prends garde, pourtant, qu'en faisant trop la bête Cette grêle à la fin ne t'écrase la tête.
CERBERINE.	CERBERINE.
J’entens bien ton jargon.	J'entends bien ton jargon.
GUILLOT.	GUILOT.
Si tu m'entens ſi bien, Tais-toy donc, tais-toy donc.	Si tu m'entends si bien, Tais-toi donc, tais-toi donc.
CERBERINE.	CERBERINE.
Moy?	Moi?
je n’en feray rien.	je n'en ferai rien.
GUILLOT, Tals toy dis Je pour Dicas	GUILOT, Tals toi dis Je pour Dicas
CERBERINE.	CERBERINE.
Ou'il le taiſe luy-même.	Ou'il le taise lui-même.
GUILLOT.	GUILOT.
A force de colere, il eſt rouge à l’extréme.	À force de colère, il est rouge à l'extrême.
CERBERINE.	CERBERINE.
C’eſt la force du vin qui rougit ſon muſeau;	C'est la force du vin qui rougit son museau;
A celuy qui ne boit que du megue & de l’eau La couleur de Bachus ne peint pas le viſage.	À celui qui ne boit que du mégue et de l'eau La couleur de Bachus ne peint pas le visage.
RAFIN.	RAFIN.
Viſte, hors de ce lieu va tenir ce langage.	Vite, hors de ce lieu va tenir ce langage.
Viſte encor une-fois, ou je peindray ton corps Avec le dur pinceau de la couleur des morts;	Vite encor une-fois, ou je peindrai ton corps Avec le dur pinceau de la couleur des morts;
Et te feray paroître en étrange poſture.	Et te ferai paraître en étrange posture.
CERBERINE.	CERBERINE.
Au diable mille-fois le Peintre & ſa peinture, B 2	Au diable mille-fois le Peintre et sa peinture, B 2
9014 Son art & ſes couleurs ſont au bout d’un bâton, Cent-fois il in en a peint la joue & le menton,	9014 Son art et ses couleurs sont au bout d'un bâton, Cent-fois il in en a peint la joue et le menton,
18 GUILLOT.	18 GUILLOT.
Garde les derniers traits, ls ſont du tout à craindre,	Garde les derniers traits, lois sont du tout à craindre,
RAFIN.	RAFIN.
Le pinceau eſt tout prêt pour l’achever de peindre.	Le pinceau est tout prêt pour l'achever de peindre.
OTELIN.	OTELIN.
Peins tant que tu voudras ce beau monſtre infernal, Jauais tu n’en feras un bon original.	Peins tant que tu voudras ce beau montre infernal, Javais tu n'en feras un bon original.
Laiſle-le clabauder, & ſi tu m’en veux croire, N’employons nôtre temps qu’à chanter & bien boire;	Laisle-le clabauder, et si tu m'en veux croire, N'employons notre temps qu'à chanter et bien boire;
C’eſt l’unique moyen de charmer le ſoucy.	C'est l'unique moyen de charmer le souci.
A toy, a toy Rafin.	A toi, a toi Rafin.
RAFIN.	RAFIN.
Potelin grand-mercy.	Potelin grand-merci.
Pouſſe, pouſſe de trois, depeche amy depéche.	Pousse, pousse de trois, dépèche ami depéche.
Par bleu j’ay le gozier plus ſec qu’une flaméche, Et le pauvre eſtomach plein d’inflamation:	Par bleu j'ai le gozier plus sec qu'une flamnéche, Et le pauvre estomac plein d'inflamation:
Mon cœur ſe ſent flétrir, & d’alteration, Je crache de la chaux.	Mon cœur se sent flétrir, et d'altération, Je crache de la chaux.
FOILL.	FOILL.
Voicy dequoy l’eteindre.	Voici dequoy l'éteindre.
Avale compagnon, il n'eſt plus temps de feindre Cette ligueur ne fait qu’augmenter ſon ardeur.	Avale compagnon, il n'est plus temps de feindre Cette ligueur ne fait qu'augmenter son ardeur.
GUILLOT.	GUILOT.
La chaux étant mouillés augmente ſa chaleur.	La chaux étant mouillés augmente sa chaleur.
RA	RA
RAFIN.	RAFIN.
je la mouilleray tant qu’on verra le contraire.	je la mouillerai tant qu'on verra le contraire.
CERBERINE.	CERBERINE.
Créve-toy tout d’un tems, ſi tu veux nie complaire.	Crève-toi tout d'un temps, si tu veux nie complaire.
GUILLOT.	GUILOT.
E O ſes-tu bien choquer ton Mary ſi ſouvent?	 ES ses-tu bien choquer ton Mari si souvent?
SENDENINI 21 Ce n’eſt pas mon Mary, c’eſt un tonneau vivant.	SENDENINI 21 Ce n'est pas mon Mari, c'est un tonneau vivant.
GUILLOT.	GUILOT.
Endurant comime il fait ton altiere inſolence, Je crois plus-tôt que c’eſt un Job en patience, Auſſi bien qu’en bonté:	Endurant compime il fait ton altière insolence, Je crois plutôt que c'est un Job en patience, Aussi bien qu'en bonté:
car tout autre que luy Ne fotiririrore jarnidig ee qu'il reruiire atrjourd huy.	car tout autre que Rome Ne fotiririrore jarnidig ce qu'il reruiire atrjourd' il.
CERBERINE.	CERBERINE.
belle comparailon d’un gointre à un St.	belle comparailon d'un gointre à un St.
homme.	homme.
RAFIN.	RAFIN.
Impudente, à ce coup il faut que je t’aſſomme.	Impudente, à ce coup il faut que je t'assomme.
CERBERINE.	CERBERINE.
A l’aide mes amis !	À l'aide mes amis !
GUILLOT Evitons un malheur.	GUILOT Evitons un malheur.
POTEL.	POTEL.
Hola, hola Rafin moderes ta fureur.	Hola, holà Rafin modères ta fureur.
Tu ne gagneras rien par coup ni par menace.	Tu ne gagneras rien par coup ni par menace.
Veux-tu vivre en repos?	Veux-tu vivre en repos?
pouſſe-la ſur la place;	pousse-la sur la place;
Tune peux mieux agir qu’en luy faiſant ce tour.	Tune peux mieux agir qu'en lui faisant ce tour.
GUILLOT.	GUILOT.
Et puis pour é viter ſon importun retour,	Et puis pour é viter son importun retour,
Fete Ferme la porte au nés de l’infernale bête Afin de l’empecher de troubler notre fete	Fète Ferme la porte au nés de l'infernale bête Afin de l'empêcher de troubler notre fète
RAFIN.	RAFIN.
Je ſuivray vos conſeils ſans tarder un moment.	Je suivrai vos conseils sans tarder un moment.
Sça ça demon d’enfer, treve à ton hurlement.	Sa ça demon d'enfer, trouve à ton hurlement.
l lu hom du granu Bachus & de ſa bonne bande, De ſortir de ceans, demon, je te commande.	 lu hom du granu Bachus et de sa bonne bande, De sortir de céans, démon, je te commande.
CENBERIN E.	CENBERIN E.
Au nom de belzebut ſortes-en le premier	Au nom de belzebut sortes-en le premier
RAFIN.	RAFIN.
Ca cay çay gas paſſens le trou du Cnarpenciers	Ça cai çai gas passens le trou du Cnarpenciers
SCENE V.	SCÈNE V.
Rafin, Potelin, Guillot, Guillemette, & Fringalette.	Rafin, Potelin, Guillot, Guillemette, et Fringalette.
RAFIN.	RAFIN.
E crois que deſormais nous paſſerons la nuit Sans chagrin, ſans tourment, ſans colere & ſan bruit.	E crois que désormais nous passerons la nuit Sans chagrin, sans tourment, sans colère et san bruit.
Oialſt oien vous jurer que cette lorceuee Ne peut plus revenir que par la cheminée:	Ojalst oyen vous jurer que cette lorceuee Ne peut plus revenir que par la cheminée:
Car elle eſt ſur la ruë, & derriere & devant Tout eſt barricadé.	Car elle est sur la rue, et derrière et devant Tout est barricadé.
TTALIN.	TTALIN.
Vive le cœur joyeux.	Vive le cœur joyeux.
Chantons d’orênavant	Chantons d'orênavant
GUILLOT.	GUILOT.
Dans l’état ou nous ſommes, Beuvons plus-tôt du jus qui fait les ſçavans Hammes.	Dans l'état ou nous sommes, Beuvons plus-tôt du jus qui fait les Savants Hammes.
FRINGAL.	FRINGAL.
En voicy du meilleur.	En voici du meilleur.
POTELIN.	POTELIN.
P our lhoj ceuele pramer, Je vay faire valoir un trait de mon métier.	 Pour lhoj cèle pramer, Je vais faire valoir un trait de mon métier.
6 Comme un Cuiſinier ſans reproche, A larder je ſuis le premier, Je farcis le mieux le gibier, Et ſçais fort bien les mettre en broche:	6 Comme un Cuisinier sans reproche, À larder je suis le premier, Je farcis le mieux le gibier, Et sais fort bien les mettre en broche:
Encor ce qui ſurpaſſe tout, Mes ſauſſes ſont d’excellent goût.	Encore ce qui surpasse tout, Mes sausses sont d'excellent goût.
X	X
GUILLEM.	GUILLEM.
Et toy mon doux Rafin, mon amy neceſſairre, Mon pivot, mon poteau, quel metier ſçais tu faire?	Et toi mon doux Rafin, mon ami nécessairre, Mon pivot, mon poteau, quel métier sais tu faire?
Raſin, apres avoir beu, prend Guillemette par la main en chantant ces couplets.	Rasin, après avoir bu, prend Guillemette par la main en chant ces couplets.
1 Je ſçay des bons métier Madame, Si vous avés beſoin de moy, Je proteſte & jure la foy De vous ſervir de cœur & d’ame, Et de vous montrer en effet Que je ſuis un ouvrir par fait.	1 Esprit sais des bons métier Madame, Si vous avez besoin de moi, Je proteste et jure la foi De vous servir de cœur et d'âme, Et de vous montrer en effet Que je suis un ouvrir par fait.
De plus Madame, je me vante	De plus Madame, je me vante
B 4	 4
D’étre un Jardinier fort expert, Jamais on ne me prend ſans vert, Et toujours je ſeme & je plante, Et tant le ſoir que le matin, J’arroſe le joly, Jardin.	D'être un Jardinier fort expert, Jamais on ne me prend sans vert, Et toujours je sème et je plante, Et tant le soir que le matin, J'arrose le joli, Jardin.
X Outre cela, je me preſume D’étre un fort adroit Maréchal:	X Outre cela, je me présume D'être un fort adroit Maréchal:
Car je travaille ſans égal Du joly Marteau ſur l’enclume;	Car je travaille sans égal Du joli Marteau sur l'enclume;
Et ſachés que tout d’un plein ſaut Je bas le fer quant il eſt chaud.	Et sachez que tout d'un plein saut Je bas le fer ant il est chaud.
CX.	CX.
Même pour l’art de la peinture Châcun m’eſtime infiniment:	Même pour l'art de la peinture Châcun m'estime infiniment:
Car je travaille adroitement Suivant les regles de nature, Et pour l’ardreſſe de mes traits, Je fais parler tous mes portraits.	Car je travaille adroitement Suivant les règles de nature, Et pour l'ardresse de mes traits, Je fais parler tous mes portraits.
X Madame, tous ces âvant ages, Dont je me vante ouvertement, Je les ay naturellement Sans faire aucuns apprentiſſages;	X Madame, tous ces âvant ages, Dont je me vante ouvertement, Je les ai naturellement Sans faire aucuns apprentissages;
Et cependant n’en doutez pas, J’ay paſſé Maître au Païs-bas.	Et cependant n'en doutez pas, J'ai passé Maître au Pays-bas.
GUILLEMETTE.	GUILEMETTE.
Voila des bons métiers:	Voilà des bons métiers:
mais il faut du courage,	mais il faut du courage,
Dans Com Et beaucoup de vigneur pour les mettre en uſage.	Dans Com Et beaucoup de vigneur pour les mettre en usage.
RAFIN.	RAFIN.
Pour bien m’en aquiter, j’en ay plus qu’il n’en fauts Car jamais au travail le cœur ne me deffant.	Pour bien m'en aquitter, j'en ai plus qu'il n'en sauts Car jamais au travail le cœur ne me défant.
GUILLEM.	GUILLEM.
On en void plus de cent faire mêmes bravades, Et quant ce vient ad lait, ce lont des gens iriades.	On en voit plus de cent faire mêmes bravades, Et quant ce vient ad lait, ce lont des gens iriades.
Qu’ils ne font que brouiller.	Qu'ils ne font que brouiller.
RAFIN.	RAFIN.
Et moy je te promets Qu’a tous ſes bons métiers je ne manque jamais;	Et moi je te promets Qu'a tous ses bons métiers je ne manque jamais;
Et toujours je beſongne en extreme a largreſſe:	Et toujours je besongne en extrême a largresse:
mais de voſanc a tont doucer de momadareſſe, .	mais de vosanc a tont doucer de momadaresse, .
Prens-moy, je t’en conjure un quart d’heure a l’eſſay Pour juger ſainement des métier que je ſçay.	Prends-moi, je t'en conjure un quart d'heure à l'essay Pour juger sainement des métier que je sais.
GUILLE M.	GUILE M.
E Il ne faut pas d’eſſay:	 Et ne faut pas d'essai:
car voyant le viſage, Et les traits de l’ouvrier, on juge de l’ouvrage.	car voyant le visage, Et les traits de l'ouvrier, on juge de l'ouvrage.
FRINGAL.	FRINGAL.
Te voila bien payé.	Te voilà bien payé.
RAFIN.	RAFIN.
our ce bas élement Je ne puis eſperer un plus doux payement, Ni plus avantageux:	our ce bas élément Je ne puis espérer un plus doux paiement, Ni plus avantageux:
car faiſant la mauvaiſe Elle cache un ſecret qui me fait mourir d’aiſe.	car faisant la mauvaise Elle cache un secret qui me fait mourir d'aise.
FRING.	FRING.
Dans un pareil eſpoir, on ſe trouve ſouvent Comme un cameleon qui ſe repaît de vent.	Dans un pareil espoir, on se trouve souvent Comme un caméléon qui se repaît de vent.
TaisTais-toy, tais-toy Rafin, ce n’eſt pas ce langage Qui fera parvenir ton Chat à ſon fromage.	TaisTais-toi, tais-toi Rafin, ce n'est pas ce langage Qui fera parvenir ton Chat à son fromage.
SCENE VI.	SCÈNE VI.
Guillot, Rafin, Potelin & Fring.	Guillot, Rafin, Potelin et Fring.
GUILLOT.	GUILOT.
Uelle demangeaiſon de perdre ainſi le tems?	Uelle démangeaison de perdre ainsi le temps?
& l'our mioy je veux chercher un autre paſſe tems Ou bien me retirer.	et l'our mioi je veux chercher un autre passe temps Ou bien me retirer.
RAFIN.	RAFIN.
Je n’y ſuis pas contrain, Songe a ce que tu veux, tu vois l’homme tout faire.	Je n'y suis pas contrain, Songe a ce que tu veux, tu vois l'homme tout faire.
Rions, chantons danſons, beuvons, faiſons grane bruit, Joüons au cul-levé tant de jour que de nuit, jouons au reverlis, jouons au trou-madame, Je ſoûmets tous mes ſens aux plaiſirs de ton ame, Sans nulle exception.	Rions, chantons dansons, buvons, faisons grane bruit, Jouons au cul-levé tant de jour que de nuit, jouons au reverlis, jouons au troumadame, Je soumets tous mes sens aux plaisirs de ton âme, Sans nulle exception.
POTELIN.	POTELIN.
Et moy je fais des vœux.	Et moi je fais des vœux.
De ſoûmettre les miens a tout ce que tu veux.	De soumettre les miens a tout ce que tu veux.
FRING.	FRING.
O les bons Compagnons!	Ô les bons Compagnons!
O que c’eſt choſe belle De boire le bon vin, & vivre ſans querelle!	Ô que c'est chose belle De boire le bon vin, et vivre sans querelle!
Admirant l’union de ces trois confidens.	Admirant l'union de ces trois confidents.
On doit les comparer a la fourche a trois dans, Dont l’un ne peut ſans l’autre.	On doit les comparer a la fourche a trois dans, Dont l'un ne peut sans l'autre.
* Elle s’en va.	* Elle s'en va.
RA	RA
RAFIN.	RAFIN.
O l’eſprit admirable!	Ô l'esprit admirable!
Jamais comparaiſon ne fut plus recevable.	Jamais comparaison ne fut plus recevable.
OTELIN.	OTELIN.
Treve ſur ce ſujet, ça divertiſſons-nous.	Treve sur ce sujet, ça divertissons-nous.
RAFIN.	RAFIN.
A quoy ſe divertir?	À quoi se divertir?
A tâter des genous?	A tâter des genous?
GAILLOT.	GAILOT.
Ce divertiſſement conſiſte en peu de choſe.	Ce divertissement consiste en peu de chose.
OTELIN.	OTELIN.
Compagnons, ce n’eſt pas cela que je propoſe.	Compagnons, ce n'est pas cela que je propose.
RAFIN.	RAFIN.
Que propoſes-tu donc?	Que proposes-tu donc?
TOTLLIN.	TOTLIN.
Je propoſe en un mot De jouer entre nous une pinte à l’ecot.	Je propose en un mot De jouer entre nous une pinte à l'écot.
RAFIN.	RAFIN.
Je le veux.	Je le veux.
Toy Guillot?	Toi Guillot?
GUILLOT.	GUILOT.
O la belle demande!	Ô la belle demande!
Mais avant tout beuvons deux coups à l’Allemande.	Mais avant tout buvons deux coups à l'Allemande.
POTELIN.	POTELIN.
Des cartes Fringalette.	Des cartes Fringalette.
FRING.	FRING.
Vous en ſerés ſervis.	Vous en serez servis.
Fitteriaes un moment,	Fitteriaes un moment,
GUILLOT.	GUILOT.
Jouons fidelement.	Jouons fidèlement.
Fring.	Fring.
Fring, parle à Guillem.	Fring, parle à Guillem.
Je vois ces bon galans tous trois en allegreſſe Balotter la bouteille avec beaucoup d’addreſſe, Mais ils veulent joüer;	Je vois ces bon galants tous trois en allégresse Balotter la bouteille avec beaucoup d'adresse, Mais ils veulent jouer;
Je crois qu’en ce buffet Je trouveray dequoy:	Je crois qu'en ce buffet Je trouverai dequoy:
Amis j’ay vôtre fait.	Amis j'ai votre fait.
al llIvo Comment joüerons-nous ?	al lIvo Comment jouerons-nous ?
OTELIN.	OTELIN.
A trois jeu pour la pinte.	À trois jeu pour la pinte.
L’un de nous allant bas	L'un de nous allant bas
RAFIN.	RAFIN.
Sus donc, pouſſons ſans feinte Je ſuis bas cette-fois.	Sus donc, poussons sans feinte Je suis bas cette-fois.
POTELIN.	POTELIN.
Tu pouras a loiſir Dire le petit mot, & boire avec plaiſir.	Tu pourras a loisir Dire le petit mot, et boire avec plaisir.
Voila ton jeu Guillot.	Voilà ton jeu Guillot.
OT.	OT.
GUILLEM.	GUILLEM.
Le tor tir ert ravorable, L’on ne pourroit avoir un jeu plus ſouhaitable.	Le tor tir ert ravorable, L'on ne pourrait avoir un jeu plus souhaitable.
Que fais-tu?	Que fais-tu?
Que fais-tu?	Que fais-tu?
T.	T.
JUILOT.	JUILOT.
Moy?	Moi?
je trace deux jeux	je trace deux jeux
POTEL.	POTEL.
Tu n’en marque ras qu’un.	Tu n'en marque ras qu'un.
* Il trace deux jeux.	* Il trace deux jeux.
GUILLOT.	GUILOT.
Morboy, jen gaigné deux.	Morboi, jen gagné deux.
POTEL.	POTEL.
Comment deux?	Comment deux?
Coiment deux?	Coiment deux?
Tu gaignez le Miana aldole ;	Tu gagnés le Miana aldole ;
’ay la derniere main.	’ay la derniere main.
GUILLOT.	GUILOT.
La peſte quit dedole;	La peste quit dédole;
Je gaigne ces deux jeux.	Je gagne ces deux jeux.
POTEL.	POTEL.
Double fils de putain.	Double fils de putain.
Tiens, voleur approuvé, voila ton juſte gain.	Tiens, voleur approuvé, voilà ton juste gain.
GUILLOT.	GUILOT.
O traître!	Ô traître!
O malheureux!	Ô malheureux!
il faut que je te mange.	il faut que je te mange.
GUILLEMETTE.	GUILEMETTE.
entre.	entre.
Quel ſpectacle nouveaur Quel changement etrangé;	Quel spectacle nouveaur Quel changement étrangé;
A l’aide Fringalette, au ſecours mon Rafin:	À l'aide Fringalette, au secours mon Rafin:
Guillot dans ſa furie étrangle Potelin.	Guillot dans sa furie étrangle Potelin.
RAFIN.	RAFIN.
Hola, hola Meſſieurs.	Hola, holà Messieurs.
Faut-il prendre querelle Entre les bons amis pour une bagatelle?	Faut-il prendre querelle Entre les bons amis pour une bagatelle?
FRIN &.	FRIN et.
Voila ce qu’on y gaigne.	Voilà ce qu'on y gagne.
Au diable ſoit le jeu.	Au diable soit le jeu.
Prenons ces cartes là, jettons les dans le feu, Et qu’on n’en parle plus.	Prenons ces cartes là, jetons les dans le feu, Et qu'on n'en parle plus.
RAFIN.	RAFIN.
Amis que l’on accorde * Il luy jette les cartes au nez.	Amis que l'on accorde * Il as jette les cartes au nez.
Coiiine devanit vivons en parfaite concorde.	Coiiine devanit vivons en parfaite concorde.
OTEL.	OTEL.
En fait de tricherie, il n’y a point d’amis	En fait de tricherie, il n'y a point d'amis
RAFIN.	RAFIN.
Ie n’y contredis pas.	Je n'y contredis pas.
Mais qu’il me lort permis.	Mais qu'il me lort permis.
De dire qu’on peut bien ſe tromper de la veuë.	De dire qu'on peut bien se tromper de la vue.
SUILLOT.	SUILOT.
Quy;	Qui;
notre diſferent provient d’une beveue, Ou que je ſois grillé comme fut St.	notre disférent provient d'une bévue, Ou que je sois grillé comme fut St.
Laurens	Laurens
RAFIN.	RAFIN.
O le plaiſant ſujet!	Ô le plaisant sujet!
O le beau different!	Ô le beau différent!
Sça mes chers Compaguons, qu'ou empoigne verre, Au lieu de piſtolet, pour finir cette guerre.	Sa mes chers Compaguons, qu'ou empoigne verre, Au lieu de pistolet, pour finir cette guerre.
A toy.	A toi.
GUILLOT.	GUILOT.
TOTLLIN.	TOTLIN.
A toy auſſi.	A toi aussi.
Noyons nôtre chagrin Et nos mauvais deſſein dans un tonneau de vin.	Noyons notre chagrin Et nos mauvais dessein dans un tonneau de vin.
FRINGALETTE.	FRINGALETTE.
Avalés, avalés de ce jus ſans melange, Et vous aurés tousjours des vrais ſentimens d’Ange.	Avalés, avalezez de ce jus sans mélange, Et vous auriez toujours des vrais sentiments d'Ange.
SCENE.	SCÈNE.
VII.	VII.
Guillemette & Fringalette.	Guillemette et Fringalette.
GUILLEM.	GUILLEM.
Es Meſſieurs ſont d’accords, mon cœur eſt en C Iepos, Mais n’ont-ils point caſſés des vertes & des pots?	Es Messieurs sont d'accords, mon cœur est en Ç Epos, Mais n'ont-ils point cassés des vertes et des pots?
FRINGALETTE.	FRINGALETTE.
Non, je ne le crois pas, ſi neanmoins par terre Vous trouvés en marchant quelques pieces de verre, Ne vous en fachés pas:	Non, je ne le crois pas, si néanmoins par terre Vous trouvez en marchant quelques pièces de verre, Ne vous en fâchez pas:
car parlant franchement, Les voyanc le gourters jay leplis memtene Ces trois que vous voyés, & des plus fines glaces, Et puis j’en ay remis des caſſés en leurs places.	car parlant franchement, Les voyanc le gourters jay leplis mémene Ces trois que vous voyez, et des plus fines glaces, Et puis j'en ai remis des cassez en leurs places.
GUILLEMETTE.	GUILEMETTE.
S’ils l’ont veu, c’eſt aſſé pour nous des honnorer.	S'ils l'ont vu, c'est assé pour nous des honorer.
FRINGALETTE.	FRINGALETTE.
Veu?	Veu?
Ils n’avoient des yeux que pour ſe devorer.	Ils n'avaient des yeux que pour se dévorer.
j’apulemait d’auere coups;	j'apulemait d'avère coups;
ce cependaiſt perionne Du moindre mechant trait jamais ne me ſoupçonne	ce cependait perionne Du moindre méchant trait jamais ne me soupçonne
GUILLEMETTE.	GUILEMETTE.
Iant mieux.	Jant mieux.
Mais apres-tout, le reſte eſt-il entier?	Mais après-tout, le reste est-il entier?
FRINGALETTE.	FRINGALETTE.
Tout eſt en même êtat comme il ſe trouvoit hier.	Tout est en même état comme il se trouvait hier.
Ne vous troublés de rien, j’ay ſoin de toutes choſes.	Ne vous troublez de rien, j'ai soin de toutes choses.
GUILLE M C’eſt auſſi ſur tes ſoins que mon ame repoſe.	GUILE M 'est aussi sur tes soins que mon âme repose.
SCE	SCE
LE S YVROVGNES CENE VIII.	LE S YVROUGNES CÈNE VIII.
Potelin, Guillot, Rafn & Fringalette.	Poutelin, Guillot, Rafn et Fringalette.
DTELIN.	DTELIN.
Uillemette a raiſon de dire que ſon vin, JA la vertu de rendre un homme tout divin:	Uillemette a raison de dire que son vin, JA la vertu de rendre un homme tout divin:
Car depuis peu de temps quelque celeſte flame Beuvant de ſa liqueur s’eſt logée en mon ame;	Car depuis peu de temps quelque céleste flamme Beuvant de sa liqueur s'est logée en mon âme;
Si bien qu’en tel état je fais ce que je veux :	Si bien qu'en tel état je fais ce que je veux :
Je compoſe un Roman ſur deux on trois cheveux.	Je compose un Roman sur deux on trois cheveux.
je crache deux-cens vers en moins de demie heure Et de tous les Auteurs ma vene eſt la meilleure.	je crache deux-cens vers en moins de demie heure Et de tous les Auteurs ma vene est la meilleure.
GUILLOT.	GUILOT.
Ma foy, j’en tiens auſſi, & crois certainement Que ſon vin à purgé mon lourd entendement, Et qu’étant inſpiré des exprits de la cave, j’écris en charlatan où j’ay le diſcours grave.	Ma foi, j'en tiens aussi, et crois certainement Que son vin à purgé mon lourd entendement, Et qu'étant inspiré des exprits de la cave, j'écris en charlatan où j'ai le discours grave.
Ce matin je n’avois ni joye, ni caquet, Et maintenant je chante & cauſe en perroquet.	Ce matin je n'avais ni joie, ni caquet, Et maintenant je chante et cause en perroquet.
RAFIN.	RAFIN.
Le iiſoy pouit drre toues de compore a merveille Depuis que j’ay trouvé le fond de la bouteille?	Le jisoi pouit drre toues de compore à merveille Depuis que j'ai trouvé le fond de la bouteille?
Iemomn une chanſon avec ui air nouveau Que je viens de forger ſur le cul d’un tonneau.	Iemomn une chanson avec ui air nouveau Que je viens de forger sur le cul d'un tonneau.
OTEL.	OTEL.
Chante la cher amy que mon ame idolatre.	Chante la cher ami que mon âme idolâtre.
RAFIN.	RAFIN.
Il faut premierement que je boive de quatre, Et que de quatre auſſi tu me faſſe raiſon.	Il faut premièrement que je boive de quatre, Et que de quatre aussi tu me fasse raison.
I	I
RAFIN Chante.	RAFIN Chante.
Banniſſons la melancholie Mere nourice de folie.	Bannissons la mélancolie Mère nourice de folie.
Qbis.	Qbis.
Fuyons les amoureuſes loix, Pendant que nous ſommes ſur terre Carreſſons le peinte & le verre, Et dégoiſons à haute voix, Teray, teray, tantay, terire, Teray, teray, tanttrelire.	Fuyons les amoureuses lois, Pendant que nous sommes sur terre Carressons le peinte et le verre, Et dégoisons à haute voix, Terai, terai, tantai, terire, Térai, terai, tanttrelire.
Vus.	Vus.
Celuy qui paſſe ſa jeuneffe Soúpirant pour une Maitreſſe Vbus.	Celui qui passe sa jeunesse Sœurpirant pour une Maitresse Vébus.
Ignore la vertu du vin, S’il goutoit de ce ſain breuvage, Au lieu de languir en ſorvage, Il chanteroit d’un ton divin Teray.	Ignore la vertu du vin, S'il goûtait de ce sain breuvage, Au lieu de languir en sorvage, Il chanterait d'un ton divin Terai.
&c.	etc.
C'eſt le doux nectar de mon ame, L’unique entretien de ma flame, Cbis.	C'est le doux nectar de mon âme, L'unique entretien de ma flamme, Cbis.
Mon amour & mon element, Et lors que je m’en raſſaſie Je n’ay rien dans la fantaſie Que de chanter alaigrement.	Mon amour et mon élément, Et lors que je m'en rassasie Je n'ai rien dans la fantaisie Que de chanter alaigrement.
Teray.	Térai.
&c.	etc.
–	
Pacite.	Pacite.
FRING.	FRING.
Meſſieurs, ſoyés d’humeur recrées vos eſprits Qu’à jamais les ennuis de vos cœurs ſoient proſcrits:	Messieurs, soyez d'humeur recrées vos esprits Qu'à jamais les ennuis de vos cœurs soient proscrits:
Que toûjours vous ayés dequoy remplir le ventre:	Que toujours vous ayez dequoy remplir le ventre:
Qu’à ſouhait vous teniés la cloris dans un antre, Ou dans quelque autre place, ou vous puiſſiés tous.	Qu'à souhait vous teniez la cloris dans un antre, Ou dans quelque autre place, ou vous puisiez tous.
jours.	jours.
Cœuillir ſecrettement les fruits de vos amours.	Cœuillir secrètement les fruits de vos amours.
Je t’y voudrois tenir.	Je t'y voudrais tenir.
*OT.	*OT.
FRING.	FRING.
Que penſerois-tu faire?	Que penserais-tu faire?
LO1.	LO1.
Je n’entreprendrois rien a ton deſir contraire, Quoy que tu recevrois un coup de piſtolet,	Je n'entreprendrais rien à ton désir contraire, Quoi que tu recevrais un coup de pistolet,
FRING.	FRING.
Je crois que tu veux dire un coup de gobelet;	Je crois que tu veux dire un coup de gobelet;
Oui pour ton piſtolet, ne l’avance à perſonne Puiſqu’à mon jugement te poudre n’eſt pas bonne.	Oui pour ton pistolet, ne l'avance à personne Puisqu'à mon jugement te poudre n'est pas bonne.
Et j’oſe maintenir te jugeant fade & froid Que pour tirer au put tu n'es pas fortaoroit.	Et j'ose maintenir te jugeant fade et froid Que pour tirer au put tu n'es pas fortaorait.
POTELIN.	POTELIN.
Si tu veux condamner ma poudre & ma ſcience, Du moins que ce ne ſoit qu’aprés l’experience.	Si tu veux condamner ma poudre et ma science, Du moins que ce ne soit qu'après l'expérience.
TRING.	TRING.
Toujours les ignor ins penſent beaucoup ſçavoir.	Toujours les ignor ins pensent beaucoup savoir.
OTELIN.	OTELIN.
Quant tu ſeras d’humeur je te leray bien voir Que Que jell avalleeiien que je ne pumle raire,	Quant tu seras d'humeur je te lerai bien voir Que Que jelé avalleeiien que je ne pumle raire,
FRING.	FRING.
C’eſt peu de ſe vanter, c’eſt tout de ſatisfaire.	C'est peu de se vanter, c'est tout de satisfaire.
Je ſuis preſt.	Je suis prêt.
POTEL.	POTEL.
FRINGAL.	FRINGAL.
De vuider les pots & les tonneaux Et de rendre mvmble un plat de pingeoneaux.	De vider les pots et les tonneaux Et de rendre mumble un plat de phingeoneaux.
N’eſt ce pas le vray but où viſe ta penſée?	N'est ce pas le vrai but où vise ta pensée?
POTELIN.	POTELIN.
Châcun ſçait que l’amour veut de la fricaſſé;	Châcun sait que l'amour veut de la fricassé;
Auſſi ne veux-je pas les bons mots rebuter, Afin d’eſtre aſſés fort pour te culebuter.	Aussi ne veux-je pas les bons mots rebuter, Afin d'être assez fort pour te culebuter.
FRINGALETTE.	FRINGALETTE.
Je tiens qu’aſſeurément il croit parler au verre Car le culebuter, c’eſt tout ce qu’il ſçait faire.	Je tiens qu'assurément il croit parler au verre Car le culebuter, c'est tout ce qu'il avait faire.
RAFIN.	RAFIN.
He!	He!
Tu perds bien ta peine a conter ces frivoles:	Tu perds bien ta peine a conter ces frivoles:
Car elle eſtime autant le vent que tes paroles.	Car elle estime autant le vent que tes paroles.
Tu gaignerois bien plus a renverſer le pot.	Tu gagnerais bien plus a renverser le pot.
A toy mon Potelin.	À toi mon Potelin.
Elle s’en va.	Elle s'en va.
Elle écoute à la porte.	Elle écoute à la porte.
C 2	Ç 2
Po	Po
POTELIN.	POTELIN.
Grand-mercy mon Guillot.	Grand-merci mon Guillot.
Encor chacun ſix coups nous aurons l’avantage D’eſtre les plus ſçavans de tout le voiſinage.	Encor chacun six coups nous aurons l'avantage D'être les plus savants de tout le voisinage.
GUILLOT.	GUILOT.
Il eſt vray.	Il est vrai.
Mais je craitis que coue notre ſçavoir Coûtera nos manteaux.	Mais je craitis que coue notre sçavoir Coûtera nos manteaux.
BOIELIN.	BOIELIN.
Encor le faut-il voir.	Encor le faut-il voir.
BUILLOT.	BUILOT.
C’eſt le diable qu’allant promener à la fête, Un filou de ma bourſe a fait une conquête.	C'est le diable qu'allant promener à la fête, Un filou de ma bourse a fait une conquête.
Ma AEsIRx Moy qui n’ay point d’argent, il faut ſans contredit.	Ma AEsIRx Moi qui n'ai point d'argent, il faut sans contredit.
Ou demeurer en gage, ou me donner credit.	Ou demeurer en gage, ou me donner crédit.
RAFIN.	RAFIN.
Et moy lors que je bois, ce m’eſt une coutume De payer mon Hôteſſe avec un trait de plume.	Et moi lors que je bois, ce m'est une coutume De payer mon Hôtesse avec un trait de plume.
Laiſſons ces menus ſoins au ſon du gobelet, Et ſans nous chagriner danſons nôtre balet.	Laissons ces menus soins au son du gobelet, Et sans nous chagriner dansons notre ballet.
SCENE IX.	SCÈNE IX.
Guillemette & Fringalette.	Guillemette et Fringalette.
GUILLEM.	GUILLEM.
E vin de ces Meſſieurs eſt-il de couleur blêE me?	E vin de ces Messieurs est-il de couleur blène me?
TAAING.	TAING.
FRINGALETTE.	FRINGALETTE.
De quoy vous peinés-vous s’il a receu bapteme.	De quoi vous peinez-vous s'il a reçu baptême.
GUILLEMETTE.	GUILEMETTE.
Voila qui va des mieux.	Voilà qui va des mieux.
Combien ont-ils de pots?	Combien ont-ils de pots?
LETTE.	LETTE.
Je viens d’en tirer quatre & j’ay marqué trois lots.	Je viens d'en tirer quatre et j'ai marqué trois lots.
2	2
GUILLEMETTE.	GUILEMETTE.
I'out cela va tres-bien:	J'out cela va très-bien:
Mais voyons n'ces droles, Ont les gouſſets garnis d’écus ou de piſtoles.	Mais voyons n'ces drôles, Ont les goussets garnis d'écus ou de pistoles.
FRING.	FRING.
Sondés un peu l’affaire, & voyés ce qu’ils font, Sans-vous diſſimuler, je redoute un affront.	Sondez un peu l'affaire, et voyez ce qu'ils font, Sans-vous dissimuler, je redoute un affront.
L’un dit qu’il a perdu ſon argent à la foire, L’autre qu’avec argent, il ne va jamais boire.	L'un dit qu'il a perdu son argent à la foire, L'autre qu'avec argent, il ne va jamais boire.
Faites que leur deſſein vous ſoit bien-tôt connu;	Faites que leur dessein vous soit bientôt connu;
Il vaut mieux prevenir que d’être prevenu.	Il vaut mieux prévenir que d'être prévenu.
SCENE X.	SCÈNE X.
Guillemette, Potelin, Guillot & Rafin.	Guillemette, Potelin, Guillot et Rafin.
GUILLEM.	GUILLEM.
Uoy diable!	Uoi diable!
ces Meſſieurs nous font icy du fin, Ils mangent ma viande & boivent tout mon vin, Cependant je prevois que ces ficheurs de coles N’ont pas a me donner ſeulement deux oboles.	ces Messieurs nous font ici du fin, Ils mangent ma viande et boivent tout mon vin, Cependant je prévois que ces ficheurs de coles N'ont pas à me donner seulement deux oboles.
Par le Dieu des crevés, qu’ils ne s’y frotent pas, * Trois lots ſout ſix pots en Flandre.	Par le Dieu des crevés, qu'ils ne s'y frotent pas, * Trois lots sout six pots en Flandre.
Je leur feray laiſſer chauſſes, ſouliers & bas.	Je leur ferai laisser chausses, souliers et bas.
Même j’ay reſolu ſans aucune remiſe De le faire ſortir de ceans ſans chemiſe.	Même j'ai résolu sans aucune remise De le faire sortir de céans sans chemise.
Ils verront ce que c’eſt de me vouloir tromper.	Ils verront ce que c'est de me vouloir tromper.
POTELIN.	POTELIN.
Hola tiſon d’enfer, que l’on ſonge au ſouper.	Holà tison d'enfer, que l'on songe au souper.
O E TL E E IVI.	Ô E TL E IVI.
Il eſt minuit ſonné, qu’on ſonge à la retraite.	Il est minuit sonné, qu'on songe à la retraite.
GUILLOT.	GUILOT.
Nous allons a l’inſtant chez-nous tout d’une traite.	Nous allons à l'instant chez-nous tout d'une traite.
LAFIN.	LAFIN.
Et moy je te promets qu’avant ſortir d’icy l u ine diras encor douze lon grainercy.	Et moi je te promets qu'avant sortir d'ici l u iné iras encor douze lon grainerci.
GUILLEM.	GUILLEM.
Ce ſera donc ſans vin;	Ce sera donc sans vin;
car la cave eſt fermée.	car la cave est fermée.
RAFIN.	RAFIN.
En l’ouvrant croirois-tu perdre ta renommée.	En l'ouvrant croirais-tu perdre ta renommée.
GUILLEM.	GUILLEM.
Ieon, noir, iiiais y oie uien prucerter hautement Qu’elle ne s’ouvrira qu’avec la clef d’argent.	Jeon, noir, jiais y oie yen prucerter hautement Qu'elle ne s'ouvrira qu'avec la clef d'argent.
OT.	OT.
La clef qu’il faut avoir ſe trouve en ma pachette.	La clef qu'il faut avoir se trouve en ma pachette.
GUILLOT.	GUILOT.
C’eſt avec cette clef que la cave on crochette.	C'est avec cette clef que la cave on crochette.
OT.	OT.
C’eſt avec cette clef qu’on ouvre tous les huis.	C'est avec cette clef qu'on ouvre tous les huis.
RAIl fait ſonner de l’argent & les 2.	RAIl fait sonner de l'argent et les 2.
autres demême.	autres demême.
RAFIN.	RAFIN.
C’eſt avec cette clef qu’on bouché tous pertuis.	C'est avec cette clef qu'on bouché tous pertuis.
GUILLE'M.	GUILÉLÉM.
On ne me paye pas avec des balivernes.	On ne me paie pas avec des balivernes.
GUILLOT.	GUILOT.
Ne peut-on pas tenir des diſcours de Tavernes?	Ne peut-on pas tenir des discours de Tavernes?
Quoy?	Quoi?
n'eſt-il pas pelimis en caeiçant les pots De rire a cœur ouvert au recit des bons mots.	n'est-il pas pelimis en caeiçant les pots De rire a cœur ouvert au récit des bons mots.
GUILLEM.	GUILLEM.
De rire a cœur ouvert?	De rire a cœur ouvert?
il m’eſt bien dificile, Sçachant de bonne part que ta bourſe eſt ſterile.	il m'est bien diicile, Sachant de bonne part que ta bourse est stérile.
GUILLOT.	GUILOT.
Tla!	Tla!
pentens le lujet de ton morne chagrin.	pents le lujet de ton morne chagrin.
GUILLEM.	GUILLEM.
Ha!	Ha!
j’entens le caquet d’un homme ſans fibrin.	j'entends le caquet d'un homme sans fibrin.
GUIL.	GUIL.
Cela ne s’enſuit pas.	Cela ne s'ensuit pas.
GUILEM.	GUILEM.
Et moy j’en ſuis certaine.	Et moi j'en suis certaine.
GUIL.	GUIL.
Il faut a ce moment te retirer de peme.	Il faut à ce moment te retirer de peme.
Racontant une fable inventée à plaiſir.	Racontant une fable inventée à plaisir.
Sçachons-là.	Sachons-là.
GUILEM.	GUILEM.
GUIL.	GUIL.
Je le veux puiſque c’eſt ton deſir.	Je le veux puisque c'est ton désir.
Tu ſçauras qu’ayans veu Fringalette à la porte.	Tu sçauras qu'ayant vu Fringalette à la porte.
Curieuſe d’ouir nos entretiens:	Curieuse d'ouïr nos entretiens:
de ſorte Que demeurans toûjours dans nos diſcours badins Comme c’eſt l’ordinaire entre les francs taupins, ’ay dit, en ſouriant, la voyant d’humeur noire Qu’on avoit filouté mon argent à la foire.	de sorte Que demeurants toujours dans nos discours badins Comme c'est l'ordinaire entre les francs taupins, aay dit, en souriant, la voyant d'humeur noire Qu'on avait filouté mon argent à la foire.
Si bien que mes amis en même temps m’ont dit.	Si bien que mes amis en même temps m'ont dit.
Qu’ils avalent toûjours ſous eſpoir de credit.	Qu'ils avalent toujours sous espoir de crédit.
Je jure, neanmoins par ma groſſe bedaine ue nous n’avons rien dit que pour te mettre en peine.	Je jure, néanmoins par ma grosse bedaine ue nous n'avons rien dit que pour te mettre en peine.
Sçachant bien que la fole écoutoit a deſſein De te conter le tout ſans attendre à demain.	Sachant bien que la sole écoutait a dessein De te conter le tout sans attendre à demain.
GUILEM.	GUILEM.
Ta belle invention eſt certes peu ſubtile miuui celanen mon doute & renorun ma bile;	Ta belle invention est certes peu subtile mivi celanen mon doute et renorun ma bile;
’eſtime ce diſcours tout autant qu’un beau rien, Qui veut me contenter, faut qu’il me die tien.	> estime ce discours tout autant qu'un beau rien, Qui veut me contenter, faut qu'il me die tien.
RAFIN.	RAFIN.
Coupe-là ton ſermon, ſans faire la revéche, On ne doit écouter une femme qui préche.	Coupe-là ton sermon, sans faire la revéche, On ne doit écouter une femme qui préche.
GUILEM.	GUILEM.
On la doit écouter préchant la verité.	On la doit écouter préchant la vérité.
GOIL.	GOIL.
Tu doutes donc encor de ma ſincerité?	Tu doutes donc encor de ma sincérité?
Voila dequoy payer ton vin & ta viande.	Voilà dequoy payer ton vin et ta viande.
* παι Iire, tire du bon.	* „ Jire, tire du bon.
GUILEM.	GUILEM.
Puis je t’obeïray.	Puis je t'obéirai.
Donne-moy cette offrande Il montre une piſtole.	Donne-moi cette offrande Il montre une pistole.
GUIL.	GUIL.
GUILEM.	GUILEM.
Me prens tû pour un ſot?	Me prends tu pour un sot?
GUIL.	GUIL.
Il en faut encor plus pour effacer l’écot.	Il en faut encor plus pour effacer l'écot.
RAFIN.	RAFIN.
C’eſt trop s’entretenir ſur un ſujet ſi fade, Puiſque Guillot & moy & nôtre camarade Avons aſſes d’argent pourte blen.	C'est trop s'entretenir sur un sujet si fade, Puisque Guillot et moi et notre camarade Avons asses d'argent pourte blen.
.	.
.	.
Tire, tire du bon.	Tire, tire du bon.
GUIL.	GUIL.
Je vay t’en preſenter.	Je vais t'en présenter.
Mais a condition qu’en moins de demie heure L’on retourne ſans bruit châcun en ſa demeure.	Mais a condition qu'en moins de demie heure L'on retourne sans bruit chacun en sa demeure.
FAIEE.	FAYE.
Souffre-nous ſeulement une heure aprez minuit, Et nous irons tous trois ches-nous ſans faire bruit.	Souffre-nous seulement une heure apprès minuit, Et nous irons tous trois chez-nous sans faire bruit.
GUILEM.	GUILEM.
Ie m’en vay donc remplir trois ou quatre bouteilles.	Je m'en vais donc remplir trois ou quatre bouteilles.
POT.	POT.
O!	Ô!
que ces mots charmans châtoüillent mes oreilles.	que ces mots charmands châtoüillent mes oreilles.
RAFIN.	RAFIN.
Va, va, n’arréte pas.	Va, va, n'arrête pas.
Apportes-nous du bon, Et pour le bien goûter, la trenche de Jambon.	Apportes-nous du bon, Et pour le bien goûter, la trenche de Jambon.
GUIL.	GUIL.
Nôtre Hôteſſe eſt encor d’une humeur complaiſante.	Notre Hôtesse est encor d'une humeur complaisante.
Je ne m’attendois pas de la voir ſi galante.	Je ne m'attendais pas de la voir si galante.
Te	Te
POT.	POT.
Bien loin de là, j’ay creu la voyant enrager Qu’il faloit déloger ſans boire & ſans manger, Maintenant tout y va & nous fait bonne mine.	Bien loin de là, j'ai cru la voyant enrager Qu'il fallait déloger sans boire et sans manger, Maintenant tout y va et nous fait bonne mine.
RAFIN.	RAFIN.
Deux choſes font l’hôteſſe agreable & chagrine;	Deux choses font l'hôtesse agréable et chagrine;
Montre-iuy des ecus, tarexente à cnanter?	Montre-jui des écus, tarexente à cnanter?
Demandes-luy credit, tu la fais lamenter.	Demandes-lui crédit, tu la fais lamenter.
GUIL.	GUIL.
Paix, je la vois venir, elle eſt devant la porte.	Paix, je la vois venir, elle est devant la porte.
GUILEM.	GUILEM.
«oley tedo vosioauartos.	«oley tedo vosioavartos.
RAFIN.	RAFIN.
bien venu qui aporte.	bien venu qui apporte.
POT.	POT.
Aux armes Champions, deffens-toy vaillamment.	Aux armes Champions, défends-toi vaillamment.
GUIL.	GUIL.
J’accepte le deffy.	J'accepte le défi.
Donne-donc galamment.	Donne-donc galamment.
O T.	Ô T.
Prens garde, ce coup là s’en va droit à la bouche.	Prends garde, ce coup là s'en va droit à la bouche.
COIE.	COIE.
Pouſſe, j’en ſouffriray tres-volontiers la touche.	Pousse, j'en souffrirai très-volontiers la touche.
Voila qui va de bon.	Voilà qui va de bon.
POT.	POT.
RAFIN.	RAFIN.
Je m’en vay t’imiter.	Je m'en vais t'imiter.
O le brave eſcrimeur!	Ô le brave escrimeur!
GUILLEMETTE.	GUILEMETTE.
Vive la bonne humeur Joſe bien publier ſans aucune ironie Que je prens du plaiſir en telle compagnie.	Vive la bonne humeur Jose bien publier sans aucune ironie Que je prends du plaisir en telle compagnie.
GUILLOT.	GUILOT.
Je croit que nôtre Hôteſſe aura beu be ſon vin, Auenlein de parler riebreux, Grec ou Latin;	Je croit que notre Hôtesse aura bu e son vin, Avenlein de parler riebreux, Grec ou Latin;
Car elle a dit un mot qui n’eſt pas ordinaire.	Car elle a dit un mot qui n'est pas ordinaire.
OTEL.	OTEL.
Ironie en effet ne ſent pas le vulgaize.	Ironie en effet ne sent pas le vulgaize.
GUILLOT.	GUILOT.
Vire la bonne Hôteſſe.	Vire la bonne Hôtesse.
A ſa Santé de ſix.	À sa Santé de six.
RAFIN.	RAFIN.
Tope à cette lente, quanc ce icroic de dix	Tope à cette lente, quanc ce icroic de dix
GUILLEM.	GUILLEM.
Sus, Meſſieurs faiſon fin.	Sus, Messieurs saison fin.
POT.	POT.
Tu parle de rançune.	Tu parle de rançune.
Atane niit il faue que je mange & petune, Et que je moüille encore pour eteindre un braſier, Qui paſſé dix-huit ans m’enflame le gozier.	Atane niit -il fave que je mange et petune, Et que je moüille encore pour éteindre un brasier, Qui passé dix-huit ans m'enflamme le gozier.
Cependant fait le compte,	Cependant fait le compte,
GUILLEM.	GUILLEM.
Auſſi le vay-je faire, Mais que chacun s’appréte à me bien ſatisfaire.	Aussi le vais-je faire, Mais que chacun s'apprête à me bien satisfaire.
SCEFAprez avoir beu il s’apuie ſur la t able & ſomeille,	SCEFAprez avoir bu il s'appuie sur la t able et someille,
SCENE XI.	SCÈNE XI.
Guillot, Potelin, Rafin & Fringalette.	Guillot, Potelin, Rafin et Fringalette.
GUILLOT.	GUILOT.
S'éveillant:	S'éveillant:
Uel accident nouveau rend mes ſens étourdi  Que fait tu Potenn ?	Oùel accident nouveau rend mes sens étourdi Que fait tu Potenn ?
Ois tu ce que je dis?	Ois tu ce que je dis?
Quelle deffluction me vient troubler la veuë?	Quelle défluction me vient troubler la vue?
OT.	OT.
Cher amy je ne ſçait, La miene d'epourveuë De la vive clairté quelle avoit ce matin qe conduit à lebours.	Cher ami je ne sait, La miene d'epourveuë De la vive clairté quelle avait ce matin qe conduit à lébours.
O mairieureux Deſtin!	Ô mairieureux Destin!
Morboy je ſuis attaint de quelque malefice, Quand je penſe avancer, je marche en écrevice.	Morboi je suis attaint de quelque maléfice, Quand je pense avancer, je marche en écrevice.
GUILLOT.	GUILOT.
C’eſt un Aſtre nouveau qui domine ſur nous:	C'est un Astre nouveau qui domine sur nous:
Car mes pieds engourdis ſe ſervent des genous;	Car mes pieds engourdis se servent des génous;
Et lor qu’obliquement je regarde la lune, Il ſemble que j’en vois trois ou quatre pour une.	Et lor qu'obliquement je regarde la lune, Il semble que j'en vois ais ou quatre pour une.
POTEL.	POTEL.
Dans l’eſtat où je ſuis, les clair flanbeaux des Cieux.	Dans l'état où je suis, les clair flambeaux des Cieux.
Sont tous egalement éclipſés a mes yeux, Rangry, je ſuis perdu, ma tête traverſée Eſt en un tourne main à tes pieds renverſée, Et mon pauvre eſtomach devoyé d’un tel choc Degorge inceſſament hec & hac, hic & hoc,	Sont tous également éclipsés à mes yeux, Rangri, je suis perdu, ma tête traversée Est en un tourne main à tes pieds renversée, Et mon pauvre estomac , devoyé d'un tel choc Degorge incessament h et ac, hic , hoc,
RAS	RAS
RAFIN.	RAFIN.
par bleu c’eſt ſans raiſon que tu me roms la téte.	par bleu c'est sans raison que tu me roms la tête.
Plus devient tu ſçavant, & plus tu fais la bête.	Plus devient tu savant, et plus tu fais la bête.
Ne reconnois-tu pas que * l’ame du feſtin Te fait enfler le cœur pour cracher du Latin.	Ne reconnais-tu pas que * l'âme du festin Te fait enfler le cœur pour cracher du Latin.
Guillemette a promis ſans fard & ſans ambage Qu’avant ſortir d’icy ſon vin nous rendroit ſage:	Guillemette a promis sans fard et sans ambage Qu'avant sortir d'ici son vin nous rendrait sage:
Qu’il nous feroit parler trois Langues fans rever Pour moy je l es ſçauray qu’ant j’en devroit crever.	Qu'il nous ferait parler trois Langues sans rêver Pour moi je l ' aurai qu'ant j'en devrait crever.
POTEL.	POTEL.
Et moy je ſuis ſi plein de langue que je créve:	Et moi je suis si plein de langue que je crève:
Neamoins tu vois bien que j’eſtravague & revé.	Namoins tu vois bien que j'étravague et revé.
Et même que ſon vin ne ſert qu’à moutrager, Il traverie ma pance & me lalt emager, Si cela continue, en bonne foy je jure Que mes boyaux rendront toutes leur garniture.	Et même que son vin ne sert qu'à moutrager, Il traverie ma pance et me lalt emager, Si cela continue, en bonne foi je jure Que mes boyaux rendront toutes leur garniture.
RAFIN.	RAFIN.
Courage mon cochon, courage mon canard, Je te vois en eſtat de chaſſer le renard;	Courage mon cochon, courage mon canard, Je te vois en état de chasser le renard;
Le vona paroſant au bord de la camere, Mais ne le laiſſe pas échaper par derriere,	Le vona parosant au bord de la camère, Mais ne le laisse pas échapper par derrière,
POTEL.	POTEL.
La, la, la, le voila.	La, la, la, le voilà.
la, la, le voila.	la, la, le voilà.
RAFIN.	RAFIN.
Guillot mon cher amy quel renard eſt ce là?	Guillot mon cher ami quel renard est ce là?
Regarde, je te prie, il na ni cu ni tête.	Regarde, je te prie, il na ni cv ni tête.
GUILLOT.	GUILOT.
C’eſt pourtant un renard.	C'est pourtant un renard.
* Le vin eſt l’ame du feſtin.	* Le vin est l'âme du festin.
Ria.	Ria.
RAFIN.	RAFIN.
O la vilaine bête.	Ô la vilaine bête.
GUILOT.	GUILOT.
Un renard, qu’ay-je dit?	Un renard, qu'ai-je dit?
C’eſt plus-tôt un treſor Qui vient nous figurer, un nouveaux ſiecle d’or,	C'est plutôt un trésor Qui vient nous figurer, un nouveaux siècle d'or,
FRINGAL.	FRINGAL.
Un ſiecle d’or vrayment, mais un ſiecle d’ordure Qui ne produit ici que de la pouriture, Et de la puanteur.	Un siècle d'or vraiment, mais un siècle d'ordure Qui ne produit ici que de la pouriture, Et de la puanteur.
La peſte du pourceau;	La peste du pourceau;
Que n’eſt, il dans la mer plongé juſqu’au muſeau,	Que n'est, il dans la mer plongé jusqu'au museau,
RAFIN.	RAFIN.
Laiſſons-làbarboter.	Laissons-làbarboter.
Et voyant ces cicheſſ es Remercions Bacus qui nous en fait largeſſes	Et voyant ces cichess ès Remercions Bacus qui nous en fait largesses
SCIEHOT.	SCIEHOT.
Leve toy, leve-toy, regarde les preſens De ce Dieu liberal.	Leve toi, lève-toi, regarde les présents De ce Dieu libéral.
Offrons-luy nos encens.	Offrons-lui nos encens.
POTELIN.	POTELIN.
Dormons, dormons une heure en ce lieu delectable, Aprez quoy, ſans tarder, d’une mine agreable Tvous iuy prerenterono nos veres de nos pots, Sur le cul d’un tonneau bien parfumé de rots:	Dormons, dormons une heure en ce lieu délectable, Aprez quoi, sans tarder, d'une mine agréable Tvous jui prérenterono nos vères de nos pots, Sur le cul d'un tonne bien parfumé de rots:
Car l’encens le plus fin que le monde luy porte Eſt toujours compoſé d’une ſemblable ſorte.	Car l'encens le plus fin que le monde lui porte Est toujours composé d'une semblable sorte.
GUILLOT.	GUILOT.
Il faut encor offrir nos cœurs & nos eſprits A ce grand favori de la belle Cipris:	Il faut encor offrir nos cœurs et nos esprits A ce grand favori de la belle Cipris:
Et le dormir paſſé luy faire ſacrifice ** Elle ſort & écoute a la porte.	Et le dormir passé deux faire sacrifice * Elle sort et écoute à la porte.
D’un flacon d’eau de vie avec un pain d’epice Trois de bon vin d’eſpagne, & du meilleur d’Arbois Autant qu’il en faudra pour animer nos vois En les bien fredonnant aux gambade bachiques, Quant nous feront à trois retentir nos muſique,	D'un flacon d'eau de vie avec un pain d'épice Trois de bon vin d'espagne, et du meilleur d'Arbois Autant qu'il en faudra pour animer nos vois En les bien fredonnant aux gambade bachiques, Quant nous feront à trois retentir nos musique,
RAFIN.	RAFIN.
Toy comme ſon mignon, & premier favori, Tu menera le branle & le charivari;	Toi comme son mignon, et premier favori, Tu mènera le branle et le charivari;
Et tant nous vuiderons tour a tour un grand vaſe Qu’à la fin nous ſeront ravis comme en extaſe.	Et tant nous viderons tour à tour un grand vase Qu'à la fin nous seront ravis comme en extase.
POTELIN.	POTELIN.
Je ſouſcris de grand cœur à cette invention	Je souscris de grand cœur à cette invention
GUILLOT.	GUILOT.
J’en ſuis d’accord auſſi, mais a condition Que celuy de nous trois qui ſe premier s’éveille Ait ſoint de bien garnir le plat & la bouteille.	J'en suis d'accord aussi, mais a condition Que celui de nous trois qui se premier s'éveille Ait soint de bien garnir le plat et la bouteille.
POHMHATT.	POHMHATT.
Fringalette, Guillem.	Fringalette, Guillem.
Potel, Guillot & Rafin	Potel, Guillot et Rafin
FRING.	FRING.
Entens que ces fripons parlent de repoſer, S’ils en ont le deſſein, il s’y faut oppoſer,	Entends que ces fripons parlent de reposer, S'ils en ont le dessein, il s'y faut opposer,
GUILLEM.	GUILLEM.
Ie leur feray bien-tôt reformer ce langage Demandant de l’argent où leur manteaupour gage, Sça, Sça, ça, payés l’écot ſans parler de coucher Si le dormir vous plait, l’argent m’eſt bien plus cher Nẽ penſés fermer l’œil ſans me rendre contente.	Je leur ferai bientôt réformer ce langage Demandant de l'argent où leur manteaupour gage, Sça, Sça, ça, payez l'écot sans parler de coucher Si le dormir vous plaît, l'argent m'est bien plus cher Noù pensez fermer l'œil sans me rendre contente.
POTELIN.	POTELIN.
Que te faut-il guenon;	Que te faut-il guenon;
Qu’eſt ce que tu demande?	Qu'est ce que tu demande?
Ne vois tu pas de l’or au pied de ce tonneau?	Ne vois tu pas de l'or au pied de ce tonneau?
GUILLEM.	GUILLEM.
De l’or?	De l'or?
vrayment de l’or, mais de l’or de pourceaù Nuit & jour mes enfans, mes cochons & mes oyes Me forgent ſans marteau de ſamblables monnoyes.	vraiment de l'or, mais de l'or de pourceaù Nuit et jour mes enfants, mes cochons et mes oies Me forgent sans marteau de samblables monnoyes.
Va-t’en conter ailleurs ces diſcours impudens.	Va-t'en conter ailleurs ces discours impudents.
Autrement de ce pot je te caſſe les dents.	Autrement de ce pot je te casse les dents.
POT.	POT.
Paix, paix, remets un peu ta colere en ſa gaine.	Paix, paix, remets un peu ta colère en sa gaine.
A trop crer ſouvent on gaigne courte naleine.	À trop crer souvent on gagne courte naleine.
A quoy bon ces tranſports, puiſque tu ſçais for bien Que je t’ay la rendu ton liquide chrêtien.	À quoi bon ces transports, puisque tu sais for bien Que je t'ai la rendu ton liquide chrétien.
GUILLEM.	GUILLEM.
Ne dis rien de mon vin, c’eſt une pure eſſence.	Ne dis rien de mon vin, c'est une pure essence.
POTEL.	POTEL.
Pardon, deux fois pardon.	Pardon, deux fois pardon.
Si ce diſcours t’offence Et te chagrine crop, je veux ine recracter, Ton vin n’eſt pas chrêtien:	Si ce discours t'offense Et te chagrine crop, je veux in cracter, Ton vin n'est pas chrétien:
mais je crains d’alterer Et d’emouvoir encor ton humeur colerique Si je dis ſans flater que c’eſt un hidropique.	mais je crains d'altérer Et d'émouvoir encor ton humeur colérique Si je dis sans flatter que c'est un hydropique.
GUILLEM.	GUILLEM.
Hidropique ou chrêtien, je te jure, inſololent, Qu’il me ſera payé pour un vin excellent.	Hidropique ou chrétien, je te jure, insolent, Qu'il me sera payé pour un vin excellent.
RA	RA
RAFIN.	RAFIN.
Tu luy demande à tort, puiſque ſans impoſture.	Tu lui demande à tort, puisque sans imposture.
Il t’a rendu ton vin, ta ſauce & ta friture.	Il t'a rendu ton vin, ta sauce et ta friture.
GUILLOT.	GUILOT.
Il n’eſt rien de plus ſur, le voila, tu le vois;	Il n'est rien de plus sur, le voilà, tu le vois;
En bonne foy, veux-tu qu’on te paye deux fois.	En bonne foi, veux-tu qu'on te paie deux fois.
GUILLEM.	GUILLEM.
Infame gadoüart, je ſouhaite qu’il n’entre.	Infâme gadouart, je souhaite qu'il n'entre.
Le reſte de tes jours autre choſe en ton ventre Que ce que je reçois de ſon puant gozier.	Le reste de tes jours autre chose en ton ventre Que ce que je reçois de son puant gozier.
Qu’on ne me fache plus.	Qu'on ne me fache plus.
Vois-tu bien c’eſt acier?	Vois-tu bien c'est acier?
J’en coupe & cetera, ſi vite l’on ne donne Sans plus me grimacer, dequoy garnir ma tonne.	J'en coupe et cetera, si vite l'on ne donne Sans plus me grimacer, dequoy garnir ma tonne.
GUILLOT.	GUILOT.
Hola, retirons nous.	Holà, retirons nous.
Rafin mon cher compere.	Rafin mon cher compère.
Rien n’eſt ſi dangereux qu’une femme en colere.	Rien n'est si dangereux qu'une femme en colère.
Il vaudroit beaucoup mieux nous en aller tous hus Que nous faire couper les boulets de Venus.	Il vaudrait beaucoup mieux nous en aller tous hus Que nous faire couper les boulets de Venus.
RAFIN.	RAFIN.
Pour moy, tout de premier, je veux ouvrir la bourſe De crainte d’encourir la rage de cette Ourſe.	Pour moi, tout de premier, je veux ouvrir la bourse De crainte d'encourir la rage de cette Ourse.
Tire monnoye auſſi, ſans beaucoup caquerer.	Tire monnoie aussi, sans beaucoup caquerer.
Guillemette viens cy, te plait-il de contei?	Guillemette viens cy, te plaît-il de contei?
Aproche vitement, qu’eſt ce qui te retarde?	Aproche vitement, qu'est ce qui te retarde?
GUIL	GUIL
GUILLEM.	GUILLEM.
Tout premier il me faut quatre ſols de moûtarde:	Tout premier il me faut quatre sols de moutarde:
Cinq & demy de pain, de pâté vingt & un:	Cinq et demi de pain, de pâté vingt et un:
De pipes quatre ſols, & treize de petun:	De pipes quatre sols, et treize de pétun:
Dix huit de jambon, autant de carbonade:	Dix huit de jambon, autant de carbonade:
Quinze d’un ris de veau, & dix d’une poivrade:	Quinze d'un ris de veau, et dix d'une poivrade:
Sep pots de vin clairet, & deux de vray muſcat, Si bien que pour ta part fant tirer un ducat.	Sep pots de vin claire, et deux de vrai muscat, Si bien que pour ta part fant tirer un ducat.
vonaconlane RATIN.	vonaconlane RATIN.
OTEL.	OTEL.
Morbleu comme diable on nous grille	Morbleu comme diable on nous grille
GUILLOT.	GUILOT.
Il faut paſſer par là, nous logeons à retriile.	Il faut passer par là, nous logeons à retriile.
OTEL.	OTEL.
Faiſons là recompter, il y a de l’erreur.	Faisons là recompter, il y a de l'erreur.
RAFIN.	RAFIN.
Nous n’y gaignerons rien, je connois ſon humeur.	Nous n'y gagnerons rien, je connais son humeur.
GUILLOT.	GUILOT.
Tenons nous à cecy ſans beaucoup contredire;	Tenons nous à ceci sans beaucoup contredire;
Crainte qu’en recomptant elle faſſe encor pire.	Crainte qu'en recomptant elle fasse encor pire.
J’ay veu plus de ſix fois l’ecorcheuſe Margot.	J'ai vu plus de six fois l'écorcheuse Margot.
Compter deux ou trois fois en redoublans l’ecot.	Compter deux ou trois fois en redoublants l'écot.
Tiens, voila ton argent, & crois je te ſuplie.	Tiens, voilà ton argent, et crois -je te suplie.
Que je ſuis ton amy.	Que je suis ton ami.
GUIL.	GUIL.
GUILLEM.	GUILLEM.
Et moy ta bonne amie.	Et moi ta bonne amie.
OTEL.	OTEL.
Et moy je ne veux pas reſter ton emnemy	Et moi je ne veux pas rester ton emnemi
GUILLEM.	GUILLEM.
Quant tu m’auras payé, tu ſeras mon amy.	Quant tu m'auras payé, tu seras mon ami.
OTEL.	OTEL.
S’il ne tient qu’à cela, change moy la piſtole.	S'il ne tient qu'à cela, change -moi la pistole.
GUILLEM.	GUILLEM.
Meſſieurs venés à moy, ça que je vous acole.	Messieurs venez à moi, ça que je vous acole.
Faites moy la faveur de me revenir voir, Et croyés que ceans vous avés tout pouvoir.	Faites -moi la faveur de me revenir voir, Et croyez que ce vous avez tout pouvoir.
Embarboüillez la table, & parfumez la chambre.	Embarbouillez la table, et parfumés la chambre.
De parfum du ponant au lieu de muſc & d’ambre.	De parfum du ponant au lieu de musc et d'ambre.
Piſſés ſur mes chenets, vomiſſes dans mes plats, Devorez mes jambons, mangez mes cervelats;	Pissez sur mes chenets, vomisses dans mes plats, Devorez mes jambons, mangez mes cervelats;
rourveu qu’apres cela vous me rendiés contente.	rourvu qu'après cela vous me rendiez contente.
Et que vous ayez ſoin de ma bonne ſervante, Je jures ſur la foy d’une Hoteſſe de bien, Le fiſſiez vous cent fois, que nous n’en dirons rien.	Et que vous ayez soin de ma bonne servante, Je jures sur la foi d'une Hotesse de bien, Le fissiez vous cent fois, que nous n'en dirons rien.
D2	D2
FRING.	FRING.
Pour abreger le tems qui mointenant me preſſe.	Pour abréger le temps qui mointenant me presse.
Je me tient au diſcours qu’à tenu la Maitreſſe, En concluant comme elle, & proteſtant à tous Que le jaune & le blanc ont tout pouvoir ſur nous.	Je me tient au discours qu'à tenu la Maîtresse, En concluant comme elle, et protestant à tous Que le jaune et le blanc ont tout pouvoir sur nous.
IN.	IN.
Source gallica.	Source galica.
bnt fr ( Bibliothèque nationale de France	bnt fr ( Bibliothèque nationale de France
