CAPR	CAPR
A MADAME DE RIS.	À MADAME DE RIS.
MADAME, Vout auez des lumieres ſi iuſtes pour le diſcernement des belles choſes, que ie dois avoir bien de la confuſion, lors que i'oſe Vous preſenter vn ouvrage d’außi peu de valeur que l'eſt cette petite Comedie:	MADAME, Vout avez des lumières si justes pour le discernement des belles choses, que venir dois avoir bien de la confusion, lors que j'ose Vous présenter un ouvrage d'avez peu de valeur que l'est cette petite Comédie:
Mais MADAME, ſon peu de merite auoit trop de beſoin du voſtre pourme pou voir raiſonnablement diſpenſer de luy procurer vn ſi haut appuy, & n'eſtimant pas par ma propre connoiſſance, qu’elle ſe pût ſouſtenir d’elle meſme ie me ſuis perſuadé que pour luy donner du credit, & la deguiſer aux yeux de mes ſenſeurs, ie deuois la voiller d’vn nom außi glorieux que le voſtre.	Mais MADAME, son peu de mérite avait trop de besoin du Roi pourme pou voir raisonnablement dispenser de même procurer un si haut appui, et n'estimant pas par ma propre connaissance, qu'elle se pût soutenir d'elle même été me suis persuadé que pour lui donner du crédit, et la déguiser aux yeux de mes senseurs, ie deuois la voiller d'un nom aussi glorieux que le vôtre.
Ouy MADAME, voſtre illuſtre Nom luy tiendra lieu d’vn criſtal dont la pureté rendant les objets tels qu’il les reçoit, ne laiſſe pas de les adoucir:	Oui MADAME, votre illustre Nom lui tiendra lieu d'un cristal dont la pureté rendant les objets tels qu'il les reçoit, ne laisse pas de les adoucir:
Cette meſme pureté que chacun conſidere en Vous, comme l'Aſtre qui conduit toutes vos actions, luy ſeruira de deffence contre les atteintes de la Mediſance, & les Rayons de voſtre Beauté reflechiſſans ſur ſes deftauts, on luy trouvcra des agréments que de moindres charmes n’auroient pû luy deſuoiller.	Cette même pureté que chacun considère en Vous, comme l'Astre qui conduit toutes vos actions, Seigneur servira dé sensé contre les atteintes de la Médisance, et les Rayons de votre Beauté réflechissants sur ses défauts, on lui trouvcra des agréments que de moindres charmes n'auraient pu lui desuoiller.
Ie ſuis ſi conuaincu de cette verité MADAME, que ie me figure deſia la voir dans la Boutique de ſon Imprimeur diſputer des belles places, auec les plus puiſſans volumes, toute glorieuſe de porter vos couleurs, & d’auoir attiré à ſon Autheur la qualité de	Je suis si convaincu de cette vérité MADAME, que je me figure déjà la voir dans la Boutique de son Imprimeur disputer des belles places, avec les plus puissants volumes, toute glorieuse de porter vos couleurs, et d'avoir attiré à son Auteur la qualité de
MADAME,	MADAME,
ACTEVRS.	ACTEURS.
LELIE, Amoureux de Luereſſe.	LELIE, Amoureux de Lueresse.
RISPIN, Kalet de Lelie.	RISPIN, Alet de Lélie.
LVCRESSE, Maiſtreſſe de Lelie, Pupille de Geronte.	LVCRESSE, Maîtresse de Lélie, Pupille de Géronte.
BEATRIS, Seruante de Lucreße.	BEATRIZ, Servante de Lucresse.
ARISTE, Docteur amoureux de Lucreſſe.	ARISTE, Docteur amoureux de Lucresse.
L’ALLEMAND, Valet de Geronte.	L'ALLEMAND, Valet de Géronte.
TIRBAVTES, Valet en habit Affriquain.	TIRBAUTES, Valet en habit Affriquain.
Suitte d’Affriquains.	Suite d'Afriquains.
La Scene eſt à Paris.	La Scène est à Paris.
L’AMBASSADEVR SATINTE VE.	L'AMBASSADEUR SATINTE VE.
SCENE I.	SCÈNE I.
BEATRIS, LELIE, CRISPIN BEATRIS.	BEATRIZ, LELIE, CRISPIN BEATRIZ.
A foy vos affaires vont mal M Monſieur vous avez vn Riual.	À foi vos affaires vont mal M Monsieur vous avez un Rival.
A qui Geronte en voſtte abſence A donné beaucoup d'eſperance Ie crains pour vous parler ſans fard Que vous ſovez reuenu tard Et qu’il n’aiſt desia fait promeſſe De marier voſtre Maiſtreſſe A ce fortuné mal-autrû.	À qui Géronte en vostte absence A donné beaucoup d'espérance Je crains pour vous parler sans fard Que vous souvez revenu tard Et qu'il n'ait déjà fait promesse De marier votre Maîtresse À ce fortuné mal -autrû.
LELIE.	LELIE.
Pla.	Pla.
Deatns, que ine dis-ta?	Deatns, que ine dis-ta?
BEATRIS.	BEATRIZ.
Ie dis qu’il n’eſt pas temps de rire Et qu’il faut ſonger à deſtruire Vn ſi prompt, & ſi grand revers Les chemins vous en ſont ouverts Par l’advis que ie vous en donne, Paſttes qu’aucun ne me ioupconne De vous auoir rien deſcouvert.	Je dis qu'il n'est pas temps de rire Et qu'il faut songer à détruire Un si prompt, et si grand revers Les chemins vous en sont ouverts Par l'avis que sans vous en donne, Pasttes qu'aucun ne me jouponne De vous avoir rien découvert.
LELIE.	LELIE.
Beatris, tu me prends ſans vert, Quoy ſe pourroit il que Lucreſſe Euſt manqué pour moy de tendreſſe.	Béatris, tu me prends sans vert, Quoi se pourrait -il que Lucresse Eut manqué pour moi de tendresse.
BEATRIS.	BEATRIZ.
Non ne vous en allarmez point Elle vous ayme au dernier point:	Non ne vous en alarmez point Elle vous aime au dernier point:
Mais ſon tuteur tout au contraire Vous haiſſant, la deſeſpere Il l’aduertit hier au ſoir Qu’il la vouloit demain pourvoir.	Mais son tuteur tout au contraire Vous haïssant, la désespère Il l'avertit hier au soir Qu'il la voulait demain pourvoir.
Et que pour ne la point ſurprendre.	Et que pour ne la point surprendre.
Elle ne deuoit point s’attendre A vous, iugez de ſon ennuy Si ce rival vient auiourd’huy C’eſt vne aſſaire qui vaut faitte Songez donc à quelque deffaitte Qui vous puiſſe mettre tous deux Vn iour au comble de vos vœux.	Elle ne devait point s'attendre À vous, jugez de son ennui Si ce rival vient aujourd'hui C'est une assaire qui vaut faites Songez donc à quelque défaite Qui vous puisse mettre tous deux Un jour au comble de vos vœux.
Noſtre vieux reſte de voirie, Eſt allé voir ſa meſtairye Il à meſme opportunément Avec luy mené l’Allemant De ſorte que par mon adreſſe vous pourrez parier a Luereſſe Si vous le voulez.	Notre vieux reste de voirie, Est allé voir sa métairie Il à même opportunément Avec lui mené l'Allemant De sorte que par mon adresse vous pourrez parier à Luveresse Si vous le voulez.
LELIE.	LELIE.
Mais dis-moy De ce riual quel eſt l’employ?	Mais dis-moi De ce rival quel est l'emploi?
BEATRIS.	BEATRIZ.
C’eſt ie penſe vn viel pedagogue Iſſu de quelque Sinagogue Le premier iour qu’il vint chez nous Faire à Lucreſſe les yeux doux Il avoit la teſte pelée Mais comme dans vne aſſemblée Le meſme iour on le railla Sur ſon amour, & ſur cela Il a povr ſuiure le grand monde Pris depuis la perruque blonde Mais d’vn blond de telle couleur Que malgré voſtre triſte humeur Quand vous verrez ce viel ſatyre Vous ne vous tiendrez pas de rire Enfin c’eſt vn original De maſque en temps de carnaual Et vous n’auez point veu paroiſtre.	C'est assez pense un viel pédagogue Issu de quelque Synagogue Le premier jour qu'il vint chez nous Faire à Lucresse les yeux doux Il avait la tête pelée Mais comme dans une assemblée Le même jour on le railla Sur son amour, et sur cela Il a pour suivre le grand monde Pris depuis la perruque blonde Mais d'un blond de telle couleur Que malgré votre triste humeur Quand vous verrez ce viel satire Vous ne vous tiendrez pas de rire Enfin c'est un original De masque en temps de carnal Et vous n'avez point vu paroistre;
LELIE.	LELIE.
Et ſon nom le ſçais-tu?	Et son nom le sais-tu?
BEATRIS.	BEATRIZ.
Peut eſtre Atrendez.	Peut être Atrendez.
Ma foy ie le tiens C’eſt Ariſte ie m’en ſouviens	Ma fo ie le tiens C'est Ariste ie m'en souviens
Ariſte?	Ariste?
LELIE.	LELIE.
BEATRIS.	BEATRIZ.
Ouy.	Oui.
LELIE.	LELIE.
Ce ridicule Qui ne connoiſt que ſaferrule Songeroit à ce marier?	Ce ridicule Qui ne connaît que saferrule Songerait à ce marier?
BEATRIS.	BEATRIZ.
Ouy, n’eſt-ce pas vn bel ouvrier Pour vne pareille beſogne.	Oui, n'est-ce pas un bel ouvrier Pour notre pareille besogne.
Ie voudrois bien qu’vn tel Iean-logne s’addreſſaſt à moy pour cela.	Je voudrais bien qu' tel Jean-logne s'adressât à moi pour cela.
CRISPIN.	CRISPIN.
Tu chanterois Alleluya Me qua Mannico.	Tu chanterais Alleluya Me qua Mannico.
BEATRIS.	BEATRIZ.
Ie vous iure Que ie l’enuoyrois turelure Et luy caſſerois le muſeau.	Je vous jure Que rien l'enuoyrois turelure Et tu casserais le museau.
C’eſt bien viande pour ſon oyſeau Seſmon ma foy.	C'est bien viande pour son oiseau Sémon ma foi.
ONlorIlvo La bonne peſte	ONlorIlvo La bonne peste
LELIE.	LELIE.
Nous n’avons pas de temps de reſte, Adieu Beatris, laiſſe moy Ie vais mediter comme quoy Man esoleuouda pu audrene Ie pourray deſlivrer Lucreſſe Des pourſuittes de ce Docteur.	Nous n'avons pas de temps de reste, Adieu Béatris, laisse -mo Ie vais -moi -m quoi Man esoleuouda pu audrène Je pourrai délivrer Lucresse Des poursuittes de ce Docteur.
DEAIRIS.	DEAIRIS.
Il m'a miſe en mauvaiſe humeur Ce bouquin de plus d’vne race.	Il m'a mise en mauvaise humeur Ce bouquin de plus d'une race.
LELIE.	LELIE.
Va, va Beatris quoy qu’il faſſe Crois que i’en viendray bien à bout Aduertis Lucreſſe de tout Cependant, tu peux faire conte Qu’auant le retour de Geronte Que tu m’as dit eſtre dehors I’auray fait de puiſſans effors Pour deſtruire noſtre adverſaire Comme ie le connois, l’affaire N’eſt par ſi penible qu’on croit.	Va, va Béatris quoi qu'il fasse Crois que j'en viendrai bien à bout Aduertis Lucresse de tout Cependant, tu peux faire compte Qu'avant le retour de Géronte Que tu m'as dit être dehors J'aurai fait de puissants essors Pour détruire notre adversaire Comme ie le connais, l'affaire N'est par si pénible qu'on croit.
duarledes .	duarlèdes .
SCENE II.	SCÈNE II.
LELIE, CRISPIN.	LELIE, CRISPIN.
LELIE.	LELIE.
LELIE.	LELIE.
cion pas Mais enfin ie ne ſçaurois vivre Si ton ſecours ne me deſliure D'vn riual que i’ay ſur les bras.	cyon pas Mais enfin rien ne saurais vivre Si ton secours ne me délivre D'un rival que j'ai sur les bras.
RISPIN.	RISPIN.
Mettez-le à terte, eſtant à bas Il ne vous ul lla vouerera plas de pelies	Mettez-le à terte, étant à bas Il ne vous ul la vouerera plas de peliez
LELIE Quoy Criſpin me voit a la geſne Et loin de m’offrir ſon ſecours Il pert le temps en vains diſcours Et rit du tourment que iendure?	LELIE Quoi Crispin me voit à la gêne Et loin de m'offrir son secours Il pert le temps en vains discours Et rit du tourment que iendure?
C’eſt avoir vne ame bien dure Et peu ſenſible a l’amitié.	C'est avoir une âme bien dure Et peu sensible à l'amitié.
CRISPIN Vous vous trompez de la moitié Monſieur, fauf correction voſtre Ie ſuis voſtre amy plus qu’vn autre.	CRISPIN Vous vous trompez de la moitié Monsieur, saufs correction votre Ie suis vôtre a plus autre.
C’a déclarez moy voſtre mal.	C'a déclarez moi votre mal.
Quelle bontoele to du tir riual?	Quelle bontoèle to du tir rival?
LELIE Pecore!	LELIE Pécore!
vn riual c’eſt vn homme.	Il rival c'est un homme.
1 27 ARISPIN Et vous voulés que ie l’aſſomme Affin qu’il n'en ſoit plus parlé?	1 27 ARISPIN Et vous voulez que deux l'assomme Affin qu'il n'en soit plus parlé?
TSLIE Que t’on eſprit eſt r’aualé Quoy, coquin!	TSLIE Que t'on esprit est ravalé Quoi, coquin!
m’as veu capable De faire vne action ſemblable?	m'as vu capable De faire une action semblable?
CRISPIN Non monſieur, iamais, mais ie croy Que vous voulés que ce ſoit it Vous n’eſtes pas ſi ſanguinaire Et puis pour ne vous le pas taire, Vous aymeriez mieux entre nous Que ie fuſſe pendu que vous.	CRISPIN Non monsieur, jamais, mais je crois Que vous voulez que ce soit it Vous n'êtes pas si sanguinaire Et puis pour ne vous le pas taire, Vous aimeriez mieux entre nous Que tu fusse pendu que vous.
LELIE Sçais-tu bien que tant de ſottiſe Aupres de moy n’eſt pas de miſe Et que ſi tu ne rompts le cours De cet iipeitmant afſcours Tu m’attraperas quelques choſes.	LELIE Sais-tu bien que tant de sottise Auprès de moi n'est pas de mise Et que si tu ne rompts le cours De cet jipeitmant afscours Tu m'attraperas quelques choses.
CRISPIN.	CRISPIN.
Moy Monſieur,	Moy Monsieur,
LELIE.	LELIE.
Ouy toy, ſi tu l’oſes Contmide, da lais ie gauſſeur	Oui toi, si tu l'oses Contmide, da lais ie gausseur
RISPIN.	RISPIN.
Vous vous mocquéz de moy monſieur	Vous vous mocquéz de moi monsieur
LELIE En veux tu?	LELIE En veux tu?
ſans ceremonie	sans cérémonie
RISPIN.	RISPIN.
Ah!	Ah!
Monſieur, ie vous remercie.	Monsieur, Seigneur vous remercie.
LELIE.	LELIE.
Tu n'as qu’a parler ſi tu veux.	Tu n'as qu'a parler si tu veux.
LELIE.	LELIE.
Vois tu, ie na’y qu’vne parolle, Si tu veux pourſuiure t’on roole, Iu verras ſi ie ſuis menteur.	Vois -tu, grands n'y qu'une parole, Si tu veux poursuivre t'on roole, Ju verras si grande suis menteur.
CRISPIN.	CRISPIN.
Ah!	Ah!
ie ſuis voſtre ſeruiteur.	Il suis votre serviteur.
LELIE.	LELIE.
Tréve donc de boufonnerie, Il ne s’agit point de tuerie, Il n’eſt ſeulement queſtion Que de trouver l’inuention De deſtruire aupres de Geronte Vn viel Docteur, qui fait ſon compte D’eſpouſer Lucreſſe demain.	Trêve donc de boufonnerie, Il ne s'agit point de tuerie, Il n'est seulement question Que de trouver l'invention De détruire auprès de Geronte Un viel Docteur, qui fait son compte D'épouser Lucresse demain.
C lelsnave Et penſéz vous d’vn tournemain, Qu'vne affaire ſi chatouilleuſe?	Ç lelnave Et penséz -vous d'un tourne, Qu'une affaire si chatouilleuse?
LELIE.	LELIE.
Vne entrepriſe merueilleuſe ue ie viens de me figurer M’en fait beaucoup mieux eſperer Vn Ambaſſadeur de l’Affrique Touchant quelque affaire publicque Eſt icy depuis quinze iours.	Une entreprise merveilleuse ue ie viens de me figurer M'en fait beaucoup mieux espérer Un Ambassadeur de l'Afrique Touchant quelque affaire publique Est ici depuis quinze jours.
Ie puis, ayde de ton ſecours M'en ſeruir en cette occurrence.	Je puis, aide de ton secours M'en servir en cette occurrence.
CRISPINIe nay point de Correſpondance En Affrique, & ne veux auoir Rien a faire à cette Homme noir Vuidez vos affaires vous meſme	CRISPINIe nay point de Correspondance En Afrique, et ne veux avoir Rien a faire à cette Homme noir Videz vos affaires vous même
LELIE.	LELIE.
Ah?	Ah?
Criſpin la beauté que jayme A pour moy de ſi doux appas Que je ſouffriray le trepas Si quelqu’autre en fait ſa conqueſte Ouy Criſpin, ouy ma mort eſt preſte S' il la faut ceder.	Crispin la beauté que jayme A pour moi de si doux appas Que je souffrirai le trépas Si quelqu'autre en fait sa conquête Oui Crispin, oui ma mort est prête S' il la faut céder.
CRISPIN.	CRISPIN.
Trépaſſez	Trépassez
LELIE.	LELIE.
Helas:	Hélas:
quand nos ſens ſont bleſſez Mourir pour finir ſa ſouffrance, Eſt vne petitte alegeance.	quand nos sens sont blessés Mourir pour finir sa souffrance, Est ête petit alègeance.
CRISPIN.	CRISPIN.
CIO MEIELLE PASEE	CIO MEIELLE PASE
LELIE.	LELIE.
Ah!	Ah!
Criſpin, Mon trépas eſt vn mal certain.	Crispin, Mon trépas est un mal certain.
CRISPIN.	CRISPIN.
Trépaſſéz donc.	Trépasséz donc.
LELIE.	LELIE.
Que ie trépaſſe, Et qu’vn autre ocuppe ma place?	Que quelque trépasse, Et qu'un autre occuppe ma place?
e eit ce que le ne puis lounrir.	 eit ce que le ne puis lounrir.
CRISPIN.	CRISPIN.
Prenéz do ne garde de mourir, Car ce n'eſt pas vn badinage.	Prenéz do ne garde de mourir, Car ce n'est pas un badinage.
La mort tout ainſi qu’vn fromage Qu’on affine ſous vn cuvier Dans vne caue:	La mort tout ainsi qu'un fromage Qu'on affine sous un cuvier Dans une cave:
ou le bou vier Lors qu’il reuient de la charûe, Vâ chercher a pas de tortüe De quoy r’affraichir ſes poulmons, ait que qui s’engage aux demons N'eſt pas dans vne bonne route.	ou le bou vier Lors qu'il revient de la charue, Vâ cher a pas de tortue De quoi raffraichir ses poulémons, ait que qui s'engage aux démons N'est pas dans une bonne route.
Or quand on meurt on ne voit goute vi bien que ſi vous eſtiez mort Par violence, ou ſans eſſort Et que voſtre bierte fut preſte Vous n’auriez plus mal à lateſte.	Or quand on meurt on ne voit goute vi bien que si vous étiez mort Par violence, ou sans essort Et que votre bierte fut prête Vous n'auriez plus mal à lateste.
e conclus donc pour vous guerir Qu’i:	 conclus donc pour vous guérir Qu'y:
faut s’il ſe peut entr’ouurir, pat vn reſſort qui.	faut s'il se peut entr'ouvrir, pat un ressort qui.
qui peneſtre La choſe par le diamettre.	qui penêtre La chose par le diamettre.
Le centre dont eſt queſtion.	Le centre dont est question.
e ſuppole la tention.	E supole la tention.
A ce, requiſe & neceſſaire?	À ce, requise et nécessaire?
De cette façon voſtre affaire.	De cette façon votre affaire.
Ne prendra pas vn mauuais ply Et vous aurez l’ors accomply tout ce qu’vn riual vous diſpute Iuſte & quaré comme vne fluſte	Ne prendra pas un mauvais pli Et vous aurez l'ors accompli tout ce qu'un rival vous dispute Juste et quaré comme une flûte
LELIE.	LELIE.
Quel diable de raiſonnement?	Quel diable de raisonnement?
Le plus ſubtil entendement perdoit ſa peine à le comprendre.	Le plus subtil entendement perdait sa peine à le comprendre.
Teſmoignons poutrant de l’Entendre Et flatons encor aujourd’huy Ce brutal.	Témoignons poutrant de l'Entendre Et flattons encor aujourd'hui Ce brutal.
jay beſoin de luy.	jay besoin de belle.
Ei cit.	Ei cit.
c’eit fort bien conclure.	c'éit fort bien conclure.
Tu ne manque pas de lecture.	Tu ne manque pas de lecture.
A ce que ie voy.	À ce que ici vois.
CRISPIN.	CRISPIN.
Moy Monſieur Ie ſçay tout l’Eſpiegle par Cœur	Moi Monsieur Je sais tout l'Épiegle par Cœur
LELIE.	LELIE.
Ce ſeroit aſſéz pour me plaire Si tu voulois me ſatisfaire Et trauailler de ton coſté A ce que jay premedité Touchant l’Ambaſſadeur d’Afrique Pour peu que ton zele s’aplique A me ſeruir a ſes deſpens, avion tldui donnera decudo	Ce serait assurés pour me plaire Si tu voulais me satisfaire Et travailler de ton côté AVI ce que jay prémédité Touchant l'Ambassadeur d'Afrique Pour peu que ton zèle s'applique À me servir à ses dépens, avion tlui donnera décudo
CRISPIN.	CRISPIN.
Moy!	Moi!
puiſ-ie aux deſpens de l’Affrique, Trâmer quelque ſourde pratique?	puis-je aux dépens de l'Afrique, Trâmer quelque sourde pratique?
Ouy LELIE.	Oui LELIE.
I’ay chéz elle du pouvoir?	J'ai chez elle du pouvoir?
Non.	Non.
LEEIE.	LEIE.
CRISPIN.	CRISPIN.
A t’elle eu l'heur de me voir?	A -t-elle eu l'heur de me voir?
Non diſ-ie.	Non dis-je.
LELIE.	LELIE.
CRISPIN.	CRISPIN.
Ay-ie la derpendance?	Ai-je la derpendance?
LELIE.	LELIE.
Encore moins.	Encore moins.
CRISPIN.	CRISPIN.
Mon ordonnance.	Mon ordonnance.
A t’elle en ce lieu du credit?	A -t-elle en ce lieu du crédit?
Nullement LELIE.	Nullement LELIE.
CRISPIN.	CRISPIN.
Qui vous â donc dit Qu'a ſes frais par mon artifice Ie pouvois vous reudre ſeruice	Qui vous â donc dit Qu'a ses frais par mon artifice Je pouvais vous reudre service
LELIEO LEI LOII La reſſemblance de vos rais Car ie n’ay iamais veu portrais Mieux jmitez 2 1	LELIEO LEI LOI La ressemblance de vos rais Perso ie n'ai jamais vu portrais Mieux imités 2 1
CRISPIN Eſtes vous ſage Monſieur de tenir ce langage a118y je le feieidle à ce demon.	CRISPIN Estes vous sage Monsieur de tenir ce langage a18i je le fidèle à ce démon.
Ah!	Ah!
je gagerois bien que non.	je gagerais bien que non.
LELIE  Ie dis par les trais & la taille.	LELIE -Je dis par les trais et la taille.
Non pas en couleur, 134	Non pas en couleur, 134
CRISPIN.	CRISPIN.
Tout coup vaille.	Tout coup vaille.
Quand jautois la taille & le port D’vn qui peur ſans luy fairé toit Eſtre baſtard de feu mon pere Cela ne fuit pas voſtre affaire Et de l’Affrique luſqu’icy Le Chemin le plus racourcy, N’eſt pas plus long ſi je m’e plique Que d’ici juſques en affiique 2 Oy donc pour vous condaincte mieux Criſpin n’ayant point de commerce En Affrique ny dans la perle Conclud concluant de bon cœur Qu'i eit sien ioit ion icauiteus	Quand jautois la taille et le port D'un qui peur sans lui fairé toit Estre bâtard de feu mon père Cela ne fuit pas votre affaire Et de l'Afrique lusqu'ici Le Chemin le plus racourci, N'est pas plus long si je m'e plique Que d'ici jusques en affiique 2 Oy donc pour vous conduite mieux Crispin n'ayant point de commerce En Afrique ici dans la perle Conclud concluant de bon cœur Qu'ici eit sitien j' eus
LELIE.	LELIE.
Tu n’as l’eſprit de comprendre Mon ſens	Tu n'as l'esprit de comprendre Mon sens
CRISPIN Comment diable l’Entendre Monſieur ſi vous n’en auez pas.	CRISPIN Comment diable l'Entendre Monsieur si vous n'en avez pas.
Nanonnez:	Nanonnez:
peucenie cu ce cas Expliqueray-ie voſtre Enuie	peucénie cv ce cas Expliquerai-je votre Envie
LELIE.	LELIE.
Mais je pretends la voir ſuiuie quand je te l’auray dit	Mais je prétends la voir suivie quand je te l'aurai dit
CRISPIN.	CRISPIN.
Vrayment le ne T’entends pas autrement LELIE.	Vraiment le ne T'entends pas autrement LELIE.
a l’Oreile de Criſpin.	à l'Oreile de Crispin.
Il faut donc.	Il faut donc.
CRISPIN.	CRISPIN.
Ie vays faire rage 8	Je vais faire rage 8
Et.	Et.
BELIE.	BÉLIE.
CRISPIN N’en dittes pas d’auantage	CRISPIN N'en dites pas d'avantage
LELIE.	LELIE.
Il doit dans peu venir icy Proſner ſon amoureux ſoucy Tu voys par la que le temps preſſe Fais en ſorte par ton adreſſe de t’y trouuer au meſme inſtant.	Il doit dans peu venir ici Prôner son amoureux souci Tu vois par la que le temps presse Fais en sorte par ton adresse de t'y trouver au même instant.
Ie l’amuſeray cependant 2110 2 conduiray ſi bien la choſe Que je ſuis certain.	Je l'amuserai cependant 2110 2 conduirai si bien la chose Que je suis certain.
CRISPIN.	CRISPIN.
Bouche Cloſe I'en ſcay plus que vous & dans peu Nous allons ie croy voir beau jeu.	Bouche Close J'en sais plus que vous et dans peu Nous allons ici crois voir beau jeu.
Taſchons d’ouyr ce qu’il medite, Il me ſera facille enſuitte.	Tâchons d'ouïr ce qu'il médite, Il me sera facille ensuite.
SCENE IV.	SCÈNE IV.
LELIE, LE DOCTEVR, LE DOCTEVR.	LELIE, LE DOCTEUR, LE DOCTEUR.
!	!
Dieux qu’Ouide à bien deſcrit J Le mal qui trouble mon eſprit Euſt-on cogité qu’vne verue D’amour, rendit mon ame ſerue Que l’emplumé fils de Venus Fût venu chez moy ſicut mus Pour me naurer de ſa dardelle Et de mon antique ceruelle Faire vn braſier ex abrupto Qui l’auroit iammais crû?	Dieux qu'Ouide à bien décrit J Le mal qui trouble mon esprit Eut-on cogité qu'une verve D'amour, rendit mon âme serve Que l'emplumé fils de Venus Fût venu chez moi sicut mus Pour me naurer de sa dardelle Et de mon antique cervelle Faire un brasier ex abrupto Qui l'aurait jammais crû?
Nemo.	Nemo.
Tamen verum eſt hodie.	Tamen verum est hodie.
Donc ie ſeray congedié D’Helicon, & de la Fontaine Ou l’on boir les eaux d’Hypocrene Mercure m’abandonnera	Donc ie serai congédié D'Hélicon, et de la Fontaine Ou l'on boir les eaux d'Hypocrène Mercure m'abandonnera
Minerue me délaiſſera Appollon me fera la moüe, Et ſes ſœurs pouſſans à la roüe Pour blaſmer mes vœux imprudens Riront a moy du bout des dents.	Minerve me délaissera Apollon me fera la mue, Et ses sœurs poussants à la roue Pour blâmer mes vœux imprudents Riront à moi du bout des dents.
Que dis-je on blaſmera ma flamme Ay-ie lieu de craindre du blâme Pour aymer, Pluſquam perfecto.	Que dis-je on blâmera ma flamme Ai-je lieu de craindre du blâme Pour aimer, Plusquam perfecto.
Vn objet parfait, vt octo?	Un objet parfait, ait octo?
Non puiſque celle que j’adore, A comme la diuine Aurore, Des attrais ſans comparaiſon, Ie ſerois orbe de raiſon.	Non puisque celle que j'adore, A comme la divine Aurore, Des attrais sans comparaison, Je serais orbe de raison.
Si ie n’en reſſentois l’atteinte, L’vnique motif de ma crainte, Doit eſtre que cette beauté, Qui ma raui ma liberté, Ne me deſdaigne, & ne meſpriſe, La conqueſte de ma franchiſe.	Si personne n'en ressentais l'atteinte, L'unique motif de ma crainte, Doit être que cette beauté, Qui ma ravi ma liberté, Ne me dédaigne, et ne méprise, La conquête de ma franchise.
Mais pourquoy craindre de rechef?	Mais pourquoi craindre de rêches?
Chacun me connoit pour le chef, De la ſçauante diſcipline.	Chacun me connaît pour le chef, De la Savante discipline.
Ie parle la langue latine, Ad vnguem, ie poſſede auſſi Le grec, aſſes bien Dieu mercy Je ſçay quand on me de propoſe.	Je parle la langue latine, Ad vnguem, Elle possède aussi Le grec, asses bien Dieu merci Je sais quand on me de propose.
DAFTRIEVE.	DAFTRIEUE.
Par l’effet decider la cauſe, Ie connois les évenemens Et les vertus des Taliſmans I'entends des mieux l’Aſtrologie La blanche & la noire magie Les proprietez des metaux, Des plantes, & des mineraux, Ie ſçais la Methopoſcopie, La Geomence & Nomancie, Les cauſes du flux de la mer, Et des Meteores de l’air.	Par l'effet décider la cause, Je connais les événements Et les vertus des Talismans J'entends des mieux l'Astrologie La blanche et la noire magie Les propriété des métaux, Des plantes, et des minéraux, Je sais la Méthopposcopie, La Gomense et Nomancie, Les causes du flux de la mer, Et des Métores de l'air.
D’ailleurs s’il faut en docte proſe Deſduire vne metamorphoſe, Pouſſer la fleurette en Phœbus Ou debiter quelque rebus, On ſçait fort bien qu’il n'eſt point d’homme, Qui m’oſe diſputer la pomme.	D'ailleurs s'il faut en docte prose Déduire vne métamorphose, Pousser la fleurette en Phœbus Ou débiter quelque rebus, On sait fort bien qu'il n'est point d'homme, Qui m'ose disputer la pomme.
Mais c’eſt aſſez faire recit Des qualitez de mon eſprit Deſcendons à la corporelle:	Mais c'est assez faire récit Des qualités de mon esprit Descendons à la corporelle:
Ie ſuis fait ſur vn beau modelle, Et dois eſtre au conſeil choiſi S’il eſt vray qu’ad formam naſi l’eſprit d’vn homme ſe meſure Mon port eſt exempt de cenſure I’ay la main belle, & le pied beau Ie ſuis gay comme vn ſautereau, Item, ie dance comme vn maiſtre Et ſuis vif comme le ſalpeſtre, Bref, on peut dire de mon fait Nunquam genitiuo caret, Ainſi ma peur eſt ſuperfluë.	Je suis fait sur un beau modèle, Et dois être au conseil choisi S'il est vrai qu'ad formam nazi l'esprit d'un homme se mure Mon port est exempt de censure J'ai la main belle, et le pied beau Je suis gai comme un sautereau, Item, elle dance comme un maître Et suis vif comme le salpêtre, Bref, on peut dire de mon fait Nunquam enitivo caret, Ainsi ma peur est superflue.
LELIE.	LELIE.
Si ie ſouffre qu’il continuë, I’l n’aura pas finy ce ſoir Abordons-le, peut-on ſçavoir Comment ſe porte voſtre muſe Grand Docteur,	Si ici souffre qu'il continue, J'l n'aura pas fini ce soir Abordons-le, peut-on savoir Comment se porte votre muse Grand Docteur,
LE DOCTEVR Ma muſe s’amuſe, A muſer ſur certain muſeau Dont les yeux m’vſent le cerueau, M’euſſiez-vous crû ſans interprette Eſmeu de pareillé amuſette.	LE DOCTEUR Ma muse s'amuse, A user sur certain museau Dont les yeux m'usent le cerveau, M'eussiez-vous cru sans interprète Esmu de pareillé amusette.
LELIE.	LELIE.
Quoy vous aymez;	Quoi vous aimez;
LE DOCTEVR.	LE DOCTEUR.
Aſſeurement.	Assurement.
LELIE.	LELIE.
I'en ay bien de l’eſtonnement, Et ce bel objet qui vous griſle,	J'en ai bien de l'étonnement, Et ce bel objet qui vous grîle,
LE DOCTEVR.	LE DOCTEUR.
Qui?	Qui?
c’eſt vne fille.	c'est une fille.
LELIE.	LELIE.
Ma loy desdamez Vous pouvez changer de rubricque.	Ma loi dédamez Vous pouvez changer de rubricque.
LE DOCTEVR.	LE DOCTEUR.
Pourquoy?	Pourquoi?
LEILE.	LEILE.
L’Ambaſſadeur d’Affrique, La doit eipouler aujourd uy.	L'Ambassadeur d'Afrique, La doit eipouler aujourd ui.
LE DOCTEVR.	LE DOCTEUR.
Qui vous la dit?	Qui vous la dit?
Eſtant a luy, LELIE.	Étant a Seigneur, LELIE.
Ie ſçay ſi la choſe eſt certaine.	Je sais si la chose est certaine.
LE DOCTEVR.	LE DOCTEUR.
Depuis quand?	Depuis quand?
LELIE.	LELIE.
De cette ſepmaine Par le moyen de mes amis, Et de la langue du pays,	De cette semaine Par le moyen de mes amis, Et de la langue du pays,
RO LOADASSAEEYR Que i’ay pourtant appriſe en France, I’ay de ſa maiſon l’Intendance.	RO LOADASSAEYR Que j'ai pourtant apprise en France, J'ai de sa maison l'Intendance.
Iugez ſi ie dois eſtre inſtruit, De la verité qui vous nuit Et ſi quelqu'autre que moy meſme Peut mieux connoiſtre ce qu’il ayme?	Jugez si personne dois être instruit, De la vérité qui vous nuit Et si quelqu'autre que moi seulement Peut mieux connaître ce qu'il aime?
Il la demanda hier au ſoir, Et ſon tuteur rauy d’auoir, Vn ſi recommandable gendre, Ne le fiſt pas beaucoup attendre, Il mit d’abort tout a ſon choix Et prit heure entre deux & trois Aujourd’huy pour ce mariage.	Il la demanda hier au soir, Et son tuteur ravi d'avoir, Un si recommandable gendre, Ne le fît pas beaucoup attendre, Il mit d'abort tout a son choix Et prit heure entre deux et trois Aujourd'hui pour ce mariage.
C’eſt vn homme de grand courage Et ſon credit en cét Eſtat Luy donnant rang de Potentat, Il n’eſt aucune reſiſtance 2 Qui ne le cedde a ſa puiſſance:	C'est un homme de grand courage Et son crédit en cet État Lui donnant rang de Potentat, Il n'est aucune résistance 2 Qui ne le cédède à sa puissance:
C’eſt pourquoy, craignant ſon courroux Vous ferez bien de filer doux.	C'est pourquoi, craignant son courroux Vous ferez bien de filer doux.
C’eſt vn advis que ie vous donne Pour voſtre bien, mais ie m’eſtonne De ne le point voit, car expres Il m’avoit mandé.	C'est un avis que ici vous donne Pour votre bien, mais tu m'étonne De ne le point voit, car exprès Il m'avait mandé.
SCENE V.	SCÈNE V.
CRISPIN.	CRISPIN.
en habit d’affriquain & ſa ſuitte.	en habit d'affriquain et sa suitte.
LELIE, LE DOCTEVR, CRISPIN.	LELIE, LE DOCTEUR, CRISPIN.
dans l’aiſle, Hola hais, LELIE.	dans l'aile, Holà hais, LELIE.
au docteur.	au docteur.
Le voicy.	Le voici.
CRISPIN.	CRISPIN.
Faquins, qu’on me ſuiue.	Faquins, qu'on me suive.
Le plus petit homme qui viue, N’eſt pas ſi mal ſeruy ie croy Hola ho truans, ſuivez moy.	Le plus petit homme qui vive, N'est pas si mal servivi croy Holà ho truants, suivez moi.
1it biin monſieur, l’auez vous venë Celle dont le bel œil me tuë?	1it biin monsieur, l'avez -vous venue Celle dont le bel œil me tue?
LELIE.	LELIE.
Non Seigneur.	Non Seigneur.
CRISPIN.	CRISPIN.
Pourquoy maiſtre fat, Vous auois-ie pas dit, pied plat, C iij De l’aduertir de ma viſitte Pour n’expoſer pas mon merite A luy deſcliner qui ie ſuis.	Pourquoi maître fat, Vous avais-je pas dit, pied plat, Ç ij à l'avertir de ma visitte Pour n'exposer pas mon mérite A ussy décliner qui tu suis.
Ouy.	Oui.
LELIE.	LELIE.
CRISPIN.	CRISPIN.
Qu’auez-vous donc fait depuis Que ie vous ay donné cet ordre?	Qu'avez-vous donc fait depuis Que je vous ai donné cet ordre?
LELIE.	LELIE.
au docteur.	au docteur.
Vous voyez qu’on n’oſe deſmordre Devant luy, ie tremble de peur, Pour vous de ſa mauvaiſe humeur S’il vient a ſçavoir voſtre flâme, v ous eltes perdu lui Mon alnes Taſchez à deſguiſer ſi bien, Qu’il ne vous ſoupçonne de rien.	Vous voyez qu'on n'ose démordre Devant ici, tu tremble de peur, Pour vous de sa mauvaise humeur S'il vient a savoir votre flamme, v ous éltes perdu lui Mon alnes Tâchez à déguiser si bien, Qu'il ne vous soupçonne de rien.
CRISPIN.	CRISPIN.
A la fin ie perds patience Dictes Monſieur, voſtre intendance Agrera-telle de m’ouyr?	À la fin assez perds patience Dictes Monsieur, votre intendance Agréra-telle de m'ouïr?
Quoy, vous penſez vous reſiouyr, Lors que d’Amour la tyrannie, Me reduict preſque a l’agonnie Et me roſtit iuſqu’aux boudins Par la ventre ſingry gredins, Si iamais en pareil miſtere, Vous me faittes mettre en colere, Ie vous avalleray tous vifs.	Quoi, vous pensez vous réjouir, Lors que d'Amour la tyrannie, Me réduit presque a l'agonnie Et me rôtit jusqu'aux boudins Par la ventre singri gredins, Si jamais en pareil mystère, Vous me faites mettre en colère, Je vous avallerai tous vifs.
Si iammais vous eſtes oiſifs, A me ſéruir pres de Lucreſſe.	Si jammais vous êtes oisifs, À me séruir pres de Lucresse.
LE DOCTEVR.	LE DOCTEUR.
Quoy Seigneur, c’eſt voſtre maiſtreſſe?	Quoy Seigneur, c'est votre maîtresse?
CRISPIN.	CRISPIN.
Vn peu ſi vous le trouvez bon.	Un peu si vous le trouvez bon.
Mais qui vous rait maltre barbon Fourrer le nez dans mon affaire.	Mais qui vous rait maltre barbon Fourrer le nez dans mon affaire.
LE DOCIEVR.	LE DOCIEUR.
Ie n’auois pas creu vous deſplaire.	Je n'avais pas cru vous déplaire.
CRISPIN.	CRISPIN.
Ventre, vous deuiez l’auoir creu, Sçachez qu’vn homme de mon crû, S’abbaiſſe en vous preſtant l’oreille, D’eſtalez.	Ventre, vous deviez l'avoir cru, Scachez qu'un homme de mon crû, S'abaisse en vous prêtant l'oreille, D'étalez.
ou, Kamdem SKoreille Horleam ſcanem tourtoury.	ou, 4amdem SOreille Horleam scanem tourtouri.
LE DOCTEVR.	LE DOCTEUR.
Que dit-il?	Que dit-il?
LELIE.	LELIE.
Il eſt fort marry De vous auoir veu tant d’audace, Et veut qu’a l’inſtant on vous chaſſe.	Il est fort marri De vous avoir vu tant d'audace, Et veut qu'a l'instant on vous chasse.
Si vous voulez le rappaiſer Il faut eſtre humble, & peu jaſer, A moins qu’il ne vous le commande.	Si vous voulez le rapaiser Il faut être humble, et peu jaser, À moins qu'il ne vous le commande.
LE DOCTEVR.	LE DOCTEUR.
I’incide que ma coulpe eſt grande:	J'incide que ma coulpe est grande:
Mais cuidez m’en donner pardon, Ie prieray le Ciel, pour guerdon De l’octroy de cette indulgence Qu’il vous donne entiere puiſſance, Sur vos plas mottels ennemis.	Mais cuidez m'en donner pardon, Je prierai le Ciel, pour guerdon De l'octroi de cette indulgence Qu'il vous donne entière puissance, Sur vos plas mottels ennemis.
Le rang, ou les Dieux vous ont mis Me fait apprehender de l’eſtre, le ſçais que vous eſtes mon maiſtre, Et i’epprouverois les effects De vos vertus, ſi pour iammais Voſtre ame envers moy benevolle, Mle voulont donner ta palvne, De ſe deſiſter d’vn objet Pour vous trop bas & trop abject.	Le rang, ou les Dieux vous ont mis Me fait appréhender de l'être, le sais que vous êtes mon maître, Et j'épprouverais les effets De vos vertus, si pour jammais Votre âme envers moi enevolle, Mle voulont donner ta palvne, De se désister d'un objet Pour vous trop bas et trop abject.
21	21
CRISPIN.	CRISPIN.
Plaiſt-il?	Plaît-il?
Ie ne puis vous entendre.	Je ne puis vous entendre.
AHDUGEETR.	AHDUGETR.
Quoy Seigneur, ne puis-je pretendre, Qu’vn preſent a mon cœur ſi doux, Me deſtine vn iour tout à vous.	Quoy Seigneur, ne puis-je prétendre, Qu'un présent à mon cœur si doux, Me destine un jour tout à vous.
CRISPIN.	CRISPIN.
Vous voulez eſtre a mon ſeruice?	Vous voulez être à mon service?
Auriez vous l’eſprit d’eſtre ſuiſſe?	Auriez -vous l'esprit d'être suisse?
Ce Ilicitier veut de naues talens.	Ce Ilicitier veut de naves talents.
LE DOCTEVR.	LE DOCTEUR.
Seigneur.	Seigneur.
0	0
CRISPIN.	CRISPIN.
Eſt-il bon pres des grands?	Est-il bon pres des grands?
Le retiendray-ie?	Le retiendrai-je?
LELIE.	LELIE.
Il en eſt digne.	Il en est digne.
LE DOCTEVR.	LE DOCTEUR.
Seigneur.	Seigneur.
CRISPIN.	CRISPIN.
Vous trouve-t’on à ieun, Par fois?	Vous trouve-t-on à jeun, Par fois?
eſtes-vous famelique?	êtes-vous famélique?
CRISPIN.	CRISPIN.
De l’exercice de la picque, Praticquez-vous quelque leçon, Car pour eſtre ioly garçon, Il faut de la pointe, & du manche	De l'exercice de la pique, Praticquez-vous quelque leçon, Car pour être joli garçon, Il faut de la pointe, et du manche
LE DOCTEVR.	LE DOCTEUR.
Seigneur.	Seigneur.
CRISPIN.	CRISPIN.
Vous n’eſtes pas Voulez-vous dire vn fier à bras Ie le vois bien à voſtre mine.	Vous n'êtes pas Voulez-vous dire un fier à bras Je le vois bien à votre mine.
Mais en reuancne à la cuine, Vous eſtes vn diable.	Mais en revancne à la cuine, Vous êtes un diable.
LE DOCIEVR.	LE DOCIEUR.
Ah!	Ah!
Seigneur.	Seigneur.
CRISPIN.	CRISPIN.
araure pente quui uaudur De pois gris, ie croy qu’il fait rage.	arraure pente quui uaudur De pois gris, ie croy il fait rage.
A l'ailaut d'un plat de poragc.	À l'ailaut d'un plat de poragc.
LE DOCTEVR.	LE DOCTEUR.
Quoy ne pouvoir reſpondre vn mot?	Quoi ne pouvoir répondre un mot?
CRISPIN.	CRISPIN.
Que murmurez-vous idiot, Reſpondez-moy gros ſac à trippe.	Que murmurez-vous idiot, Respondez-moi gros sac à tripe.
N’excrimés-vous point de la grippe, Car qui dit portier dit.	N'excrimez-vous point de la grippe, Car qui dit portier dit.
Mais non Les Suiſſes n'ont pas ce renom, Les portiers de la Commedie, Leur diſputent cette partie, L’experienee nous l’apprent Mais venons au point important Des queſtions qu'ils v ous faut faire, Dittes-moy, ſçavez-vous vous taire Quand on vous chargé d’vn ſecret pas Sçauez-vous rendre le poulet, Sans vouloir connoiſtre la poulle.	Mais non Les Suisses n'ont pas ce renom, Les portiers de la Commedie, Leur disputent cette partie, L'expérience nous l'appren Mais venons au point important Des questions qu'ils v ous faut faire, Dittes-moi, Savez-vous vous taire Quand on vous chargé d'un secret pas Savez-vous rendre le poulet, Sans vouloir connaître la poulle.
Car Meſſieurs les culs de ſiboulle Pour auoir ioué de ces tours, N’ont plus d’ambaſſades d’amours, Mais ie vous eſtime plus ſage, Et puis vous eſtes dans vn aagé, Ou la plus forte paſſion Donne peu de ſuſpition.	Car Messieurs les culs de siboule Pour avoir joué de ces tours, N'ont plus d'ambassades d'amours, Mais je vous estime plus sage, Et puis vous êtes dans un aagé, Ou la plus forte passion Donne peu de suspition.
LE DOCTEVR.	LE DOCTEUR.
Les beaux emplois qu’il me deſtine.	Les beaux emplois qu'il me destine.
Ah!	Ah!
maudit amour.	maudit amour.
Ah!	Ah!
lutine Qui fit exclorre mes deſirs, Pour me cauſer ces deſplaiſirs, Ie renonce a ta ſervitude, Et veux deſormais que l’eſtude Soit mon vnique paſſion.	lutine Qui fit exclorre mes désirs, Pour me causer ces déplaisirs, Je renonce a ta servitude, Et veux désormais que l'étude Soit mon unique passion.
CRISPIN Ouy i’y faiſois refflection.	CRISPIN Oui j'y faisais refflection.
Vous ſerez iuſtement mon homme, Comment eſt-ce que l’on vous nomme?	Vous serez justement mon homme, Comment est-ce que l'on vous nomme?
Moy Seigneur?	Moy Seigneur?
vous le ſçauez bien v oitte eiprit d'ignore de hetl.	vous le savez bien v oitte eiprit d'ignore de hetl.
CRISPIN.	CRISPIN.
Il eſt tout vray, mais on oublye Quelques fois.	Il est tout vrai, mais on oublie Quelques fois.
Ca	Ca
LE DOCTEVR.	LE DOCTEUR.
Vne ame accomplie Comme la voſtre l’eſt Seigneur, Neſt point ſujette a cette erreur, Vous avez vne connoſſance Conſonnante à voſtre naiſſance, Vos vertus ſont dans vn degré.	Une âme accomplie Comme la vôtre l'est Seigneur, Nest point sujet à cette erreur, Vous avez connaissance Consonnante à votre naissance, Vos vertus sont dans un degré.
CRISPIN.	CRISPIN.
Vous me connoiſſez a mon gré, Bien mieux que ie ne fais moy meſme, Car cette ſcience ſupreme, Ces vertus, & tous ces appas 3 Qu’en moy vous trouvez à tous pas N’e m’eſtoient en aucune ſorte ontidey uumlodladlo mn emporte.	Vous me connaissez à mon gré, Bien mieux que je ne fais moi -même, Car cette science suprême, Ces vertus, et tous ces appas 3 Qu'en moi vous trouvez à tous pas N'e m'étaient en aucune sorte ontidey umlodéladlo mn morte.
LE DOCTEVR.	LE DOCTEUR.
Elles ſont toutesfois d’vn rang Si noble, ſi hault & ſi grand.	Elles sont toutefois d'vn rang Si noble, si hauts et si grand.
CRISPIN.	CRISPIN.
11210 Il faut donc qu'elles ſoient ſi hautes, Que ie ne les vois pas, Tirbautes.	11210 Il faut donc qu'elles soient si hautes, Que tu ne les vois pas, Tirbautes.
VN VALET.	UN VALET.
En habit d'Affriquain Deh A bariex.	En habit d'Afriquain Déh A bariex.
CRISPIN Gooth dan Kem cum vir, Salcardy bucdemek ſatir Et voldrecam.	CRISPIN Gooth dan Em cum vir, Salcardi bucdemek satir Et voldrecam.
LE DOCTEVR.	LE DOCTEUR.
a Lelie.	à Lélie.
Par ces mots?	Par ces mots?
&ue ce qu’il chante	etue ce qu'il chante
LELIE.	LELIE.
Il s’impatiente De ce qu’il ne voit point venir Lucreſſe, & l’envoye querir.	Il s'impatiente De ce qu'il ne voit point venir Lucresse, et l'envoie quérir.
LE DOCTEVR.	LE DOCTEUR.
Pour conclure le mariage?	Pour conclure le mariage?
Taiſez vous.	Taisez -vous.
LELIE.	LELIE.
2	2
GRISPIN.	GRISPIN.
Enfin ie la voy, Le ciel ſoit louë ſur ma foy, Ma grandeur ſe laſſoit d’attendre.	Enfin ici la vois, Le ciel soit loue sur ma foi, Ma grandeur se lassait d'attendre.
SCENE VI.	SCÈNE VI.
LVCRESSE, BEATRIS, CRISPIN, LELIE, LE DOCTEVR.	LUCRESSE, BEATRIZ, CRISPIN, LELIE, LE DOCTEUR.
Suitte, CRISPIN.	Suite, CRISPIN.
Bon-jour blondine à l’ame tendre.	Bonjour blondine à l'âme tendre.
BEATRIS.	BEATRIZ.
Madame les plaiſans mâtins, Voyez-vous tous ces diablotins, I'ls me font peur,	Madame les plaisants mâtins, Voyez-vous tous ces diablotins, J'ls me font peur,
LVCRESSL.	LVCRESSL.
Taiſez vous beſte.	Taisez -vous bête.
Rentrez vous troubleriez la feſte.	Rentrez -vous troubleriez la fête.
CRISPIN.	CRISPIN.
Suiſſe, je vous fais harangueur, Vous avez l’habit d’vn Docteur, Faictes moy promptement paroiſtre, Si vous eſtes digne de l’eſtre.	Suisse, je vous fais harangueur, Vous avez l'habit d'un Docteur, Faites moi promptement paraître, Si vous êtes digne de l'être.
Voyons ſans attendre plus tard, De voſtre eau dans vn cocquemard, Faictes concevoir à Madame, Que ſes yeux ont produict ma flâme, Que ſon port, ſon geſte & ſa voix Ont reduict mon cœur aux abbois, Enfin dictes ce qu’il faut dire, Pour luy declarer mon martire.	Voyons sans attendre plus tard, De votre eau dans un cocquemard, Faites concevoir à Madame, Que ses yeux ont produit ma flamme, Que son port, son geste et sa voix Ont réduit mon cœur aux abois, Enfin dictes ce qu'il faut dire, Pour notre déclarer mon martyre.
LE DOCTEVR.	LE DOCTEUR.
Il faudroit auoir voſtre eſprit, Seigneur.	Il faudrait avoir Rom esprit, Seigneur.
CRISITNe, Faictes ce qu’on vous dict.	CRISITNe, Faites ce qu'on vous dit.
LE DOCTEVR.	LE DOCTEUR.
Mais Seigneur.	Mais Seigneur.
CRISPIN.	CRISPIN.
lais.	lais.
ſans préambule,	sans préambule,
LE DOCTEVR.	LE DOCTEUR.
Mais quoy.	Mais quoi.
CRISPIN.	CRISPIN.
Mais quoy teſte de mulle, Vous demeurerez iuſqv’au ſoir, A conſulter voſtre aviſoir or tous ne chantez d’autte ſorte Ie vais vous remettre a la porte	Mais quoi tête de mulle, Vous demeurerez jusqv'au soir, À consulter votre avisoir or tous ne chantez d'autte sorte Je vais vous remettre a la porte
LE DOCTEVR.	LE DOCTEUR.
Ie m’aquiteray mal.	Je m'aquitterai mal.
CRISPIN.	CRISPIN.
Tant mieux.	Tant mieux.
Iazez animal chaſſieux.	Iazez animal chassieux.
Câ preſcement.	Cas prescement.
LE DOCTEVR.	LE DOCTEUR.
Quelle eſt ma peine!	Quelle est ma peine!
CRISPIN.	CRISPIN.
Ferons nous icy quarantaine?	Ferons nous ici quarantaine?
EDDOLTAVR.	EDDOLTAUR.
Madame.	Madame.
helas!	hélas!
CRISPIN.	CRISPIN.
Peſte du ſot, Qui ſoûpire, & n’a dit qu’vn mot Continuez.	Peste du sot, Qui soupire, et n'a dit qu'un mot Continuez.
CRISPIN.	CRISPIN.
d’vn ton ridicule.	d'un ton ridicule.
Mais helas!	Mais hélas!
Pecore, Qui ne peut faire vn compliment S’il ne ſoûpire inceſſament Ah!	Pécore, Qui ne peut faire un compliment S'il ne soupire incessament Ah!
Docteur en ſouppe ſalée, Vous avez la teſte feſlée, Pourſuivez, & vantez luy bienL’ardeur que iay de mne voi nim.	Docteur en soupe salée, Vous avez la tête fêlée, Poursuivez, et vantez lui bienLardeur que iay de mune voi nim.
LE DOCTEVR.	LE DOCTEUR.
Iaçoit Madame Que l’œil ſoit le miroir de l’ame, Ceux de ce grand Ambaſſadeur Vous doivent exhiber ſon cœur Et vous dire qu’il vous adore Mais helas!	Iaçoit Madame Que l'œil soit le miroir de l'âme, Ceux de ce grand Ambassadeur Vous doivent exhiber son cœur Et vous dire qu'il vous adore Mais hélas!
LE DOCTEVR.	LE DOCTEUR.
Ouy cet Ambaſſadeur illuſtre.	Oui cet Ambassadeur illustre.
Pour multiplier voſtre luſtre, Et prouver à tout l’Vniuers, Qu’il fait gloire d’eſtre en vos fers, Veut que ma débile eloquence, Vous extolle la violence, Du deſir qu’il à d’eſtre a vous, Et de deven voltte elpoua, Mais helas !	Pour multiplier votre lustre, Et prouver à tout l'Univers, Qu'il fait gloire d'être en vos fers, Veut que ma débile éloquence, Vous extolle la violence, Du désir qu'il à d'être à vous, Et de deven voltte ellepoua, Mais hélas !
CRISPIN.	CRISPIN.
Mais helas!	Mais hélas!
de grace, Pourquoy certe ſotte grimace Mais helas!	de grâce, Pourquoi certe sotte grimace Mais hélas!
EB DOCIEVN Mais Seigneur, peut-on Parler d’Amour ſans ſoupirs?	EB DOCIEUN Mais Seigneur, peut-on Parler d'Amour sans soupirs?
CRISPIN.	CRISPIN.
Non.	Non.
Mais il faut d’vn temps à l’autre, De voſtre voix virer la peautre, C’eſt à dire tantoſt plus hault, Et puis plus bas ſelon qu’il faut, Par exemple eſcoutez nouice, a Lucreſſe.	Mais il faut d'un temps à l'autre, De votre voix virer la peautre, C'est -à -dire tantôt plus hautés, Et puis plus bas selon qu'il faut, Par exemple écoutez nouvice, à Lucresse.
Hola future ambaſſadeiſſe, Ie vous ayme & ſuis cependant, Ambaſſadeur ambaſſadant, Pour eſtte voſtre camarade, Faut que ie me deſambaſſade Car vn illuſtre ambaſſadeur, Ne peut ſans trahir ſa grandeur Vous aymer en ligne directe, Donc pour montrer que ie reſpecte Vos yeux frippons qui m’ont vaincu, Ie mets mon ambaſſade à cul, Aouf.	Holà future ambassadeisse, Je vous aime et suis cependant, Ambassadeur ambassadant, Pour estte votre camarade, Faut que personne me désambassade Car avoir illustre ambassadeur, Ne peut sans trahir sa grandeur Vous aimer en ligne directe, Donc pour montrer que ie respecte Vos yeux fripons qui m'ont vaincu, Je mets mon ambassade à cul, Aouf.
Et bien que vous en ſemble.	Et bien que vous en semble.
Ah!	Ah!
LE DOCTEVR.	LE DOCTEUR.
LVCRESSE.	LVCRESSE.
Ie tremble, Seigneur, à l’aſpect de vos yeux, Vn air graue & majeſtueux.	Je tremble, Seigneur, à l'aspect de vos yeux, Un air grave et majestueux.
Y brille avec tant d’advantage Qu’alors que ie vous enuiſage, Ie ſuis dans l’admiration:	Y brille avec tant d'avantage Qu'alors que ie Vous envisage, Je suis dans l'admiration:
Mais Seigneur ma condition Me deffend l’eſpoir temeraire De poſſeder l’heur de vous plaire, Et vous ſçavez qu’vn rang trop bas.	Mais Seigneur ma condition Me défend l'espoir téméraire De posséder l'heur de vous plaire, Et vous savez qu'un rang trop bas.
CRISPIN.	CRISPIN.
Mon enfant ie n’en doute pas, Ie ſçay que c’eſt me faire tache:	Mon enfant ici n'en doute pas, Je sais que c'est me faire tache:
Mais encore que ie le ſçache.	Mais encore que ici le secache.
Noir comme vn diable, il m'eſt bien doux, D’eſperer eſtre aymé de vous.	Noir comme un diable, il m'est bien doux, D'espérer être aimé de vous.
LE DOCTEVR.	LE DOCTEUR.
Quoy le loumnay qu'on mne tonde, Et ie.	Quoi le loumnai qu'on mène tonde, Et grands.
GRISPIN.	GRISPIN.
Hibou dont le cœur gronde Taiſez vous.	Hibou dont le cœur gronde Taisez -vous.
LE DOCTEVR.	LE DOCTEUR.
Ou ſui-je reduit.	Ou zvi-je réduit.
SCENE VII.	SCÈNE VII.
BEATRIS, LVCRESSE, CRISPIN, LELIE, LE DOCTEVR.	BEATRIZ, LUCRESSE, CRISPIN, LELIE, LE DOCTEUR.
BEATRIS.	BEATRIZ.
Adame l’Allemand me ſuit, MEt ſi ſon maiſtre l’accompagne Pour vous le diable eſt en campagne Rentrons.	Adame l'Allemand me suit, MEt si son maître l'accompagne Pour vous le diable est en campagne Rentrons.
LELIE.	LELIE.
Non non n’en faittes rien, Madame, ie ſçay le moyen.	Non non n'en faites rien, Madame, Seigneur sais le moyen.
D’appaiſer le mal qui le picque.	D'apaiser le mal qui le pique.
CRISPIN.	CRISPIN.
Garre l’Ambaſſadeur d’Affrique Ie crains bien que ce viel penard, Ne devine ou giſt le renard:	Garre l'Ambassadeur d'Afrique Je crains bien que ce viel pénard, Ne devine ou gît le renard:
Mais trefve de melancolie Voicy ſon valet.	Mais trêve de mélancolie Voici son valet.
E ve lesods I’ay bien peur.	E ve lesods J'ai bien peur.
Ah!	Ah!
Lelie	Lélie
D.	D.
LLIE Avoir lie craiguez rien, Encore vn coup tout ira bien.	LLIE Avoir lie craiguez rien, Encore un coup tout ira bien.
GEEVIII.	GEUIII.
LELIE, LVCRESSE, CRISPIN, L’ALLEMEND.	LELIE, LVCRESSE, CRISPIN, L'ALLEMEND.
BEATRIS, LE DOCTEVR.	BEATRIZ, LE DOCTEUR.
L’ALLEMAND.	L'ALLEMAND.
T’ou fientre ſti piau maſcarate?	T'ou fientre sti piau mascarate?
Fous tonc ainſi paſſer la temps, Quant fous croire monſer aux champs?	Fous tonc ainsi passer la temps, Quant fous croire monser aux champs?
Mon foye ch’afoir pien tes novfelles A fous tire, Mon tame.	Mon foie ch'afoir pien tes novelles A fous tire, Mon tame.
LVCRESSE.	LVCRESSE.
Et qu’elles?	Et qu'elles?
cctonte vienten adiourd huy * Pourquoy n’eſt tu pas avec luy.	cctonte vienten adiourd hui * Pourquoi n'est tu pas avec notre.
L’ALLEMAND.	L'ALLEMAND.
Tiaple, chey non point moy t’enfie Le-pon tieu me carte mon fie, dno lauron pome ecop iong feſcu.	Tiaple, chey non point moi t'enfie Lépon tieu me qu' on fie, dno lauron pome ecop yong sécu.
LVCRESSE.	LVCRESSE.
Explique toy.	Explique toi.
Quoy?	Quoi?
Que dis tu?	Que dis tu?
L’ALLEMAND.	L'ALLEMAND.
Puiſque ſous fouloir qu’on fous tire, Fous pien poufoir ceſſer te rire Foſtre tuteur il eſt mouru.	Puisque sous fouloir qu'on fous tire, Fous pien oufoir cesser te rire Fotre tuteur il est mouru.
LVCRESSE.	LVCRESSE.
Que veux-tu dire eſprit bouru, Geronte eſt mort?	Que veux-tu dire esprit bouru, Géronte est mort?
L’ALLEMAND.	L'ALLEMAND.
Mon foye ſans fautes, D Il eſtre au royaume tes taupes.	Mon foie sans fautes, D ame au royaume tes taupes.
LVCRESSE.	LVCRESSE.
Et comment par quel accident;	Et comment par quel accident;
L’ALLEMAND.	L'ALLEMAND.
Chel tire fous tout incontenant, Fous fçafoir plis que tafantage, Que monſer aymer la ramache.	Chel tire fous tout incontenant, Fous fafoir plis que tafantage, Que monter aimer la ramache.
Des oiſiaux, O pien ſti matin, Il aller titan la chartin Pour teſnicher teſfus vn pranche Vn nid qu’il foir l’autre timanche.	Des oisieurs, Ô pien sti matin, Il aller titan la chartin Pour tesnicher tesfus un pranche Un nid qu'il soir l'autre timanche.
Mon foye l’y n’eſtre point en haut Qu’il tompet tout preti pretaut Te pranche en pranche à la renferſe.	Mon foie l'y n'être point en haut Qu'il tompet tout prêt prétaut Te anche en pranche à la renferse.
our ler chone que lous pelle vn herſe.	our ler chone que lous pelle un herse.
Party trois erands morciaux te pois, Entri tans fon fantre trois fois.	Parti trois erands morciaux te pois, Entri tans son fantre trois fois.
LVCRESSE.	LVCRESSE.
N’a t’il point parlé.	N'a -t-il point parlé.
L’ALLEMAND.	L'ALLEMAND.
Non mon tame.	Non mon tâme.
Il tire s’ilment en lerantant l’ame, Le tiaple emporte les moyneaux.	Il tire s'ilment en lerantant l'âme, Le tiaple emporte les moineaux.
LELIE.	LELIE.
Le ciel à finy nos trauaux Madame, cette mort vous laiſſe Lieu d’accomplir voſtre promeſſe	Le ciel à fini nos trauaux Madame, cette mort vous laisse Lieu d'accomplir votre promesse
CRISPIN.	CRISPIN.
Vous allez bien viſte a l'offrande Toubeau, patience vn moment vous ne faictes pas compliment Et ne de mandez pas auluiſte Si 'l le veut bien	Vous allez bien vite à l'offrande Toubeau, patience un moment vous ne faites pas compliment Et ne de mandez pas auluiste Si ' elle le veut bien
LVCRESSE.	LVCRESSE.
Tays toy jocriſſe Và te promener auec luy	Tais -toi jocrisse Và te promener Vou lui
CRISPIN.	CRISPIN.
Ah non pas ſi'l vous plaiſt mesſuy On ne fait pas ainſi la nicque Aux Ambaſſadeurt de l’Affricque Qu’il aille au diable j’y conſens Mais pour moy ma foy ie pretends que deuuu paja ma peine Et que i’en faſſe vne Affricquaine.	Ah non pas si'l vous plaît messui On ne fait pas ainsi la nicque Aux Ambassadeurt de l'Africque Qu'il aille au diable j'y consens Mais pour moi ma foi quelque prétends que devu pajà ma peine Et que j'en fasse une Africquaine.
BEATRIS.	BEATRIZ.
Va, Va, cela ne te peut fuir.	Va, Va, cela ne te peut fuir.
CRISPIN.	CRISPIN.
Sus allons donc nous reſiouyr, Adieu Suiſſe ou Docteur.	Sus allons donc nous réjouir, Adieu Suisse ou Docteur.
DOCTEVR.	DOCTEUR.
Au diable, Traiſtre, impoſteur, fourbe execrable.	Au diable, Traître, imposteur, fourbe exécrable.
CRISPIN.	CRISPIN.
Adieu Meſſieurs.	Adieu Messieurs.
l’Ambaſſadeur D’Affrique, eſt voſtre ſeruiteux	L'Ambassadeur D'Afrique, est votre serviteux
PAXV.	PAXV.
A L'AVTHEVR Lluſtre fauory du ſçavant Appollon, I Qui te portoit ſi tard à nous faire paroiſtre, Les Ouvrages brillans que tu peux faire naiſtre, Inſpiré par les ſœurs de ſon facré vallon?	À L'AVTHEVR Llustre favori du savant Apollon, I Qui te portait si tard à nous faire paraître, Les Ouvrages brillants que tu peux faire naître, Inspiré par les sœurs de son sacré vallon?
2 A quoy s’eſt occupé ton eſprit admirable?	2 A quoi s'est occupé ton esprit admirable?
Depuis que ton merite éclatte en l’vniuers, Le mu iu pus uen prouutre vn million de Vers, Pour te rendre en tous lieux a iamais memorable s	Depuis que ton mérite éclatte en l'Univers, Le mu ju pus ouven prouutre un million de Vers, Pour te rendre en tous lieux a jamais mémorable savoir
Tu cherchois vn appuy, dis-tu, pour tes eſcrits?	Tu cherchais un appui, dis-tu, pour tes écrits?
Ah!	Ah!
S’ils en ont beſoin, i’ay tort ie le confeſſe, De blâmer ta raiſon;	S'ils en ont besoin, j'ai tort mot le confesse, De blâmer ta raison;
mais tréue de pareſſe oun en vas rencontre uuds MADAME	mais trêve de paresse oun en vas rencontre uds MADAME
DE RIS.	DE RIS.
Ne t’arreſtes donc plus derriere Sans crainte, acheue ta Carriere, Tes obſtacles ſont ſuperflus Nul ſecours ne te manque plus, Puiſque cette rare merueille, De qui la beauté ſans pareille, Eſt la moindre perfection, T’accorde ſa protection.	Ne t'arrêtes donc plus derrière Sans crainte, achève ta Carrière, Tes obstacles sont superflus Nul secours ne te manque plus, Puisque cette rare merveille, De qui la beauté sans pareille, Est la moindre perfection, T'accorde sa protection.
ApreZ ce digne adueu que faut-il dauantage?	Aprez ce digne aveu que faut-il davantage?
Voudrois-tu mal vſer d’vn pouvoir ſi charmant ?	Voudrais-tu mal user d'un pouvoir si charmant ?
Non, ſous cet eſtendart tu t’en vas faire rage, Et tu rendras ton nom plus fameux qu’il n'eſt grand.	Non, sous cet étendard tu t'en vas faire rage, Et tu rendras ton nom plus fameux qu'il n'est grand.
DE CHASTEAV-NEVF.	DE CHÂTEAU-NEUF.
