A PARIS, Elſez PIERRE BIENFATT, Libraire Iuré, dans la Cour du Palais, à l’Image S.	À PARIS, Élsez PIERRE BIENFAT, Libraire Juré, dans la Cour du Palais, à l'Image S.
Pierre, proche l’Hoſtel de M.	Pierre, proche l'Hôtel de M.
le Premier Preſident.	le Premier President.
M.	M.
DC.	DC.
LXXI.	LXXI.
AVEC PRIVILEGE DV ROY.	AVEC PRIVILÈGE DU ROY.
15	15
ARISTE, Gentilhomme, Mary d’Angelique, & amoureux de Iulie.	ARISTE, Gentilhomme, Mari d'Angélique, et amoureux de Julie.
ANGELIQVE.	ANGELIQUE.
GVSMAN, Valet d’Ariſte.	GUSMAN, Valet d'Ariste.
DAMON, Bourgeois, Mary de Iulie, & amoureux d’Angelique.	DAMON, Bourgeois, Mari de Julie, et amoureux d'Angélique.
FABRICE, Valet de Damon.	FABRICE, Valet de Damon.
BERNARD, Cabaretier.	BERNARD, Cabaretier.
Le Scene eſt à Paris.	Le Scène est à Paris.
LES TROMPEVRS TROMPEZ, LES FEMMES VERTVEVSES.	LES TROMPEURS TROMPEZ, LES FEMMES VERTUEUSES.
COCLEDIE.	COCLÉDIE.
BERNARD à Guſman.	BERNARD à Gusman.
On, non, ceit temps perdu, de l’argent.	On, non, ceit temps perdu, de l'argent.
SCENE PREMIERE.	SCÈNE PREMIÈRE.
BERNARD, GUSMAN, FABRICE	BERNARD, GUSMAN, FABRICE
GVSMAN.	GUSMAN.
Hé!	Hé!
tout doux, Monſieur Bernard.	tout doux, Monsieur Bernard.
BERNARD à Fabriee.	BERNARD à Fabrie.
Allons, de l’argent.	Allons, de l'argent.
A ij	À ij
Vous en aurez.	Vous en aurez.
FABRICE.	FABRICE.
Sans couroux,	Sans courroux,
BERNARD.	BERNARD.
Et quand?	Et quand?
GVSMAN.	GUSMAN.
Demain.	Demain.
I’en veux BERNARD.	J'en veux BERNARD.
Non, tout a l’heure,	Non, tout a l'heure,
FABRICE.	FABRICE.
Vous en aurez, ſans mentir, ou ie meure, Le terme n’eſt pas long.	Vous en aurez, sans mentir, ou ainsi meure, Le terme n'est pas long.
BERNARD.	BERNARD.
Chanſons que tout cela.	Chansons que tout cela.
Ie ſuis trop rebattu de ces promeſſes la, Il faut, quand on le peut, prendre ſes avantages, Et ie veux de l’argent, tout à l’heure, ou des gages.	Je suis trop rebattu de ces promesses la, Il faut, quand on le peut, prendre ses avantages, Et été veux de l'argent, tout à l'heure, ou des gages.
GVSMAN.	GUSMAN.
Mais vit-on de cét air avec d’honneſtes gens?	Mais vit-on de cet air avec d'honnêtes gens?
BERNARD.	BERNARD.
Mais, ne vous ay-je pas aiez donné de temps?	Mais, ne vous ai-je pas ayez donné de temps?
Devoir depuis ſix mois pour du vin deux piſtoles!	Devoir depuis six mois pour du vin deux pistoles!
Et me leurrer touſiours de cent contes frivoles?	Et me leurrer toujours de cent contes frivoles?
C’eſt ſe mocquer.	C'est se moquer.
GVSMAN.	GUSMAN.
Mialo quoy ?	Mialo quoi ?
BERNARD.	BERNARD.
Point de raiſonnement, Tant raiſonner n’eſt pas pour moy contentement, Et puiſque ie vous tiens, il faut vuider d’affaire.	Point de raisonnement, Tant raisonner n'est pas pour moi contentement, Et puisque je vous tiens, il faut vider d'affaire.
GVSMAN.	GUSMAN.
L'obſtiné demandeur!	L'obstiné demandeur!
FABRICE faiſant figne à Guſman de s'enfuir.	FABRICE faisant figne à Gusman de s'enfuir.
St.	St.
Fuir.	Fuir.
BERNARD.	BERNARD.
Que penſez-vous faire?	Que pensez-vous faire?
FABRICE.	FABRICE.
Nous, fuir!	Nous, fuir!
vous révez.	vous révez.
dala nvanle ſe Mais ces ſignes.	dala neuvanle se Mais ces signes.
GVSMAN.	GUSMAN.
Bon, bon, Nous fuir, Mr Bernard, nous n’avons garde, non.	Bon, bon, Nous fuir, Mr Bernard, nous n'avons garde, non.
BERNARD.	BERNARD.
Apres tous vos détours, i’ay quelque lieu de craindre.	Après tous vos détours, j'ai quelque lieu de craindre.
GVSMAN.	GUSMAN.
Vous avez, il eſt vray, grand ſujet de vous plaindre;	Vous avez, il est vrai, grand sujet de vous plaindre;
Mais enfin, croyez-nous valets de probité, Vous n’aurez point regret de nous avoir preſté, Et nous aurons le ſoin de vous bien ſatisfaire.	Mais enfin, croyez-nous valets de probité, Vous n'aurez point regret de nous avoir prêté, Et nous aurons le soin de vous bien satisfaire.
oüy.	oui.
FABRICE.	FABRICE.
OVSMAN.	OUSMAN.
Quoy, nous tromperions un homme franc!	Quoi, nous tromperions un homme franc!
FABRTCE.	FABRTCE.
Sincere.	Sincère.
GVSMAN.	GUSMAN.
Qui nous donnoit toûjours le meilleur de ſon vin.	Qui nous donnait toujours le meilleur de son vin.
TADRIEU.	TADRIEU.
Qui nous faiſoit credit	Qui nous faisait crédit
GVSMAN.	GUSMAN.
Monſieur Bernard, enfin, Ah!	Monsieur Bernard, enfin, Ah!
deuſſions-nous pluſtoſt.	démons-nous plustost.
BERNARD.	BERNARD.
dans le temps que Guſman le flatte, Fatrice tache à fuir.	dans le temps que Gusman le flatte, Fatrice tache à fuir.
Tréve à tant de careſſes,	Trêve à tant de caresses,
A iij	À jijà
Il me faut des effets, & non pas des promeſſes.	Il me faut des effets, et non pas des promesses.
ſe retournant du coſté de Fabrice, & l’arreſtant, Eh!	se retournant du côté de Fabrice, et l'arrêtant, Eh!
vous pretendez donc vous échaper de moy?	vous prétendez donc vous échapper de moi?
FABRICE.	FABRICE.
Moy?	Moi?
ie ne bouge pas.	Ne ne bouge pas.
BERNARD, arreſtant Guſman, qui tache à fuir.	BERNARD, arrêtant Gusman, qui tache à fuir.
Eſt-ce pour rire?	Est-ce pour rire?
GVSMAN.	GUSMAN.
Quoy?	Quoi?
BERNARD.	BERNARD.
Où voulez-vous aller?	Où voulez-vous aller?
GVSMAN.	GUSMAN.
I’ay veu la certain homme, Qui pourra me preſter ſur le champ voſtre ſomme Et.	J'ai vu la certain homme, Qui pourra me prêter sur le champ votre somme Et.
BERNARD retenant Fabrice qui alloit fuir.	BERNARD retenant Fabrice qui allait fuir.
C eit done tout de bon?	Ç Cit done tout de bon?
Certain mal.	Certain mal.
FABRICE.	FABRICE.
Ie ſuis un peu preſſé,	Je suis un peu pressé,
BERNARD à Guſman.	BERNARD à Gusman.
Reſtez-là.	Restez-là.
GVSMAN.	GUSMAN.
Si tu nous fais icy la moindre violence, Gale les eoups.	Si tu nous fais ici la moindre violence, Gale les éoups.
BERNARD.	BERNARD.
N’importe, & pour nantiſſement I’auray vos habits.	N'importe, et pour nantissement J'aurai vos habits.
GVSMAN.	GUSMAN.
Oüy?	Oui?
voila ton payementDans le temps què Bernard ſe iette ſur Fabrice, Guſman luy donne de ſa ſangle, & quand il va à Guſman, Fabrice le frape avec ſon petit couteau.	voilà ton paiementDans le temps què Bernard se jette sur Fabrice, Gusman lui donne de sa sangle, et quand il va à Gusman, Fabrice le frappe avec son petit couteau.
BERNARD.	BERNARD.
A la force, au ſecours.	À la force, au secours.
GVSMAN.	GUSMAN.
Retirons-nous Fabrice.	Retirons-nous Fabrice.
BERNARD Ah!	BERNARD Ah!
vos maiſtres, marauts, m’en feront la juſtice.	vos maîtres, marauts, m'en feront la justice.
Et s’ils ne veulent point ſatisfaire pour vous, Pour mon argent, du moins, ie vous roüray de coups.	Et s'ils ne veulent point satisfaire pour vous, Pour mon argent, du moins, je vous rourai de coups.
SCENE II.	SCÈNE II.
GUSMHI;	GUSMHI;
FABRICE.	FABRICE.
ſortant de l'endroit où iis eſtoient.	sortant de l'endroit où jis étaient.
FABRICE.	FABRICE.
St-il party, Guſman?	St-il parti, Gusman?
GVSMAN.	GUSMAN.
Oüy.	Oui.
FABRICE.	FABRICE.
Que nunuy de ioje;	Que nunui de joje;
A iiij	À jijà
GVSMAN.	GUSMAN.
Le voila ſatisfait en plaiſante monnoye.	Le voilà satisfait en plaisante monnoie.
Mais s’il va declarer à nos maiſtres.	Mais s'il va déclarer à nos maîtres.
FABRICE.	FABRICE.
Quitte pour tout nier.	Quitte pour tout nier.
Hé bien,	Hé bien,
GVSMAN.	GUSMAN.
D’accord.	D'accord.
C’eſt le moyen De nous debarraſſer tous deux de ſa pourſuitte, Il n’en ſera pas crû;	C'est le moyen De nous débarrasser tous deux de sa poursuite, Il n'en sera pas cru;
mais Adieu, ie te quitte.	mais Adieu, Seigneur te quitte.
FABRICE.	FABRICE.
Où vas-tu donc?	Où vas-tu donc?
GVSMAN.	GUSMAN.
Chez nous.	Chez nous.
Et toy?	Et toi?
Adieu donc.	Adieu donc.
FABRICE.	FABRICE.
Chez nous auſſi.	Chez nous aussi.
GVSMAN.	GUSMAN.
serviteur Mon Maiſtre.	serviteur Mon Maître.
le voicy.	le voici.
SCENE III.	SCÈNE III.
ARISTE, GUSMAN.	ARISTE, GUSMAN.
ARISTE.	ARISTE.
H, Guſman!	H, Gusman!
GVSMAN.	GUSMAN.
Quoy Monſieur?	Quoi Monsieur?
ARISTE.	ARISTE.
Que ie ſuis miſerable.	Que ie suis misérable.
D’ou vient?	D'ou vient?
GVSMAN.	GUSMAN.
ARISTE.	ARISTE.
Non, mon malheur n’euſt iamais de sẽblable.	Non, mon malheur n'eût jamais de sonblable.
GVSMAN.	GUSMAN.
1iineiiheur, queic ce encont de peut-on le ſçavoir?	1jineiheur, queic ce encont de peut-on le savoir?
TRDSIE.	TRDSIE.
Encor un coup, Guſman, ie ſuis au deſeſpoir.	Encor un coup, Gusman, je suis au désespoir.
GVSMAN.	GUSMAN.
Qui pourroit vous cauſer cette douleur extréme?	Qui pourrait vous causer cette douleur extrême?
Seriez vous mal en Cour?	Seriez -vous mal en Cour?
ARISTE.	ARISTE.
Noli, & ilion Prinee m’aime.	Noli, et ilion Prine m'aime.
Ie me vois tous les iours comblé de ſes bienfaits, Et les rares bontez ſurpaſſent mes ſouhaits.	Je me vois tous les jours comblé de ses bienfaits, Et les rares bontés surpassent mes souhaits.
GVSMAN.	GUSMAN.
Quelque procés perdu ne ſeroit-il point cauſe.	Quelque procès perdu ne serait-il point cause.
ARISTE.	ARISTE.
Non, non, ie n’en ay point, Guſman, c’eſt autre choſe.	Non, non, Madame n'en ai point, Gusman, c'est autre chose.
Mon mal eſt bien plus grand.	Mon mal est bien plus grand.
GVSMAN.	GUSMAN.
Brave comme un Ceſar, N’auriez-vous point tuè quelqu'un?	Brave comme un César, N'auriez-vous point tué quelqu'un?
ARISTE.	ARISTE.
Non.	Non.
GVSMAN.	GUSMAN.
Par hazard, Ne ſeroit-il point mort, ou parent, ou parente, Qui par ſon teſtament euſt fruſtré voſtre attente?	Par hasard, Ne serait-il point mort, ou parent, ou parente, Qui par son testament eût frustré notre attente?
Non.	Non.
ARISTE.	ARISTE.
GVSMAN.	GUSMAN.
Sans doute, le jeu cauſe voſtre chagrins N’auriez-vous point perdu?	Sans doute, le jeu cause vôtre chagrins N'auriez-vous point perdu?
ARISTE.	ARISTE.
Non.	Non.
GVSMAN.	GUSMAN.
Que diable eſt-ce enfin Bien en Cour, ſans prõcés, ſant perte, ſans querelle.	Que diable est-ce enfin Bien en Cour, sans prõcés, sant perte, sans querelle.
Poſſeſſeur d’une femme auſſi riche, que belle, Brave, noble, bieufait, chery de tous coſtez, Riche, que vous faut.	Possesseur d'une femme aussi riche, que belle, Brave, noble, bieufait, chéri de tous côtés, Riche, que vous faut.
il avec ces qualitez?	il avec ces qualités?
Pour moy ie ne vois point quel eſt voſtre martyre, Il inoins que rri mais ennt le n’oſe vous le dire, Ie craindrois d’attirer ſur moy voſtre couroux, Et ſe ne Içais que trop ce que peſent vos coups.	Pour moi ici ne vois point quel est votre martyre, Il inoins que ri mais ennt le n'ose vous le dire, Je craindrais d'attirer sur moi votre courroux, Et se ne Içais que trop ce que pèsent vos coups.
ARISTE Non, parle librement.	ARISTE Non, parle librement.
Qu’eſt-ce?	Qu'est-ce?
GVSMAN.	GUSMAN.
La jalouſie Aa aghant ent poill lar vonte rantaine ?	La jalousie Aa aghant ent oill lar vonte rantaine ?
Ou ne ſeriez-vous põtnt, ſans vous choquer, Cocu?	Ou ne seriez-vous põtnt, sans vous choquer, Cocu?
ARISTE,  Non, ie connois ma femme, & ie ſçais ſa vertu.	ARISTE, Non, ie connais ma femme, et grands sais sa vertu.
GVSMAN.	GUSMAN.
Dites moy dõc, Monſieur, ce qui fait voſtre peine;	Dites -moi dõc, Monsieur, ce qui fait votre peine;
Puis qu’à la deviner mon induſtrie eſt vaine.	Puis qu'à la deviner mon industrie est vaine.
ni Pu lu.	ni Pu lu.
Puis qu’il faut découvrir d’où provient mon tourL’amour ſeul fait mon mal.	Puis qu'il faut découvrir d'où provient mon tourL'amour seul fait mon mal.
Iment,	Iment,
GVSMAN.	GUSMAN.
Quoy!	Quoi!
vous eſtes Amant?	vous êtes Amant?
ARISTE.	ARISTE.
Oüy, i'aime, cher Guſman, & i’adore Iulie.	Oui, j'aime, cher Gusman, et j'adore Julie.
Lulie :	Lulie :
GVSMAN.	GUSMAN.
ARISTE.	ARISTE.
Et cét amour me couſtera la vie.	Et cet amour me coûtera la vie.
GVSMAN.	GUSMAN.
Point d’amour à ce prix.	Point d'amour à ce prix.
Mais eſt-ce tout de bon, Monſieur, que vous aiſez la femme de Damon?	Mais est-ce tout de bon, Monsieur, que vous aisé la femme de Damon?
Noſtre voiſin?	Notre voisin?
ARDIE.	ARDIE.
Sans donte.	Sans donc.
GVSMAN.	GUSMAN.
Et par mon induſtrie annuue quelo maiy ront de la confrairie?	Et par mon industrie annuve quel maii ront de la confrairie?
Oüy.	Oui.
ARISTE.	ARISTE.
GVSMAN faiſant une reverence.	GUSMAN faisant une révérence.
Ce m’eſt trop d’honneur:	Ce m'est trop d'honneur:
mais vous n’y ſongez pas.	mais vous n'y songez pas.
Madame, ſans mentir, a bien autant d’appas, Et ie ne comprends point.	Madame, sans mentir, a bien autant d'appas, Et tu ne comprends point.
ARISTE.	ARISTE.
Oüy, ma femme eſt aimable, Soit beauté, ſoit eſprit, tout en eſt admirable:	Oui, ma femme est aimable, Soit beauté, soit esprit, tout en est admirable:
Mais qu’un bien, cher Guſman, d’abord qu’il eſt commun, Par la poſſeſſion nous devient importun!	Mais qu'un bien, cher Gusman, d'abord qu'il est commun, Par la possession nous devient importun!
sertai degourt, qui luit tounours ia iouiſſance, Fait qu’on tombe aiſément dedans l’indifference, Et ſi pour une femme on a quelque retour, Il vient de l’habitude, & non pas de l’amour.	sertai dégourt, qui luit tounours ia jouissance, Fait qu'on tombe aisément dedans l'indifférence, Et si pour une femme on a quelque retour, Il vient de l'habitude, et non pas de l'amour.
Voila de l’air qu’on vit dedans le mariage.	Voilà de l'air qu'on vit dedans le mariage.
GVSMAN.	GUSMAN.
Dites pluſtoſt, Monſieur, dans le libertinage.	Dites plutôt, Monsieur, dans le libertinage.
Tudieu, ie vous connois.	Tudieu, Seigneur vous connais.
Vous eſtes de ces gens, Que l’Hymen ne ſçauroit iamais rendre contens, De ces marys galans, dont l’humeur inconſtante Prefere a ce qu’ils out tout ce qui ſe preſente, Qui proteſtans fieffez ne perdroient pas un iour, Sans avoir ſur les bras quelque intrigue d’amour, Et dont à coquetter l’humeur eſt ſi fertile, Qu’ils ont femmes aux champs, auſſi bien qu’à la vinſe.	Vous êtes de ces gens, Que l'Hymen ne saurait jamais rendre contents, De ces maris galants, dont l'humeur inconstante Préfère à ce qu'ils ou tout ce qui se présente, Qui protestants fieffez ne perdraient pas un jour, Sans avoir sur les bras quelque intrigue d'amour, Et dont à coquetter l'humeur est si fertile, Qu'ils ont femmes aux champs, aussi bien qu'à la vinse.
N’eſt-il pas vray?	N'est-il pas vrai?
ARISTE.	ARISTE.
D’accord.	D'accord.
Mais c’eſt le gouſt du temps, Et c’eſt le ſeul plaiſir qu’ont les honneſtes gens.	Mais c'est le goût du temps, Et c'est le seul plaisir qu'ont les honnêtes gens.
Auſſi bien n’eſt-ce pas une contrainte extréme, Qu’il faille pour l’Hymen ceſſer d’eſtre à ſoi méme?	Aussi bien n'est-ce pas une contrainte extrême, Qu'il faille pour l'Hymen cesser d'être à soi -même?
Eſclave d’une femme, eſtouffer ſes deſirs!	Esclave d'une femme, étouffer ses désirs!
N’oſer gouſter iamais que les meſmes plaiſirs?	N'oser goûter jamais que les mêmes plaisirs?
Et pour l’attachement d’une ſeule perſonne, Se refuſer ſouyent ce que le ſort nous donne?	Et pour l'attachement d'une seule personne, Se refuser souient ce que le sort nous donne?
Ronnenjle cnangement a des onaimes eh ſoy, Et l’on doit ſans ſcrupule enfraindre cette loy, Suivre ſans ſe gehenner, ce qui nous vient en teſte, Et faire, s’il ſe peut, touſiours quelque conqueſte.	Ronnenjle cnangement a des onaimes eh soy, Et l'on doit sans scrupule enfraindre cette loi, Suivre sans se géhenner, ce qui nous vient en tête, Et faire, s'il se peut, toujours quelque conquête.
GVSMAN.	GUSMAN.
Mais, ſans vous offencer, ſeriez-vous fort content, Si quelqu’autre chez vous en alloit faire autant?	Mais, sans vous offenser, seriez-vous fort content, Si quelqu'autre chez vous en allait faire autant?
Car, à ne rien celer,, en matiere de cornes, Monſieur, le cocuage eſt un Pays ſans bornes, rel qui cront en donner, bien iouvent en Teçoit, Penſant montrer quelqu’un, on ſe fait voir au doigt, Et dans ce beau deſſein de põdre au nid d’un autre, Gare que quelque oyſeau ne giſte dans le voſtre.	Car, à ne rien celer, en matière de cornes, Monsieur, le cocuage est un Pays sans bornes, rel qui cront en donner, bien jouvent en Teçoit, Pensant montrer quelqu'un, on se fait voir au doigt, Et dans ce beau dessein de pendre au nid d'un autre, Gare que quelque oiseau ne gîte dans le vôtre.
ARISTE.	ARISTE.
Tréve aux reflexions, & ſonge à me ſervir GVSMAN,	Trêve aux réflexions, et songe à me servir GUSMAN,
GVSMAN.	GUSMAN.
vous n’avez qu’a parler, ie luis tout preſt d’agir.	vous n'avez qu'a parler, je luis tout prêt d'agir.
ARISTE.	ARISTE.
Va-t’en donc de ce pas entretenir Iulie, Et mets à la fléchir toute ton induſtrie, Peins luy bien mon amour.	Va-t-en donc de ce pas entretenir Julie, Et mets à la fléchir toute ton industrie, Peins ) bien mon amour.
e va nanils, Repoſez-vous ſur moy.	Je va nanils, Reposez-vous sur moi.
ARISIE.	ARISIE.
Si tu reüſſis bien, certe bague eſt pour toy.	Si tu réussis bien, certe bague est pour toi.
GVSMAN.	GUSMAN.
auie upropos, voyant chaque iour vottrefemme, Peut eſtre elle pourra luy dire voſtre flâme.	avie upropos, voyant chaque jour vottrefemme, Peut être elle pourra quelque dire votre flamme.
Iugez quel embarras ſi l’on ſçait cét amour.	Jugez quel embarras si l'on sait cet amour.
*	*
ARISIE.	ARISIE.
Ne crains rien, ie t’attens au coin de ce carfour.	Ne crains rien, Seigneur t'attends au coin de ce carrefour.
SCENE IV.	SCÈNE IV.
GUSMAN, IULIE ſortant de chez elle.	GUSMAN, JULIE sortant de chez elle.
GVSMAN.	GUSMAN.
Y cours.	Y cours.
Bon.	Bon.
Ie la vois.	Je la vois.
Abordons là.	Abordons là.
Mal daler.	Mal daler.
L’amour, & les attraits.	L'amour, et les attraits.
mon Maiſtre.	mon Maître.
enfin.	enfin.
ſa flamme.	sa flamme.
uoy, Guſman!	uoy, Gusman!
IVLIE.	IVLIE.
GVSMAN.	GUSMAN.
Ie ne ſçais ma foy, ce que ie dis.	Je ne sais ma foi, ce que Seigneur dis.
A voir tant de beautez mes ſens ſont interdits, Et mon eſprit confus.	À voir tant de beautés mes sens sont interdits, Et mon esprit confus.
IVLIE.	IVLIE.
Guſman veut toûjours rire.	Gusman veut toujours rire.
GVSMAN.	GUSMAN.
Que l’on ſouffre à vous voir un eſtrange martyre!	Que l'on souffre à vous voir un étrange martyre!
Que de ces yeux fripons le penetrant éclat, Reduit un pauvre cœur en un piteux eſtat!	Que de ces yeux fripons le pénétrant éclat, Réduit un pauvre cœur en un piteux état!
Que ce vif incarnat, dont ces jouës ſont peintes, Donne en diable & demy de ſenſibles atteintes!	Que ce vif incarnat, dont ces joues sont peintes, Donne en diable et demi de sensibles atteintes!
Que de ce petit nez l’aquiline beauté Fait pic, repic, capot, ſur noſtre liberté!	Que de ce petit nez l'aquiline beauté Fait pic, repic, capot, sur notre liberté!
Et que ce vif corail, que porte chaque lévre, A moins qu’eſtre glaçon, cauſe une rude fiévre!	Et que ce vif corail, que porte chaque lèvre, À moins qu'être glaçon, cause une rude fièvre!
Que ces Dens, ces Tetons, & le reite mortbleu.	Que ces Dends, ces Tétons, et le reite mort.
Ie ne m’eſtonne plus ſi mon maiſtre eſt en feu, Et ſi.	Je ne m'étonne plus si mon maître est en feu, Et si.
IVLIE.	IVLIE.
Nas-tu, Guſman, autre choſe à me dire?	Nas-tu, Gusman, autre chose à me dire?
dal tienaeta mopreume uumunde d de mastyre?	dal tienaéta mopreume uumunde d de mastyre?
Pour des contes en l’air falloit-il m’arreſter?	Pour des contes en l'air fallait-il m'arrêter?
On dis ce qui t'amene, ou ie vais te quitter.	On dis ce qui t'amène, ou belle vais te quitter.
GVSMAN.	GUSMAN.
Mon maiſtre vous adore, & ie viens vous l’apprendre.	Mon maître vous adore, et ainsi viens vous l'apprendre.
IVLIE.	IVLIE.
Ariſte, m’aimeroit!	Ariste, m'aimerait!
c’eſt dequoy me ſurprendre.	c'est dequoy me surprendre.
BVSMAN.	BUSMAN.
Il me l’a dit du moins, & me depute exprés.	Il me l'a dit du moins, et me députe exprès.
IVLIE.	IVLIE.
Il pourroit eſtimer de ſi foibles attraits!	Il pourrait estimer de si faibles attraits!
Et mon peu de Beauté.	Et mon peu de Beauté.
GVSMAN.	GUSMAN.
Eca vous plaſſt adire.	Éca vous plasst adiré.
IVLIE.	IVLIE.
Mais ſa femme.	Mais sa femme.
GYSMAR.	GYSMAR.
Pour vous ſeulement il ſoûpire,	Pour vous seulement il soupire,
IVLIE.	IVLIE.
Il doit eſtre content de ſes rares appas.	Il doit être content de ses rares appas.
SVSMAN.	ZUSMAN.
Vous en avez, dit-il, que ſa femme n’a pas.	Vous en avez, dit-il, que sa femme n'a pas.
Et de plus, entre nous, un amant jeune & riche;	Et de plus, entre nous, un amant jeune et riche;
N’eſt pas incompatible, avec un époux chiche, Vieux, jaloux, en un mot incapable d’amour:	N'est pas incompatible, avec un époux chiche, Vieux, jaloux, en un mot incapable d'amour:
2i.	2i.
, ce l’autre, ſe peut ménager à ſon tour, Le ſiecle ſans ſcrupule en ſouffre aſſez l’uſage, Et l’époux, & l’amant ſont propres au ménage.	, ce l'autre, se peut ménager à son tour, Le siècle sans scrupule en souffre assez l'usage, Et l'époux, et l'amant sont propres au ménage.
IVLIE bas.	IVLIE bas.
cet inſolent amour m'offence au dernier point.	cet insolent amour m'offense au dernier point.
Mais pour nous en venger, ne le rebuttons point, Et feignons d’approuver cette ardeur temeraire.	Mais pour nous en venger, ne le rebutons point, Et feignons d'approuver cette ardeur téméraire.
VSMAN.	VSMAN.
*1 Hé bien, oſera-t’il aſpirer à vous plaire?	*1 Hé bien, osera-t-il aspirer à vous plaire?
IVLIE.	IVLIE.
Oüy, mais pour ſçavoir mieux quel eſt ſon ſentiment, Viens reprendre un billet icy dans un moment.	Oui, mais pour savoir mieux quel est son sentiment, Viens reprendre un billet ici dans un moment.
GVSMAN.	GUSMAN.
C'eſt aſſez, ſerviteur.	C'est assez, serviteur.
IVLIE.	IVLIE.
Nous allons chez ſa femme, Et luy faiſons ſçavoir cette infidelle flâme.	Nous allons chez sa femme, Et Seigneur faisons savoir cette infidèle flamme.
B ij	B ij
SCENE V.	SCÈNE V.
NGELIQUE, IULIE.	NGELIQUE, JULIE.
ANGELIQVE.	ANGELIQUE.
Allois chez vous, Iulie.	Allais chez vous, Julie.
IVLIE.	IVLIE.
Et moy chez vous auſſi, Et j’ay bien du bonheur de vous trouver icy, Car i’ay certal ſetret d'importance à vous dire.	Et moi chez vous aussi, Et j'ai bien du bonheur de vous trouver ici, Car j'ai certal set d'importance à vous dire.
ANGELIQVE.	ANGELIQUE.
Qu’eſt-ce encor, s’il vous plaiſt?	Qu'est-ce encor, s'il vous plaît?
IVLIE.	IVLIE.
Ie vais vous en inſtruire.	Je vais vous en instruire.
Mais que ce libre adveu ne vous chagrine pas.	Mais que ce libre aveu ne vous chagrine pas.
Non.	Non.
AMLHIQVE.	AMLHIQVE.
VLIE.	VLIE.
Ariſte eſt charmé de mes foibles appas.	Ariste est charmé de mes faibles appas.
Q ANGELIQVE.	 QNGELIQUE.
oy!	oy!
mon mary vous aime?	mon mari vous aime?
IVLIE.	IVLIE.
Ouy.	Oui.
ANGELIQVE.	ANGELIQUE.
Bon, vous voulez rire.	Bon, vou lez rire.
IVLIE.	IVLIE.
Et Guſman de ſa part eſt venu me le dire.	Et Gusman de sa part est venu me le dire.
ANGELIQVE.	ANGELIQUE.
Ie connois trop ſon cœur pour douter de ſa foy	Je connais trop son cœur pour douter de sa foi
IVLIE.	IVLIE.
Ne vous en flattez point, vous dis-je, & croyezmoy.	Ne vous en flattez point, vous dis-je, et croyezmoi.
ANGELIQVE.	ANGELIQUE.
Mais à voir ſon eſtime, & toutes ces careſſes, Ie ne puis ſoupçonner.	Mais à voir son estime, et toutes ces caresses, Je ne puis soupçonner.
AVDIL.	AUDIL.
Ce ſont toutes fineſſes.	Ce sont toutes finesses.
ANGELIQUE.	ANGELIQUE.
Non, non, ie ne crois point.	Non, non, Madame ne crois point.
IVLIE.	IVLIE.
Les hommes ſont trompeurs, Ils jurent d’eſtre à nous, quoy qu’ils aiment ailleurs, Et les traiſtres, qu’ils ſont, connoiſſans nos foibleſſes, Endorment nos ſoupçons par leurs fauſſes tendreſſes, Et nous ébloüiſſans de leur ſincerité, Ils pouſſent à leur gré leur infidelité.	Les hommes sont trompeurs, Ils jurent d'être à nous, quoi qu'ils aiment ailleurs, Et les traîtres, qu'ils sont, connaissants nos faiblesses, Endorment nos soupçons par leurs fausses tendresses, Et nous ébloüissans de leur sincérité, Ils poussent à leur gré leur infidélité.
Voila ſans déguiter i'huineur des perromages, Et voſtre cher époux en donne de bons gages.	Voilà sans déguiter j'huineur des perromages, Et votre cher époux en donne de bons gages.
ANGELIGVE.	ANGELIGUE.
Ah!	Ah!
quelle ingratirude !	quelle ingratirude !
IVLIE.	IVLIE.
Il faut s’en reſſentir.	Il faut s'en ressentir.
commient.	commient.
ANGELIQVE.	ANGELIQUE.
IVLIE.	IVLIE.
A ſon amour i’ay feint de conſentir, Et i’ay dit à Guſman, qu’il vint icy reprendre, Vne lettre, qu’il faut pour ce ſujet luy rendre,	À son amour j'ai feint de consentir, Et j'ai dit à Gusman, qu'il vint ici reprendre, Une lettre, qu'il faut pour ce sujet lui rendre,
ANGELIQVE.	ANGELIQUE.
Venez chez moy l’écrire.	Venez chez moi l'écrire.
IVLIE.	IVLIE.
Oüy, nous y reſoudrons Entre nous, de quel air nous nous en vengerons, Auſſi bien mon mary que ie vois, ce me ſemble, Pourroit nous aborder, s’il nous voyoit enſemble, Et nous empeſcherort à uecompiir ce deſſein.	Oui, nous y résoudrons Entre nous, de quel air nous nous en vengerons, Aussi bien mon mari que enfin vois, ce me semble, Pourrait nous aborder, s'il nous voyait ensemble, Et nous empêcherort à uecompiir ce dessein.
SCENE VI.	SCÈNE VI.
DAMON, FABRICE.	DAMON, FABRICE.
DAMON.	DAMON.
nbniée, iras-tu donc?	nbniée, iras-tu donc?
FABRICE.	FABRICE.
Non, Monneur.	Non, Monneur.
Ie le reuis DAMON.	Je le revis DAMON.
Mais enfia,	Mais enfia,
FABRICE.	FABRICE.
Commandez, s’il vous plaiſt, autre choſe, Et jy cours.	Commandez, s'il vous plaît, autre chose, Et ji cours.
DAMON.	DAMON.
Tu feras ce que ie te propoſe, Où les coups.	Tu feras ce que ici te propose, Où les coups.
FABRICE.	FABRICE.
Vous ferez tout ce qu’il vous plaira.	Vous ferez tout ce qu'il vous plaira.
Mais enfin, mon honneur eſt offencé par là.	Mais enfin, mon honneur est offensé par là.
Ie ne le puis.	Je ne le puis.
PAMON.	PAMON.
Viença,	Viensça,
FABRICE.	FABRICE.
au cit-ce?	au cit-ce?
DAMON le flattant.	DAMON le flattant.
Mon cher Fabrices Si tu m’aimes un peu, rends moy ce bon office,	Mon cher Fabrices Si tu m'aimes un peu, rends moi ce bon office,
FABRICE.	FABRICE.
Nenny, nenny, voyez un peu le bel employ, I’irois pour vos beaux yeux corrompre les gens!	Nenni, nenni, voyez un peu le bel emploi, J'irais pour vos beaux yeux corrompre les gens!
moy!	moi!
Voir la femme Ariſte, & ſervant voſtre flame;	Voir la femme Ariste, et servant votre flamme;
Offencer ſon époux, ainſi que voſtre femme?	Offenser son époux, ainsi que votre femme?
Fy, fy, c’eſt ſe mocquer, & vous devez rougir, A voſtre âge;	Fi, fi, c'est se moquer, et vous devez rougir, A votre âge;
Monſieur, de ce honteux deſir.	Monsieur, de ce honteux désir.
Avoir femme fort benie, & convoſter une autre!	Avoir femme fort bénie, et convôter une autre!
Et la, la, vieux pecheur, tenez-vous à la voſtre, C’eſt bien aſſez pour vous.	Et la, la, vieux pécheur, tenez-vous à la vôtre, C'est bien assez pour vous.
DAMON.	DAMON.
Plus de raiſonnement, Et va t'en de ma part luy dire mon tourient.	Plus de raisonnement, Et va t'-en de ma part lui dire mon tourient.
FABRICE.	FABRICE.
De la part d’un vieillard le beau diſcours à faire!	De la part d'un vieillard le beau discours à faire!
vonom teur aun-toit ne doit-il pas déplaire.	vonom teur aun-toit ne doit-il pas déplaire.
DAMON.	DAMON.
Vante luy mes treſors, parle luy de preſens- L’argent luy peur oſter le dégouſt de mes ans.	Vante lui mes trésors, parle Roi de prés- L'argent lui peur ôter le dégoût de mes ans.
Ie n’iray point.	Je n'irai point.
FABRICE.	FABRICE.
Enaonvo Fabrice.	Enaonvo Fabrice.
FABRICE.	FABRICE.
Allez-la voir vous meſme, Faut-il par procureur dire aux gẽs qu’on les aime?	Allez-la voir vous -même, Faut-il par procureur dire aux gents qu'on les aime?
B iiij	 Bijà
DAMON.	DAMON.
Ie t’en conjure.	Je t'en conjure.
FABRICE.	FABRICE.
Non.	Non.
DAMON.	DAMON.
Eh, de grace.	Eh, de grâce.
FABRICE.	FABRICE.
Cherchez d’autres agens.	Cherchez d'autres agents.
Non, nor	Non, nor
DAMON.	DAMON.
Eh, mon pauvre garçon PABRICE faiſant ſemblant de s’en aller.	Eh, mon pauvre garçon PABRICE faisant semblant de s'en aller.
Serviteur.	Serviteur.
DAMON.	DAMON.
mloni'vona pour payer ton meſſage;	mloni'évona pour payer ton message;
Mais ne melaiſſe pas endurer davantage.	Mais ne melaisse pas endurer davantage.
Iras-tu?	Iras-tu?
dis?	dis?
FABRICE qui a paru en colere, ſe radoucit en voyant de l’argent.	FABRICE qui a paru en colère, se radoucit en voyant de l'argent.
L’argent ne me fait pas agir, Mais vous eſtes mon maiſtre, & ie dois obeir, Et ie me ſens pour vous une tenurene extréme.	L'argent ne me fait pas agir, Mais vous êtes mon maître, et un dois obéir, Et quelque sens pour vous une tenurène extrême.
DAMON.	DAMON.
Ah ona qui me planit, mais va voir ce que i’aime Et luy dis.	Ah ona qui me planit, mais va voir ce que j'aime Et tu dis.
FABRICE.	FABRICE.
Ie diray, Monſieur, ce qu’il faudra	Je dirai, Monsieur, ce qu'il faudra
DAMON.	DAMON.
Ie t'attens chez Clindor.	Je t'attends chez Clindor.
FABRICE.	FABRICE.
Suffit.	Suffit.
I’y cours.	J'y cours.
Hola.	Holà.
Sans les difficultez qu’à propos i’ay fait naiſtre, Ie n’aurois pas tiré cét argent de mon maiſtres Man Angelique.	Sans les difficultés qu'à propos j'ai fait naître, Je n'aurais pas tiré cet argent de mon maîtres Man Angélique.
ſort.	sort.
SCENE VII.	SCÈNE VII.
TADRICE, ANGELIQUE.	TADRICE, ANGELIQUE.
FABRICE.	FABRICE.
DE la part d’un Creſus, p'un homme, qui pretend vous accabler d’eſcus, Vieux à la verité, mais pourtant aſſez drole, Pour joüer en amour encor un peu ſon role, Mon maiſtre enfn, ie viens vous dire que l’amour, Qu’il a pour vos appas le ronge nuit & iour.	DE la part d'un Cresus, p'un homme, qui prétend vous accabler d'écus, Vieux à la vérité, mais pourtant assez drôle, Pour jouer en amour encor un peu son rôle, Mon maître enfn, Seigneur viens vous dire que l'amour, Qu'il a pour vos appas le ronge nuit et jour.
Joyez ſi vous voulez ſeconder ſon attente.	Joyez si vous voulez seconder son attente.
ANGELIQVE.	ANGELIQUE.
Quoy, ton maiſtre m’aime?	Quoi, ton maître m'aime?
FABRICE.	FABRICE.
Oüy.	Oui.
ANGELIQVE à part.	ANGELIQUE à part.
l faut, pour s'en venger, joüer le meſme tour, Qu’à mon mary Iulie appreſte dans ce iour.	Il faut, pour s'en venger, jouer le même tour, Qu'à mon mari Iulie apprête dans ce jour.
Oüy, Fabrice, dis luy que i’approuve ſa flame, Qua ſon rare merite à ſçeu toucher mon ame, Et que, s’il m’aime tant, il peut me venir voir, Librement ſur les neuf à dix heures du ſoir;	Oui, Fabrice, dis même que j'approuve sa flamme, Qua son rare mérite à su toucher mon âme, Et que, s'il m'aime tant, il peut me venir voir, Librement sur les neuf à dix heures du soir;
Et pour plus ſeurement faire noſtre entreveuë, Comme quelque voiſin peut eſtre dans la ruë, Qui le voyant entrer, pourroit bien en jaſer, J’il me veut obliger, il doit ſe déguiſer, Se rendre par l’habit à mon mary ſemblable, Et tout par ce moyen luy lera favorable.	Et pour plus sûrement faire notre entrevue, Comme quelque voisin peut être dans la rue, Qui le voyant entrer, pourrait bien en jaser, J'il me veut obliger, il doit se déguiser, Se rendre par l'habit à mon mari semblable, Et tout par ce moyen quelque lera favorable.
FABRICE.	FABRICE.
Il ſuffit.	Il suffit.
Ie luy vais annoncer ce bonheur.	Je te vais annoncer ce bonheur.
ANGELIQVE.	ANGELIQUE.
Encor un coup, dis luy qu’il ſoit ſeur de mõ cœur.	Encor un coup, dis-même qu'il soit sûr de mon cœur.
FABRICE.	FABRICE.
Oüy.	Oui.
Tudieu la galante en a bien-toſt dans l’aiſle!	Tudieu la galante en a bientôt dans l'aisle!
Ieuleux qui peut trouver une leſmne nuelle.	Jeuleux qui peut trouver une lesmne nuelle.
SCENE VIII.	SCÈNE VIII.
ANGELTQUE uppeutant Iune qui eſt chez elle, IULIE.	ANGELTQUE uppeutant June qui est chez elle, JULIE.
ANGELIQVE.	ANGELIQUE.
Vlie, nous avons meſme ſorr toutes deux, IEt voſtre cher mary, m’adreſſe auſſi ſes veux, Fabrice de ſa part m’a témoigné qu’il m’aime.	Vlie, nous avons même sorr toutes deux, JEt votre cher mari, m'adresse aussi ses veux, Fabrice de sa part m'a témoigné qu'il m'aime.
IVLIE.	IVLIE.
Ie ne le cele point, ma ſurpriſe eſt extréme.	Je ne le cèle point, ma surprise est extrême.
Vn homme de ſon âge avoit une autre ardeur, Que celle, que l’Hymen authoriſe en ſon cœur!	Un homme de son âge avait une autre ardeur, Que celle, que l'Hymen autorise en son cœur!
Et puis apres cela, fieffés vous ſur les hommes;	Et puis après cela, fieffez -vous sur les hommes;
A les oüir parler voicy ce que nous ſommes:	À les ouïr parler voici ce que nous sommes:
Nous n’avons point d’amour, point de ſidelité, Noſtre ſexe n’eſt plein que de tragilité, La conſtance chez nous n’eſt iamais en uſage, La fourbe & les détours ſont noſtre ſeul partage, Et cependant leur ſexe eſt cent fois plus trõpeur.	Nous n'avons point d'amour, point de sidélité, Notre sexe n'est plein que de tragilité, La constance chez nous n'est jamais en usage, La fourbe et les détours sont notre seul partage, Et cependant leur sexe est cent fois plus trépeur.
ANGELIQVE.	ANGELIQUE.
Point de reflexions, & vengeons noſtre honneur, Bernons ces deux amans de la belle maniere, nt iuuions voir en nous la vertu toute entiere.	Point de réflexions, et vengeons notre honneur, Bernons ces deux amants de la belle manière, nt juuyons voir en nous la vertu toute entière.
I’ay fait à ce deſſein meſme choſe que vous.	J'ai fait à ce dessein même chose que vous.
Le Perfide!	Le Perfide!
IVLIE.	IVLIE.
ANGELIQVE.	ANGELIQUE.
Mondieu laiſſons là le couroux.	Mondieu laissons là le courroux.
Nous nous en vengerons, & ie viens de promettre Le meſme rendez vous que porte voſtre Lettre.	Nous nous en vengerons, et ainsi viens de promettre Le même rendez vous que porte votre Lettre.
I’exige auſſi de luy pareil déguiſement.	J'exige aussi de M pareil déguisement.
Mais mon mary paraiſt, quittons nous promptement.	Mais mon mari paraît, quittons nous promptement.
S’il nous voyoit icy dans quelque conference, Il pourroit ſe douter de noſtre intelligence.	S'il nous voyait ici dans quelque conférence, Il pourrait se douter de notre intelligence.
IVLIE.	IVLIE.
C’eſt bien dit, & ie vais donner à ſon valet Ma Lettre.	C'est bien dit, et On vais donner à son valet Ma Lettre.
Iulie rentre chez elle	Julie rentre chez elle
SCENE IX.	SCÈNE IX.
4 JerD PHa SOOMAN.	4 JérD PHa SOMAN.
ARISTE.	ARISTE.
v Il Gurman, nuquerinie oillet, Qui me doit annoncer ou la mort, ou la vie, Ie t’attends en ce lieu.	 Il Gurmand, nuquerinie oilet, Qui me doit annoncer ou la mort, ou la vie, Je t'attends en ce lieu.
GYSMAM.	GYSMAM.
C’a, ie cours chez Iulie.	C'a, Seigneur cours chez Julie.
Durant cette Scene Guſman va à la porte de Iulie, & revient de temps en temps à ſon maiſtre.	Durant cette Scène Gusman va à la porte de Julie, et revient de temps en temps à son maître.
Mais à propos, Monneur, n Dainon ion epoux, Eſt au logis?	Mais à propos, Monneur, n Ainon ion époux, Est au logis?
ARISTE.	ARISTE.
Hé bien, que crains-tu?	Hé bien, que crains-tu?
GVSMAN.	GUSMAN.
Mille coups.	Mille coups.
ITTE.	ITTE.
Terreur panique.	Terreur panique.
Va.	Va.
GVSMAN.	GUSMAN.
Mais s’il ſçait ce myſtere, Il me ſemble pourtant qu’il pourra bien le faire.	Mais s'il sait ce mystère, Il me semble pourtant qu'il pourra bien le faire.
Quitte à t’enfuir.	Quitte à t'enfuir.
ARISTE.	ARISTE.
GVSMAN.	GUSMAN.
Oüy.	Oui.
Mais ni on court apres moy?	Mais ni on court après moi?
ARISTE.	ARISTE.
ARISTE.	ARISTE.
Impertinent!	Impertinent!
Quoy donc, ſuis-je ſi loin de toy, Que ie ne puiſſe pas au beſoin te deffendre?	Quoi donc, suis-je si loin de toi, Que je ne puisse pas au besoin te défendre?
GVSMAN.	GUSMAN.
D’accord Mais au logis on peut bien me ſurprendre, Le m'enrermant dedans, m'y frotter commſe il faut.	D'accord Mais au logis on peut bien me surprendre, Le m'enrermant dedans, m'y frotter comméd il faut.
Diable, j’en patirois ma foy tout ſeul.	Diable, j'en pâtirais ma foi tout seul.
ARISTE.	ARISTE.
Maraut, Pretens-tu m’étourdir de mais inſupportables, Et me faire enrager par des diſcours ſemblables!	Maraut, Pretends-tu m'étourdir de mais insupportables, Et me faire enrager par des discours semblables!
Si tu n’y veux aller, ie vais payer tes mais.	Si tu n'y veux aller, On vais payer tes mais.
AVSMAI.	AUSMAI.
Ne vous emportez point, mõ cher maiſtre, i’y vais.	Ne vous emportez point, mon cher maître, j'y vais.
Ne vous éloignez pas au moins,	Ne vous éloignez pas au moins,
ARISTE.	ARISTE.
Quelle miſere!	Quelle misère!
GVSMAN.	GUSMAN.
Car en cas de dungei touo mentco nocellaire.	Car en cas de dungei touo mentco nocellaire.
Eſtes vous là?	Êtes -vous là?
ARISIE.	ARISIE.
Coquin!	Coquin!
Eh, oüy i’y ſuis.	Eh, oui j'y suis.
GVSMAN.	GUSMAN.
Ah!	Ah!
bon.	bon.
ARISTE.	ARISTE.
i een cetie Mlucul, u cette panion Que tu montrois tantoſt, infame?	y cet cetie Mlucul, u cette panion Que tu montrais tantôt, infâme?
GVSMAN.	GUSMAN.
Ionſieur, ne nuit iamais.	Jonsieur, ne nuit jamais.
La Prudence,	La Prudence,
faut avorr.	faut avorr.
ARISTE.	ARISTE.
Ah!	Ah!
quelle patiencę	quelle patienc
SCENE X.	SCÈNE X.
IULIE à ſa feneſtre, ARISTE dans un coin, GUSMAN.	IULIE à sa fenêtre, ARISTE dans un coin, GUSMAN.
ARISTE.	ARISTE.
ncicn.	ncicn.
Le fripon?	Le fripon?
Si tu reviens encor, que de coups de baſton?	Si tu reviens encor, que de coups de bâton?
VSMAN Sinjujuur.	VSMAN Sinjujur.
Quelque ſot les iroit chercher.	Quelque sot les irait chercher.
ARBSTE.	ARBÊTE.
Ah!	Ah!
double traiſtre.	double traître.
IVLIE.	IVLIE.
Tien donc, Guſman.	Tiens donc, Gusman.
GVSMAN.	GUSMAN.
An:	An:
an:	an:
c’eſt vous.	c'est vous.
IVLIE.	IVLIE.
Dis à ton Maiſtre, que s’il a de l’amour pour moy, comme il le dit, Il fera ce qu’icy ie luy mande.	Dis à ton Maître, que s'il a de l'amour pour moi, comme il le dit, Il fera ce qu'ic ie toujours mande.
GVSMAN.	GUSMAN.
Buito,	Buito,
SCENE XI.	SCÈNE XI.
ARISTE, GUSMAN.	ARISTE, GUSMAN.
E' bien?	E' bien?
ARDIE.	ARDIE.
GVSMAN.	GUSMAN.
iipparemment on remplit voſtre attente, Et ce billet, Monſieur.	jiparemment on remplit votre attente, Et ce billet, Monsieur.
mais voyez ce qu’il chãte	mais voyez ce qu'il changte
ARISTE lit.	ARISTE lit.
Si vous m’aimez, comme on me la dit de voſtre part, rendez-vous chez moy ſur les neuf heures du ſoir;	Si vous m'aimez, comme on me la dit de votre part, rendez-vous chez moi sur les neuf heures du soir;
mais comme cela feroit trop d’éclat, ſi par malheur on y voyoit entrer un homme avec des plumes, & que vous pourriez eſtre reconnu par voſtre femme, ou par quelqu’un de vos voiſins, pour donner moins de ſoupgons taſchez d’avoir ui ſabit conforme à celuy de mon mary.	mais comme cela ferait trop d'éclat, si par malheur on y voyait entrer un homme avec des plumes, et que vous pourriez être reconnu par votre femme, ou par quelqu'un de vos voisins, pour donner moins de soupgons tâchez d'avoir ui sabit conforme à celui de mon mari.
Il ſoupe.	Il soupe.
chez un de ſes parens, & pourra bien y coucher.	chez un de ses parents, et pourra bien y coucher.
Ie vous attends.	Je vous attends.
Adieu.	Adieu.
IVEIE.	IVEIE.
Ah!	Ah!
Guſman, quel bonheur!	Gusman, quel bonheur!
GVSMAN.	GUSMAN.
Oüy, ſans doute, il eſt grand.	Oui, sans doute, il est grand.
Mais ne ſeroit-ce point un piege qu’on vous tend?	Mais ne serait-ce point un piège qu'on vous tend?
En matiere d’amour, la deffiance eſt bonne.	En matière d'amour, la défiance est bonne.
Ie veux croire pourtant qu’à tort ie la ſoupçonne Mais la choſe eſt poſſible, & l’on voit thaque ionr	Je veux croire pourtant qu'à tort Il la soupçonne Mais la chose est possible, et l'on voit thaque ionr
Tant d’exemples, Monſieur, de Dupes en amouf, Soit la bource, ou le dos.	Tant d'exemples, Monsieur, de Dupes en amouf, Soit la bource, ou le dos.
vous eſtes bon & ſage.	vous êtes bon et sage.
Cependant, où pouvoir trouver cét équipage?	Cependant, où pouvoir trouver cet équipage?
ARISTE.	ARISTE.
La choſe m’embarraſſe, & ie ne ſçay comment.	La chose m'embarrasse, et Seigneur ne sais comment.
GVSMAN.	GUSMAN.
Damon peut vous ſervir à ce déguiſement.	Damon peut vous servir à ce déguisement.
Nous ſommes aux iours gras.	Nous sommes aux jours gras.
Entre voiſins, mon maiſtre, On s’oblige aiſément, mois ie le voy paraiſtre, Fabrice l’accompagne, abordez-le.	Entre voisins, mon maître, On s'oblige aisément, mois ie le vois paraître, Fabrice l'accompagne, abordez-le.
SCENE XII.	SCÈNE XII.
DAMON, IMROLJARISTE, GUSMAN.	DAMON, IMROLARISTE, GUSMAN.
DAMON.	DAMON.
Ie ne ſçais où trouver un tel habit.	Je ne sais où trouver un tel habit.
PADRICE.	PADRICE.
Ny moy.	Ni -mo.
Il en faut pourtant un, mais chut, ie vois Ariſte.	Il en faut pourtant un, mais chut, je vois Ariste.
ARISTE.	ARISTE.
Qu'eſt-ce, Mr Damon, vous me paraiſſez triſte?	Qu'est-ce, Mr Damon, vous me paraissez triste?
Moy!	Moi!
point.	point.
DAMON.	DAMON.
ARISTE Et bien, comment paſſez-vous les iours gras?	ARISTE Et bien, comment passez-vous les jours gras?
DAMON.	DAMON.
Ma foy pour un vieillard ie ne m’épargne pas, Ie bois du meilleur vin, i’ay bon feu, fais grand chere, Et traitte mes aſs de la ocle ſamicre;	Ma foi pour un vieillard Je ne m'épargne pas, Je bois du meilleur vin, j'ai bon feu, fais grand chère, Et traite mes ass de la ocle samicre;
Vous n’en faites pas moins, ie penſe au Carnaval.	Vous n'en faites pas moins, ie pense au Carnaval.
ARISTE.	ARISTE.
I'en uſe comme vous, ie maſque, cours le bal, Et ce ſoir on m’a mis encor d’une partie, Où iervluj rand coute une piahamto vie.	J'en use comme vous, votre masque, cours le bal, Et ce soir on m'a mis encor d'une partie, Où jervluj rand oute une piahamto vie.
Mais il faut un habit que i’ay peine à trouver, BeMieneray poit, niuudia ſen pilter.	Mais il faut un habit que j'ai peine à trouver, BeMienerai poit, nivudia sen pilter.
DAMON.	DAMON.
Comment faut-il quil foit, dites.	Comment faut-il quil soit, dites.
ARISTE.	ARISTE.
Comme le voſtre.	Comme le vôtre.
Offrez-luy prõptement, & qu’il en preſte un autre,	Offrez-lui prõptement, et qu'il en prête un autre,
DAMON.	DAMON.
Ie vous offre le mien.	Je vous offre le mien.
ARISTE.	ARISTE.
C’eſt trop.	C'est trop.
DAMON.	DAMON.
Sans compliment.	Sans compliment.
stous pou vons nous fervir tous deux égalcment.	stous pou vons nous servir tous deux égalcment.
Pourrois-je.	Pourrais-je.
ARISTE.	ARISTE.
DAMON.	DAMON.
Voſtre habit me ſeroit neceſſaire,	Votre habit me serait nécessaire,
ARISTE.	ARISTE.
Vous en pouvez, Monſieur, diſpoſer.	Vous en pouvez, Monsieur, disposer.
C49	C49
FABRICE à ſon Maiſtre.	FABRICE à son Maître.
Tout vous vient à ſouhait.	Tout vous vient à souhait.
Bonne affaire.	Bonne affaire.
OT OMIN à ſon Maiſtre.	OT OMIN à son Maître.
L'amourette ira bien	L'amourette ira bien
Pardonnez.	Pardonnez.
a ild e ne	a ild e ne
ARISTE.	ARISTE.
Ah!	Ah!
Monſieur, ne m’épargnez en rien.	Monsieur, ne m'épargnez en rien.
Vous eſtes donc auſſi de quelque maſcarade?	Vous êtes donc aussi de quelque mascarade?
Oüy.	Oui.
DAMON.	DAMON.
GVSMAN bas à ſon Maiſtre.	GUSMAN bas à son Maître.
La voitre renura ion nonneur oien malade.	La voitre renura ion nonneur oien malade.
FABRICE bas à ſon Maiſtre.	FABRICE bas à son Maître.
Donnez-luy voſtre habit	Donnez-lui votre habit
DAMON.	DAMON.
Ie ferois cét échange!	Je ferais cet échange!
Quoy, devant ma maiſon,	Quoi, devant ma maison,
FABRICE.	FABRICE.
Eh!	Eh!
Monſieur, pourquoy non!	Monsieur, pourquoi non!
Ie n’ay garde.	Je n'ai garde.
DAMON.	DAMON.
GVSMAN bas à ſon Maiſtre.	GUSMAN bas à son Maître.
Changez d’habit.	Changez d'habit.
nleno lur Devant ma porte.	nleno lur Devant ma porte.
Ma femme peut me voir ou des voiſins.	Ma femme peut me voir ou des voisins.
GVSMAN.	GUSMAN.
Qu'importe.	Qu'importe.
ARISTE.	ARISTE.
Mon valet aura ſoin d’apporter en ce lieu, L’habit.	Mon valet aura soin d'apporter en ce lieu, L'habit.
DAMON.	DAMON.
Le mien fera la melme choſe.	Le mien fera la melme chose.
Adieu.	Adieu.
GVSMAN à Fabrice.	GUSMAN à Fabrice.
Ne tarde pas.	Ne tarde pas.
LABRICE.	LABRICE.
neenyseno	neenyseno
SOENE ATIIO	ZONE ATIIO
BERNARD, Uüais!	BERNARD, Uuyais!
i'ay veu ce me ſembie Mes fripons de valets, & leurs maiſtres enſemble, Mais i’ay bien du malheur, ils n’y ſont plus ma foy.	j'ai vu ce me sembie Mes fripons de valets, et leurs maîtres ensemble, Mais j'ai bien du malheur, ils n'y sont plus ma foi.
Chacun d’eux pourroit bien eſtre rentré chez ſoy.	Chacun d'eux pourrait bien être rentré chez soi.
Voyons-les.	Voyons-les.
Ah!	Ah!
faut-il dans le ſiecle où nous ſommes, Qu’on ne puiſſe trouver de foi parmy les hommes.	faut-il dans le siècle où nous sommes, Qu'on ne puisse trouver de foi parmi les hommes.
On riſque tout pour eux, on advance ſon bien, Cependant bien ſouvent on n’en retire rien.	On risque tout pour eux, on advance son bien, Cependant bien souvent on n'en retire rien.
Ont-ils la marchandiie, lis ne s’enqueſtent gueres Si le pauvre marchandeſt mal dans ſes affaires, Mes coquins de valets en agiſſent amſi, Mais leurs maiſtres pourront.	Ont-ils la marchandiie, lis ne s'enquêtent guère Si le pauvre marchandest mal dans ses affaires, Mes coquins de valets en agissent amissi, Mais leurs maîtres pourront.
C iiij	Ç Cijà
IVLIE.	IVLIE.
Non, que voulez-vous:	Non, que voulez-vous:
BERNARD.	BERNARD.
Rien.	Rien.
IVLIE.	IVLIE.
Vous pouvez m'en inſtruira Et de retour icy i’auray ſoin de luy dire.	Vous pouvez m'en instruira Et de retour ici j'aurai soin de lui dire.
BERNARD.	BERNARD.
Et Fabrice, Madame, eſt-il à la maiſon?	Et Fabrice, Madame, est-il à la maison?
Non.	Non.
IVLIE.	IVLIE.
C ointo BERNARD.	Ç Cointo BERNARD.
IVLIE.	IVLIE.
qu'eit-ce encor?	qu'est-ce encor?
cela prene-t’il?	cela prène-t-il?
BERNARD.	BERNARD.
Non.	Non.
IVLIE.	IVLIE.
Dites-moy voſtre nom.	Dites-moi votre nom.
BERNARD.	BERNARD.
Il n’eſt pas neceſſaire, Ie reviendray tantoſt, ce n’eſt pas grande affaire.	Il n'est pas nécessaire, Je reviendrai tantôt, ce n'est pas grande affaire.
Monſieur eſt-il icy?	Monsieur est-il ici?
A la inaijon a Ariſe.	À la injon a Arise.
ANGELIQVE.	ANGELIQUE.
Non, Monſieur, dites moy, Ce que vous luy voulez.	Non, Monsieur, dites -moi, Ce que vous avez voulez.
DERNARD.	DERNARD.
Peu de choſe.	Peu de chose.
ANGELIQVE.	ANGELIQUE.
Pourquoy Me le diſſimuler?	Pourquoi Me le dissimuler?
Croyez qu’en aſſurance rous nrenpourer rey raſe la confidence.	Croyez qu'en assurance rous nrenpourer rei rase la confidence.
BERNARD.	BERNARD.
lcicvendiay.	licvendiai.
Guiman neit pas auſ ceans?	Guiman neit pas aussi céans?
Non.	Non.
IVLIE.	IVLIE.
BERNARD.	BERNARD.
C'eſt aſſez.	C'est assez.
Ma foy i’auray pourtant mes gens.	Ma foi j'aurai pourtant mes gens.
aeul en vemr a sensya leas eplel l neare, Qu’ils reviendront ce ſoir tous deux à leur demeure.	aeul en vétr à sensia leaz éplel l are, Qu'ils reviendront ce soir tous deux à leur demeure.
I’entens quelqu’un, rentrons.	J'entends quelqu'un, rentrons.
FABRICE, außi de meſme.	FABRICE, aussi de même.
Durant cette Scene Guſman contrefait le Marquis.	Durant cette Scène Gusman contrefait le Marquis.
GVSMAN.	GUSMAN.
AH, Fabrice!	AH! Fabrice!
c’eſt toy.	c'est toi.
Avec un tel habit que dis- tu donc de moy?	Avec un tel habit que dis- tu donc de moi?
FABRICE.	FABRICE.
Que tu n’es pas des mieux non plus que moy.	Que tu n'es pas des mieux non plus que moi.
GVSMAN.	GUSMAN.
Fabrice, Tu m'offences, morbleu, rends moi plus de juſtice, Tes yeux ſont-ils bouchez?	Fabrice, Tu m'offenses, morbleu, rends moi plus de justice, Tes yeux sont-ils bouchez?
Et ſaus mentir, mon cher, Vois-tu quelque Marquis avoir un plus bel air?	Et saus mentir, mon cher, Vois-tu quelque Marquis avoir un plus bel air?
Pour peu qu’un Dieu me damne accompagne mon geſte, Tu ne peux le nier, ie ſuis Marquis de reſte.	Pour peu qu'un Dieu me damne accompagne mon geste, Tu ne peux le nier, toujours suis Marquis de reste.
Page, Laquais, Cocher, allons donc, viendra-t’on?	Page, Laquais, Cocher, allons donc, viendra-t-on?
Quelqu’un, quelqu’un.	Quelqu'un, quelqu'un.
Hé bien, que dis tu de ce tõ?	Hé bien, que dis -tu de ce tendre?
Quelqu’un, & le gros dos fait-il pas ſa figure?	Quelqu'un, et le gros dos fait-il pas sa figure?
Entends-tu ce fracas que fait ma garniture, Et ma démarche eſt ſotte?	Entends-tu ce fracas que fait ma garniture, Et ma démarche est sotte?
& ma peruque enfin Vamal?	et ma pervuque enfin Vamal?
tu ris.	tu ris.
Dequoy?	Dequoy?
GulmanFABRICE.	GulmanFABRICE.
Que tu fais le badin!	Que tu fais le badin!
GVSMAN.	GUSMAN.
Ne raille point de tous ces badinages, Ce ſont du Mai jailatles faierappanages.	Ne raille point de tous ces badinages, Ce sont du Mai jailatles faiterapanages.
Mais toy te voila bien!	Mais toi te voilà bien!
TADRICE.	TADRICE.
Tout auſſi bien que toy.	Tout aussi bien que toi.
GVSMAN.	GUSMAN.
Tu peux en cét eſtautuimparer à moy.	Tu peux en cet étautuimparer à moi.
Sans doute.	Sans doute.
FABRICE.	FABRICE.
GVSMAN.	GUSMAN.
An, oicrenece	An, oicrenece
FABRICE.	FABRICE.
En quoy donc,ie te prie.	En quoi donc,ie te prie.
GVSMAN.	GUSMAN.
Et fy, fy, ton habit ſent trop la Bourgeoiſie, le te trouve plaiſant avec ton baſton.	Et fi, fi, ton habit sent trop la Bourgeoisie, le te trouve plaisant avec ton bâton.
C’eſt la mode, FABRICE.	C'est la mode, FABRICE.
GVSMAN.	GUSMAN.
Eh, morbleu, la plaiſante aſtion, Il te manque un chapeau de la grande figure, Et tu ſerois apres en plaiſante puicerc.	Eh, morbleu, la plaisante astion, Il te manque un chapeau de la grande figure, Et tu serais après en plaisante puicerc.
FABRICE.	FABRICE.
riete à la faifierie, & me dis franchement ii peut porter ton maiſtre à ce déguiſement, Plus i’y ponſe, Guſman, & moins i’en vois la cauſe.	riète à la faifierie, et me dis franchement jus porter ton maître à ce déguisement, Plus j'y ponse, Gusman, et moins j'en vois la cause.
GVSMAN.	GUSMAN.
peut porter ton maiſtre à faire meſme choſe?	peut porter ton maître à faire même chose?
FABRICE, Eſt-ce là ton affaire?	FABRICE, Est-ce là ton affaire?
GVSMAN.	GUSMAN.
Eſt-ce la tienne auſſi?	Est-ce la tienne aussi?
FABRICE.	FABRICE.
Tu pourrois librement.	Tu pourrais librement.
GVSMAN.	GUSMAN.
Tu le pourrois ainſi.	Tu le pourrais ainsi.
Mais enfin?	Mais enfin?
TADRICE.	TADRICE.
GVSMAN.	GUSMAN.
Mais enfin ?	Mais enfin ?
FABRICE.	FABRICE.
Parle.	Parle.
GVSMAN.	GUSMAN.
Parle, toy meſme.	Parle, toi -même.
FABRICE.	FABRICE.
Mon ſecret eſt, Guſman, d’une importãce extréme,	Mon secret est, Gusman, d'une importance extrême,
GVSMAN.	GUSMAN.
Il eſt rare, s’il eſt auſſi grand que le mien.	Il est rare, s'il est aussi grand que le mien.
a iiaceee do Sans façon dis le moy.	a iiaceee do Sans façon dis le moi.
OVSMAR.	OUSMAR.
Sans façon dis le tien.	Sans façon dis le tien.
FABRICE.	FABRICE.
Mais entre amis doit-on faire tant de myſtere?	Mais entre amis doit-on faire tant de mystère?
GVSMAN.	GUSMAN.
auais entie tuicams donton aunte edire?	avais entie tuicams donton aunte édire?
FABRICE.	FABRICE.
Et bien, ie vais le dire.	Et bien, Seigneur vais le dire.
GVSMAN.	GUSMAN.
Et ie vais l’écouter.	Et ici vais l'écouter.
FABRICE.	FABRICE.
Lhabit.	Lhabit.
une autrefois ie pourray le conter.	une autrefois Seigneur pourrai le conter.
Serviteur.	Serviteur.
OYJMHNO	OYMHNO
GVSMAN.	GUSMAN.
Où cours-tu?	Où cours-tu?
ie ne veux point l’apprendre, Fabrice, cependant ſi tu me veux entendre, Ie te diray pourquoy ce changement ſe fait.	On ne veux point l'apprendre, Fabrice, cependant si tu me veux entendre, Je te dirai pourquoi ce changement se fait.
Tu te railles!	Tu te railles!
PADIICE.	PADICE.
GYSMAN.	GYSMAN.
Non, non, en voicy le ſecret, Ceſt pour.	Non, non, en voici le secret, Cest pour.
une autre fois ie pourray te le dire.	une autre fois ie pourrai te le dire.
Bon ſoir.	Bon soir.
FABRICE.	FABRICE.
fiiri cher Guſman, finiſſons ce martyre, La langue nous démange à tous deux ie le voy, Et tu voudrois jaſer auſſi bien comme moy.	fiiri cher Gusman, finissons ce martyre, La langue nous démange à tous deux jours le vois, Et tu voudrais jaser aussi bien comme moi.
GVSMAN.	GUSMAN.
Tu dis bien vray, Fabrice, & c’eſt aſſez nous taire.	Tu dis bien vrai, Fabrice, et c'est assez nous taire.
Et tu vas eſtre inſtruit d’une plaiſante affaire.	Et tu vas être instruit d'une plaisante affaire.
Cét habit qu’a ton maiſtre on emprunte aujour nuy?	Cet habit qu'a ton maître on emprunte aujour nui?
Servira pour donner un libre accés chez luy, Et mon maiſtre charmé de la belle Iulie, Doit ce ſoir.	Servira pour donner un libre accès chez lui, Et mon maître charmé de la belle Julie, Doit ce soir.
FABRICE.	FABRICE.
Ah, ma foy, l’avanture eſt jolie!	Ah, ma foi, l'aventure est jolie!
Et le mien, ſous l’habit qu’il emprunte du tien, Va trouver Angelique, & luy.	Et le mien, sous l'habit qu'il emprunte du tien, Va trouver Angélique, et lui.
GVSMANT.	GUSMANT.
Ie t’entens bien.	Je t'entends bien.
Ah!	Ah!
qu’ils ſe vont pourvoir de cornes l’un & l’autre!	qu'ils se vont pourvoir de cornes l'un et l'autre!
Mais Fabrice, mortbleu, quel malheur eſt le noſtre, Ce diable de Bernard nous va faire enrager.	Mais Fabrice, mortbleu, quel malheur est le nôtre, Ce diable de Bernard nous va faire enrager.
FABRICE.	FABRICE.
l faut adroitement, Guſman, s’en dégager.	Il faut adroitement, Gusman, s'en dégager.
Avec de tels habits il peut nous méconnaiſtre.	Avec de tels habits il peut nous méconnaître.
Que chacun donc icy contrefaſſe ſon maiſtre.	Que chacun donc ici contrefasse son maître.
SCENE XVI.	SCÈNE XVI.
BERNARD, GUSMAN, FABRICE.	BERNARD, GUSMAN, FABRICE.
BERNARD.	BERNARD.
D elois appertevon les maritres de mes gens, IEt ie les vois du moins a leurs habillemens, Abordons-les.	 Délois apertevon les maritres de mes gens, IEt ie les vois du moins à leurs habillements, Abordons-les.
Meſſieurs.	Messieurs.
FABRICE.	FABRICE.
Que veux-tu de nous?	Que veux-tu de nous?
GVSMAN contrefaiſant le Marquis.	GUSMAN contrefaisant le Marquis.
Mon pauvre amy?	Mon pauvre ami?
Qu’eſt-ce,	Qu'est-ce,
FADRICE.	FADRICE.
Dy viſte, une affaire nous preſſe.	Dis vite, une affaire nous presse.
BERNARD.	BERNARD.
Pardonnez ſi.	Pardonnez si.
Qu'eſt-ce?	Qu'est-ce?
GVSMAN.	GUSMAN.
Morbleu, laiſſe-là ton pardon.	Morbleu, laisse-là ton pardon.
BERNARD.	BERNARD.
N’eſtes-vous pas Monſieur Ariſte?	N'êtes-vous pas Monsieur Ariste?
GVSMAN.	GUSMAN.
Oüy.	Oui.
BERNARD.	BERNARD.
BOn.	BOn.
FABRICE, Et moy ie ſuis Damon.	FABRICE, Et moi -tu suis Damon.
BERNARD.	BERNARD.
Mais ie crains.	Mais quelque crains.
Ie viens icy me plaindre;	Je viens ici me plaindre;
O SHAN.	Ô SHAN.
Mon amy va, tu n’as rien à craindre.	Mon ami va, tu n'as rien à craindre.
BEKNARD.	BÉNARD.
Vos deux valets, Meſſieurs.	Vos deux valets, Messieurs.
GVSMAN.	GUSMAN.
Qu’ont-ils fait, les coquins?	Qu'ont-ils fait, les coquins?
BERNARD.	BERNARD.
ah.	ah.
ntousle,lian	ntousle,lian
FABRICE.	FABRICE.
Mais voyez les faquins!	Mais voyez les faquins!
BERNARD.	BERNARD.
Ils me doivẽt, Meſſieurs, pour du vin deux piſtoles, Et ie n’en puis tirer que de vaines paroles.	Il me doivent, Messieurs, pour du vin deux pistoles, Et notre n'en puis tirer que de vaines paroles.
Les fripons.	Les fripons.
a ve da Alleo	a ve da Alleo
FABRICE.	FABRICE.
Sans mentir.	Sans mentir.
BERNARD.	BERNARD.
Ie dis la verité, Et loin de me payer ils m’ont fort maltraitté, Et ie viens vous prier de me tirer danuire, Ou de vouloir ſouffrir que mon bras.	Je dis la vérité, Et loin de me payer ils m'ont fort maltraité, Et apprendre viens vous prier de me tirer danvre, Ou de vouloir souffrir que mon bras.
FABRICE.	FABRICE.
Tu peux faire Tout ce que tu voudras, j’y conſens pour le mien.	Tu peux faire Tout ce que tu voudras, j'y consens pour le mien.
VSMAN.	VSMAN.
Si tu trouves, Guſman, va, va, frotte le bien, Ie te ſatisferay pourtant.	Si tu trouves, Gusman, va, va, frotte le bien, Je te satisferai pourtant.
FABRICE.	FABRICE.
Et moy de meſme!	Et moi de même!
Cela ſuffit.	Cela suffit.
BERNARD.	BERNARD.
FABRICE.	FABRICE.
Va t’en.	Va -t'en.
BERNARD.	BERNARD.
Mon bonneur eſt extréme, Parbleu vous en aurez, Adieu, Meſſieurs, Adieu.	Mon bonneur est extrême, Parbleu vous en aurez, Adieu, Messieurs, Adieu.
GVSMAN.	GUSMAN.
Ton valet mon amy.	Ton valet mon ami.
C’a raiſonnons un peu.	C'a raisonnons un peu.
SCENE XVII.	SCÈNE XVII.
GIVMINPVRICE.	GIUMINPURICE.
GVSMAN.	GUSMAN.
Hangerons-nous d'habits.	Hangerons-nous d'habits.
FABRICE.	FABRICE.
La plaiſante demande, Veux-tu qu’avee le mien, Damon toûjours attende	La plaisante demande, Veux-tu qu'ave le mien, Damon toujours attende
OVSMAN.	OUSMAN.
Mon Maiſtre avec le mien attendroit trop auſſi.	Mon Maître avec le mien attendrait trop aussi.
C’a, demarquiſons-nous:	C'a, demarquisons-nous:
Mais quelqu’un vient ici, Dedans l’obſcurité, j’apperçois ce me ſemble, Où ie ſuis bien trompé, nos Maiſtreſſes enſemble.	Mais quelqu'un vient ici, Dedans l'obscurité, j'aperçois ce me semble, Où ie suis bien trompé, nos Maîtresses ensemble.
FABRICE.	FABRICE.
Ce ſont Elles, fuyons.	Ce sont Elles, fuyons.
SCENE XVIII.	SCÈNE XVIII.
IULIE, ANGELIQUE, FABRICE, SOSMAN.	ILLIE, ANGELIQUE, FABRICE, SOSMAN.
IVLIE.	IVLIE.
NOn, non, reſtez tous deux.	NOn, non, restez tous deux.
Madame.	Madame.
FABRICE.	FABRICE.
ANGELIQVE.	ANGELIQUE.
Demeurez.	Demeurez.
GYSMAN.	GYSMAN.
Mais enfin?	Mais enfin?
IVLIE.	IVLIE.
Ie le veux.	Je le veux.
AADRICl.	AADRICl.
Ah!	Ah!
nous voila gaſtez.	nous voilà gâtez.
IVLIE.	IVLIE.
Nous ſçavons ce myſtere.	Nous sçavons ce mystère.
VSMAN.	VSMAN.
Voicy pour noſtre dos une méchante affaire.	Voici pour notre dos une méchante affaire.
ANGELIQVE.	ANGELIQUE.
Et de concert enfin ſous ces habillemens, Nous avons le deſſein de berner nos Amans.	Et de concert enfin sous ces habillements, Nous avons le dessein de berner nos Amants.
Nous leur avons exprés conſeillé de les prendres Mais rentrõs tous chez moy, laſſez de les attẽdre, Ils pourroient bien icy revenir ſur leurs pas, Secondez nos deſſeins, & n’apprehendez pas.	Nous leur avons exprès conseillé de les prendrez Mais rentrõs tous chez moi, lassez de les attendre, Ils pourraient bien ici revenir sur leurs pas, Secondez nos desseins, et n'appréhendez pas.
Nous ferons voſtre paix.	Nous ferons votre paix.
D iij	 Dijà
FABRICE.	FABRICE.
Ah, c’eſt aſſez nous dire, On vient, rentrons, Gurman, nos Maitres vont bien rire.	Ah, c'est assez nous dire, On vient, rentrons, Gurman, nos Maîtres vont bien rire.
DOLNE XTX.	DOLNE XTX.
DAMON avec l’habit de Fabrice.	DAMON avec l'habit de Fabrice.
üais!	Ouais!
qui fait tant tarder mon fripon de valet, OIl eſt à ſe ſouler ſans doute au Cabaret, Et i’auray le malheur que par ſa negligence, de ne poullay loun.	qui fait tant tarder mon fripon de valet, IL est à se soûler sans doute au Cabaret, Et j'aurai le malheur que par sa négligence, de ne poullai loun.
Mais chut, quelqu’un s’avance.	Mais chut, quelqu'un s'avance.
SCENE XX.	SCÈNE XX.
BERNARD avec une petite lanternes DAMON.	BERNARD avec une petite lanternes DAMON.
BERNARD.	BERNARD.
HIiot ay taut guette, que ie te tiens, ma foy, A ATu vas payer les coups que i’ay receus de toy.	HIiot ai taut guette, que je te tiens, ma foi, A TU vas payer les coups que j'ai reçus de toi.
Il frapé Damon.	Il frappé Damon.
DA MONſe retirant dans un coin.	DA MONse retirant dans un coin.
Ah!	Ah!
juſte Ciel!	juste Ciel!
BERNARD.	BERNARD.
I’agis par l’ordre de ton maiſtre, Va t’en, e ſuis content.	J'agis par l'ordre de ton maître, Va t'en, e ut content.
Ie vois l’autre paraiſtre.	Je vois l'autre paraître.
SCENE XXI.	SCÈNE XXI.
BERNARD, ARISTE, DAMON Aans un toin.	BERNARD, ARISTE, DAMON Aans un toin.
BERNARD.	BERNARD.
Ln'en aura pas moins, puis que ie ſuis en train,  1l va lentir aui ce que pele ſa main.	Len aura pas moins, puis que je suis en train, 1l va lentir auj ce que pèle sa main.
ARISTE.	ARISTE.
Ou peut eſtre Cauſman?	Ou peut être Causman?
ie meurs d’impatience.	Elle meurs d'impatience.
BERNARD frapant Ariſte.	BERNARD frappant Ariste.
Ah!	Ah!
bon payeur, voicy.	bon payeur, voici.
ARISTE.	ARISTE.
Quyne cle cette imoience?	Quine clé cette imoience?
A la force, au ſecours.	À la force, au secours.
DAMON.	DAMON.
Au voleur, au voleur.	Au voleur, au voleur.
BERNARD frapant.	BERNARD frappant.
Ah!	Ah!
vos coups de baſton me tiennent) trop au cœur, Pour ne pas.	vos coups de bâton me tiennent) trop au cœur, Pour ne pas.
D iiij	 Dijà
SCENE DERNIERE.	SCÈNE DERNIÈRE.
ANGELIQUE, IULIE, GUSMAN, FABRICE, DAMON, ARISTE,	ANGELIQUE, JULIE, GUSMAN, FABRICE, DAMON, ARISTE,
BERNARD Veſdames, pardonnez ſi i’agis de la ſorte;	BERNARD Vesdames, pardonnez si j'agis de la sorte;
Mais ce ſont vos valets qui m’ont donné cent coups, Qui me doivent.	Mais ce sont vos valets qui m'ont donné cent coups, Qui me doivent.
ANGELIQVE.	ANGELIQUE.
Frottez	Frottez
AVETE.	AUTE.
Frottez.	Frottez.
DAMON.	DAMON.
oy, révez-vous?	oi, révez-vous?
GVSMAN.	GUSMAN.
Battez-les comme il faut.	Battez-les comme il faut.
Ma femme!	Ma femme!
ANToTLa Quelle eſt cette foliè,	ANToTLa Quelle est cette folièle,
GVSMAN.	GUSMAN.
Impertinent!	Impertinent!
DAMON.	DAMON.
Ma femme, ie vous prie.	Ma femme, ie je prie.
IVLIE feignant de les reconnaiſtre.	IULIE feignant de les reconnaître.
Ah I c'.	Ah I c'.
ſt vous	st vous
ANGELIQVE faiſant la meſme choſe.	ANGELIQUE faisant la même chose.
Ah!	Ah!
c’eſt vous.	c'est vous.
IVLIE.	IVLIE.
Et quel habillement?	Et quel habillement?
Qu'ay-je fait?	Qu'ai-je fait?
BENNARD.	BENNARD.
ANGELIQVE.	ANGELIQUE.
Et d’où vient un tel déguiſement?	Et d'où vient un tel déguisement?
Vous ne répondez point.	Vous ne répondez point.
a da lerebe Que peuvent-ils répondre?	a da lerebe Que peuvent-ils répondre?
Leur infidelité ſuffit pour les confondre.	Leur infidélité suffit pour les confondre.
GVSMAN.	GUSMAN.
Vous voila tous les deux plaiſamment attrapez, Vous vouliez nous tromper;	Vous voilà tous les deux plaisamment attrapez, Vous vouliez nous tromper;
& vous voila trõpez, Bien-heureux d’avoir eu des Femmes Vertueuſes, Sans cela vous auriez des cornes plantureuſes, Si foibles commé vous elles vous avoient crû.	et vous voilà trôpez, Bienheureux d'avoir eu des Femmes Vertueuses, Sans cela vous auriez des cornes plantureuses, Si faibles commé vous elles vous avaient cru.
ANGELIQVE Et puis, dites qu’en nous il n’eſt point de vertu.	ANGELIQUE Et puis, dites qu'en nous il n'est point de vertu.
Mais, ſuffit qu’à preſent vous connoiſſez vos femmes, Cõſervez leur de meſme, & vos cœurs & vos ames, Toutes deux de cõcert pour berner voſtre amour, Nous les avons contraints à vous joüer ce tour:	Mais, suffit qu'à présent vous connaissez vos femmes, Conservez leur de même, et vos cœurs et vos âmes, Toutes deux de commert pour berner votre amour, Nous les avons contraints à vous jouer ce tour:
Et nous voulons enfin, pour punir voſtre crime, Que vous les honoriez touſiours de voſtre eſtime.	Et nous voulons enfin, pour punir votre crime, Que vous les honoriez toujours de votre estime.
ARISTE.	ARISTE.
Ah!	Ah!
ce ſont des coquins qui.	ce sont des coquins qui.
ANGELIQVE.	ANGELIQUE.
Sans émotion,	Sans émotion,
Subiſſez, s’il vous plaiſt, cette punition, Vn tel emportement n’eſt pas fort neceſſaire, Tout ce qu’ils vous ont fait, nous leur avons fait faire, Nous vous pardontions tout, mais qu’ils reſtent chez vous.	Subissez, s'il vous plaît, cette punition, Un tel emportement n'est pas fort nécessaire, Tout ce qu'ils vous ont fait, nous leur avons fait faire, Nous vous pardontions tout, mais qu'ils restent chez vous.
DAMON.	DAMON.
D’accord.	D'accord.
Mais cependant on m’a roüé de coups.	Mais cependant on m'a roué de coups.
Et moy.	Et moi.
ARISTE.	ARISTE.
ERNARD, Pardon, uemeurs, I'nabit en eſt ia cauſe?	ERNARD, Pardon, emeurs, J'nabit en est ja cause?
ANGELIQVE.	ANGELIQUE.
Il n’y faut prus longer, Mellituis,e eit peu de choſe.	Il n'y faut prus longer, Mellituise eit peu de chose.
BERNARD.	BERNARD.
Cependant payez moy ce qu’ils peuvent devoir.	Cependant payez -moi ce qu'ils peuvent devoir.
NGELIQVE.	NGELIQUE.
On vous ſatisfera	On vous satisfera
DAMON.	DAMON.
Bon ſoir voiſin.	Bon soir voisin.
GVSMAN.	GUSMAN.
Bon ſois:	Bon sois:
IN.	IN.
Ar grace & Privilege du Roy donné à Paris T le 19.	Ar grâce et Privilège du Roi donné à Paris T le 19.
Noyembre 1670.	Noyembre 1670.
Signé, DALENCE', Il eſt permis au Sieur de ROSIMOND Comedien, de la Trouppe du Marais, de faire imprimer, vendre & diſtribuer par tel Imprimeur & Libraire qu’il luy plaira une piece de Theatre de ſa compoſition, intitulée les Trompeurs TrompeZ, ou les Femmes Vertueuſes, durant le temps de cinq années;	Signé, DALENCE, Il est permis au Sieur de ROSIMOND Comédien, de la Troupe du Marais, de faire imprimer, vendre et distribuer par tel Imprimeur et Libraire qu'il lui plaira une pièce de Théâtre de sa composition, intitulée les Trompeurs TrompeZ, ou les Femmes Vertueuses, durant le temps de cinq années;
Et deffenſes ſont faites pendant ledit temps à tous autres de l’imprimer, vendre & diſtribuer pendant ledit temps ſur les peines portées par leſdites Lettres, a l'extraict deſquelles foy ſera adjouſtée comme à l’Original.	Et défenses sont faites pendant ledit temps à tous autres de l'imprimer, vendre et distribuer pendant ledit temps sur les peines portées par lesdites Lettres, à l'extrait desquelles foi sera ajoutée comme à l'Original.
Ledit Sieur de Roſimond a cedé ſon droit de Tirvnege a Pienc Diemaie, Marenand nibraire Iuré, pour en joüir ſuivant l’accord fait entreeux.	Ledit Sieur de Rosimond a cédé son droit de Tirvnege a Pienc Diemaie, Marenand nibraire Juré, pour en jouir suivant l'accord fait entreeux.
Regiſtré ſur le Livre de la Communauté des Imprimeurs & Marchands Libraires de cette Ville de Paris, ſuivant l’Arreſt de la Cour de Parlement du e.	Registré sur le Livre de la Communauté des Imprimeurs et Marchands Libraires de cette Ville de Paris, suivant l'Arrest de la Cour de Parlement du e.
Aom 1053.	Aom 1053.
& te aux charges, clauſes e conditions portées és preſentes Lettres.	et te aux charges, clauses e conditions portées ès présentes Lettres.
Le 7.	Le 7.
Decembre 1670.	Décembre 1670.
Signé LoüIs SEVESTRE, Syndic	Signé LoüIs SEUESTRE, Syndic
Achevé d’imprimer pour la premiere fois le t.	Achevé d'imprimer pour la première fois le t.
Ianvier 1670.	Janvier 1670.
