FLORIDON.	FLORIDON.
MELIDOR.	MELIDOR.
A RROYES, Chez Nicolas Oudot, demeurant en la rue noſtre Dame, au Chappon d’Or Couronné.	À RROYES, Chez Nicolas Oudot, demeurant en la rue notre Dame, au Chapon d'Or Couronné.
LE TIERCLLIE INVENTIE PASTORALE.	LE TIERCLLIE INVENTIE PASTORALE.
ACIET.	ÀCIET.
Sacrificateur.	Sacrificateur.
Nfans apres auoir de vos pointus LEſgorgé cent moutons, cent boucs, & cent tauluoir deſſus l’autel toute flamme deſteinte, (reaux, Etauſang reſpandu toute voſtre main teinte;	Néans après avoir de vos pointus LEsgorgé cent moutons, cent boucs, et cent tauluoir dessus l'autel toute flamme déteinte, (reaux, Étausang répandu toute votre main teinte;
Apres l’auoir lauée au criſtal de ces eaux, Allez tous caroler ſouz les feüilles ormeaux:	Après l'avoir lavée au cristal de ces eaux, Allez tous caroler souz les feuilles ormeaux:
llais auant que partir, enfans ie vous commande, D'apprendre auec honneur chacun voſtre guirlande.	lais avant que partir, enfants je vous commande, D'apprendre quelque honneur chacun votre guirlande.
our cet autel de Pan rechauſſé de gaſon, Tout parſemé de Fleurs, & ceint d’vne toiſon, Puis allez folaſtrer auec vos guirlandes I'ous aurez au Dieu Pan offertes pour offrandes.	our cet autel de Pan rechaussé de gazon, Tout parsemé de Fleurs, et ceint d'une toison, Puis allez folâtrer avec vos guirlandes J'oût aurez au Dieu Pan offertes pour offrandes.
Le Mercier.	Le Mercier.
Comme vn marchãt Mercier trafiquant ſur les mers l’ay veu de mon grenier maints pays eſtrangers, l'ay paſſé Canada, Vaugirard, Hetrurie, 2 Mont-marthe, Papagoſſe, & toute la Suerie;	Comme un marchant Mercier trafiquant sur les mers l'ai vu de mon grenier maints pays étrangers, l'ai passé Canada, Vaugirard, Hetrurie, 2 Mont-marthe, Papagosse, et toute la Suerie;
I’ay veu les plus grands monts heriſſez de foreſts, Plus hautes que le fond de nos plus creux retraits;	J'ai vu les plus grands monts hérissez de forêts, Plus hautes que le fond de nos plus creux retraits;
On ſe traicte bien là franchement on y baille Pour vn œuf tout entier vne botte de paille, Eſt-ce pas bon marché?	On se traite bien là franchement on y baille Pour un œuf tout entier une botte de paille, Est-ce pas bon marché?
on n’y mange point d’os, Le mouton croiſt tout cuit, le vin croiſt dans les pots.	on n'y mange point d'os, Le mouton croît tout cuit, le vin croît dans les pots.
Les ruiſſeaux ſont de lait, les monts ſont de fromage:	Les ruisseaux sont de lait, les monts sont de fromage:
Si bien que tout ainſi qu’en vn cul de meſnage, Vous y auez touſiours à boire & à manger, De là ie ſuis venu en ce bois eſtranger:	Si bien que tout ainsi qu'en un cul de ménage, Vous y avez toujours à boire et à manger, De làfois suis venu en ce bois étranger:
Hé que voila de gens!	Hé que voilà de gens!
ça que ie les contemple, Se ſont tous les bergers qui celebrent au temple La feſte du Dieu Pan:	ça que personne les contemple, Se sont tous les bergers qui célèbrent au temple La fête du Dieu Pan:
ie ſuis fortunement Arriué en ce lieu pour vendre promptement Toute Mamercerle, aueequesma Ganeete.	Je suis fortunément Arrivé en ce lieu pour vendre promptement Toute Mamercle, aueequesma Ganejette.
Le Sacrificateur.	Le Sacrificateur.
Pourquoy tardez vous tãt?	Pourquoi tardez -vous tant?
qu’eſt-ce qui voꝰ arreſte?	qu'est-ce qui voù arrête?
Floridon.	Floridon.
C’eſt trop tardé ie, veux le premier du troupeau D’vn oſier attacher mon chapeau, Pan, reçoy d’vne main telle Que ie t’offre d’vn bon zele, Ce chapeaur fait de lamier Que ie gaignay le iour d’hyer A Ianot ce braue chantre Ioüant nous deux dans vn antre.	C'est trop tardé Dieu, veux le premier du troupeau D'un osier attacher mon chapeau, Pan, reçois d'une main telle Que tu t'offre d'un bon zèle, Ce chapeaur fait de lamier Du Seigneur gagnai le jour d'hier A Anoure ce brave chantre Iouant nous deux dans un antre.
Melidor.	Mélidor.
I’apprends ſur ton autel ô grand Dieu des Paſteurs, Ce chapeau nompareil pour ſes diuerſes fleurs.	J'apprends sur ton autel ô grand Dieu des Pasteurs, Ce chapeau nompareil pour ses diverses fleurs.
Florice.	Florice.
Et moy humble ie te preſente Ceſte couronne d’amaranthe, Caliante.	Et moi humble grande te présente Cette couronne d'amaranthe, Caliante.
Pan, ie te prie, de moy Ce petit chaſteau recoy, Que i’ay façonné de roſes Qui ſont ce matin eſcloſes.	Pan, Seigneur te prie, de moi Ce petit château recoi, Que j'ai façonné de roses Qui sont ce matin écloses.
Le Sacrificateur.	Le Sacrificateur.
Moy ie t’apprendray auſii Ce chapeau fait de ſoucy.	Moi ie t'apprendrai ausi Ce chapeau fait de souci.
Le mercier.	Le mercier.
Moy mon manteau à ma banette Mon ioly feutre à ma brayette, Puis que dedans les champs bocagers Faut faire comme les Bergers.	Moi mon manteau à ma banette Mon joli feutre à ma brayette, Puis que dedans les champs bocagers Faut faire comme les Bergers.
de deeijreurcars Mais c’eſt trop retardé, ſus enfans, qu’on carole Au melodieux chant d’vne douce parole.	de deeijreurcars Mais c'est trop retardé, sus enfants, qu'on carole Au mélodieux chant d'une douce parole.
Floridon.	Floridon.
C’eſt bien dit au doux ſon de vos mignardes voix, Belles allons dancer ſouz la fraiſcheur des bois.	C'est bien dit au doux son de vos mignardes voix, Belles allons dancer souz la fraîcheur des bois.
Le mercier.	Le mercier.
MII Ha, ie les voy venir, puis-que ie les aduiſe, le veux les abordant crier ma marchandiſe?	MII Ha, Seigneur les vois venir, puis-que sans les avise, le veux les abordant crier ma marchandise?
Voila des oignons, des mouchoirs, Des aſperges, des eſgrugeoirs, Des eſpingles, des eſguillettes, Des peignes de boüis, des tartelettes, Des beaux fuſeaux, des deuanteaux, 3 Des beaux ciſeaux, des beaux couteaux, Des vieils couurechefs, des chartieres, Des grands valets, des chambrierés, Des beaux eſthits, des lacets blancs, Des caillettes, des viuolents, 24	Voilà des oignons, des mouchoirs, Des asperges, des égrugeoirs, Des épingles, des aiguillettes, Des peignes de bannis, des tartelettes, Des beaux fuseaux, des beaux, 3 Beaux ciseaux couteaux, des beaux couteaux, Des vieils couvrechefs, des chartières, Des grands valets, des chambriez, Des beaux esthits, des lacets blancs, Des caillettes, des violents, 24
A iij De l’ancre, du papier, des plumes, Des ganiuets, des tranches plumes, Des torcheculs, des curedents, Des coupe-bourſes, des pendans, Des cordons, des belles ceintures Des malle-boſſes, des iniures, Des fieures quartaines à prendre tout, Des cliſteres d’amour au bout, Du fil, des fuſeaux, des quenouilles, Des rets, des connils, des andouilles, Des corbillons des manequins, Des vilbrequins, de vieux engins.	A Àj à l'ancre, du papier, des plumes, Des ganiuets, des tranches plumes, Des torcheculs, des curedents, Des coupe-bourses, des pendants, Des cordons, des belles ceintures Des malle-bosses, des injures, Des sieur quartaines à prendre tout, Des clystères d'amour au bout, Du fil, des fuseaux, des quenouilles, Des rets, des connils, des andouilles, Des corbillons des manquins, Des vilbrequins, Dé vieux engins.
Eloridon.	Éloridon.
Dieux comment il crie haut.	Dieux comment il crie haut.
Melidor.	Mélidor.
C’eſt celon la maniere.	C'est celon la manière.
Etoridon.	Étoridon.
Il vient fort à propos, afin qu’a ma Bergere, ſe puiſſe preſenter quelque choſe de beau.	Il vient fort à propos, afin qu'a ma Bergère, se puisse présenter quelque chose de beau.
1062 Florice.	1062 Florice.
Mon Berger, donne moy quelque mignard fuſeau.	Mon Berger, donne moi quelque mignard fuseau.
MIHM Floridon.	MIHM Floridon.
Mereſer qu'as eu de beau pour vire ſeune fille.	Mères qu'as eu de beau pour vire seune fille.
Mercier Mon maiſtre approchez vous, i’ay vne piece vtile Pour couurit le deuant de ces rares beautez.	Mercier Mon maître approchez -vous, j'ai un pièce vtile Pour couvrit le devant de ces rares beautés.
Florice.	Florice.
Sont quelques deuanteaux que tu as apportez.	Sont quelques devanteaux que tu as apportez.
Mercier.	Mercier.
Non, ce ſont des baſtons de canelles ſucrées, Où pendent d’vn coſté deux muguettes cendrées.	Non, ce sont des bâtons de canelles sucrées, Où pendent d'un côté deux muguettes cendrées.
Et bien eſt-ce la tout?	Et bien est-ce la tout?
rlorice.	rlorice.
Mercier.	Mercier.
Nenny, nenny, vrayment, Car ie concerue icy vn fort long diament, Deux turquoiſes y ſont & vn ruby ſauuage, Bien que i’aye tout pris en ce proche village, Si l’ay-ie toutes-fois eſté querir bien loing, Ha ſi vous l’auiez veu bien poly, bien en point, Deſlors vous voudriez en orner vos boutiques, Prenez le mon teton, ha tout beau tu me picques, & doua garon de farct:	Nenni, nenni, vraiment, Car ie concerue ici un fort long diament, Deux turques y sont et un ruby sauvage, Bien que j'aie tout pris en ce proche village, Si l'ai-je toutes-fois été quérir bien loin, Ha si vous l'aviez vu bien poli, bien en point, Dêlors vous voudriez en orner vos boutiques, Prenez le mon téton, ha tout beau tu me piques, et doua garon de farant:
miais ie leiltailc coucher Ainſi comme l’ortie il fait leuer la chair.	miais ie leiltailc coucher Ainsi comme l'ortie il fait lever la chair.
Florice.	Florice.
Bergers nous voyons bien que vous n’auez enuïe De nous faire preſent de quelque mercerie.	Bergers nous voyons bien que vous n'avez envie De nous faire présent de quelque mercerie.
Floridon, Il ne tient pas à nous, choiſiſſez ſeulement, Croyant qu’il vous ſera deliuré promptement.	Floridon, Il ne tient pas à nous, choisissez seulement, Croyant qu'il vous sera délivré promptement.
Cabiabre.	Cabiabre.
Mercier monſtre nous donc quelque choſe gentille Commode pour orner quelque Bergere fille.	Mercier montre nous donc quelque chose gentille Commode pour orner quelque Bergère fille.
Mercier.	Mercier.
Maniez, deſployez, voila voitre vray lait, Chacune maintenant deſploye ſon pacquet.	Maniez, déployez, voilà voitre vrai lait, Chacune maintenant déploie son pacquet.
Florice.	Florice.
Mais cela eſt-il propre à quelque femme ou fille?	Mais cela est-il propre à quelque femme ou fille?
Mercier.	Mercier.
La femme en nos pays le trouue fort vtille, Et en prend le matin pour d’eſteilidre le leu Quand elle l’à au cul, ſoufflez taſtez vn peu.	La femme en nos pays le trouve fort vtille, Et en prend le matin pour d'esteilidre le leu Quand elle l'à au cul, soufflez tâtez un peu.
Floridon, Las, d’oúvient que charmé des yeux de ma Clorice le ne puis en amour choiſir vne autre Erice?	Floridon, Las, d'oùvient que charmé des yeux de ma Clorice le ne puis en amour choisir une autre Erice?
Fleries.	Fleries.
Ma Caliante allons reuoir noſtre troupeau, Et quittons ce ſacreler, car ſil a rien de beau.	Ma Caliante allons revoir notre troupeau, Et quittons ce sacrèler, car sil a rien de beau.
Floridon.	Floridon.
Allez y Melidor, ie ne tarderay gueres A porter vn preſent à vous & aux Bergeres.	Allez y Mélidor, Seigneur ne tarderai guère A porter un présent à vous et aux Bergères.
Florice.	Florice.
Gardez bien d’y faillir.	Gardez bien d'y faillir.
Floridon.	Floridon.
Auant que d’y manquer, Vous verrez la brebis quelque loup attaquer:	Avant que d'y manquer, Vous verrez la brebis quelque loup attaquer:
L’amour tant de braſier en mon cœur eſtincelle, Qu’il faut qu’a ce Mercier ores ie me decelle.	L'amour tant de brasier en mon cœur étincelle, Qu'il faut qu'a ce Mercier ores après me décelle.
Mercier, ie croy qu’ayant veu millenations, Ton eſprit doit trouuer maintes inuentions, Pource i’oſs te dire vne choſe ſecrette, Mais ie crains que tun’aye vne longue indiſcrette.	Mercier, Madame crois qu'ayant vu millenations, Ton esprit doit trouver maintes inventions, Pource j'oss te dire une chose secrète, Mais tu crains que tun'aie assez longue indiscrète.
Et Mercier.	Et Mercier.
Ne craignez point cela, m’ouurant voſtre ſecret Eſtimez le caché comme dans vn retrait.	Ne craignez point cela, m'ouvrant votre secret Estimés le caché comme dans un retrait.
Ftoridon.	Ftoridon.
Amour des traits vainqueurs de Florice m’entame, ne de mon tuelmal ſeule elle eſt mon dictame, Et plus ie ſuis bleſſé ie cheris ſa beauté.	Amour des traits vainqueurs de Florice m'entame, ne de mon tuelmal seule elle est mon dictame, Et plus grands suis blessé reux chéris sa beauté.
Mercier.	Mercier.
Moy r'ayme beaucoup mieux le gourt d’vn bõ paſté.	Moi r' âme beaucoup mieux le gourt d'Hommes pas.
Ftoridon.	Ftoridon.
Mercier aduiſe toſt ſi par quelque maniere, Tu peux me mettre és mains ma cruelle Bergere.	Mercier avise tôt si par quelque manière, Tu peux me mettre ès mains ma cruelle Bergère.
Mercier.	Mercier.
Ne vous trauaillez plus, ie ſuis le Medecin Qui dois guarir en bref voſtre amoureux fercin, Aſſurez-vous ſur moy, car par ma vigilance, I’adouciray du mal la prompte vmlence.	Ne vous travaillez plus, je suis le Médecin Qui dois garir en bref votre amoureux fercin, Assurez-vous sur moi, car par ma vigilance, J'avoucirai du mal la prompte vlence.
Floridon:	Floridon:
Mercier puis qu’il te plaiſt ores me ſecourir, Ie m’en vay promptement dans ma loge courir Pour appreſter des noix, des pommes & des meures, Vie m’y doncques trouuer, ie te prie en peu d’heures.	Mercier puis qu'il te plaît ores me secourir, Je m'en vais promptement dans ma loge courir Pour apprêter des noix, des pommes et des meures, Vie m'y doncques trouver, tu te prie en peu d'heures.
Mercier.	Mercier.
Ie n’y manqueray pas, ha que ie ſuis ioyeux, De rencontrer ainſi vn ſi bel amoureux:	Je n'y manquerai pas, ha que Seigneur suis joyeux, De rencontrer ainsi un si bel amoureux:
huis d ou viene certuyacy quriouipnant a pemne Chemine lentement le long de ceſte plaine?	huis d ou viene certuyaci quriouipnant a pemne Chemine lentement le long de cette plaine?
Melidor.	Mélidor.
Amour cruel amour, ſource de mes trauaux, Veux-tu pour donner trefue à tes cruels aſſauts?	Amour cruel amour, source de mes travaux, Veux-tu pour donner trêve à tes cruels assauts?
Que diſ je, les oyſeaux de leurs voix gracieuſes, Nous teſmoignent aſſez leurs flammes amoureuſes:	Que dis -je, les oiseaux de leurs voix grâces, Nous témoignent assez leurs flammes amoureuses:
Le poiſſon plein d’amour fend l’eſchine des eaux, Et ſur nos tapis verds ſautellent nos troupeaux, Et le taureau ſentant ce feu dedans ſes veines, Muglant, court vagabond ſur le long de nos plaines:	Le poisson plein d'amour fend l'échine des eaux, Et sur nos tapis verds sautellent nos troupeaux, Et le tau sentant ce feu dedans ses veines, Muglant, court vagabond sur le long de nos plaines:
Et moy ſentant ce feu embraſer nos eſprits, Pourrois-jemanne ponle dine beaute eipris?	Et moi sentant ce feu embraser nos esprits, Pourrais-jemanne ponle dine beauté éjpris?
Le mercier.	Le mercier.
Berger laiſſe tes plains, inſtrument de ton ayde, le lçauray à ton mnalappliquer vn remede.	Berger laisse tes plains, instrument de ton aide, le laurai à ton mnalappliquer un remède.
Melidor.	Mélidor.
Mercier dedans ma loge entre donc auec moy, Car ie vous veux traicter ainſi qu’vn petit Roy	Mercier dedans ma loge entre donc avec moi, Car ie vous veux traiter ainsi qu'un petit Roi
ACTE II.	ACTE II.
Le Mercier.	Le Mercier.
Eliuré de tont ſoing, gay, gaillard & diſpos- DPreſt de boire le vin & vous laiſſer les pots.	Eliuré de tont soin, gai, gaillard et dispos- PRêt de boire le vin et vous laisser les pots.
Preſt de riffler les plats qui ſont en la cuiſine,	Prêt de riffler les plats qui sont en la cuisine,
Et preſt le bricoller quelque belle Cyprine Dans les creux de ce bois:	Et prêt le bricoler quelque belle Cyprine Dans les creux de ce bois:
croy ez que le Mercier S’en tirera pluſtoſt qu’vn pourceau d’vn bourbier.	croy ez que le Mercier S'en tirera plutôt qu'un pourceau d'un bourbier.
Hé Dieux que de plaiſir à branler la mouſtache, A dancer du menton au ſon d’vne foüache, Et ſe remplir de laict, & n’entreprendre point:	Hé Dieux que de plaisir à branler la moustache, A ancer du menton au son d'une fouache, Et se remplir de lait, et n'entreprendre point:
D’outre œuure que garnir le moule du pourpoint;	D'outre œuvre que garnir le moule du pourpoint;
Ouy, ie le dis encor, qu’il n’eſt plaiſir ne guiſe Ou pluſtoſt qu’en cetuy ie me miſſe en chemiſe:	Oui, Seigneur le dis encor, qu'il n'est plaisir ne guise Ou plutôt qu'en cetui quelque me misse en chemise:
Qu’on ne me vante plus l’eſtat des amoureux, Ton amour, ô mercier, eſt beaucoup plus heureux;	Qu'on ne me vante plus l'état des amoureux, Ton amour, ô mercier, est beaucoup plus heureux;
Encor que de l’amour ie gaigne mieux ma vie Que non pas traffiquant auec ma mercerie:	Encor que de l'amour On gagne mieux ma vie Que non pas traffiquant avec ma mercerie:
Toutes-fois i’ayme mieux eſtre nourry de laict Que de mourir de fain & d’eſtre amant parfaict:	Toutefois j'aime mieux être nourri de lait Que de mourir de sain et d'être amant parfait:
Ie voy deuant mes yeux deux amans de nature, Auecques la douleur que chacun d’eux endure Pour leur obiet aymé ſe geſnent de la faim, Pendant qu’a mon profit ie mange tout le pain, Comme vn bon Aduocat vn chacun d’eux m’honore Me cherit, me reſpecte, & ſi me donne encore Ses chaſtaignes, ſes noix, & ſes boüillons plus doux Que ie mange pour eux & digere pour vous, Sus donc petit amour bleſſe les d’auantage, Plus ils auront de mal, plus i’auray de fromage, Pour leur auoir promis, & qui plus leur promets Des filles de Celine à la fin rendre aymez, Donc viue le mercier, viue la mercerie, Viue les amoureux, viue la laicterie, Courage viue tout & que l’on a de mal A retirer le frein de ce gros animal!	Je vois devant mes yeux deux amants de nature, Avec la douleur que chacun d'eux endure Pour leur objet aimé se gênent de la faim, Pendant qu'a mon profit Seigneur mange tout le pain, Comme un bon Aduocat un chacun d'eux m'honore Me chérit, me respecte, et si me donne encore Ses châtaignes, ses noix, et ses bouillons plus doux Que Seigneur mange pour eux et digère pour vous, Sus donc petit amour blesse les d'avantage, Plus ils auront de mal, plus j'aurai de fromage, Pour leur avoir promis, et qui plus leur promets Es fils de çha la fin rendre aimez, D' eu le mercier, viue la mercerie, Viue les amoureux, viue la laicterie, Courage viue tout et que on à de mal A retirer la fin de ce gros animal!
Vrayement il eſtoit temps que le pas te martane, Voicy ia vn berger qui vient à la pourchaſſe?	Vraiment il était temps que le pas te martane, Voici ia un berger qui vient à la pourchasse?
Il eſt bien eſuenſe, le curiuy crotté bien,	Il est bien esuense, le curiui crotté bien,
Floridon.	Floridon.
Dieu te garde mercier.	Dieu te garde mercier.
Mercier.	Mercier.
Et vous de mort de chien.	Et vous de mort de chien.
Floridon.	Floridon.
ne bien, quanld vousplune lieion voſtre promeſſe De me faire iouyr de ma belle maiſtreſſe?	ne bien, quanld vousplune lie votre promesse De me faire jouir de ma belle maîtresse?
Le mestsere Paritoſt.	Le mestsere Paritôt.
Melidor.	Mélidor.
Bon iour mercier, & bien?	Bon jour mercier, et bien?
Le mercier.	Le mercier.
Ha Dieu vous gard.	Ha Dieu vous gard.
Vrayment vous auuz tort de vous leuer ſi tard, Le iour n’eſt pas venu.	Vraiment vous auz tort de vous lever si tard, Le jour n'est pas venu.
Melidor.	Mélidor.
Tu te gauſſe ſans ceſſe:	Tu te gausse sans cesse:
Floridon.	Floridon.
Quictons la ces propos, parioris de ma maiſtreſſe, Comme tu as promis, trouue-nous les moyens De les rendre dans peu priſes dans nos liens.	Quictons la ces propos, parioris de ma maîtresse, Comme tu as promis, trouve-nous les moyens De les rendre dans peu prises dans nos liens.
Le Mercier.	Le Mercier.
Elles doiuent venir s’eſbatre en ceſte plaine, Apres auoir ſerré leur troupeau portelaine:	Elles doivent venir s'ébattre en cette plaine, Apres avoir serré leur troupeau portelaine:
Et ie me trompe fort ſi dans ce bois prochain:	Et petit me trompe fort si dans ce bois prochain:
Ie n’entends leur parler, ſont elles pour certain, Cachez vous en ce lieu, & ou eſt ma banctte?	Je n'entends leur parler, sont elles pour certain, Cachez -vous en ce lieu, et et est ma banctte?
La voila Dieu mercy:	La voilà Dieu merci:
Cachats, fine tablette, Aiguilles, curedens, eſpingles, pelotons, Couuercles à lexiue, eſcuelles, hannetons, Achetez, achetez, auſſi bien ie veux vendre.	Cachats, fine tablette, Aiguilles, curedents, épingles, pelons, Couvercles à lexive, écuelles, hannetons, Achetez, achetez, aussi bien femme veux vendre.
Florice.	Florice.
Ha i’entends ce Mercier, allons vers luy nous rendre	Ha j'entends ce Mercier, allons vers deux nous rendre
Caliante.	Caliante.
Vrayement ie le veuxbien.	Vraiment ie le veuxbien.
Floridon.	Floridon.
Pante garde Mercier, Qu’as-tu là de nouueau?	Pante garde Mercier, Qu'as-tu là de nouveau?
Mercier.	Mercier.
I’ay des gaignes d’acier, De bons couteaux de cuir, des bottes d’alumettes,	J'ai des gagnes d'acier, De bons couteaux de cuir, des bottes d'alumettes,
Caliante.	Caliante.
Monſtre nous du plus beau.	Montre nous du plus beau.
mercier.	mercier.
Foüillez dans ma banette Florice, Combien fais-tu cela?	Fouillez dans ma banette Florice, Combien fais-tu cela?
Mercier.	Mercier.
Ie n’en refuſe rien lout ce que vous voudrez, vous ie Içauez ſi bien, Achetez des couſteaux pour mettre en voſtre guaine.	Je n'en refuse rien lout ce que vous voudrez, vous ie Vouez si bien, Achetez des couteaux pour mettre en votre guaine.
Florice.	Florice.
ru reux rire Mercier, Mercier.	ru reux rire Mercier, Mercier.
Mais pourquoy tant de peine, aceceuer vous de viure horo dediora del Hymenz	Mais pourquoi tant de peine, aceceuer vous de vivre horo dediora del Hymenz
Caliante.	Caliante.
Le viure en chaſteté nous eſt vn plus grand bien.	Le vivre en chasteté nous est un plus grand bien.
Mercier.	Mercier.
Quel bien peut on trouuer en vn arbre infertille?	Quel bien peut on trouver en un arbre infertille?
Car la femme ſans homme eſt vn trou ſans cheuille, Maiſon ſans couuerture, eſtuy ſans flageollet, Bouteille ſans bouchon, muy percé ſans fauſſet, 2 Bref le plus grãd mal’heur qu’on puiſſevoir eſt cõme Vne table ſans pain, vne femme ſans homme:	Car la femme sans homme est un trou sans cheille, Maison sans couvre, étui sans flageollet, Bouteille sans bouchon, mui percé sans fausset, 2 Bref le plus grands mal heur qu'on puissevoir est cõme Véné table sans pain, une femme sans homme:
Ie ſçay ſi vous voulez que ce ſera bien toſt, Qu’en voſtre ſainct Hymen ie rongeray les os:	Je sais si vous voulez que ce sera bien tôt, Qu'en votre saint Hymen ie rongeray les os:
Sus donc deſbauchez-vous, à celle fin qu’enſemble L'rryilien enueunle a vous vn gros frelaut aſſemble.	Sus donc débauchez-vous, à celle fin qu'ensemble L'ryilien enveunle à vous un gros frêlaut assemble.
Florice.	Florice.
Tu te mocques Mercier.	Tu te moques Mercier.
Mercier.	Mercier.
Ha non fay par ma foy:	Ha non fais par ma foi:
2 Le bien que ie vous veux puiſſe tomber ſur moy:	2 Le bien que je vous veux puisse tomber sur moi:
Mais vrayemẽt ie cognois deux bergers tres-fidelles.	Mais vraiment ie connais deux bergers très-fidelles.
Qui ſe plaiſent de voir vos beautez trop cruelles, & ſi i’oſe vanter qu’ils vous oſent aymer, le le cognois de veue & ne le peux nommer.	Qui se plaisent de voir vos beautés trop cruelles, et si j'ose vanter qu'ils vous osent aimer, le le connais de vue et ne le peux nommer.
Caliante.	Caliante.
Ils ſont bien peu hardis, peu fournis de courage, De ne nous deſcouurir l’amour qui les rauage:	Ils sont bien peu hardis, peu fournis de courage, De ne nous découvrir l'amour qui les ravage:
Nous te prions mercier de leur dire qu’a tort Ils traiſnent amoureux vne viuante mort.	Nous te prions mercier de leur dire qu'a tort Ils traînent amoureux v ivante mort.
Mtititr.	Mtitr.
Darbets apres la Cane.	Darbets après la Cane.
Melidor.	Mélidor.
Ha belle Caliante.	Ha belle Caliante.
Floridon.	Floridon.
A tes pieds abbatu Florice mon amante, Florice que le Ciel prodigue de ſes dons, Orne de deux Soleils dont les luyſans brandons Diſſipent glorieux les glaçons de mon ame, l'implore le remede à ce mal qui m’enflame;	À tes pieds abattu Florice mon amante, Florice que le Ciel prodigue de ses dons, Orne de deux Soleils dont les Rans brandons Dissipent glorieux les glaçons de mon âme, l'implore le remède à ce mal qui m'enflamme;
Ne laiſſe point fleſtrir hoſteſſe des taillis, le pourpre de l’œillet, & la neige du lis Ornement de ce teint, charme des belles ames, Ains amortis l’ardeur de mes cuiſantes flammes, Tu és ſeule qui peux mon toufffient appaiſer, Donc Florice m’aymant permets moy te baiſer.	Ne laisse point flétrir hôtesse des taillis, le pourpre de l'œillet, et la neige du lis Ornement de ce teint, charme des belles âmes, Ains amortis l'ardeur de mes cuisantes flammes, Tu es seule qui peux mon touffient apaiser, Donc Florice m'aimant permets moi te baiser.
Forice.	Forice.
Pour gage tu deurois auoir ma foy premiere.	Pour gage tu devrais avoir ma foi première.
Floridon.	Floridon.
Quand l’auray-ie dis-moy ma celeſte lumiere?	Quand l'aurai-je dis-moi ma céleste lumière?
Florice.	Florice.
Lors que les traits grandans du forgeron Vulcain, Briſeront le rameau du chantre Deſphien.	Lors que les traits grandants du forgeron Vulcain, Briseront le rameau du chantre Desphien.
Floridon.	Floridon.
Tu t’en fuis:	Tu t'en fuis:
mais pourtant fuſſe tu Atalante, le t’auray à la courſe.	mais pourtant fusse tu Atalante, le t'aurai à la course.
Mercier.	Mercier.
O la ſuitte plaiſanteS’il ſe met en ſon rut vne fois dans ce bois.	Ô la suitte plaisanteS’il se met en son rut une fois dans ce bois.
archemprochera quatle ou emq à la fois.	archemprochera quatle ou emq à la fois.
Melidor.	Mélidor.
Beau ſoleil de nos iours, honneur de ce boccage A qui meſme l’amour amoureux rend hommage N’aurez vous point pitié d’vn Berger eſploré?	Beau soleil de nos jours, honneur de ce bocage À qui était l'amour amoureux rend hommage N'aurez -vous point pitié d'un Berger esploré?
Ne luy octroyez vous le ſecours imploré?	Ne lui octroyez -vous le secours imploré?
Non non vous n’eſtes point vne Ourſe rigoureuſe.	Non non vous n'êtes point une Ouvrent rigoureuse.
Pour deuorer ainſi vne ame langoureuſe, Voſtre extréme bonté m’aſſeure du ſecour, Le remede certain de mes fermes amouts, Bergere, toutesfois pour plus grand teſmoignage.	Pour dévorer ainsi une âme langoureuse, Votre extrême bonté m'assure du secour, Le remède certain de mes fermes amouts, Bergère, toutefois pour plus grand témoignage.
Permettez qu’vn baiſer r’anime mon courage.	Permettez qu'un baiser ranime mon courage.
Caliante.	Caliante.
Ree precipites fieil, pergel iltu me croy.	Re précipites fières, pergel il me crois.
Melidor.	Mélidor.
Permettez mettre fin au cours de mon eſmoy.	Permettez mettre fin au cours de mon émoi.
Galiante.	Galiante.
Ie le permets ſoudain que la torche Delphique Violera de noirceur le Palais Olympique.	Je le permets soudain que la torche Delphique Violera de noirceur le Palais Olympique.
Melidor.	Mélidor.
O louure en cruauté, tu as beau t’efchapper Courant legerement ie te veux attraper.	Ô louvre en cruauté, tu as beau t'échapper Courant légèrement ie te veux attraper.
Mercier.	Mercier.
Apres, apres, apres à la chaſſe, à la chaſſe, Ete Pergers ſont au bois, i’en vois en ceſte place?	Après, après, après à la chasse, à la chasse, Ete Pergers sont au bois, j'en vois en cette place?
Sus, ſus courons apres, tay miraut, tay briffaut, Le voila mon vallet, pille, pille, harpaut.	Sus, sus courons après, tai miraut, tai briffaut, Le voilà mon valet, pille, pille, harpaut.
Floridon.	Floridon.
Las!	Las!
ie ſuis demy fol, i’enrage, ie furette.	Ne suis demi fol, j'enrage, notre furette.
Mercier.	Mercier.
Floridon.	Floridon.
MVA Ha mercier!	MVA Ha mercier!
Melidor.	Mélidor.
Helas ma courſe eſt vaine, Las!	Hélas ma course est vaine, Las!
Mercier i’ay perdu & mes pas & ma peine.	Mercier j'ai perdu et mes pas et ma peine.
Mercier.	Mercier.
Ils ſont à deux de ieuMelidor.	Ils sont à deux de jeuMelidor.
Las!	Las!
ne te mocques point, Ains nous donne conſeil, vn ſalubre remede Pour mettre fin au cours du mal qui nous poſſede.	ne te moques point, Ains nous donne conseil, un salubre remède Pour mettre fin au cours du mal qui nous possède.
Vous faictes craquetter les os de ma banette, Vous gaſtez mon pourpoint:	Vous faictes craquetter les os de ma banette, Vous faites mon pourpoint:
Floridon.	Floridon.
Mercier.	Mercier.
Floridon.	Floridon.
Mercier.	Mercier.
Haran ſol.	Haran sol.
O mal!	Ô mal!
O cul, ô ſang.	Ô cul, ô sang.
O eſtrange malheur!	Ô étrange malheur!
Fromage de Milan,	Fromage de Milan,
Mercier.	Mercier.
Vrayment ie le veux bien, vous m’auez dit cent fois Que ſouuent voſtre dame au plus creux de ces bois Viẽt pourſuiure les Cerfs, & qu’en fin hors d’haleine Se repoſe & vient boire au clair de la fontaine:	Vraiment ie le veux bien, vous m'avez dit cent fois Que souvent notre dame au plus creux de ces bois Viennt poursuivre les Cerfs, et qu'en fin hors d'haleine Se pose et vient boire au clair de la fontaine:
Là donc vous l’eſpierez & l’entendant venir, Auant qu’elle vous puiſſe en courant preuenir, Prenez de ceſte poudre en cette boëtte encloſe, Et frottez le canal, lors à leure decloſe, S’approchant pour y boire vn ſomme ſi profond!	Là donc vous l'épierrez et l'entendant venir, Avant qu'elle vous puisse en courant prévenir, Prenez de cette poudre en cette boîte enclose, Et frottez le canal, lors à lèvre déclose, S'approchant pour y boire un somme si profond!
Retiendra ſes eſprits qu’on le croira au fond De l’auerne reclus, lors miſe en ſepulture Eſloigné que ſerez de toute creature, Vous l’irez aborder, ouurirez ſon tornbeau, Puis verſant ſur ſon front trois-fois de la meſme eau Elle s’eſueillera:	Retiendra ses esprits qu'on le croira au fond De l'averne reclus, lors mise en sépulture Esloigné que serez de toute créature, Vous l'irez aborder, ouvrirez son tornbeau, Puis versant sur son front trois-fois de la même eau Elle s'éveillera:
puis vous voyant ſeulets, Si vous ſçauez que c’eſt ce chaſſer ſans fillets, Franchiſſant le buiſſon donnez dans la tanniere,	puis vous voyant seulets, Si vous savez que c'est ce chasser sans sillets, Franchissant le buisson donnez dans la tanniere,
Melidor.	Mélidor.
O ruſe fort facile, ô ſubtille maniere, Ie t’en rends grace amy, ne manque a Melidor De venir feſtiner auecques luy encor.	Ô ruse fort facile, ô subtille manière, Je t'en rends grâce ami, ne manque a Melidor De venir festiner avec lui encor.
Mercier.	Mercier.
Ie n’y manqueray pas.	Je n'y manquerai pas.
Eloridon.	Éloridon.
Quelle ruſe ſubtille?	Quelle ruse subtille?
Pour borner mes trauaux ſeroit autant vtille?	Pour borner mes travaux serait autant vtille?
Mercier.	Mercier.
Ie veux aller trouuer l’obiect de voſtre amour, Luy dire que ie veux vous iouer d’vn bon tour, Et que m’ayant requis d’vn conſeil ſalutaire, Que ſuiuant mon aduis, en ce bois ſolitaire Vous deuez conſulter l’Oracle de ces bois Qui reſpond à l’accent de nos plaintiues voix, Apres ie feray tant qu’elle qui ne reſpire, Que de trouuer en vous ſuiet digne de rire, Viendra dedans ce bois pour ſe mocquer de vous.	Je veux aller trouver l'objet de votre amour, Lui dire que tu veux vous jouer d'un bon tour, Et que m'ayant requis d'un conseil salutaire, Que suivant mon avis, en ce bois solitaire Vous devez consulter l'Oracle de ces bois Qui répond à l'accent de nos plaintiues voix, Après avoir ferai tant qu'elle qui ne respire, Que de trouver en vous sujet digne de rire, Viendra dedans ces bois pour se moquer de vous.
Contrefaire l’Echo & vous mettre en courroux, Et lors qu’a vous reſpondre ell’ſera attentiue, Ie vous quitteray là, & faiſant la retiue Eſtendez la ſur l’herbe, & amoureux Berget, Viantez, auiede vicenionpetie verger.	Contrefaire l'Écho et vous mettre en courroux, Et lors qu'a vous répondre elle sera attentive, Je vous quitterai là, et faisant la rétive Étendez la sur l'herbe, et amoureux Berget, Viantez, aude vicenionpétie verger.
Floridon.	Floridon.
O ſalubre remede, ô Mercier ie te prie Venir boire auec moy dedans ma beigerie.	Ô salubre remède, ô Mercier Elle te prie Venir boire avec moi dedans ma beigerie.
Mercier.	Mercier.
O que ie ſuis heureux, pour eſtre macquereau Ie trouue à chaque fois que que fanara iibuueau, Ie ſuis tantoſt de nopce, ou bien tantoſt de feſte:	Ô que ici suis heureux, pour être macquereau Je trouve à chaque fois que que fanara jibueau, Je suis tantôt de nopce, ou bien tantôt de fête:
Hé, hé, tout beau, tout beau, au diable ſoit la beſte:	Hé, hé, tout beau, tout beau, au diable soit la bête:
Ie parlois à vn pou qui veut faire vn calcu Deſſus mon parchemin des morts que i’ay au cul.	Je parlais à un pou qui veut faire un calcu Dessus mon parchemin des morts que j'ai au cul.
ACTE III.	ACTE III.
ACTE III.	ACTE III.
Melidor.	Mélidor.
Mour cruel amour, de qui la viue flamme IA Torture noſtre corps & captiue noſtre ame, Iuſqu’a quand inhumain martyré de tes traits Quitteray-ie ton ioug?	Mour cruel amour, de qui la vive flamme IA Torture notre corps et captive notre âme, Jusqu'a quand inhumain martyré de tes traits Quitterai-je ton joug?
fuiray ie tes attraits?	fuira ie tes attraits?
Où pluſtoſt quand veux tu d’vne fleſche benigne Briſer le cœur d’aymant de ma fiere Cyprine?	Où plutôt quand veux tu d'une flèche bénigne Briser le cœur d'aimant de ma fière Cyprine?
Amour ſi ſur le bord de ce ruiſſeau coulant Tu appaiſes l’ardeur de mon feu violent, Si ton nom inuoquant d’vne poudre ſubtille Miſe du bord du canal ie dompte cette fille, le te promets amour te dreſſer vn autel En Cumouy dumoncononruriera fiiorcere Mes vœux ſont exaucez, ie voy ceſte Deeſſe Qui cherche le remede à la ſoif qui l’oppreſſe.	Amour si sur le bord de ce ruisseau coulant Tu appaises l'ardeur de mon feu violent, Si ton nom invoquant d'une poudre subtille Mise du bord du canal ie dompte cette fille, le te promets amour te dresser un autel En Cumoui dumoncononruriera fiiorcere Mes vœux sont exaucez, ietaît ceste Deesse Qui cherche le remède à la soif qui l'oppresse.
Galiante.	Galiante.
la chaſſe me plaiſt fort, le bois eſt mon plaiſir, Et ſeruir ma diane eſt mon plus grand deſir:	la chasse me plaît fort, le bois est mon plaisir, Et servir ma diane est mon plus grand désir:
Tantoſt i’attaque vn Cerf à la teſte rameuſe, Où tantoſt vn Sanglier à la dent eſcumeuſe:	Tantôt j'attaque un Cerf à la tête rameuse, Où tantôt un Sanglier à la dent écumeuse:
de lunle de cnaileis aupres de cet ormeau Ie ſauoure à long traicts le Mectar de cét eau, Voila qui m’y conduit:	de lunle de contaileis auprès de cet ormeau Je savoure à long traits le Majectar de cet eau, Voilà qui m'y conduit:
mais ſur ce mol riuage, l’attendray que la ſoif me preſſe dauantage.	mais sur ce mol rivage, l'attendrai que la soif me presse davantage.
Melidor.	Mélidor.
Sus fauoriſe amour mon loüable deſſein, A ce coup à ce coup, preſte moy donc la main, Et permets moy ſemer la poudre icy encloſe Au bout de ce canal pendant qu’elle repoſe.	Sus favorise amour mon louable dessein, À ce coup à ce coup, prête moi donc la main, Et permets moi semer la poudre ici enclose Au bout de ce canal pendant qu'elle repose.
Caliante.	Caliante.
Pareſſeuſe c’eſt trop, c’eſt trop dormir icy, Sans prendre aucunement de mon troupeau ſoucy:	Paresseuse c'est trop, c'est trop dormir ici, Sans prendre aucunement de mon troupeau souci:
Ie vay donc l’aborder, mais auant ie deſire Mettre fin à la ſoif qui ſans fin me martyre, O diuine Ambroſie!	Je vais donc l'aborder, mais avant ici désire Mettre fin à la soif qui sans fin me martyre, Ô diuine Ambrosie!
ô Nectar ſauoureux!	ô Nectar savoureux!
O douceur emmiellée ô miel qui doucereux, Plus qu’il n’a de couſtume en vn moment appaiſe De mon bruſſant goſier la deuorante braiſe:	Ô douceur emmiellée ô miel qui doucereux, Plus qu'il n'a de coutume en un moment apaise De mon brussant gosier la dévorante braise:
11 Arais lothelas d'ou viene qu'inemee da repos, Morphé diſtille en moy le ius de ſes pauots?	11 Arais lothélas d'ou viene qu'inimée da repos, Morphé distille en moi le jus de ses pauots?
Melidor.	Mélidor.
Mes vœux ſont accomplis, l’entrepriſe eſt parfaite Il ſemble que la mort la tienne ore ſubiette, O Mercier, mon mercier que d’obligation, A ceſte heuré ie dois à ton intention:	Mes vœux sont accomplis, l'entreprise est parfaite Il semble que la mort la tienne ore sujet, Ô Mercier, mon mercier que d'obligation, À cette heuré ainsi dois à ton intention:
Pait voley vemisrenertlaue prerque aunes	Pait voley vemisrenertaue presque aunes
Le mercier.	Le mercier.
Et bien?	Et bien?
à quoy tient il qu'on ne deſteint ſa braiſe?	à quoi tient il qu'on ne déteint sa braise?
Melidor.	Mélidor.
Le temps ne le requiert mais deſſouz cét ormeau Ie veux luy eſleuer vn paliſſant tombeau, Puis ſi toſt que demain l’aurore aux doigts de roſes Aura du Ciel vouté les barrieres decloſes, 100I Ie viendray l’entrouurir, & de ceſt' eau trois fois Verſeray ſur ce front que my paſle tu vois.	Le temps ne le requiert mais dessouz cet ormeau Je veux été élever un palissant tombeau, Puis si tôt que demain l'aurore aux doigts de roses Aura du Ciel vouté les barrières décloses, 10I Je viendrai l'entrourir, et de cet eau trois fois Verserai sur ce front que mi parle tu vois.
Sus doncques aydez moy, agence ce feuillage, 2161 Puis que ſon tendre corps de ce voile on ombrage;	Sus donc aidez -moi, agence ce feuillage, 2161 Puis que son tendre corps de ce voile on ombrage;
Pour confirmer ſamort au dos des ombres verds Ie veux ſubtillement grauer cinq ou ſix vers:	Pour confirmer samort au dos des ombres verds Je veux subtillement graver cinq ou six vers:
1210 4 1201	1210 4 1201
Souz ce tombeau giſt Caliante Fille d’Orton & d’Amalanté, Couuerte de ce cuſpenotr.	Souz ce tombeau gît Caliante Fille d'Orton et d'Amalanté, Couverte de ce cuspenotr.
0	0
Le Mercier inuentif.	Le Mercier inventif.
Paſſant ne t'enquiers d’auantage Comment eſt mort ce beau viſages Car Aucunne la peu ſgauoir.	Passant ne t'enquiers d'avantage Comment est mort ce beau visages Car Aucunne la peu savoir.
VI31000 Echo, auoir Auoir, hé que dis-tu?	VI3100 Écho, avoir Avoir, hé que dis-tu?
peux ie auoir ma rebelle?	peux ie avoir ma rebelle?
4119 Si c’eſt dans peu de temps i’en ſuis tout reſiouy, 14 elle  ouy Quand i’auray décharmé ſon corps au teintd’iuoire?	4119 Si c'est dans peu de temps j'en suis tout réjoui, 14 elle oui Quand j'aurai décharmé son corps au teintd'yvoire?
voire Pendant feindray ie icy de plorer ſon treſpas?	voire Pendant feindra ie ici de plorer son trépas?
02 2M00 pas Feignant donc l’ignorer ie vay dans ma demeure.	02 2M0 pas Feignant donc l'ignorer tu vais dans ma demeure.
demeure Que veux tu plus de moy ſi ce n’eſt vn adieu?	demeure Que veux tu plus de moi si ce n'est un adieu?
adieu.	adieu.
Le Mercier.	Le Mercier.
Ce n’eſt aſſez d’auoir ſecouru ceſte cy, Floridon maintenant m’embrouille de ſoucy:	Ce n'est assez d'avoir secouru cette cy, Floridon maintenant m'embrouille de souci:
Or pour le faire entrer dans l’amoureuſe lice, Au coing de ce taillis i’attendray ſa Florice, Ha ie la vois venir!	Or pour le faire entrer dans l'amoureuse lice, Au coin de ce taillis j'attendrai sa Florice, Ha ie la vois venir!
ie vois à mon aduis Qu'elle ſeruiroit bien d’vn bon flaſçon à vis, D’vne balle ou poſer toute mamercerie, Ie veux plaider contre elle:	Ne vois à mon avis Qu'elle servirait bien d'vn bon flasçon à vis, D'une balle ou poser toute mamcerie, Je veux plaider contre elle:
or en la plaiderie Il nous faudroit produire, & ſoudain ie mettrois Mes pieces dans ſonſac, & lors ie gaignerois.	or en la plaiderie Il nous faudrait produire, et soudain homme mettrais Mes ces dans sonsac, et lorsqu' aignerais.
Floriee.	Florie.
Ha mercier Dieu te gard, preſentement ie meure Si ie ne te cherchois il y a plus d’vne heure:	Ha mercier Dieu te gard, présentement ie meure Si ici ne te cherchais il y a plus d'une heure:
Bij Et biclicemdencteve:	Bij Et biclicemdencteve:
Mercier.	Mercier.
Comme vn Tantalien, Plus i’approche la chair & plus ie meurs de faim.	Comme un Tantalien, Plus j'approche la chair et plus grand meurs de faim.
Mais d’vne faim d’amour qui rape en ma moüelle.	Mais d'une faim d'amour qui rape en ma mouelle.
Florice.	Florice.
Quoy tu és amoureux?	Quoi tu es amoureux?
la plaiſante nouuelle	la plaisante nouvelle
Melidor.	Mélidor.
Amoureux pourquoy non?	Amoureux pourquoi non?
n’ay-je bonne façon?	n'ai-je bonne façon?
N’ay-je vn mouuement bon?	N'ai-je un mouvement bon?
& ſans quitter l’arçon Croyez-vous qu’impuiſſant, ma mignarde Florice, Ie ne ſçache courir la bague en voſtre lice?	et sans quitter l'arçon Croyez-vous qu'impuissant, ma mignarde Florice, Je ne sache courir la bague en votre lice?
Neſuis-je pas enſemble vn Mars & vn Adon?	Nésuis-je pas ensemble un Mars et un Adon?
Florice.	Florice.
Tu es beau, mais parlons vn peu de Floridon.	Tu es beau, mais parlons un peu de Floridon.
Mercier.	Mercier.
Ha ie le voy venir, ſus que ſouz ce fueillage Se cachant on relponde à ſon plaintif langage.	Ha grande le vois venir, sus que souvz ce fueillage Se cachant on relponde à son plaintif langage.
Floridon.	Floridon.
O l’heureuſe rencontre!	Ô l'heureuse rencontre!
or tu ſois bien venu, De ta promeſſe en fin c’eſt-il bienſouuenu :	or tu sois bien venu, De ta promesse en fin c'est-il biensouvenu :
Mercier.	Mercier.
L’ombre de ce buiſſon eclipſe ores ta Dame, Qui l'Ecno imnit ant vienite pour mocquer ta flamme:	L'ombre de ce buisson eclipse ores ta Dame, Qui l'Éco imnit ant vienite pour moquer ta flamme:
Elle te reſpondra, l’Echo encore apres, Donc vous quittant ſeulets, qu’on la ſerre de pres, Ie vay faire pendant l’amour à la cuiſine.	Elle te répondra, l'Écho encore après, Donc vous quittant seulets, qu'on la serre de pres, Je vais faire pendant l'amour à la cuisine.
Floridon.	Floridon.
Moy, exciter la voix de mabelle Cyprine, Oracle des Paſteur, Deeſſe de ces bois Qui ieſponds aux accens de nos dolentes voix, Puiſſe tu quelque iour baiſottant ton Narciſſe Vous embraſer ainſi que Mars fait ſon Erice,	Moi, exciter la voix de mabelle Cyprine, Oracle des Pasteur, Déesesse de ces bois Qui iesponds aux accents de nos dolentes voix, Puisse tu quelque jour baisottant ton Narcisse Vous embraser ainsi que Mars fait son Erice,
Le Mercier inuentif.	Le Mercier inventif.
Dis que ie ſuis bruſlé de l’amoureuxffambeau.	Dis que tu suis brûlé de l'amoureuxffambeau.
Et logeant cet amour au creux de mon cerueau:	Et logeant cet amour au creux de mon cerveau:
Il eſt vray ie ſuis cerf en l’amoureuſe rage, cerf veau Car ſouz les loix d’emour s’aſſeruis mon courage:	Il est vrai mot suis cerf en l'amoureuse rage, cerf veau Car souz les lois d'emour s'asservis mon courage:
Ou bien comme le cerf eſt occis dans ces bois, Meſme mon propre amour me reduit aux abois:	Ou bien comme le cerf est occis dans ces bois, Même mon propre amour me réduit aux abois:
Puis ainſi que le veau beugle ſa mere abſente, De Florice abſenté touſiours ie me lamente, Quels ſommes nous chaſſas ceſte ardeur de nos ſains Et battus de l’amour pour ſuiure ſes deſdains?	Puis ainsi que le veau beugle sa mère absente, De Florice absenté toujours ie me lamente, Quels sommes nous chassas cette ardeur de nos sains Et battus de l'amour pour suivre ses dédains?
ſains.	sains.
des dains.	des dains.
Quoy des dains pour aymer ſes carreſſes folettes?	Quoi des dains pour aimer ses carresses folttes?
Et quand ie vay fuyant ſes ſubtilles ſagettes?	Et quand ici vais fuyant ses subtilles sagettes?
fol eſtes.	fol êtes.
ſage eſtes.	sage êtes.
Bleſſé que dois-ie donc rechercher de ſi pres.	Blessé que dois-je donc rechercher de si pres.
des cy pres.	des cy pres.
Oú ſeroit donc ma mort pour chercher de cy pres?	Où serait donc ma mort pour chercher de cy pres?
ſi pres.	si pres.
Non ce n’eſt point ma mort, ains c’eſt pluſtoſt mon ame, L’objet de mon tourment qui ſe rit de ma flamme, Ha ie te voy cruelle & ta mignarde voix En fin t’a deſcouuerte, & bien à ceſte fois Boucheras-tu l’oreille à ma plainte amoureuſe?	Non ce n'est point ma mort, ains c'est plutôt mon âme, L'objet de mon tourment qui se rit de ma flamme, Ha ie te vois cruelle et ta mignarde voix En fin t'a découverte, et bien ceste fois Boucheras-tu l'oreille à ma plainte amoureuse?
Te contente-tu pas pour eſtre rigoureuſe, D’auoir comblé mon cœur d’vn million de maux, Sans farouche venir dans ces touffus coſtaux, Te rire encor de moy?	Te contente-tu pas pour être rigoureuse, D'avoir comblé mon cœur d'un million de maux, Sans farouche venir dans ces touffus costaux, Te rire encor de moi?
Florice.	Florice.
Sçais-tu pas que Dictine, aemperene de plejer founle loug de Cyprine?	Sais-tu pas que Digine, aempérène de plejer founle loug de Cyprine?
In Floridon.	In Floridon.
b iS Ma conſtance d’aymant n’attirera donc point Lefer de ta rigueur qui ſans ceſſe me point?	 bAlS Ma constance d'aimant n'attirera donc point Lefer de ta rigueur qui sans cesse me point?
Florice.	Florice.
Sur ma foy mon berger, ie me ris de ta peine.	Sur ma foi mon berger, on me ris de ta peine.
1LIHIY Floridon.	1LIHII Floridon.
Si eſt-ce toutes-fois qu’elle me ſera vaine.	Si est-ce toutefois qu'elle me sera vaine.
Florice.	Florice.
0 Mais que te ſeruira de m'aymer chaque iour Si ie ne veux flechir ſouz les loix de l’amour?	0 Mais que te servira de m'aimer chaque jour Si tu ne veux fléchir souz les lois de l'amour?
Floridon.	Floridon.
Ha c’eſt par trop brauer l’amoureuſe puiſſance, Où l’amitié ne peut, vſons de violence.	Ha c'est par trop braver l'amoureuse puissance, Où l'amitié ne peut, usons de violence.
Florice, Yla craſtre que lale eue Floridon.	Florice, Yla crastre que lale eue Floridon.
Ie ne fais encor rien, Mais i’eſpere iouyr de mon amoureux bien,	Je ne fais encor rien, Mais j'espère jouir de mon amoureux bien,
Florice.	Florice.
Ouy, ſi i’eſtois ſans force.	Oui, si j'étais sans force.
e teriuond Lil vameumereuiee.	e terivond Lil vameumereuie.
Florice, on bpanobed au A la force bergers, o Dleux accourez viſte, L’on me veux violer pres ce touffu buiſſon.	Florice, on bpanobed au À la force bergers, ô Leux accourez vite, L'on me veux violer pres ce touffu buisson.
Floridon.	Floridon.
Ie vous feray tantoſt parler d’autre façon.	Je vous ferai tantôt parler d'autre façon.
1 ACTE IV.	1 ACTE IV.
Floridon.	Floridon.
n gemme a bomlib qouHo 9216 Ois-ie paroiſtre au iour?	 gemme a bomlib qouHo 9216 Ois-je paraître au jour?
oſay-ie criminelle, DOppoſer au Soleil ma coulpable prunelle?	osais-je criminelle, DOpposer au Soleil ma coulpable prunelle?
Quel antre plus reclus, quel deſert eſcarté, Où iamais ce flambeau n’eſlance ſa clarté, 201	Quel antre plus reclus, quel des écarté, Où jamais ce flambeau n'élance sa clarté, 201
Me cachant logera, moy, mes cris & la plainte D’vne pudique ardeur cruellement deſpeinte?	Me cachant logera, moi, mes cris et la plainte D'une pudique ardeur cruellement dépeinte?
Que ne ſuis-je au tombeau deſſia paſture aux vers, Sans de ma ſaleté infecter l’vniuers?	Que ne suis-je au tombeau dessia pâture aux vers, Sans de ma saleté infecter l'univers?
Mais que veut ce tombeau?	Mais que veut ce tombeau?
que veulent ſur l’eſcorce?	que veulent sur l'écorce?
De ce cheſne eſleué ces vers grauez parforce?	De ce chaîne élevé ces vers gravés parforce?
Ie preſage en cecy quelques nouueaux malheurs?	Je présage en ceci quelques nouveaux malheurs?
Liſons les neant moins reſoluë aux douleurs.	Lisons les néant moins résolue aux douleurs.
Souz ce tombeau, &c.	Souz ce tombeau, etc.
O malheur!	Ô malheur!
ô meſchef!	ô mèches!
ô triſte deſeſpoir!	ô triste désespoir!
Que ma ſœur ſoit recluſe en l’auernal manoir, Sans eſperer iamais que le ſort la reuiue!	Que ma sœur soit recluse en l'avernal manoir, Sans espérer jamais que le sort la revive!
Et mon honneur fletri qu’ores ie la ſuruiue!	Et mon honneur flétri qu'ores ie a suruiue!
Non, non, ie la ſuiuray:	Non, non, Madame la suivrai:
mais auant que mourir, Qu'vn fauorable fer me viendra ſecourir, Ie veux qu’vn Epitaphe en cét arbre logée Rediſe le ſuiet de ma trame abregée, Florice au fort de ſa douleur, Ayant creu ſa ſœur treſpaſſée.	mais avant que mourir, Qu'un favorable fer me viendra secourir, Je veux qu'un Épitaphe en cet arbre logée Redise le sujet de ma trame abrégée, Florice au fort de sa douleur, Ayant crutu sa sœur trépassée.
Reſtant ſans virginalle fleur, S’eſt la poictrine outreperſée.	Restant sans virginale fleur, S'est la poitrine outrepersée.
49 4 Sus, ſus doncques mourons:	49 4 Sus, sus donc mourons:
mais auant que la mort Me face treſbucher ſous ſon puiſſant effort, I’atteſteray le Ciel & ſa lampe Delphique, Que iamais le flambeau d’vne amour impudique, N’embraſa mes eſprits, ains qu’vn cruel Berger Eſt venu malgré moy mon honneur outrager:	mais avant que la mort Me face trébucher sous son puissant effort, J'attesterai le Ciel et sa honneur Outragera, Que jamais le flambeau d'une amour impudique, N'embrasa mes esprits, ains qu’ mes cruel Berger Est venu malgré moi mon honneur outrager:
Mais c’eſt trop diſcouru, qu’vne lame pouſſée Enuoye noſtre eſprit aux plaines d'Eliſée.	Mais c'est trop discouru, qu'une lame poussée Envoie notre esprit aux plaines d'Elisée.
Eloridon,	Éloridon,
Des hommes de la terre, & du ciel mal voulu, Pour t’eſtre violent de luxure pollu, Aecablé de malheurs où prendras tu la fuite?	Des hommes de la terre, et du ciel mal voulu, Pour t'être violent de lux pollu, Aecablé de malheurs où prendras tu la fuite?
Veu meſme que ton pere eſt ore à ta pourſuite.	Veu même que ton père est ore à ta poursuite.
Qui ſacrificateur obtemperant aux Dieux, Veut eſtre de ton corps le meurtrier odieux?	Qui sacrificateur obtempérant aux Dieux, Veut être de ton corps le meurtrier odieux?
I’ignore quel ie ſuis en ce malheur extreſme, Iant ie vay redoutant la puiſſance ſupreſme.	J'ignore quel belle suis en ce malheur extrême, Jant ici vais redoutant la puissance suprême.
Me.	Me.
cter.	cter.
Mais aduançons chetnim de peur que le vieillard Ne nous trouuant icy ne frotte noſtre lard.	Mais avançons chétnim de peur que le vieillard Ne nous trouvant ici ne frotte notre lard.
Fturlaou.	Fturlaou.
Tu te mocques Mercier au fort de la tempeſte.	Tu te moques Mercier au fort de la tempête.
Le Mercier.	Le Mercier.
Ne failloit en ſon champ ficher voſtre houlette.	Ne fallait en son champ ficher votre houlette.
Floridon.	Floridon.
Mercier.	Mercier.
Encore en irons nous?	Encore en irons nous?
Bien loin dela le pain, Et encore par delà.	Bien loin déla le pain, Et encore par delà.
Floridon.	Floridon.
Quoy mourrons nous de faim?	Quoi mourrons -nous de faim?
Mercier.	Mercier.
Non ſi vous pouuez dire Les petits mots de gueux, nous aurons dequoy frire Or notez qu’vn Seigneur eſt vn homme gallant, Qui dans les chams de mars s’eſtant monſtré vaillant Le Roy en parchemin vne lettre luy donne:	Non si vous pouvez dire Les petits mots de gueux, nous aurons dequoy frire Or notez qu'un Seigneur est un homme gallant, Qui dans les champs de mars s'étant montré vaillant Le Roi en parchemin une lettre lui donne:
Qui du tiltre de noble à iamais le guerdonne, Ainſi noble ie fus:	Qui du titre de noble à jamais le guerdonne, Ainsi noble femme fut:
mais aduint vn matin, Qu’ayant laiſſé tomber ma lettre en parchemin, Vn rat qui la trouua, la mangea de fineſſe.	mais advint un matin, Qu'ayant laissé tomber ma lettre en parchemin, Vour rat qui la trouva, la mangea de finesse.
Si bien qu’en fin le rat eut pour moy la nobleſſe:	Si bien qu'en fin le rat eut pour moi la noblesse:
Or ſont de ces Seigneurs qu’il conuient aborder, Et à eux qu’il nous faut l’aumoſne demander.	Or sont de ces Seigneurs qu'il convient aborder, Et à eux qu'il nous faut l'aumône demander.
Floridon.	Floridon.
Doncques enſeigne moy la façon plus ſubtille De demander ainſi pauure de ville en ville, port pruseque le Hame di Aime rens maiſſeurcux.	Donc enseigne moi la façon plus subtille De demander ainsi pauvre de ville en ville, port pruseque le Hame di Aime rens maisseurcux.
Mercier.	Mercier.
Pren que ie ſois vn noble & tu feras le Gueux, Cependant que monté ſur mon courſier ie paſſe, Que dire pourras-tu d’vne aſſez bonne grace?	Pren que ici sois un noble et tu feras le Gueux, Cependant que monté sur mon coursier homme passe, Que dire pourras-tu d'une assez bonne grâce?
Floridon.	Floridon.
ſronmaur ayce plae duca euuan Dela, A qui l’on eſt venu ſes threſors rauager.	sronmen aice plae duca eunan Déla, À qui l'on est venu ses trésors ravager.
Le mercier.	Le mercier.
le n’ay point de monnoye, or pource ne retourne, Ains tant qu’il t’ait donné, loing de luy ne ſeiourne.	le n'ai point de monnoie, or pource ne retourne, Ains tant qu'il t'ait donné, loin de même ne séjourne.
Floridon Ie le veux, monſeigneur, las vn pauure homme errant Obligez d’vn aumoſne!	Floridon Je le veux, monseigneur, las un pauvre homme errant Obligez d'un aumône!
Le Mercier.	Le Mercier.
Es-tu pas aſſez grand?	Es-tu pas assez grand?
Vat’en gaigner ton pain.	Vat'en gagner ton pain.
Floridon.	Floridon.
Las!	Las!
voſtre ſeigneurie.	votre seigneurie.
Mercier.	Mercier.
Tu m’importune trop.	Tu m'importune trop.
Floridon.	Floridon.
A mon regret ie prie.	À mon regret Seigneur prie.
Mercier.	Mercier.
Ores cela va bien, cheminons viſtement, Vn corps frais maſſacré, giſt pres ce monument.	Ores cela va bien, cheminons vitement, Un corps frais massacré, gît pres ce monument.
Foridon, Helas!	Foridon, Hélas!
c’eſt ma florice!	c'est ma florice!
ô ciel darde tempeſte!	ô ciel darde tempête!
O furie!	Ô furie!
demons!	démons!
ô infernalle peſte!	ô infernalle peste!
Broyez ce corpslaſcit, & ce pariure chef Accablez de fureur, d’horreur & de meſcheſ:	Broyez ce corpslaccit, et ce parjure chef Accablez de fureur, d'horreur et de mèches:
Sus que le meſme fer qui perça ſa poictrine Me rende entre les mains d’vne Imnplacable Eryne.	Sus que le même fer qui perça sa poitrine Me rende entre les mains d'une Imnplacable Eryne.
6 Mercier.	6 Mercier.
210 Monſieur arreſtez vous, beuuez vn peu de vin Auant que de deſcendre en l’infernal chemin, Ily a loing d’icy.	210 Monsieur arrêtez -vous, buez un peu de vin Avant que de descendre en l'infernal chemin, Ili a loin d'ici.
Floridon.	Floridon.
Iire toy, ou ma ſaine Outreperſant ton corps fera voler ton ame.	Jire toi, ou ma saine Outrepersant ton corps fera voler ton âme.
Mercier.	Mercier.
Ie vous en remercie il n’en eſt pas beſoing,	Je vous en remercie il n'en est pas besoin,
Floridon.	Floridon.
D’enſeuelir nos corps prend donc ores le ſoing.	D'enseulir nos corps prend donc ores le soing.
Car c’eſt fait que de moy.	Car c'est fait que de moi.
Mercier Las il prend la parole S’en eſt fait, s’en eſt fait, il a ioué ſon role:	Mercier Las il prend la parole S'en est fait, s'en est fait, il a joué son rôle:
Mais le valet touſiours doit le maiſtre ſuiuir, Donc i’iray apres luy afin de luy ſeruir S’il s’eſgare en chemin, ou ſi quelque querelle, Il a contre pluton & toute ſa ſequelle, 9 Car ie m’y meſleray & a grands coups de poing, Diables & diablotins i’enuoy eray bien loing:	Mais le valet toujours doit le maître suivir, Donc j'irai après avoir afin de lui servir S'il s'égare en chemin, ou si quelque querelle, Il a contre pluton et toute sa séquelle, 9 Car ie C'y mêlerai et à grands coups de poing, Diables et diablotins j'envoi erai bien loin:
Mais vn mort s’aſſied-il?	Mais un mort s'assied-il?
nenny, car quand i’y penſe Ie vis hięr vn eſtron, ſauf voſtre reuerence, Quieſtoit debout & ſi il eſtoit mort, le veua done ques mourir:	nenni, car quand j'y pense Je vis hięr un étron, sauf votre révérence, Quiestoit debout et si il était mort, le veua done ques mourir:
parbieu i’aurois grand tort, Si ie me faiſois mal, i’ayme donc bien mieux viures Mais c’eſtoit mon amy, il me le faut donc ſuiure.	parbieu j'aurais grand tort, Si apprendre me faisais mal, j'aime donc bien mieux vivres Mais c'était mon ami, il me le faut donc suivre.
Hé, ie ne boirois plus, ne nous tuons donc point, Ce ſeroit trop manquer de courage au beſoin, Sus ſus doncques mourons, reuiſitons le lethe, Et quand ie ſeray mort qui auroit ma banette, Rhubans bonnets, laſſess:	Hé, Seigneur ne boirais plus, ne nous tuons donc point, Ce serait trop manquer de courage au besoin, Sus sus donc mourons, révisitons le lethe, Et quand grands serai mort qui aurait ma banète, Rhubans bonnets, lassés:
c’eſt tout vn ie mourray:	c'est tout un Seigneur mourrai:
Ie n’en ſuis point d’auis, ſi feray, non feray:	Je n'en suis point d'avis, si ferai, non ferai:
Car eſtant aux enfers i’aurois touſiours enuie De venir requerir bannette & mercerie.	Car étant aux enfers j'aurais toujours envie De venir requérir bannette et mercerie.
A dieu donc Floridon, ie vay dans ce hameau Voir ſi quelqu’vn pourra me donner du gaſteau:	À dieu donc Floridon, Seigneur vais dans ce hameau Voir si quelqu'un pourra me donner du gâteau:
Car le dueil de ma mort m’a rendu ſi debile, Que i’en mangerois bien que ie croy plus de mille.	Car le deuil de ma mort m'a rendu si débile, Que j'en mangerais bien que sans crois plus de mille.
Melidor.	Mélidor.
Voicy l’heure & le iour qu’vn aymable deſtin Me rend vne Cypris pour ſoluable butin?	Voici l'heure et le jour qu'un aimable destin Me rend une Cypris pour solvable butin?
Voicy l’heure & le temps que d’vne onde argentine, ledois remettre au iour ceſte beauté diuine:	Voici l'heure et le temps que d'une onde argentine, ledais remettre au jour cette beauté divine:
Et voicy le ſejour, cent fois heureux ſeiour, Des beautez de Cythere, & des flammes d’amour;	Et voici le séjour, cent fois heureux séjour, Des beautés de Cythère, et des flammes d'amour;
Sejour où paroiſtront les rais de mon aurore, Que de cent mille fleurs pour ſon reſpect i’honore:	Séjour où paraîtront les rais de mon aurore, Que de cent mille fleurs pour son respect j'honore:
Qui doiuent diſſiper les brouillards amoureux, Qui les fleurs de mes ans conſomment langoureux, Dont ſacré monument que cent fois ie te baiſe, Et te baiſe cent fois pour moderer ma braiſe:	Qui doivent dissiper les brouillards amoureux, Qui les fleurs de mes ans consomment langoureux, Dont sacré monument que cent fois ie te baise, Et te baise cent fois pour modérer ma braise:
Tués doncques ouuert, & aux raiz de mes yeux levois cet œil dompteur des hommes & des Dieux!	Tuez donc ouvert, et aux raiz de mes yeux levais cet œil dompteur des hommes et des Dieux!
Oſay-ie auec reſpect ores toucher ta bouche?	Osai-je auec respect ores toucher ta bouche?
Non, la diuinité ne permet que i’y touche?	Non, la divinité ne permet que j'y touche?
Puis c’eſt peu qu’vn baiſer ſi le reſte n’enſuit:	Puis c'est peu qu'un baiser si le reste n'ensuit:
Quelle fureur me tient?	Quelle fureur me tient?
deeſſe qu’ay-ie dit?	déesse qu'ai-je dit?
Helas pardonne moy ce diſcours temeraire:	Hélas pardonne -moi ce discours téméraire:
Pourquoy me pardonner?	Pourquoi me pardonner?
hé peuſ-ie m’en diſtraire, Veu qu’vn Dieu tout puiſſant me force à te cherir, Et d’vn accouplement me force le deſir?	hé pussy-je m'en distraire, Veu qu'un Dieu tout puissant me force à te chérir, Et d'un accouplement me force le désir?
Doucques verſant cét eau par trois fois ſur ta fac e, Faut que ce paſle teint en vn moment s’efface:	Doucques versant cet eau par trois fois sur ta fac eût, Faut que ce pas teint en un moment s'efface:
Ia ſes yeux eſueillez s’entrouurent doucement, Eſloignons pour vncemps ce Iubtn mnouuement.	Ia ses yeux éveillez s'entrouvrent doucement, Éloignons pour uncemps ce Jubtn mnouuement.
Caliante.	Caliante.
D’ou vient que peu à peu dilattant la paupiere Ie commence à reuoir la celeſte lumiere?	D'ou vient que peu à peu dilattant la paupière Je commence à revoir la céleste lumière?
Oú ſuit-je!	Où suit-je!
helas bons Dieux, ſuis-je dans vn tombeau, Pour auoir de mes iours deuidé le fuſeau?	hélas bons Dieux, suis-je dans un tombeau, Pour avoir de mes jours devidé le fuseau?
Non ie ne fus onc morte, vne fourbe ruſée:	Non ici ne fus onc morte, une fourbe rusée:
M’a, que i’eſtime, ourdy ceſte eſtrange fuſée;	M'a, que j'estime, ourdi cette étrange fusée;
Mais ie voy Melidor, i’approcheray de luy, Pour ſçauoir quel malheur me cauſe cet ennuy:	Mais ici vois Mélidor, j'approcherai de parler, Pour savoir quel malheur me cause cet ennui:
Melidor, que fais-tu penſif ſous ce feuillage?	Mélidor, que fais-tu pensif sous ce feuillage?
Melidor.	Mélidor.
Ie recherche l’obiect dont laſpect me ſoulage, Vous l’obiect de mes feux à qui ie viens offrir A'ronuinour ou pluſtoſt vn deſir de mourir, De mourir en viuant & de ſi douce ſorte, Que le fruict de l’amour, mon amour en rapporte:	Je recherche l'objet dont laspect me soulage, Vous l'object de mes feux à qui iesiens offrir Aronvinour ou plutôt un désir de mourir, De mourir en vivant et de si douce sorte, Que le fruit de l'amour, mon amour en rapporte:
Doncques permettez moy de iouyr d’vn baiſer, Puis vueillez en ce lieu mes ardeurs appaiſer.	Donc permettez -moi de jouir d'un baiser, Puis veuillez en ce lieu mes ardeurs apaiser.
Caliante.	Caliante.
Appaiſer tes ardeurs, oſes-tu bien prophane, conteminer le rerpeee quer on dere à Dianc.	Apaiser tes ardeurs, oses-tu bien prophane, conteminer le rerpée quér on dere à Dianc.
Melidor.	Mélidor.
Ne penſez contre moy ores vous repeller.	Ne pensez contre moi ores -vous répeler.
Caliante.	Caliante.
Me rebeller, bons Dieux, veux-tu me violer?	Me rebeller, bons Dieux, veux-tu me violer?
1 Melidor.	1 Mélidor.
Ou bien manquant d’amour.	Ou bien manquant d'amour.
Caliante.	Caliante.
D ainotl non demnene.	D ainotl non demene.
Ton impudique regne eſchappant de viteſſe.	Ton impudique règne échappant de vitesse.
Melidor.	Mélidor.
Tu fuis mais te ſuiuant à la fin ie t’auray, Et lors de mon amour paiſible iouiray.	Tu fuis mais te suivant à la fin ton t'aurai, Et lors de mon amour paisible jouirai.
Caliante.	Caliante.
Ie ſuis ore eſchappée, helas!	Je suis ore échappée, hélas!
quel ſpectacle S’oppoſe à mou bon heur pour vn dernier oſtacle!	quel spectacle S'oppose à mou bon heur pour un dernier ôtacle!
Quoy ma ſœur tu es morte, & viure ore apres toy Au ſort de mille morts, ie ne vy que d’eſmoy:	Quoi ma sœur tu es morte, et vivre ore après toi Au sort de mille morts, toujours ne vis que d'émoi:
Doncques puis que tu es ſouz la tombe bleſmie, Que ma pudique fleur eſt meſchamment fleſtrie, le ne veux plus ſuruiure, ains d’vn acier pointu Mon corps demeurera ſouz la parque abbatu.	Donc puis que tu es souz la tombe blêmie, Que ma pudique fleur est méchamment flétrie, le ne veux plus survivre, ains d'un acier pointu Mon corps demeurera souz la parque abattu.
Melidor.	Mélidor.
O cruelle cent fois plus cruelle que l’Ourſe, Tu as beau me fuir ie t’auray à la courſe:	Ô cruelle cent fois plus cruelle que l'Ourse, Tu as beau me fuir quand t'aurai à la course:
Quelle pille de corps ſe preſente à mes yeux?	Quelle pille de corps se présente à mes yeux?
Las!	Las!
qui ſont ceux qui morts ie rencontre en ces lieux?	qui sont ceux qui morts ie rencontre en ces lieux?
4 Ha ciel!	4 Ha ciel!
ma Caliante a d’vne iuſte lame eparé depuis peu le corps d’auec ſon ame, Et moy ie ſuruiuray apres ce triſte ſort, Non, non i’auray recours à la prochaine morte Donc acier qui perças ſa poictrine negeuſe, Sus plonge mon eſprit dans l’onde ſtigieuſe.	ma Caliante a d'une juste la éparé depuis peu le corps d'avec son âme, Et moi -même surviurai après ce triste sort, Non, non j'aurai recours à la prochaine morte Donc acier qui perças sa poitrine négeuse, Sus plonge mon esprit dans l'onde stigieuse.
ACTE V	ACTE V
T Le Sacrificateur.	 Le Sacrificateur.
Vel eſtrange mal-heur!	Vel étrange malheur!
quel funeſte accident 8 2 Le Ciel va courroucé ſur ſon chef eſpanA dant!	quel funeste accident 8 2 Le Ciel va courroucé sur son chef anA dant!
Le croiſſant corbeau dont l’horrible murmure, M’acompagne ſans fin, rien de bon ne m’augure, L’amarante fleſtrie & nos mignards ruiſſeaux, Qui eſleuent en monts leurs ondoyantes eaux, M’aſſeurent que des Dieux la prochaine vengeance De n’eſperer plus rien me donne l’eſperance:	Le croissant corbeau dont l'horrible murmure, M'acompagne sans fin, rien de bon ne m'augure, L'amarante flétrie et nos mignards ruisseaux, Qui élèvent en monts leurs ondoyantes eaux, M'assurent que des Dieux la prochaine vengeance De n'espérer plus rien me donne l'espérance:
Que pourrois-ie eſperer au fort du deſeſpoir Que i’ay de men cher fils que ie ne puis reuoir?	Que pourrais-je espérer au fort du désespoir Que j'ai de men cher fils que ici ne puis revoir?
Veu qu’encor que l’effect à mon deſir conforme Ie l’euſſe, il me faüdroit, meurtre par trop enorme, L’offrir en ſacrifice au courroux immortel, Et de ſon rouge ſang empourprer noſtre autel?	Veu qu'encor que l'effet à mon désir conforme Je l'eusse, il me faüdroit, montre par trop énorme, L'offrir en sacrifice au courroux immortel, Et de son rouge sang empourprer quelque autel?
DaertrdSe Malleur de druentManne Qu’il faille que le fils ſoit deffait par le pere, 1 Encor chetif, encor ſur cét autel ie veux  Offrir la pureté de mes gemiſſans vœux, Afin que les bourgeois de l’Olimpique voute, Le ſalut de mon fils ne reuocquent en doute:	DaertrdSe Malleur de druentManne Qu'il faille que le fils soit défait par le père, 1 Encor chétif, encor sur cet autel ie veux Offrir la pureté de mes gémissants vœux, Afin que les bourgeois de l'Olimpique voute, Le salut de mon fils ne revocquent en doute:
Celeſtes immortels dans le bras tout puiſſant Darde ſur le rebelle vn foudre rougiſſant;	Celestes immortels dans le bras tout puissant Darde sur le rebelle un foudre rougissant;
Si iamais d’vn pecheur vous temiſtés la faute, Teſmoignage certain d’vne cremence haute, Pardonnez à mon fils, ou flechis par mes plains, Faictes que par la voix de vos Oracles ſaints roiguene leleiour, qurloingtain le recelle Pour amoindrir l’aigreur de ma peine cruelle.	Si jamais d'un pécheur vous temistés la faute, Témoignage certain d'une crémence haute, Pardonnez à mon fils, ou fléchis par mes plains, Faites que par la voix de vos Oracles saints roiguene leleiour, qurloingtain le recèle Pour amoindrir l'aigreur de ma peine cruelle.
Arreſtez le cours de ces lairmes, De ces cris & de ces ſanglots, Car contre les traicts d’Atropos, Se ſont de trop debiles armes;	Arrêtez le cours de ces lairmes, De ces cris et de ces sanglots, Car contre les traits d'Atropos, Se sont de trop débiles armes;
* Targuez vous donc de la conſtance, Puis que la mort de Cupidon, Ont vaineu voſtre Floridon Au plus fort de ſa reſiſtance:	* Targuez -vous donc de la constance, Puis que la mort de Cupidon, Ont vaineu votre Floridon Au plus fort de sa résistance:
Or il meſure la pouſſiere, Muce tioriee, & Mendor, Caliante s’y void encor, Comme eux priuée de lumiere.	Or il mesure la poussière, Muce tiorie, et Mendor, Caliante s'y voit encor, Comme eux privée de lumière.
Le Sacrificateur.	Le Sacrificateur.
afon oqmnoqm O eſtrange nouuelle!	afon oqmnoq Ô te nouuelle!
ô cruel accident, Incroyable entre nous, toutes-fois euident!	ô cruel accident, Incroyable entre nous, toute-fois évident!
Las il n’eſt que trop vray, car l’Oracle celeſte L’auguré confitmant le rend trop manifeſte, Et le recognoiſſant bergers mon cher ſoucy, Priué de vos beaux yeux ie ſuruiuray icy?	Las il n'est que trop vrai, car l'Oracle celeste L'auguré confitmant le rend trop manifeste, Et le reconnaissant bergers mon cher souci, Privé de vos beaux yeux ie suruiuray ici?
Non, non, ie veux mourir mais auant que mon ame Cede mon paſſe corps à la ſombreuſe flamme, Ie veux mes chers enfans d’vn ſainct embraſſement Vous honorant chercher vn pareil mouuement:	Non, non, je veux mourir mais avant que mon âme Cède mon passe corps à la sombreuse flamme, Je veux mes chers enfants d'un saint embrassement Vous honorant chercher un pareil mouvement:
Cieux, ie les apperçois, ie voy ie voy ma race, Dont le ſang innocent empourpre ceſte place, Pourquoy cruel deſtin animé contre nous Lances-tu ſur nos chefs tant de traicts de courroux?	Cieux, Seigneur les aperçois, je vo ie venir ma race, Dont le sang innocent empourpre cette place, Pourquoi cruel destin animé contre nous Lances-tu sur nos chefs tant de traits de courroux?
Et vous ſouuerain Dieu monarque d’Arcadie, A qui cent fois le iour mille vers ie dedie, Dont ie fais parfumer les autels embauſmez Par les oblations en ces lieux eſtimez, N’aurez vous point pitié du tourment qui m’oppreſſe?	Et vous souverain Dieu monarque d'Arcadie, À qui cent fois le jour mille vers ieclique, Dont grande fais parfumer les autels embaumez Par les oblations en ces lieux estimez, N'aurez -vous point pitié du tourment qui m'oppresse?
Las!	Las!
faites ſuppléer ma tremblante vicilleſſe.	faites suppléer ma tremblante vicillesse.
Au defaut de leur aage à leur temerité Bien fait que ie cognois n’auroir pas merité:	Au défaut de leur âge à leur témérité Bien fait que je connais n'aurait pas mérité:
Mais ce qui ſe delnie à leur inſuffiſance Concedez le du moins à voſtre alme clemence.	Mais ce qui se délie à leur insuffisance Concédez le du moins à votre âme clémence.
Mercure.	Mercure.
Ta priere entenduë en la voute celeſte, Ie viens pour mettre fin au dueil qui te moleſte:	Ta prière entendue en la vite celeste, Je viens pour mettre fin au deuil qui te moleste:
Voicy le Caducée en pouuoir nompareil, Dont le moindre toucher leur deſſillera l’œil:	Voici le Caducée en pouvoir nompareil, Dont le moindre toucher leur dessillera l'œil:
Contemples donc des Dieux i puiſſante merueille.	Contemples donc des Dieux y puissante merveille.
Le Sacrificateur.	Le Sacrificateur.
O miracle euident!	Ô miracle évident!
le voila qui s'eſueille:	le voilà qui s'éveille:
Sons Dieux ie ſaute d’aiſe en les voyant ainſi Retourner eſtonnes du Royaume noircir.	Sons Dieux Dieux saute d'aise en les voyant ainsi Retourner étonnes du Royaume noircir.
Floridon, Quel ſeiour me retient?	Floridon, Quel séjour me retient?
quelle eſtrange briſée Me fait ſi toſt quitter la campagne.	quelle étrange brisée Me fait si tôt quitter la campagne.
Eliſée?	Elisée?
Melidor.	Mélidor.
D’ou vient qu’encore vn coup, ô lumiere des cieux De tes rais iauniſſans tu deffile mes yeux?	D'ou vient qu'encore un coup, ô lumière des cieux De tes rais aunissants tu défile mes yeux?
Ne voy-ie Melidor?	Ne vois-je Melidor?
Caliante.	Caliante.
Melidor.	Mélidor.
Eſt-ce toy Caliante?	Est-ce toi Caliante?
Floridon, Ne voy-ie pas encor ſuruiure mon amante?	Floridon, Ne vois-je pas encor survivre mon amante?
Ftoriees Ie te reuoy cruel, & l’iniuſte deſtin Veut-il qu’encor ie ſerue à ton feũ de butin?	Ftoriees Je te revoi cruel, et l'injuste destin Veut-il qu'encor ie serve à ton feun de butin?
Mercure.	Mercure.
Appaiſez ces regrets que rien ne vous eſtonne, Oy ant ce que pour vous le iuſte ciel ordonne:	Apaisez ces regrets que rien ne vous étonne, Oi ant ce que pour vous le juste ciel ordonne:
oriee huuancez done, e voſtre Floridon Bleſſé pour vous au vif des traits de Cupidon, Acceptez auiourd’huy ſouz vn ſainct Hymnée, Tel eſt l’arreſt donné de voſtre deſtinée.	Oorie huancez donc, e vôtre Floridon Blessé pour vous au vif des traits de Cupidon, Acceptez aujourd'hui souz un saint Hymnée, Tel est l'arrêt donné de votre destinée.
Floridon.	Floridon.
Ie rends graces aux Dieux.	Je rends grâces aux Dieux.
Et moy pareihorient.	Et moi pareihorient.
Florice.	Florice.
Floridon.	Floridon.
Confirmons donc l’arreſt par vn embraſſement?	Confirmons donc l'arrêt par un embrassement?
Mercure.	Mercure.
Ainſi les imitant, Melidor & Florice, Ploporer cous de farre al'Amour ſacrifice.	Ainsi les imitant, Mélidor et Florice, Ploporer cous de sarre al'Amour sacrifice.
Iy ſuis tout diſpoſe.	Ii suis tout dispose.
Melidor.	Mélidor.
Caliante.	Caliante.
C’eſt tout mon ſeul deſir.	C'est tout mon seul désir.
Le Sacrificateur.	Le Sacrificateur.
Ie me ſens tout rauy & d’aiſe & de plaiſir.	Je me sens tout ravi et d'aise et de plaisir.
Melidor.	Mélidor.
Approche donc mon cœur, que le miel de ta bouche, M’aſſigne au doux plaiſir de la nopciere couche.	Approche donc mon cœur, que le miel de ta bouche, M'assigne au doux plaisir de la nopcière couche.
Le mercier.	Le mercier.
Que i’ay le ventre ſec, ie croy bien qu’au trauers L’Aſtrologue pourroit contempler les enfers:	Que j'ai le ventre sec, je crois bien qu'au travers L'Astrologue pourrait contempler les enfers:
Car depuis mon depart ie n’ay en nulle place Peu trouuer ſouz ma main de bonne ſoupe graſſe, C’eſt pourquoy detechef ie reuiens en ces lieux, Ou pour ne point ieuſner ie me ſuis trouué mieux:	Car depuis mon départ quelque n'ai en nulle place Peu trouver sous ma main de bonne soupe grasse, C'est pourquoi détechefautz reviens en ces lieux, Ou pour ne point jeûner Seigneur me suis trouvé mieux:
Et quoy?	Et quoi?
mon Floridon auſtix n’eſt allé boire Ie veux ſçauoir icy de fil en fil l’hiſtoire.	mon Floridon austix n'est allé boire Je veux savoir ici de fil en fil l'histoire.
Le Sacrificateur.	Le Sacrificateur.
Enfans puis quele Ciel benin a mes clameurs, Fait que pres de mourir encore ie ne meurs, Pour honorer encor voſtre feſte nopciere, Ie veux faire vn feſtin d’vne eſtrange maniere, Eſgorgez les moutons, & dedans les filets Allez prendre ſubtils les peu cauts oyſelets, Que l’vn dans moniardin d’vne coulde denchante Façonne par arceaux vne voute plaiſante, Pour à l’ombrage frais de ces feuillus rameaux, Noyer dedans le vin l’horreur de nos trauaux, Bergeres façonnez quelque laict my caillé, De roſes & d’œillets richement eſmaillé.	Enfai puis cèle Ciel bénin a mes clameurs, Fait que pres de mourir encore un ne meurs, Pour honorer encor vôtre fête nopcière, Je veux faire un festin d'une étrange manière, Égorgez les moutons, et dedans les filets Allez prendre subtils les peu cauts oiselets, Que l'un dans moniardin d'une coulde denchante Façonne par arceaux une voute plaisante, Pour à l'ombrage frais de ces feuillus rameaux, Noyer dedans le vin l'horreur de nos travaux, Bergères façonnez quelque laict m ouille, De re et œillets richement esmaillé.
Le mercier.	Le mercier.
Que ie ſuis bien venu pour mon ventre refaire:	Que ie suis bien venu pour mon ventre refaire:
2 Ores s’il me donnoient quelque grand four à faire Ie n’oublirois la gueulle, où te viens tu cacher?	2 Ores s'il me donnaient quelque grand four à faire Je n'oublirais la gueulle, où te viens tu cacher?
Il a mangé ſa ſouppe, ilen eſt à la chair.	Il a mangé sa soupe, il est à la chair.
Sacrificateur.	Sacrificateur.
Mais auant que partir, ie vous prie me dire Qui vous a ſecouru penuant voſtre martyre?	Mais avant que partir, je vous prie me dire Qui vous a secouru penuant votre martyre?
Floridon.	Floridon.
Ce fut le ſeul Mercier.	Ce fut le seul Mercier.
Et à vous.	Et à vous.
sacrificateur.	sacrificateur.
Le Mercier.	Le Mercier.
meudlor.	meudlor.
Et à vous.	Et à vous.
Sacrificateur.	Sacrificateur.
Le Mercier.	Le Mercier.
Florice.	Florice.
Sacrificateur.	Sacrificateur.
Le Mercier.	Le Mercier.
Caliante.	Caliante.
Le Mercier.	Le Mercier.
Au diable du Mercier, où te pourrois-tu mettre?	Au diable du Mercier, où te pourrais-tu mettre?
On te va enuoyer vn beau pacquet de lettre, C ij Si i’eſtois au pois entrelardé de gens, Ie penſerois auoir vn quartron de Serpens Tenant mon haut de chauſſe en guiſe d’eſguillettes Adieu ma mercerie, eſgrugeoirs, eſpouſſettes!	On te va envoyer un beau pacquet de lettre, Çrej à j'étais au pois entrelardé de gens, Je penserais avoir un quartron de Serpents Tenant mon haut de chausse en guise d'éguillettes Adieu ma mercerie, égrugeoirs, époussettes!
Helas, c’eſt faict de moy, ia ils m’ont ia conçeu De fuir promptement.	Hélas, c'est fait de moi, ia ils m'ont ja conçu De fuir promptement.
sacrificateur.	sacrificateur.
Mrals ditte en quene place, Pourroit on bien trouuer cette meſchante race?	Mrals ditte en quène place, Pourrait on bien trouver cette méchante race?
Mercier.	Mercier.
Hé!	Hé!
ce n’eſt pas icy, hà Dieux!	ce n'est pas ici, hà Dieux!
ie ſuis perdu, I’en ſeroisbien ioyeux.	Il suis perdu, J'en seraisbien joyeux.
Floridon.	Floridon.
le le voy ceine icinolc.	le le vois ceine iciinolc.
Saerificateur.	Saérificateur.
Sus, ſus, courez apres, allez y tous enſemble.	Sus, sus, courez après, allez y tous ensemble.
Floridon.	Floridon.
I’aduance ſur ce pas.	J'avance sur ce pas.
Moy ie le ſuy par cy.	Mo ie le suivi par cy.
neuider.	neuvider.
Et moy ie fuy par là.	Et moi ici fuis par là.
Mercier.	Mercier.
Ie ſuis las.	Je suis las.
Ploridon.	Ploridon.
Moy auſſi.	Moi aussi.
Melider.	Mélider.
Floridon.	Floridon.
Sus doncques retournons, auec la diligence Nous n’auons peu l’auoir.	Sus donc retournons, avec la diligence Nous n'avons peu l'avoir.
Cumenyurengeuncur	Cumenivrengeuncur
Iu en auras menty.	Ju en auras menti.
Mercier.	Mercier.
Sacrificateur.	Sacrificateur.
Quel vergongne ô cieux De me voir gourmander de ce pernicieux?	Quel vergongne ô cieux De me voir gourmander de ce pernicieux?
Mercure.	Mercure.
Qu'vn ſi foible ſubiet ne prouocque voſtre ire, Qu'vn ſi foible ſubiet voſtre ame ne martyre:	Qu'un si faible sujet ne provocque votre ire, Qu'un si faible sujet votre âme ne martyre:
Songez tant ſeulement aux nopciers appareils, Aux dances, aux feſtins, & qu’ils ſoient nompareils;	Songez tant seulement aux nopciers appareils, Aux dances, aux festins, et qu'ils soient nompareils;
Voila ce qui vous doit ſoucier à ceſte heure, Sans brouiller le plaiſir que coriour ous bien-heure.	Voilà ce qui vous doit soucier à cette heure, Sans brouiller le plaisir que corjour ous bienheure.
Florice.	Florice.
Ha queſt-ce que ie ſens?	Ha quest-ce que ici sens?
de peur le cœur me fend.	de peur le cœur me fend.
Mercier.	Mercier.
Pardonnez ie vous prie à ce chetif enfant Qui ne fait que de naiſtre.	Pardonnez -je vous prie à ce chétif enfant Qui ne fait que de naître.
O ame deteſtable, Sacrificateur.	Ô âme détestable, Sacrificateur.
Ie payeray ton forfaict d’vn tourment équitable;	Je payerai ton forfait d'être tourment équitable;
Non ne le tuez pas, car ie veux de ce fer Enuoyer ſon eſprit dans le palus d’enfer.	Non ne le tuez pas, car ainsi veux de ce fer Envoyer son esprit dans le palus d'enfer.
Le Mercier.	Le Mercier.
Hla Meſſieurs les Bergers, ie ſçay que mon offence Fait qu’ores ie merite vne bonne potence:	Hla Messieurs les Bergers, notre sais que mon offense Fait qu'ores te mérite quelque bonne potence:
Mais ma foy d’vn bon cœur ie vous en faits preſent, Promettant que iamais ie n’en prendray d’argent.	Mais ma foi d'être bon cœur je vous en faits présent, Promettant que jamais été n'en prendrai d'argent.
Mercure.	Mercure.
Le Ciel vous pardonnant, ie veux qu’on luy pardonne.	Le Ciel vous pardonnant, ie veux qu'on lui pardonne.
Tous.	Tous.
Tous, nous le conſentons, puiſque le Ciel l’ordonne.	Tous, nous le consentons, puisque le Ciel l'ordonne.
Mercier.	Mercier.
Vous me donnez donc?	Vous me donnez donc?
Tous.	Tous.
Nous l’entendons ainſi.	Nous l'entendons ainsi.
Mercier.	Mercier.
Et moy gentils Bergers, ie vous pardonne auſſi.	Et moi gentils Bergers, je vous pardonne aussi.
Mercure.	Mercure.
Susamans ſuiuez moy au temple de Cyprine, Pour offrir ſur l’autel de ſa beauté diuine, Vos cœurs flambans d’amour, afin qu’vn ſainct Hymen, Les ioigne bien-heureux d’vn eternel lien.	Susamants suivez moi au temple de Cyprine, Pour offrir sur l'autel de sa beauté divine, Vos cœurs flambants d'amour, afin qu'un saint Hymen, Les joigne bienheureux d' eternel lien.
Fiurvaoſte Sus, ſus allons ma belle embraſez de ſa flamme Offrir à ſa bonté & nos vœux & noſtre ame.	Fiurvaoste Sus, sus allons ma belle embrasés de sa flamme Offrir à sa bonté et nos vœux et notre âme.
Mercier.	Mercier.
Et moy ores ie vay fort bien ſacrifier Mon ventre à la cuiſine, ou pluſtoſt dedier La cuiſine à mon ventre ou en tournant la broche Aucun ne me voyant auec ma main croche Ie vous attrapperay quelque petit lardon Beaucoup plus ſauoureux qu’vn trait de Cupidon:	Et moi ores avoir vay fort bien sacrifier Mon ventre à la cuisine, ou plutôt dédier La cuisine à mon ventre ou en tournant la broche Aucun ne me voyant avec ma main croche Je vous attraperai quelque petit lardon Beaucoup plus savoureux qu'un trait de Cupidon:
Ie feray pour la nopce vne fauce gentille, Où la langue ſera d’vn pleurard Cocodrille, Les entrailles d’vn zeſt, la mouelle d’vn landier, Le troupion d’vn pot, le ſang d’vn chandelier, Le plumage d’vn veau, les aiſlerons d’vn bœuf, La prudence d’vn cul, les arreſte d'vn œuf, La qualité d’vn rien tout lardé d’Aſtrologues Que ie fricaſſeray auec dix milles drogues:	Je ferai pour la nopce une fauce gentille, Où la langue sera d'un pleurard Cocodrille, Les entrailles d'ils zest, la mouelle d' landier, Le troupion d'un pot, le sang d'un chandelier, Le plumage d'un veau, les ailôlerons d'un bœuf, La prudence d'un cul, les arrête d'un œuf, La qualité d'un rien tout lardé d'Astrologues Que femme fricasserai avec dix milles drogues:
Fricaſſez i’en feray quelque bon conſommé, Dont ſi quelqu’vn de vous l’a quelquefois aymé, ( u’il tarde vn peu icy, qu’il tienne ſes mains nettes, Qu’il nettoye ſa mouſtache auec des ſeruiettes:	Fricassez j'en ferai quelque bon consommé, Dont si quelqu'un de vous l'a quelquefois a, ( il tarde peu , il tienne ses m nettes, il nettoye sa moustache auec des (:
Car il n’en aura poine rhous autres finiſſant Tous nous vous lairrons là, pour vous prendre en paſſant.	Car il n'en aura poine rhous autres finissant Tous nous vous lairrons là, pour vous prendre en passant.
Fricaſſez i’en feray quelque bon conſommé, Dont ſi quelqu’vn de vous l’a quelquefois aymé, ( u’il tarde vn peu icy, qu’il tienne ſes mains nettes, Qu’il nettoye ſa mouſtache auec des ſeruiettes:	Fricassez j'en ferai quelque bon consommé, Dont si quelqu'un de vous l'a quelquefois a, ( il tarde peu , il tienne ses m nettes, il nettoye sa moustache auec des (:
Car il n’en aura poine rhous autres finiſſant Tous nous vous lairrons là, pour vous prendre en paſſant.	Car il n'en aura poine rhous autres finissant Tous nous vous lairrons là, pour vous prendre en passant.
