HGTTURS.	HGTURS.
MOLIERE, Marquis ridicule.	MOLIÈRE, Marquis ridicule.
BRECOuRT, homme de qualité.	BRECOuRT, homme de qualité.
DE LA GRANGE, Marquis ridicule.	DE LA GRANGE, Marquis ridicule.
Du CROISY, Poëte.	Du CROISY, Poète.
LA TORILIERE, Marquis fâcheux.	LA TORILIÈRE, Marquis fâcheux.
La Scene eſt à Verſailles dans la Salle de la Comedie.	La Scène est à Versailles dans la Salle de la Comédie.
L’IMPROMPTU DE VERSAILLES.	L'IMPROMPTU DE VERSAILLES.
COMEDIL.	COMEDIL.
ACTE PREMIER.	ACTE PREMIER.
SCENE PREMIERE.	SCÈNE PREMIÈRE.
MOLIERE, BRECOURT,LA GRANGE, DU CROISY, Mademoiſelle DU PARC, Mademoiſelle BEJART, Mademoiſelle DE BRIE, Mademoiſelle MOLIERE, Mademoiſelle DU CROISY, Mademoiſelle HERVE'.	MOLIÈRE, BRECOURT,LA GRANGE, DU CROISY, Mademoiselle DU PARC, Mademoiselle BEART, Mademoiselle DE BRIE, Mademoiselle MOLIÈRE, Mademoiselle DU CROISY, Mademoiselle HÉRVE.
4 AS.	4 AS.
MOLIERE.	MOLIÈRE.
LLONS donc, Meſſieurs & Meſdames, vous mocquez-vous avec voſtre longueur & ne voulez vous des Gens;	LLONS donc, Messieurs et Mesdames, vous moquez-vous avec votre longueur et ne voulez -vous des Gens;
hola lio, Monſieur de	hola lio, Monsieur de
Quoy!	Quoi!
BRECOURT.	BRECOURT.
MOLIERE.	MOLIÈRE.
Monſieur de la Grange.	Monsieur de la Grange.
L 2	 2
LA GRANGE.	LA GRANGE.
Queſt ce;	Quest ce;
MOLIERE.	MOLIÈRE.
Monſieur du Croiſy.	Monsieur du Croisy.
Plaiſt il?	Plaît -il?
Du CROISY.	Du CROISY.
MOLIERE.	MOLIÈRE.
Mademoiſelle du Parc.	Mademoiselle du Parc.
Mauemonene Du PARC.	Mauemonene Du PARC.
Hé bien?	Hé bien?
MOLLERE.	MOLLÈRE.
Mademoiſelle Bejart.	Mademoiselle Béjart.
Mademoiſelle BEJART.	Mademoiselle BEJART.
duy a ell.	dui a elle.
MOLIERE.	MOLIÈRE.
Mademoiſelle de Bric.	Mademoiselle de Bric.
Mademoiſelle DE BRIE.	Mademoiselle DE BRIE.
Que veur on?	Que veur on?
MOLIERE.	MOLIÈRE.
Mademoiſelle du Croiſy.	Mademoiselle du Croisy.
Maucmonne Da CROISY.	Mauconne Da CROISY.
Qu’eſt ce que c’eſt?	Qu'est ce que c'est?
MOLIERE.	MOLIÈRE.
Mademoiſelle Hervé.	Mademoiselle Hervé.
Mademoiſelle HERVE’.	Mademoiselle HÉRVE.
On y va.	On y va.
MOLIERE.	MOLIÈRE.
Je croy que je deviendray fou avec tous ces gens cy.	Je crois que je deviendrai fou avec tous ces gens cy.
Eh!	Eh!
teſtebleu, Meſſieurs, me voulezvous faire enrager aujourd’huy.	têtebleu, Messieurs, me voulezvous faire enrager aujourd'hui.
RECOURT.	RECOURT.
que vouien rous qu’on faſſe, nous ne ſçavons pas nos rôles, & c’eſt nous faire enrager vous meſme, que de nous obliger à joüer de la ſorte.	que vouien rous qu'on fasse, nous ne savons pas nos rôles, et c'est nous faire enrager vous -même, que de nous obliger à jouer de la sorte.
MOLIERE.	MOLIÈRE.
Ah !	Ah !
les étranges animaux à conduire que des Comediens.	les étranges animaux à conduire que des Comédiens.
Mademoiſelle BEJART.	Mademoiselle BEJART.
Et bien nous voilà, que pretendez vous faire?	Et bien nous voilà, que prétendez vous faire?
Ma	Ma
Mademoiſelle DU PARC.	Mademoiselle DU PARC.
Quelle eſt voître penſée :	Quelle est voître pensée :
Mademoiſelle DE BRTE.	Mademoiselle DE BRTE.
Dequoy eſt il queſtion?	Dequoy est -il question?
MOLIERE.	MOLIÈRE.
De grace mettons nous icy, & puiſque nous voilà tous habillez, & que le Roy ne doit venir de deux heures, employons ce temps à repeter noſtre afaire, & voir la maſiere dont il faut jouër les choſes.	De grâce mettons nous ici, et puisque nous voilà tous habillez, et que le Roi ne doit venir de deux heures, employons ce temps à répéter notre alaire, et voir la masière dont il faut jouer les choses.
LA GRANGE.	LA GRANGE.
Le moyen de jouër ce qu’on ne ſçait pas?	Le moyen de jouer ce qu'on ne sait pas?
Aiudeuronen D d la d es Pour moy je vous déclare que je ne me ſouviens pas d’un mot de mon Perſonnage.	Aiudeuronen DEN d ès d ès Pour moi je vous déclare que je ne me souviens pas d'un mot de mon Personnage.
Mademoiſelle DE BRIE.	Mademoiselle DE BRIE.
Je ſçay bien qu’il me faudra ſoufler le miens a ui bout à l’autre.	Je sais bien qu'il me faudra souffler le miens a ui bout à l'autre.
Mademoiſelle BE JART.	Mademoiselle BE JART.
Et moy je me prepare fort à tenir mon rôle à la main.	Et moi je me prépare fort à tenir mon rôle à la main.
muuemoiſelle Du CROISY.	muemoiselle Du CROISY.
Ny moy non plus, mais avec cela je ne répondrois pas de ne point manquer.	Ni moi non plus, mais avec cela je ne répondrais pas de ne point manquer.
DACROISY.	DACROISY.
j’en voudrois eſtre quitte pour dix piſtoles.	j'en voudrais être quitte pour dix pistoles.
BRECOURT.	BRECOURT.
Et moy pour vinge cons coups de louet, je vous aſſure.	Et moi pour vinge cons coups de louet, je vous assure.
MOLIERE.	MOLIÈRE.
Vous voil à tous bien malades d’avoir un méchant rôle à joüer, & que feriez-vous donc di vous eſtiez en ma place?	Vous voilà à tous bien malades d'avoir un méchant rôle à jouer, et que feriez-vous donc vous étiez en ma place?
Mademoiſelle BEJART.	Mademoiselle BEJART.
Qui vous!	Qui vous!
vous n’eſtes pas à plaindre, car L 3.	vous n'êtes pas à plaindre, car L 3.
ayantayant fait la Piece vous n’avez pas peur d’y manquer.	ayantayant fait la Pièce vous n'avez pas peur d'y manquer.
MOLIERE.	MOLIÈRE.
Et n’ay je à craindre que le manquement de memoire, ne contez vous pour rien l’inquietude d’un ſuccés qui ne regarde que moy ſeul?	Et n'ai je à craindre que le manquement de mémoire, ne contez -vous pour rien l'inquiétude d'un succès qui ne regarde que moi seul?
& penſez vous que ce ſoit une petite affaire, que d’expoſer quelque choſe de Comique devant une aſſemblée comme celle-cy?	et pensez vous que ce soit une petite affaire, que d'exposer quelque chose de Comique devant une assemblée comme celle-cy?
Que d’entreprendre de faire rire des perſonnes qui nous impriment le reſpect & ne rient que quand ils veulent.	Que d'entreprendre de faire rire des personnes qui nous impriment le respect et ne rient que quand ils veulent.
Eſtil Autheur qui ne doive trembler, lors qu’il en vient à cette epretite:	Estil Auteur qui ne doive trembler, lors qu'il en vient à cette épretite:
ce neſt ce pas a moy de dire que je voudrois en eſtre quitte poûr toutes les choſes du monde?	ce nest ce pas a moi de dire que je voudrais en être quitte pourr toutes les choses du monde?
Mademoiſelle BEJART.	Mademoiselle BEJART.
Si cela vous failoit trembler, vous prendriez mieux vos precautions, & n’auriez pas entrepris en huit jours ce que vous avez fait.	Si cela vous failait trembler, vous prendriez mieux vos précautions, et n'auriez pas entrepris en huit jours ce que vous avez fait.
MOLIERE.	MOLIÈRE.
Le moyen de m’en défendre quand un Roy me l’a commandé.	Le moyen de m'en défendre quand un Roi me l'a commandé.
Mademoiſelle BEJART.	Mademoiselle BEJART.
Le moyen!	Le moyen!
une reſpectueuſe excuſe fondée ſur l’impoſfibilité de la choſe dans le peu de temps qu’on vous donne, & tout autre en vôtle piaee menageroit iieua la ieputation, & ſe ſeroit bien gardé de ſe commettre comme vous faites.	une respectueuse excuse fondée sur l'impossibilité de la chose dans le peu de temps qu'on vous donne, et tout autre en vôtle piace ménagerait jieua la ieputation, et se serait bien gardé de se commettre comme vous faites.
Où en ſerez-vous je vous prie, ſi l’affaire reuſſit mal?	Où en serez-vous je vous prie, si l'affaire reussit mal?
& quel avantage penſez vous qu’en prendront tous vos ennemis?	et quel avantage pensez -vous qu'en prendront tous vos ennemis?
Mademoiſelle DE BRIE.	Mademoiselle DE BRIE.
En effet il faloit s’excuſer avec reſpect envers le Roy, ou demander du temps davantage.	En effet il fallait s'excuser avec respect envers le Roi, ou demander du temps davantage.
MOLIERE.	MOLIÈRE.
Mon Dieu, Mademoiſelle, les Roys n’ayment rien tant qu’une prompte obeïſſance, & ne ſe plaiſent point du tout a trouver des obſtacles.	Mon Dieu, Mademoiselle, les Rois n'aiment rien tant qu'une prompte obéissance, et ne se plaisent point du tout à trouver des obstacles.
Les choſes ne ſont bonnes que dans le temps qu’ils qu’ils les ſoûhaitent;	Les choses ne sont bonnes que dans le temps qu'ils qu'ils les souhaitent;
& leur en vouloir reculer le divertiſſement eſt en oſter pour eux toute la grace.	et leur en vouloir reculer le divertissement est en ôter pour eux toute la grâce.
Ils veulent des plaiſirs qui ne ſe faſſent point attendre, & les moins preparez leur ſont toûjours les plus agreables;	Ils veulent des plaisirs qui ne se fassent point attendre, et les moins préparés leur sont toujours les plus agréables;
nous ne devons jamais nous regarder dans ce qu’ils deſirent de nous, nous ne ſommes que pour leur plaire;	nous ne devons jamais nous regarder dans ce qu'ils désirent de nous, nous ne sommes que pour leur plaire;
& lors qu’ils nous ordonnent quelque choſe, c’eſt à nous à profiter viſte de l’envie où ils ſont.	et lors qu'ils nous ordonnent quelque chose, c'est à nous à profiter vite de l'envie où ils sont.
Il vaut mieux s’acquitter mal de ce qu’ils nous demandent, que de ne s’en acquiter pas aſſez-toſt;	Il vaut mieux s'acquitter mal de ce qu'ils nous demandent, que de ne s'en acquiter pas assez-tôt;
& ſi l’on a la honte de n’avoir pas bien reüſſi, on a toûjours la gloire d’avoir obeï viſte à leurs commandemens.	et si l'on a la honte de n'avoir pas bien réussi, on a toujours la gloire d'avoir obéir vite à leurs commandements.
Mais ſongeons à repeter s’il vous plaiſt.	Mais songeons à répéter s'il vous plaît.
Aiauemoitne bEj Aſ r.	Aiauemoitne bÉjà As r.
Comment pretendez vous que nous faſſions, ſi nous ne ſçavons pas nos rôles?	Comment prétendez -vous que nous fassions, si nous ne savons pas nos rôles?
MOLIERE.	MOLIÈRE.
Vous les ſçaurez, vous dy-je & quand même vous ne les ſçauriez pas tout-à-fait, pouvezvous pas y ſupléer de voſtre eſprit, puiſque c’eſt de la rroie, & que vous lçavez volre fjet;	Vous les saurez, vous dis-je et quand même vous ne les sauriez pas tout-à-fait, pouvezvous pas y supléer de votre esprit, puisque c'est de la roye, et que vous lçavez volre fjet;
Mademoiſelle BE LART.	Mademoiselle BE LART.
Je ſuis voſtre Servante, la Proſe eſt pis encore que les Vers.	Je suis votre Servante, la Prose est pis encore que les Vers.
Mademoiſelle MOLIERE.	Mademoiselle MOLIÈRE.
Voulez vous que je vous diſe, vous deviez faire une Comedie où vous auriez joüé tout ſeul.	Voulez -vous que je vous dise, vous deviez faire une Comédie où vous auriez joué tout seul.
MOLIERE.	MOLIÈRE.
I'ailez-vous, ma Femme, vous eſtes unebeſte.	J'ailé-vous, ma Femme, vous êtes unebête.
Mademoiſelle MOLIERR.	Mademoiselle MOLIÈRRR.
Grand mercy Monſieur mon Mary, voilà ce que c’eſt, le Mariage change bien les gens, & vous ne m’auriez pas dit cela il y a dix huit mois.	Grand merci Monsieur mon Mari, voilà ce que c'est, le Mariage change bien les gens, et vous ne m'auriez pas dit cela il y a dix huit mois.
MOLIERE.	MOLIÈRE.
Taiſez vous, je vous prie.	Taisez -vous, je vous prie.
Mademoiſelle MO LIERE.	Mademoiselle MO LIÈRE.
C’eſt une choſe étrange, qu’une petite ceremonie ſoit capable de nous oſter toutes nos belles qualitez, & qu’un Mary, & un Galand regardent la iiieime penonne avet des yeux ſi differens.	C'est une chose étrange, qu'une petite cérémonie soit capable de nous ôter toutes nos belles qualités, et qu'un Mari, et un Galant regardent la iiieime pénonne au des yeux si différents.
MOLIERE.	MOLIÈRE.
Que de diſcours.	Que de discours.
Mademoiſelle MOLIERE.	Mademoiselle MOLIÈRE.
Ma foy, ſi je faiſois une Comedie, je la ferois ſur ce ſujet, je juſtifierois les Femmes de bien de choſes dont on les accuſe, & je ferois crainule aux Maris la différence qu’il y a de leurs manieres bruſques, aux civilitez des Galans.	Ma foi, si je faisais une Comédie, je la ferais sur ce sujet, je justifierais les Femmes de bien de choses dont on les accuse, et je ferais crainule aux Maris la différence qu'il y a de leurs manières brusques, aux civilités des Galants.
MOLIERE.	MOLIÈRE.
Ahy, laiſſons cela, il n’eſt pas queſtion de cauſer maintenant, nous avons autre choſe à faire.	Ahi, laissons cela, il n'est pas question de causer maintenant, nous avons autre chose à faire.
Mademoiſelle BEJART.	Mademoiselle BEJART.
Mais puiſqu’on vous a commandé de travailler ſur le ſujet de la Critique qu’on a faite contre vous, que n’avez-vous fait cette Comedie des Comediens, dont vous nous avez parle il y a longtemps, c’eſtoit une affaire toute trouvée, & qui venoit fort bien à la choſe, & d’autant mieux, qu’ayant entrepris de vous peindre, ils vous ouvroient l’occaſion de les peindre auſſi, & que cela auroit pû s’appeller leur portrait, à bien plus juſte titre que tout ce qu’ils ont fait ne peut eſtre appellé le voſtre;	Mais puisqu'on vous a commandé de travailler sur le sujet de la Critique qu'on a faite contre vous, que n'avez-vous fait cette Comédie des Comédients, dont vous nous avez parle il y a longtemps, c'était une affaire toute trouvée, et qui venait fort bien à la chose, et d'autant mieux, qu'ayant entrepris de vous peindre, ils vous ouvraient l'occasion de les peindre aussi, et que cela aurait pu s'appeler leur portrait, à bien plus juste titre que tout ce qu'ils ont fait ne peut être appellé le vôtre;
car vouloir contrefaire un Comedien dans un rôle Comique, ce n’eſt pas le peindre luy-meſme, c’eſt peindre d’aprés luy les Perſonnages qu’il repreſente, & ſe ſervir des meſmes traits & des meſmes couleurs, qu’il eſt obligé d’employer aux differens tableaux des caracteres ridicules, qu’il imite d’aprés nature.	car vouloir contrefaire un Comédien dans un rôle Comique, ce n'est pas le peindre quelque-même, c'est peindre d'après il les Personnages qu'il représente, et se servir des mêmes traits et des mêmes couleurs, qu'il est obligé d'employer aux differens tableaux des caractères ridicules, qu'il imite d'après nature.
Mais contre-faire un Comedien dans des rôles ſerieux, c’eſt le peindre par des deſauts qui ſont entierement de luy, puiſque ces ſortes de Perſonnages ne veulent, ny les geſtes, ny les tons de voix ridicules, dans leſquels on le reconnoiſt.	Mais contrefaire un Comédien dans des rôles sérieux, c'est le peindre par des désauts qui sont entièrement de grand, puisque ces sortes de Personnages ne veulent, ni les gestes, ni les tons de voix ridicules, dans lesquels on le reconnaît.
MOLIERE.	MOLIÈRE.
Il eſt vray, mais j’ay mes raiſons pour ne le pas faire, & je n’ay pas crû entre nous que la choſe en valuſt la peine, & puis il faloit plus;	Il est vrai, mais j'ai mes raisons pour ne le pas faire, et je n'ai pas crû entre nous que la chose en valût la peine, et puis il fallait plus;
de de temps pour executer cette idée.	de de temps pour exécuter cette idée.
Comme leurs jours de Comedies ſont les meſmes que les noſtres, à peine ay-je eſté les voir, que trois ou quatre fois depuis que nous ſommes à Paris, je n’ay attrappé de leur maniere de reciter, que ce qui m’a d’abord ſauté aux yeux, & jaulons eu oeiom de les etuurer davantage pour faire des portraits bien reſemblans.	Comme leurs jours de Comédies sont les mêmes que les nôtres, à peine ai-je été les voir, que trois ou quatre fois depuis que nous sommes à Paris, je n'ai attrapé de leur manière de réciter, que ce qui m'a bord sauté aux yeux, et jaulons eu ojom de les éturer davantage pour faire des portraits bien résemblants.
Mademoiſelle Du PARC.	Mademoiselle Du PARC.
Pour moy j’en ai reconnu quelques uns dans voſtre bouche.	Pour moi j'en ai reconnu quelques uns dans votre bouche.
Mademoiſelle DE BRIE.	Mademoiselle DE BRIE.
Je n’ay jamais oüy parler de cela.	Je n'ai jamais ouï parler de cela.
MOLIERE.	MOLIÈRE.
Cenuneldée quim’avoit pailee une tois par la teſte, & que j’ay laiſſee là comme une bagatelle, une badinerie, qui peut eſtre n’auroit point fait rire.	Cenuneldée quim'avait pailée une tois par la tête, et que j'ai laisse là comme une bagatelle, une badinerie, qui peut être n'aurait point fait rire.
Mademoiſelle DE BRIE.	Mademoiselle DE BRIE.
Dites la moy un peu, puir jue tous l’avez dite aux autres.	Dites la moi un peu, puir jue tous l'avez dite aux autres.
MOLIERE.	MOLIÈRE.
Nous n’avons pas le temps maintenant.	Nous n'avons pas le temps maintenant.
Mademoiſelle DE BRIE.	Mademoiselle DE BRIE.
Seulement deux mots.	Seulement deux mots.
MOLIERE.	MOLIÈRE.
J'avois ſongé à une Comedie, où il y auroit eu un Poëte que j’aurois repreſenté moy-meſme, qui ſeroit venu pour offrir une piece à une Trouppe de Comediens nouvellement arrivez de la campagne.	J'avais songé à une Comédie, où il y aurait eu un Poète que j'aurais représenté moi-même, qui serait venu pour offrir une pièce à une Troupe de Comédients nouvellement arrivez de la campagne.
Avez-vous, auroit-il dit, des Acteurs & des Actrices, qui ſoyent capables de bien faire valoir un Ouvrage, car ma piece eſt unepiece.	Avez-vous, aurait-il dit, des Acteurs et des Actrices, qui soient capables de bien faire valoir un Ouvrage, car ma pièce est unepiece.
Eh ?	Eh ?
Monſieur, auroient repondu les Comediens, nous avons des Hommes & des Femmes qui ont eſté trouvé raiſonnables par tout où nous avons paſſé.	Monsieur, auraient répondu les Comédients, nous avons des Hommes et des Femmes qui ont été trouvé raisonnables par tout où nous avons passé.
Et qui fait les Roys parmy vous?	Et qui fait les Rois parmi vous?
voilà un Acteur qui s’en démeſle parfois Qui !	voilà un Acteur qui s'en démêle parfois Qui !
ce jeune Homme bien-fait?	ce jeune Homme bienfait?
vous mocquez vous?	vous moquez -vous?
Il faut un Roy qui ſoit gros & gras comme quatre.	Il faut un Roi qui soit gros et gras comme quatre.
Uu	Uu
Roy, morbleu, qui ſoit entripaillé comme il faut?	Roi, morbleu, qui soit entripaillé comme il faut?
un Roy d’une vaſte circonference, & qui puiſſe remplir un Throſne de la belle maniere!	un Roi d'une vaste circonférence, et qui puisse remplir un Thrône de la belle manière!
La belle choſe qu’un Roy d’une taille galante!	La belle chose qu'un Roi d'une taille galante!
Voilà déja un grand defaut;	Voilà déjà un grand défaut;
mais que je l’entende un peu reciter une douzaine de Vers.	mais que je l'entende un peu réciter une douzaine de Vers.
La deſſus le Comedien auroit ſeeite, par enempie, queiques Vers du Roy de Nicomede, Le plus naturellement qui luy auroit eſté poſſible.	La dessus le Comédien aurait séite, par enempie, queiques Vers du Roi de Nicomède, Le plus naturellement qui lui aurait été possible.
Et le Poëte:	Et le Poète:
comment vous appellez cela reciter?	comment vous appelez cela réciter?
c’eſt ſe railler;	c'est se railler;
il faut dire les choſes avec emphaſe.	il faut dire les choses avec emphase.
Ecoutez moy, Te le diray-je, Araſpe.	Écoutez -moi, Te le dirai-je, Araspe.
&c.	etc.
Imitant Monfleury excellent Acteur de l’Hoſtel de Bourgogne.	Imitant Monfleuri excellent Acteur de l'Hôtel de Bourgogne.
Voyez-vous cette poſture?	Voyez-vous cette posture?
remarquez bien cela;	remarquez bien cela;
là appuyer comme il faut le dernier Vers.	là appuyer comme il faut le dernier Vers.
Voilà ce qui attire l’approbation, & ſait faire le brouhaha.	Voilà ce qui attire l'approbation, et sait faire le brouhaha.
Mais Monſieur, auroit répondu le Comedien, il me ſemble qu’un Roy qui s’entretient tout ſeul avec ſon Capitaine des Gardes, parle un peu plus humainement, & ne prend gueres ce ton de demoniaque.	Mais Monsieur, aurait répondu le Comédien, il me semble qu'un Roi qui s'entretient tout seul avec son Capitaine des Gardes, parle un peu plus humainement, et ne prend guère ce ton de démoniaque.
Vous ne ſçavez ce que c’eſt.	Vous ne savez ce que c'est.
Allez vous en reciter comme vous faites, vous verrez ſi vous.	Allez -vous en réciter comme vous faites, vous verrez si vous.
ferez faire aucun ah!	ferez faire aucun ah!
Voyons un peu une Scene d’Amant de d’Amnante.	Voyons un peu une Scène d'Amant de d'Amnante.
La-denus unc Comedienne & un Comedien auroient fait une Scene euſemble, qui eſt celle de Camille & Curiace.	La-denus un Comédienne et un Comédien auraient fait une Scène eusemble, qui est celle de Camille et Curiace.
Iras tu, ma chere ame, & ce funeſte honneur, Te plaiſt il aux dépens de tout noſtre bon-heur?	Iras tu, ma chère âme, et ce funeste honneur, Te plaît -il aux dépens de tout notre bonheur?
Te le diray-je Araſpe, il m’a trop bien ſervy, Augmentant mon pouvoir.	Te le dirai-je Araspe, il m'a trop bien servi, Augment mon pouvoir.
Helas!	Hélas!
je voy tropbien.	je vois tropbien.
&c.	etc.
Tout de meſme que l’autre, & le plus naturellemeut qu’ils auroient pû.	Tout de même que l'autre, et le plus naturellemut qu'ils auraient pu.
Et le Poëte auſſi-toſt:	Et le Poète aussitôt:
vous vous mocquez, vous ne faites rien qui vaille:	vous vous moquez, vous ne faites rien qui vaille:
& voicy comme il faut reciter cela,	et voici comme il faut réciter cela,
Iras tu, ma chere ame.	Iras -tu, ma chère âme.
&c.	etc.
Non je te connois mieux, &c.	Non je te connais mieux, etc.
ImiImitant Mademoiſelle Beauchaſteau, Comedienne de l'hoſtel de Bourgogne.	ImiImitant Mademoiselle Beauchâteau, Comédienne de l'hôtel de Bourgogne.
Voyez-vous comme cela eſt naturel & paſſionné?	Voyez-vous comme cela est naturel et passionné?
admirez ce viſage riant qu’elle conſerve dans les plus grandes afflictions.	admirez ce visage riant qu'elle conserve dans les plus grandes afflictions.
Enſin voilà l’idée, & il auront parcoumn de memme touo res meteuis, & toutes les Actrices.	Ensin voilà l'idée, et il auront parcoumn de même touo rés méteuis, et toutes les Actrices.
Mademoiſelle DE BRIE.	Mademoiselle DE BRIE.
je trouve cette idée aſſez plailante, & j’en ay reconnû là dés le premier Vers:	je trouve cette idée assez plailante, et j'en ai reconnu là dès le premier Vers:
continuez je vous prie.	continuez je vous prie.
MOLIERE imitant Beauchaſteau auſſi Comedien, dans les Stances du Cid.	MOLIÈRE imitant Beauchâteau aussi Comédien, dans les Stances du Cid.
Percé juſques au fond du cœur, &c.	Percé jusque au fond du cœur, etc.
Et celuy-cy le reconnoiſtrez-vous bien, dans Tompée de Sertorius, Imitant Hauteroche auſſi Comedien.	Et celui-cy le reconnaîtrez-vous bien, dans Tompée de Sertorius, Imitant Hauteroche aussi Comédien.
L’inimitié qui regne entre les deux partis, N’y rend pas de l’henneur.	L'inimitié qui règne entre les deux partis, N'y rend pas de l'henneur.
&c.	etc.
Mademoiſelle DE BRIE.	Mademoiselle DE BRIE.
Je le reconnois un peu je penſe.	Je le reconnais un peu je pense.
Et celuy-cy.	Et celui-cy.
MOLIERE.	MOLIÈRE.
Seigneur, Polibe eſt mort.	Seigneur, Polibe est mort.
&c.	etc.
Imitant De Villiers auſſi Comedien.	Imitant De Villiers aussi Comédien.
Mademoiſelle DE BRIE.	Mademoiselle DE BRIE.
Oüy, je ſçay qui c’eſt, mais il y en a quelques- uns d’entre eux, je croy, que vous auriez peine à contrefaire.	Oui, je sais qui c'est, mais il y en a quelques- uns d'entre eux, je crois, que vous auriez peine à contrefaire.
MOLIERE.	MOLIÈRE.
Mon Dieu, il n’y en a point qu’on ne puſt attrapper par quelque endroit ſi je les avois bien étudiez;	Mon Dieu, il n'y en a point qu'on ne pût attraper par quelque endroit si je les avais bien étudiez;
mais vous me faites perdre un temps qui nous eſt cher.	mais vous me faites perdre un temps qui nous est cher.
Songeons à nous, de grace, & ne nous amufons point davantage à diſcourir;	Songeons à nous, de grâce, et ne nous amusons point davantage à discourir;
vous, prenez garde a bien repreſenter avec moy voſtre rôle de Marquis.	vous, prenez garde a bien représenter avec moi votre rôle de Marquis.
Parlant à de la Grange.	Parlant à de la Grange.
Mademoiſelle MOLIERE.	Mademoiselle MOLIÈRE.
Toûjeurs des Marquis.	Toujeurs des Marquis.
M o	M ô
MOLIERE.	MOLIÈRE.
Oüy, toûjours des Marquis, que diable voulezvous qu’on prenne pour un caractere agreable de Theatre;	Oui, toujours des Marquis, que diable voulezvous qu'on prenne pour un caractère agréable de Théâtre;
le Marquis aujourd’huy eſt le plaiſant de la Comedie.	le Marquis aujourd'hui est le plaisant de la Comédie.
Et comme dans toutes les Comedies anciennes on voit toûjours un Valet boufon qui fait rire les Auditeurs, de meſme dans toutes nos pieces de ihaintenant, il’iaut toûjours un Marquis ridicule qui divertiſſe la compagnie.	Et comme dans toutes les Comédies anciennes on voit toujours un Valet boufon qui fait rire les Auditeurs, de même dans toutes nos pièces de ihaintenant, il'iaut toujours un Marquis ridicule qui divertisse la compagnie.
Mademoiſelle BEJART.	Mademoiselle BEJART.
Il eſt vray, on ne s’en ſçauroit paſſer.	Il est vrai, on ne s'en saurait passer.
MOLIERE.	MOLIÈRE.
Pour vous, Mademoiſelle.	Pour vous, Mademoiselle.
Mademoiſelle D u PARC.	Mademoiselle D u PARC.
Mon Dieu, pour moy je m'acquiteray fort mal de mon perſonnage, & je ne ſçay pas pour quoy vous m’avez donné ce rôle de façonniere.	Mon Dieu, pour moi je m'acquitterai fort mal de mon personnage, et je ne sais pas pour quoi vous m'avez donné ce rôle de façonnière.
MOLIERE.	MOLIÈRE.
Mon Dieu Mademoiſelle, voilà comme vous diſiez lors que l’on vous donna celuy de la Critique de l’Ecole des Femmes, cependant vous vous en eitez atquitée a inerveille, & tout le monde eſt demeuré d’accord qu’on ne peut pas mieux faire que vous avez fait, croyez moy, celuy-cy ſera de meſme, & vous le joüerez mieux que vous ne penſez.	Mon Dieu Mademoiselle, voilà comme vous disiez lors que l'on vous donna celui de la Critique de l'École des Femmes, cependant vous vous en eitez atquitée a inerveille, et tout le monde est demeuré d'accord qu'on ne peut pas mieux faire que vous avez fait, croyez moi, celui-cy sera de même, et vous le joüerez mieux que vous ne pensez.
Mademoiſelle DU PARC.	Mademoiselle DU PARC.
Comment cela ſe pourroit il faire, car il n’y a point de perſonne au monde qui ſoit moins façonniere que moy.	Comment cela se pourrait -il faire, car il n'y a point de personne au monde qui soit moins façonniere que moi.
MOLIERE.	MOLIÈRE.
Cela eſt vray, & c’eſt en quoy vous faites mieux voir que vous eſtes excellente Comedienne de bien repreſenter un perſonnage, qui eſt ſi contraire a voſtre humeur:	Cela est vrai, et c'est en quoi vous faites mieux voir que vous êtes excellente Comédienne de bien représenter un personnage, qui est si contraire a fait humeur:
tâchez donc de bien prendre tous le charactere de vos rôles, & de vous figurer que vous eſtes ce que vous repreſentéz A du Croiſy.	tâchez donc de bien prendre tous le charactère de vos rôles, et de vous figurer que vous êtes ce que vous representéz A du Croisy.
Vous faites le Poëte, vous, & vous devez vous remplir de ce perſonnage, marquer cet air Pędant qui ſe conſerve parmy le commerce du beau monde, monde, ce ton de voixſententieux, & cette exactitude de prononciation qui appuye ſur toutes les ſyllabes, & ne laiſſe échapper aucune lettre de la plus ſevere ortographe.	Vous faites le Poète, vous, et vous devez vous remplir de ce personnage, marquer cet air Pdant qui se conserve parmi le commerce du beau monde, monde, ce ton de voixsententieux, et cette exactitude de prononciation qui appuie sur toutes les syllabes, et ne laisse échapper aucune lettre de la plus sévère ortographe.
A Brecourt.	À Brecourt.
Pour vous, vous faites un honeſte homme de Cour, comme vous avez déja fait dans la Critique de l’Ecole des Femmes, c’eſt à dire que vous devez prendre un air poſé, un ton de voix naturel, & geſticuler le moins qu’il vous ſera poſſible.	Pour vous, vous faites un honnête homme de Cour, comme vous avez déjà fait dans la Critique de l'École des Femmes, c'est à dire que vous devez prendre un air posé, un ton de voix naturel, et gesticuler le moins qu'il vous sera possible.
A de la Grange.	À de la Grange.
Pour vous je n’ay rien à vous dire.	Pour vous je n'ai rien à vous dire.
A Mademoiſelle Bejart.	À Mademoiselle Béjart.
Vous, vous repreſentez une des ces Femmes, qui pourveu qu’elles ne faſſent point l’amour, croyent que tout le reſte leur eſt permis, de ces Femmes qui ſe retranchent toûjours fierement ſur leur pruderie, regardent un chacun de haut en bas, & veulent que toutes les plus belles qualitez que poſſedent les autres, ne ſoyent rien en comparaiſon d’un miſerable honneur dont perſonne ne ſe ſoucie;	Vous, vous représentez une des ces Femmes, qui pourvu qu'elles ne fassent point l'amour, croient que tout le reste leur est permis, de ces Femmes qui se retranchent toujours fièrement sur leur pruderie, regardent un chacun de haut en bas, et veulent que toutes les plus belles qualités que possèdent les autres, ne soient rien en comparaison d'un misérable honneur dont personne ne se soucie;
ayez toûjours ce caractere devant les yeux pour en bien faire les grimaces.	ayez toujours ce caractère devant les yeux pour en bien faire les grimaces.
A Mademoiſelle de Brie.	À Mademoiselle de Brie.
Pour vous, vous faites une de ces Femmes qui penſent eſtre les plus vertueuſes perſonnes du monde, pourveu qu’elles ſauvent les apparences, de ces Femmes qui croyent que le peché n’eſt que dans le ſcandale, qui veulent conduire doucement les affaires qu’elles ont ſur le pied d’attachement honneſte, & appellent amis ce que les autres nomment galans, entrez bien dans ce caractere.	Pour vous, vous faites une de ces Femmes qui pensent être les plus vertueuses personnes du monde, pourvu qu'elles sauvent les apparences, de ces Femmes qui croient que le péché n'est que dans le scandale, qui veulent conduire doucement les affaires qu'elles ont sur le pied d'attachement honnête, et appellent amis ce que les autres nomment galants, entrez bien dans ce caractère.
A Mademoiſelle de Moliere.	À Mademoiselle de Molière.
Vous, vous faites le meſme perſonnage que dans la Critique, & je n’ay rien à vous dire non plus qu’à Mademoiſelle du Parc.	Vous, vous faites le même personnage que dans la Critique, et je n'ai rien à vous dire non plus qu'à Mademoiselle du Parc.
A Mademoiſelle du Croiſy.	À Mademoiselle du Croisy.
Pour vous, vous repreſentez une de ces perſonnes qur pleſtent doucement des charitez à tout le monde, de ces Femmes qui donnent toûjours le petit coup de langue en paſſant, & ſeroient bien fachées d’avoir ſouffert qu’on euſt dit du bien du prochain, je croy que vous ne vous acquiterez pas mal de ce rôle.	Pour vous, vous représentez une de ces personnes qur plestent doucement des charité à tout le monde, de ces Femmes qui donnent toujours le petit coup de langue en passant, et seraient bien fâchées d'avoir souffert qu'on eût dit du bien du prochain, je crois que vous ne vous acquiterez pas mal de ce rôle.
A Mademoiſelle Hervé.	À Mademoiselle Hervé.
Et pour vous, vous eſtes la ſoubret.	Et pour vous, vous êtes la soubret.
te de la precieuſe, qui ſe meſle de temps en temps dans la converſation, & attrappe comme elle peut tous les termes de ſa Maiſtreſſe;	te de la précieuse, qui se mêle de temps en temps dans la conversation, et attrape comme elle peut tous les termes de sa Maîtresse;
je vous dis tous vos caracteres, afin que vous vous les imprimiezfortement dans l’eſprit.	je vous dis tous vos caractères, afin que vous vous les imprimiezfortement dans l'esprit.
Commençons maintenant à répeter, & voyons comme cela ira.	Commençons maintenant à répéter, et voyons comme cela ira.
Ah!	Ah!
voicy juſtement un facheux, il ne nous faloit plus que cela.	voici justement un fâcheux, il ne nous fallait plus que cela.
SCENE II.	SCÈNE II.
LA THORILIERE, MOLIERE, &cLA THORILIERE.	LA THORILIÈRE, MOLIÈRE, etcLA THORILIERE.
BOn jour, Monſieur Moliere.	BOn jour, Monsieur Molière.
MOLIERE.	MOLIÈRE.
Monſieur voſtre ſerviteur.	Monsieur votre serviteur.
La peſte ſoit de l’homme.	La peste soit de l'homme.
LA THORILIERE.	LA THORILIÈRE.
Comment vous en va?	Comment vous en va?
MOLIERE.	MOLIÈRE.
Fort bien pour vous ſervir;	Fort bien pour vous servir;
Meſdemoiſelles ne.	Mesdemoiselles ne.
LA THORILIERE.	LA THORILIÈRE.
Je viens d’un lieu où j’ay bien dit du bien de vous.	Je viens d'un lieu où j'ai bien dit du bien de vous.
MOLIERE.	MOLIÈRE.
Je vous ſuis obligé.	Je vous suis obligé.
Que le diable t'emporte.	Que le diable t'emporte.
Ayea un pen loi.	Ayea un pen loi.
LA THORILIERE.	LA THORILIÈRE.
Vous jouez une piece nouvelle aujourd huy?	Vous jouez une pièce nouvelle aujourd' hui?
MOLIERE.	MOLIÈRE.
Oüy, Monſieur, N’oubliez pas.	Oui, Monsieur, N'oubliez pas.
LA THORLLIERE.	LA THORLIÈRE.
C’eſt le Roy qui vous la fait faire?	C'est le Roi qui vous la fait faire?
MOLIERE.	MOLIÈRE.
Oüy, Monſieur.	Oui, Monsieur.
De grace ſongez.	De grâce songez.
LA THORILIERE.	LA THORILIÈRE.
Comment l’appellez.	Comment l'appelez.
vous?	vous?
MOETERE.	MOTERE.
Oüy, Monſieur.	Oui, Monsieur.
LA THORILIERE.	LA THORILIÈRE.
je vous demande comſent vous la hommnez?	je vous demande comsent vous la homminez?
MOLIERE.	MOLIÈRE.
Ah!	Ah!
ma foy je ne ſçay.	ma foi je ne sais.
Il faut s’il vous plaiſt que vous.	Il faut s'il vous plaît que vous.
AMEHOREMEERE.	AMEHOREMERÈRE.
Comment ſerez-vous habillez?	Comment serez-vous habillez?
MORIERE.	MORIÈRE.
Comme vous voyez.	Comme vous voyez.
Je vous prie.	Je vous prie.
LA THORILIERE.	LA THORILIÈRE.
Quand commencerez vous?	Quand commencerez -vous?
Aem nu la re.	Aem nu la re.
Quand le Roy ſera venu.	Quand le Roi sera venu.
Au diantre le queſciohheule	Au diantre le quescioheule
LA THORILIERE.	LA THORILIÈRE.
Quand croyez vous qu’il vienne?	Quand croyez -vous qu'il vienne?
MOLIERE.	MOLIÈRE.
La peſte m’étoufe, Monſieur, ſi je le ſçay.	La peste m'étouffe, Monsieur, si je le sais.
LA THORILIERE.	LA THORILIÈRE.
Sçavez-vous point.	Savez-vous point.
MOLIERE.	MOLIÈRE.
Tenez, Monſieur, je ſuis le plus ignorant homme du monde, je ne ſçay rien de tout ce que vous pourrez me demander je vous jure.	Tenez, Monsieur, je suis le plus ignorant homme du monde, je ne sais rien de tout ce que vous pourrez me demander je vous jure.
J’enrage, ce bourreau vient avec un air tranquille vous faire des queſtions, & ne ſe ſoucie pas quoil ait en tente dauties andires.	J'enrage, ce bourreau vient avec un air tranquille vous faire des questions, et ne se soucie pas quoil ait en tente dauties andires.
LA THORILIERE.	LA THORILIÈRE.
Meſdemoiſelles, voſtre ſerviteur.	Mesdemoiselles, votre serviteur.
MOLIERE.	MOLIÈRE.
Ah!	Ah!
bon le voilà d’un autre coſté.	bon le voilà d'un autre côté.
LAT MORILIERE à Mautmorjelle du Croiſy, Vous voila belle comme un petit Ange.	LAT MORILIÈRE à Mautmorjelle du Croisy, Vous voilà belle comme un petit Ange.
Joüezvous toutes deux aujourd’huy?	Joüezvous toutes deux aujourd'hui?
en regardant Mademoiſelle Hervé.	en regardant Mademoiselle Hervé.
Mademoiſelle D U CROISY.	Mademoiselle D V CROISY.
Oüy, Monſieur.	Oui, Monsieur.
LA THORILIERE.	LA THORILIÈRE.
Sans vous la Comedie ne vaudroit pas grand choſe.	Sans vous la Comédie ne vaudrait pas grand chose.
M O.	M Ô.
MOLIERE.	MOLIÈRE.
vous ne voulez pas faire en aller cet homme là?	vous ne voulez pas faire en aller cet homme -là?
Mademoiſelle DE BRIE.	Mademoiselle DE BRIE.
Monſieur nous avons icy quelque choſe à repeter enſemble.	Monsieur nous avons ici quelque chose à répéter ensemble.
LA THORILIERE.	LA THORILIÈRE.
ilni paroieu je ne veua pas vous empeſcher, vous n’avez qu’à pourſuivre.	ilni paroieu je ne veua pas vous empêcher, vous n'avez qu'à poursuivre.
Mademonene DE BRIE.	Mademonene DE BRIE.
Mais.	Mais.
LA THORILIERE.	LA THORILIÈRE.
Non, non, je ſerois fâché d’incommoder perſonne, faites librement ce que vous avez à faire.	Non, non, je serais fâché d'incommoder personne, faites librement ce que vous avez à faire.
Mademoiſelle DE BRIE.	Mademoiselle DE BRIE.
Oüy, mais.	Oui, mais.
LA TRORILIERE.	LA TRORILIÈRE.
Je ſuis homme ſans ceremonie, vous dy-je, & vous pouvez repeter ce qui vous plaira.	Je suis homme sans cérémonie, vous dis-je, et vous pouvez répéter ce qui vous plaira.
MOLIERE.	MOLIÈRE.
Monſieur, ces Demoiſelles ont peine à vous ante qu'eiles lounu teroient lort que peiſonne ne fuſt icy pendant cette repetition?	Monsieur, ces Demoiselles ont peine à vous ante qu'iles lounu teraient lort que péisonne ne fût ici pendant cette répétition?
LA THORILIERE.	LA THORILIÈRE.
Pourquoy, il n’y a point de danger pour moy?	Pourquoi, il n'y a point de danger pour moi?
MOLIERE.	MOLIÈRE.
Monſieur, c’eſt une coûtume qu’elles obſervent, & vous aurez plus de plaiſir quand les choſes vous ſurprendront.	Monsieur, c'est une coutume qu'elles observent, et vous aurez plus de plaisir quand les choses vous surprendront.
LA THORILIERE.	LA THORILIÈRE.
Je m’en vais donc dire que vous eſtes preſts.	Je m'en vais donc dire que vous êtes prêts.
MOLIERE.	MOLIÈRE.
Point du tout, Monſieur, ne vous hâtez pas de grace.	Point du tout, Monsieur, ne vous hâtez pas de grâce.
SCENE III.	SCÈNE III.
MOLIERE, LA GRANGE, &c.	MOLIÈRE, LA GRANGE, etc.
A A MOLIERE.	A À MOLIÈRE.
H!	H!
que le monde eſt pierir d'impeitments!	que le monde est pierir d'impitments!
or ſus commençons.	or sus commençons.
Figurez-vous donc premierement.	Figurez-vous donc premièrement.
ment que la Scene eſt dans l’antichambre du Roy, car c’eſt un lieu où il ſe paſſe tous les jours des choſes aſſez plaiſantes.	ment que la Scène est dans l'antichambre du Roi, car c'est un lieu où il se passe tous les jours des choses assez plaisantes.
Il eſt aiſe de faire venir là toutes les perſonnes qu’on vent, & on peut trouver des raiſons meſme pour y authoriſer la veuë des Femmes que j’introduis.	Il est aise de faire venir là toutes les personnes qu'on vent, et on peut trouver des raisons même pour y autoriser la vue des Femmes que j'introduis.
La Comedie s’ouvre par deux Marquis qui ſe recontrent.	La Comédie s'ouvre par deux Marquis qui se recontrent.
Souvenez-vous bien, vous de venir comme je vous ay dit, là avec cet air qu’on nomme le bel air, peignant voſtre Perruque, & grondant une petite chanſon entre vos dents.	Souvenez-vous bien, vous de venir comme je vous ai dit, là avec cet air qu'on nomme le bel air, peignant votre Perruque, et grondant une petite chanson entre vos dents.
La, da, la, la, la, la.	La, da, la, la, la, la.
Rangez vous donc vous autres car il faut du terrein à deux Marquis, & ils ne ſont pas gens à tenir leur perſonne dans un petit eſpace, chelio, Fallca	Rangez -vous donc vous autres car il faut du terrein à deux Marquis, et ils ne sont pas gens à tenir leur personne dans un petit espace, chelio, Falla
LA GRANGE.	LA GRANGE.
Bon jour Marquis.	Bon jour Marquis.
MOLIERE.	MOLIÈRE.
Mon Dieu, ce n’eſt point là le ton d’un Marquis, il faut le prendre un peu plus haut, & la pluſpart de ces Meſſieurs affectent une maniere de parrer partieunere pour je diſtinguer du commun.	Mon Dieu, ce n'est point là le ton d'un Marquis, il faut le prendre un peu plus haut, et la plupart de ces Messieurs affectent une manière de parrer partieunere pour je distinguer du commun.
Bon jour Marquis, recommencez-donc.	Bon jour Marquis, recommencez-donc.
LA GRANCE.	LA GRANCE.
Bon jour Marquis.	Bon jour Marquis.
MOLIERE, Ah!	MOLIÈRE, Ah!
Marquis, ton ſerviteur.	Marquis, ton serviteur.
LA GRANGE.	LA GRANGE.
Me lais lu la e	Me lais lu la e
MOLIERE.	MOLIÈRE.
Parbleu tu vois, j’attonds que tous ces Meſſieurs ayent debouché la porte pour preſenter là mon viſage.	Parbleu tu vois, j'attond que tous ces Messieurs aient débouché la porte pour présenter là mon visage.
LA GRANGE.	LA GRANGE.
Teſtebleu quelle foule, je n’ay garde de m’y aller froter, & j’ayme bien mieux entrer des derniers.	Tettebleu quelle foule, je n'ai garde de m'y aller frotter, et j'aime bien mieux entrer des derniers.
MOLIERE.	MOLIÈRE.
Il y a la vingt gens qui ſont fort aſſurez de n’entrer point, & qui ne laiſſent pas de ſe preſſer, & d’occuper toutes les avenües de la porte.	Il y a la vingt gens qui sont fort assurés de n'entrer point, et qui ne laissent pas de se presser, et d'occuper toutes les avenue de la porte.
LA GRANGE.	LA GRANGE.
Crions nos deux noms à l’Huiſſier, afin qu’il nous appelle.	Crions nos deux noms à l'Huissier, afin qu'il nous appelle.
MOLIERE.	MOLIÈRE.
Cela eſt bon pour toy, mais pour nioy je ne veux pas eſtre joüé par Moliere.	Cela est bon pour toi, mais pour noi je ne veux pas être joué par Molière.
LA GRANGE.	LA GRANGE.
je peme pourtant, Maiquis, que c'eit toy qu’il jouë dans la Critique.	je peme pourtant, Maquis, que c'éit toi qu'il joue dans la Critique.
MOLIERE.	MOLIÈRE.
Moy?	Moi?
je ſuis ton valet, c’eſt toy-meſme en propre perſonne.	je suis ton valet, c'est toi-même en propre personne.
i Ae ix n do no Ah!	y Joie jx n do nô Ah!
ma foy, tu es bon de m’appliquer ton perſonnage.	ma foi, tu es bon de m'appliquer ton personnage.
MOLIERE.	MOLIÈRE.
Tarbleu, je te trouve plaiſant de me donner ce qui t’appartient.	Tarbleu, je te trouve plaisant de me donner ce qui t'appartient.
LAGIANGE.	LAGIANGE.
Ha, ha, ha, cela eſt drôle.	Ha, ha, ha, cela est drôle.
MOLIERE.	MOLIÈRE.
Ha, na, na, cela ent boulon.	Ha, na, na, cela ent boulon.
LA GRANGE.	LA GRANGE.
Quoy tu veux ſoutenir que ce n’eſt pas toy qu’on jouë dans le Marquis de la Critique.	Quoi tu veux soutenir que ce n'est pas toi qu'on joue dans le Marquis de la Critique.
MOLIERE.	MOLIÈRE.
Il eſt vray c’eſt moy, Deteſtable, morbleu deteſtable, tarte à la creſme.	Il est vrai c'est moi, Detestable, morbleu détestable, tarte à la crème.
C’eſt moy, c’eſt moy, aſſufement, c’eſt Inoy.	C'est moi, c'est moi, assuffement, c'est Inoy,
LA GRANGE.	LA GRANGE.
Oüy, parbleu c’eſt toy, tu n’as que faire de railler;	Oui, parbleu c'est toi, tu n'as que faire de railler;
& ſi tu veux nous gagerons, & verrons qui a raiſon des deux.	et si tu veux nous gagerons, et verrons qui a raison des deux.
MOLIERE.	MOLIÈRE.
Et que veux-tu gager encore?	Et que veux-tu gager encore?
LA GRANGE.	LA GRANGE.
Je gage cent piſtoles que c’eſt toy.	Je gage cent pistoles que c'est toi.
MOLIER E.	MOLIÈR E.
Et moy cent piſtoles que c’eſt toy.	Et moi cent pistoles que c'est toi.
LA	LA
LA GRANGE.	LA GRANGE.
Cent piſtoles coiptaiſt.	Cent pistoles coiptait.
MOLIERE.	MOLIÈRE.
Comptant.	Comptant.
Quatre vingt dix piſtoles ſur Amyntas, & dix piſtoles comptant.	Quatre vingt dix pistoles sur Amintas, et dix pistoles comptant.
Je le veux.	Je le veux.
AHHMANGE.	AHHMANGE.
Cela eſt fait.	Cela est fait.
MOLIERE.	MOLIÈRE.
LA GRANGE.	LA GRANGE.
Ton argent court grand riſque.	Ton argent court grand risque.
MOLIERE.	MOLIÈRE.
Le tien eſt bien avanturé.	Le tien est bien aventuré.
LA GRANGE.	LA GRANGE.
A qui nous en raporter.	À qui nous en rapporter.
MOLIERE.	MOLIÈRE.
Voicy un homme qui nous jugera.	Voici un homme qui nous jugera.
Chevaliet.	Chevaliet.
SCENE IV.	SCÈNE IV.
MOLIERE, DRECOUrI, na Grehltar, &c.	MOLIÈRE, DRECOUrI, na Grehltar, etc.
2 H0y?	2 H0i?
BRECOURT.	BRECOURT.
MOLIERE.	MOLIÈRE.
nontonlu Patitre qui prend le ton de Marquis.	nontonlu Patitre qui prend le ton de Marquis.
Vous ay-je pas dit que vous faites un rôle, oû l’on doſt parſer hatureſſement?	Vous ai-je pas dit que vous faites un rôle, ouû l'on dot parser haturessement?
Il eit vray.	Il eit vrai.
BRECOURT.	BRECOURT.
MOLIERE.	MOLIÈRE.
Allons donc, Chevalier.	Allons donc, Chevalier.
Quoy?	Quoi?
BRECOURT.	BRECOURT.
MOLIERE.	MOLIÈRE.
Juge nous un peu ſur une gageure que nous avons faite.	Juge nous un peu sur une gageure que nous avons faite.
Et queile?	Et queile?
BRECOURT.	BRECOURT.
MOLIERE.	MOLIÈRE.
Nous diſputons qui eſt le Marquis de la Critique de Moliere, il gage que c’eſt moy, & moy je gage que c’eſt luy.	Nous disputons qui est le Marquis de la Critique de Molière, il gage que c'est moi, et moi je gage que c'est lui.
BRECOURT.	BRECOURT.
Et moy je juge que ce n’eſt, ny l’un ny l’autre;	Et moi je juge que ce n'est, ni l'un ni l'autre;
vous eſtes foux tous deux, de vouloir vous appliquer ces ſortes de choſes, & voilà dequoy j’oüys l’autre jour ſe plaindre Moliere, parlant à des perſonnes qui le chargeoient de meſme choſe que vous.	vous êtes foux tous deux, de vouloir vous appliquer ces sortes de choses, et voilà dequoy j'ouïs l'autre jour se plaindre Molière, parlant à des personnes qui le chargeaient de rendre chose que vous.
Il diſoit que rien ne luy donnoit du déplaiſir, comme d’eſtre accuſe de regarder quelqu’un dans les portraits qu’il fait Que ſon deſſein eſt de peindre les mœurs ſans vouloir toucher aux perſonnes;	Il disait que rien ne nous donnait du déplaisir, comme d'être accuse de regarder quelqu'un dans les portraits qu'il fait Que son dessein est de peindre les mœurs sans vouloir toucher aux personnes;
& que tous les perſonnages qu’il repreſente ſont des perſonnages en l’air, & des phantoſmes proprement, qu’il habille à ſa fantaiſie pour rejoüir les ſpectateurs.	et que tous les personnages qu'il représente sont des personnages en l'air, et des phantômes proprement, qu'il habille à sa fantaisie pour rejoncir les spectateurs.
Qu’il ſeroit bien faché d’y avoir jamais marqué qui que ce ſoit;	Qu'il serait bien fâché d'y avoir jamais marqué qui que ce soit;
& que ſi quelque choſe eſtoit capable de le dégoûter de faire des Comedies, c’eſtoit les reſſemblances qu’on y vouloit toûjours trouver, & dont ſes ennemis tâchoient malicieuſement d’appuyer la penſée pour luy rendre de mauvais offices auprés de certaines perſonnes à qui il n’a jamais penſé.	et que si quelque chose était capable de le dégoûter de faire des Comédies, c'était les ressemblances qu'on y voulait toujours trouver, et dont ses ennemis tâchaient malicieusement d'appuyer la pensée pour lui rendre de mauvais offices auprès de certaines personnes à qui il n'a jamais pensé.
Et en effet je trouve qu’il a raiſon;	Et en effet je trouve qu'il a raison;
car pourquoy vouloir je vous prie appliquertous eſes geſtes & toutes ſes paroles, & chercher à luy faire des affaires, en diſant hautement il jouë un tel, lors que ce ſont des choſes qui peuvent convenir à cent perſonnes?	car pourquoi vouloir je vous prie appliquertous eses gestes et toutes ses paroles, et chercher à lui faire des affaires, en disant hautement il joue un tel, lors que ce sont des choses qui peuvent convenir à cent personnes?
Comme l’affaire de la Comedie eſt de repreſenter en general tous les défauts des hommes, & principalement des hommes de noſtre ſiecle;	Comme l'affaire de la Comédie est de représenter en général tous les défauts des hommes, et principalement des hommes de notre siècle;
il eſt impoſſible à Moliere de faire aucun caractere qui ne rencontre quelqu’un dans le monde;	il est impossible à Molière de faire aucun caractère qui ne rencontre quelqu'un dans le monde;
& s’il faut qu’on l’accuſe d’avoir ſongé à toutes les perſonnes où l’on peut trouver les defauts qu’il peint, il faut ſans doute qu’il ne faſſe plus de Comedies.	et s'il faut qu'on l'accuse d'avoir songé à toutes les personnes où l'on peut trouver les défauts qu'il peint, il faut sans doute qu'il ne fasse plus de Comédies.
MOLIERE.	MOLIÈRE.
Ma foy, Chevalier tu veux juſtifier Moliere & épargner noſtre ami que vonla.	Ma foi, Chevalier tu veux justifier Molière et épargner notre ami que vonla.
LA GRANGE.	LA GRANGE.
roint du tout, c’eſt toy qu’il épargne, & nous trouverons d’autres juges.	roint du tout, c'est toi qu'il épargne, et nous trouverons d'autres juges.
MOLIERE.	MOLIÈRE.
Soit;	Soit;
mais dy-moy, Chevalier, ne crois tu pas que ton Moſſere eſt epuile Illaitenaht, & qu’il ne trouvera plus de matiere pour.	mais dis-moi, Chevalier, ne crois tu pas que ton Mossère est épuile Illaitenahait, et qu'il ne trouvera plus de matière pour.
BRECOURT.	BRECOURT.
Plus de matiere?	Plus de matière?
Eh, mon pauvre Marquis nouo fuy ent fonmnirons toûjours aſſez, & nous ne prenons guerres le chemin de nous rendre ſages pour tout ce qu’il fait, & tout ce qu’il dit.	Eh, mon pauvre Marquis nouvo fui ent onmnirons toujours assez, et nous ne prenons guerres le chemin de nous rendre sages pour tout ce qu'il fait, et tout ce qu'il dit.
MOLIERE.	MOLIÈRE.
Attendez, il faut marquer davantage tout cet endroit, écoutez-le moy dire un peu.	Attendez, il faut marquer davantage tout cet endroit, écoutez-le moi dire un peu.
Et qu’il ne trouvera plus de matiere pour.	Et qu'il ne trouvera plus de matière pour.
Plus de matiere!	Plus de matière!
Eh, mon pauvre Marquis, nous luy en fournirons toûjours aſſez, & nous ne prenons guerres le chemin de nous rendre ſages pour tout ce qu’il fait & tout ce qu’il dit.	Eh, mon pauvre Marquis, nous-même en fournirons toujours assez, et nous ne prenons guerres le chemin de nous rendre sages pour tout ce qu'il fait et tout ce qu'il dit.
Crois-tu qu’il ait épuiſé dans ſes Comedies tout le ridicule des hommes;	Crois-tu qu'il ait épuisé dans ses Comédies tout le ridicule des hommes;
& ſans ſortir de la Cour, n’a-t’il pas encore vingt caracteres de gens où il n’a point touché.	et sans sortir de la Cour, n'a-t-il pas encore vingt caractères de gens où il n'a point touché.
N’a-t’il pas, par exemple, ceux qui ſe font les plus grandes, amitiez du monde, & qui le dos tourné font galanterie de ſe déchirer l'un l’autre?	N'a-t-il pas, par exemple, ceux qui se font les plus grandes, amitiés du monde, et qui le dos tourné font galanterie de se déchirer l'un l'autre?
N’a t’il pas ces adulateurs à outrance, ces flatteurs inſipides qui n’aſſaiſonnent d’aucun ſel les loüanges qu’ils donnent, & dont toutes les flatteries ont une douceur fade qui fait mal au cœur à ceux qui les écoutent?	N'a t'il pas ces adulateurs à outrance, ces flatteurs insipides qui n'assaisonnent d'aucun sel les langes qu'ils donnent, et dont toutes les flatteries ont une douceur fade qui fait mal au cœur à ceux qui les écoutent?
N’a-t’il pas ces lâches Courtiſans de la faveur, ces perfides adorateurs de la fortune, qui vous encenſent dans la proſperité & vous accablent dans la diſgrace?	N'a-t-il pas ces lâches Courtisans de la faveur, ces perfides adorateurs de la fortune, qui vous encensent dans la prospérité et vous accablent dans la disgrâce?
N’a-t’il pas ceux qui ſont toûjours mécontents de la Cour, ces ſuivans inutiles, ces incommodes aſſidus, ces gens, dy-je, qui pour ſervices ne peuvent conter que des importunitez.	N'a-t-il pas ceux qui sont toujours mécontents de la Cour, ces suivants inutiles, ces incommodes assidus, ces gens, dis-je, qui pour services ne peuvent conter que des importunités.
& qui veulent que l’on les recompenſe d’avoir obſedé le Trince dix ans durant?	et qui veulent que l'on les récompense d'avoir obsédé le Trince dix ans durant?
N’a-t’il pas ceux qui careſſent également tout le monde, qui promenent leurs civilitez à droit & à gauche;	N'a-t-il pas ceux qui caressent également tout le monde, qui promènent leurs civilités à droit et à gauche;
& coureut à tous ceux qu’ils voyent avec les meſmes embraſſades, & les meſmes proteſtations d’amitié?	et coureut à tous ceux qu'ils voient avec les mêmes embrassades, et les mêmes protestations d'amitié?
Monſieur voſtre treshumble ſerviteur;	Monsieur votre treshumble serviteur;
Monſieur je ſuis tout à voſtre ſervice.	Monsieur je suis tout à votre service.
Tenez moy des voſtres, mon cher.	Tenez moi des vôtres, mon cher.
Faites eſtat de moy, Monſieur, comme du plus chaud de vos amis.	Faites état de moi, Monsieur, comme du plus chaud de vos amis.
Monſieur, je ſuis ravy de vous embraſſer.	Monsieur, je suis ravi de vous embrasser.
Ah!	Ah!
Monſieur je ne vous voyois pas.	Monsieur je ne vous voyais pas.
Faitez moy la grace de m’employer, ſoyez perſuadé que je ſuis entierement à vous Vous eſtes l’homme du monde que je revere le plus;	Faitez -moi la grâce de m'employer, soyez persuadé que je suis entièrement à vous Vous êtes l'homme du monde que je révère le plus;
il n’y a perſonne que j’honore à l’égal de vous.	il n'y a personne que j'honore à l'égal de vous.
Je vous conjure de le croire;	Je vous conjure de le croire;
je vous ſupplie de n’en point douter, ſerviteur, tres-humble valet Va, va, Marquis.	je vous supplie de n'en point douter, serviteur, très-humble valet Va, va, Marquis.
Monene uuluroujouis prus de lujeio qa il n'en voudra, & tout ce qu’il a touché juſqu’icy n’eſt Ilen que bagatelle, au prix de ce qui reſte.	Monène uuluroujouis prus de lujeio q il n'en voudra, et tout ce qu'il a touché jusqu'ici n'est Ilen que bagatelle, au prix de ce qui reste.
Voilà à peu pres comme cela doit eſtre joüé.	Voilà à peu pres comme cela doit être joué.
C’eſt aſſez.	C'est assez.
BRECOURT.	BRECOURT.
Pourſuivez.	Poursuivez.
MOLIERE.	MOLIÈRE.
BRECOURT.	BRECOURT.
Voicy Climene, & Eliſe.	Voici Climène, et Élise.
MOLIERE.	MOLIÈRE.
Là deſſus vous arriverez toutes deux.	Là -dessus vous arriverez toutes deux.
A Mademoiſelle du Parc.	À Mademoiselle du Parc.
Prenez bien garde vous à vous déhancher comme il faut, & à faire bien des façons, cela vous contraindra un peu, mais qu’y faire il ſaut par ſois ſe faire violence.	Prenez bien garde vous à vous déhancher comme il faut, et à faire bien des façons, cela vous contraindra un peu, mais qu'y faire il saut par sois se faire violence.
Mademoiſelle MOLIERE.	Mademoiselle MOLIÈRE.
Certes, Madame;	Certes, Madame;
je vous ay reconnuë de loin, & j’ay bien veu à vortle an que te ne pouror eſtre une autre que vous.	je vous ai reconnue de loin, et j'ai bien vue à vortle an que te ne pouror able une autre que vous.
Made	Made
Mademoiſelle D u PARC.	Mademoiselle D u PARC.
Vous voyez, je viens attendre icy la ſortie d’un ſomme avec qui j’ay une affaire à démeſler.	Vous voyez, je viens attendre ici la sortie d'un somme avec qui j'ai une affaire à démêler.
Mademoiſelle MOLIERE.	Mademoiselle MOLIÈRE.
Et moy de meſme	Et moi de même
MOLIERE.	MOLIÈRE.
Meſdames voilà des cofres qui vous ſerviront de fauteüils.	Mesdames voilà des cofres qui vous serviront de fautevils.
Mademoiſelle MOLIERE.	Mademoiselle MOLIÈRE.
Aprés vous, Madame.	Après -vous, Madame.
MOLIERE.	MOLIÈRE.
Bon, aprés ces petites ceremonies muettes chacun prendra place, & parlera aſſis, hors les Marquis, qui fantoit ie leveront, & tantoſt s’aſſoyront ſuivant leur inquietude naturelle.	Bon, après ces petites cérémonies muettes chacun prendra place, et parlera assis, hors les Marquis, qui fantoit avoir lèveront, et tantôt s'assoiront suivant leur inquiétude naturelle.
Parbleu, Chevalier, tu devrois faire prendre medecine à tes canons.	Parbleu, Chevalier, tu devrais faire prendre médecine à tes canons.
Comment?	Comment?
BRUCCHRT.	BRUCHRT.
M OLIEAE.	M OLIEAE.
Ils ſe portent fort mal.	Ils se portent fort mal.
BRECOURT.	BRECOURT.
Serviteur à la turlupinade.	Serviteur à la turlupinade.
Mademoiſelle MOLIERE.	Mademoiselle MOLIÈRE.
Mon Dieu, Madame, que je vous trouve le teint d’une blancheur éblouiante, ce les lonles d’un couleur de feu ſurprenant !	Mon Dieu, Madame, que je vous trouve le teint d'une blancheur éblouiante, ce les lonles d'un couleur de feu surprenant !
Mademonene DU PARE.	Mademonene DU PARE.
Ah!	Ah!
que dites vous-là, Madame, ne me regardez point, je ſuis du dernier laid aujourd’huy.	que dites -vous-là, Madame, ne me regardez point, je suis du dernier laid aujourd'hui.
Mademoiſelle MOLIERE.	Mademoiselle MOLIÈRE.
Eh, Madame, levez un peu voſtre coëffe.	Eh, Madame, levez un peu votre coffe.
Mademoiſelle DU PARC.	Mademoiselle DU PARC.
Fy, je ſuis épouvantable, vous dy-je, & je me fais peur à moy meſme.	Fi, je suis épouvantable, vous dis-je, et je me fais peur à moi -même.
Mademoiſelle MOLIEME.	Mademoiselle MOLIEME.
Vous eſtes ſi belle.	Vous êtes si belle.
Mademoiſelle MOLIERE.	Mademoiselle MOLIÈRE.
Reſolument, vous vous montrerez, on ne peut point ſe paſſer de vous voir.	Résolument, vous vous montrerez, on ne peut point se passer de vous voir.
Mademoiſelle Du PARc.	Mademoiselle Du PARc.
Mon Dieu, que vous eſtes une étrange perſonne, vous voulez furieuſement ce que vous voulez.	Mon Dieu, que vous êtes une étrange personne, vous voulez furieusement ce que vous voulez.
Mademoiſelle MOLIERE.	Mademoiselle MOLIÈRE.
cimimadaiie, vous i'avez aueun deſavantage de paroiſtre au grand jour je vous jure.	cimimadaiie, vous j'avez aveun désavantage de paraître au grand jour je vous jure.
Les méchantes gens qui aſſuroient que vous mettiez quelque choſe;	Les méchantes gens qui assuraient que vous mettiez quelque chose;
vrayment je les dementiray bien maintenant.	vraiment je les démentirai bien maintenant.
Mademoiſelle Du PARC.	Mademoiselle Du PARC.
Helas!	Hélas!
je ne ſçay pas ſeulement ce qu’on appelle mettre quelque choſe.	je ne sais pas seulement ce qu'on appelle mettre quelque chose.
Mais où vont ces Dames.	Mais où vont ces Dames.
SCENE V.	SCÈNE V.
Mademoiſelle DE BRIE, Mademoiſelle	Mademoiselle DE BRIE, Mademoiselle
Mademoiſelle DE BRIE.	Mademoiselle DE BRIE.
J Ous voulez bien, Meſdames, que nous vous donnions en paſſant la plus agreable nouvelle du monde.	 Jus voulez bien, Mesdames, que nous vous donnions en passant la plus agréable nouvelle du monde.
Voila Monſieur Lyſidas qui vient de nous avertir qu’on a fait une piece contre Moliere, que les grands Comediens vont joüer.	Voilà Monsieur Lysidas qui vient de nous avertir qu'on a fait une pièce contre Molière, que les grands Comédients vont jouer.
MOAIENE.	MOAIENE.
Il eſt vray, on me l’a voulu lire, & c’eſt un nommé Br.	Il est vrai, on me l'a voulu lire, et c'est un nommé Br.
Brou Brouſſaut qui l’a faite.	Brou Broussaut qui l'a faite.
DU CROISY.	DU CROISY.
Monſieur, elle eſt affichée ſous le nom de Bourſaut, mais à vous dire le ſecret, bien des gens ont mis la main à cet ouvrage, & l’on en doit concevoir une aſſez haute attente.	Monsieur, elle est affichée sous le nom de Bours, mais à vous dire le secret, bien des gens ont mis la main à cet ouvrage, et l'on en doit concevoir une assez haute attente.
Comme tous les Autheurs, & tous les Comediens regardent Moliere comme leur plus grand ennemy, nous nous ſommes tous unis pour le déſervir;	Comme tous les Auteurs, et tous les Comédients regardent Molière comme leur plus grand ennemi, nous nous sommes tous unis pour le déservir;
chacun de nous a donné un coup de pinceau à ſon portrait, mais nous nous ſommes bien gardez d’y mettre nos noms;	chacun de nous a donné un coup de pinceau à son portrait, mais nous nous sommes bien gardez d'y mettre nos noms;
il luy auroit eſté clop guoneua de luccomber aua yeux ad monde, ſous les efforts de tout le Parnaſſe;	il lui avait été clop guonça de luccomber aua yeux ad monde, sous les efforts de tout le Parnasse;
& pour rendre ſa défaite plus ignominieuſe, nous avons voulu choiſir toût exprés un Autheur ſans reputation.	et pour rendre sa défaite plus ignominieuse, nous avons voulu choisir toût exprès un Auteur sans réputation.
Mademoiſelle Da PAXC.	Mademoiselle Da PAXC.
Pour moy je vous avouë que j’en ay toutes les joyes imaginables.	Pour moi je vous avoue que j'en ai toutes les joies imaginables.
MOLIERE.	MOLIÈRE.
Et moy auſſi.	Et moi aussi.
Par le ſang-bleu le railleur ſera raillé;	Par le sang-bleu le railleur sera raillé;
il aura ſur les doigts ma foy.	il aura sur les doigts ma foi.
Made	Made
Mademoiſelle Du PARC.	Mademoiselle Du PARC.
Cela luy apprendra à vouloir ſatyriſer tout.	Cela avait apprendra à vouloir satyriser tout.
Comment cet impertinent ne veut pas que les Femmes ayent de l’eſprit, il condamne toutes nos expreſſions élevées, ve pretena que nous parlions toûjours terre à terre.	Comment cet impertinent ne veut pas que les Femmes aient de l'esprit, il condamne toutes nos expressions élevées, ve pretena que nous parlions toujours terre à terre.
Mademoiſelle DE BRIE.	Mademoiselle DE BRIE.
Le langage n’eſt rien;	Le langage n'est rien;
mais il cenſure tous nos attachemens quelque innocens qu’ils puiſſent eitre, & de la façon qu’il en parle, c’eſt eſtre criminelle que d’avoir du merite.	mais il censure tous nos attachements quelque innocents qu'ils puissent eitre, et de la façon qu'il en parle, c'est été criminelle que d'avoir du mérite.
Mademoiſelle Du CROISY.	Mademoiselle Du CROISY.
Cela eſt inſuportable, il n’y a pas une ſemme qui puiſſe plus rien faire, que ne laiſſe t’il un Tepos nos maris, ſans leur ouvrir les yeux, & leur faire prendre garde à des choſes, dont ils ne s’aviſent pas.	Cela est insuportable, il n'y a pas une semme qui puisse plus rien faire, que ne laisse t'il un Tepos nos maris, sans leur ouvrir les yeux, et leur faire prendre garde à des choses, dont ils ne s'avisent pas.
Mademoiſelle BEJART.	Mademoiselle BEJART.
Paſſe pour tout cela, mais il ſatyriſe meſme les Femmes de bien, & ce méchant plaiſant aeur dunte le titie anoilieites diaoiches.	Passe pour tout cela, mais il satyrise même les Femmes de bien, et ce méchant plaisant aeur dunte le titie anoilieites diaoiches.
Mademoiſelle MOLIERE.	Mademoiselle MOLIÈRE.
C’eſt un impertinent, il faut qu’il en ait tout Ie ſou.	C'est un impertinent, il faut qu'il en ait tout Je sou.
Du CROISY.	Du CROISY.
La repreſentation de cette Comedie, Madame, aura beſoin d’eſtre appuyée, & les Come.	La représentation de cette Comédie, Madame, aura besoin d'être appuyée, et les Come.
miens de Pholtel.	miens de Pholtel.
Mademoiſelle Du PARC.	Mademoiselle Du PARC.
Mon Dieu, qu’ils n’apprehendent rien, je leur garantis le ſuccés de leur piece corps pour coips.	Mon Dieu, qu'ils n'appréhendent rien, je leur garantis le succès de leur pièce corps pour coips.
Mademoiſelle MOLIERE.	Mademoiselle MOLIÈRE.
Vous avez raiſon, Madame, trop de gens ſont intereſſez à la trouver belle.	Vous avez raison, Madame, trop de gens sont intéressez à la trouver belle.
Je vous laiſſe àpenſer ſi tous ceux qui ſe croyent ſatyriſez par Moliere, ne prendront pas l’occaſion de ſe vanger de luy en applaudiſſant à cette Comedie.	Je vous laisse àpenser si tous ceux qui se croient satyrisez par Molière, ne prendront pas l'occasion de se venger de lui en applaudissant à cette Comédie.
BRE	BRE
BRECOURT.	BRECOURT.
Sans doute, & pour moy je répons de douze Marquis, de ſix Precieuſes, de vingt Coquet- tes, & de trente Cocus, qui ne manqueront pas d’y batre des mains.	Sans doute, et pour moi je réponds de douze Marquis, de six Précieuses, de vingt Coquet- tes, et de trente Cocus, qui ne manqueront pas d'y battre des mains.
Mademoiſelle MOLIERE.	Mademoiselle MOLIÈRE.
.	.
En effet.	En effet.
Pourquoy aller offenſer toutes ces perionnese la, d paitieunermeut 1e5 Cocus, qui ſont les meilleurs gens du monde?	Pourquoi aller offenser toutes ces perionnese la, d aitieunermut 1e5 Cocus, qui sont les meilleurs gens du monde?
MOLIERE.	MOLIÈRE.
Par la ſang-bleu, on m’a dit qu’on le va dauber, luy & toutes ſes Comedies de la belle maillele s ee que les omeuiens es les aratheuis, depuis le cedre juſqu’à l’hyſſope ſont diablement animez contre luy.	Par la sang-bleu, on m'a dit qu'on le va dauber, Seigneur et toutes ses Comédies de la belle maille s ce queviens omeuiens es les aratheuis, depuis le cèdre jusqu'à l'hyssope sont diablement animés contre notre.
Mademoiſelle MOLIERE.	Mademoiselle MOLIÈRE.
Cela luy ſied fort bien, pourquoy fait-il de méchantes pieces que tout Paris va voir, & où il peint ſi bien les gens que chacun s’y connoiſt;	Cela était sied fort bien, pourquoi fait-il de méchantes pièces que tout Paris va voir, et où il peint si bien les gens que chacun s'y connaît;
que ne fait-il des Comedies comme celles de Monſieur Lyſidas, il n’auroit perſonne cortre luy, & tous les Autheurs en diroient du bien.	que ne fait-il des Comédies comme celles de Monsieur Lysidas, il n'aurait personne cortre quelque, et tous les Auteurs en diraient du bien.
Il eſt vray que de ſemblables Comedies n’ont pas ce grand concours de monde;	Il est vrai que de semblables Comédies n'ont pas ce grand concours de monde;
mais en revanche elles ſont toûjours bien écrites, perſonne n’ecrit contre-elles, & tous ceux qui les vojent mmeuient denvie de les fouver peiles,	mais en revanche elles sont toujours bien écrites, personne n'écrit contre-elles, et tous ceux qui les vojent meuient denvie de les fouver peiles,
D u CROISY.	 Du CROISY.
Il eſt vray que j’ay l’avantage de ne point faire d’ennemis, & que tous mes ouvrages onc l’approbation des ſçavans.	Il est vrai que j'ai l'avantage de ne point faire d'ennemis, et que tous mes ouvrages onc l'approbation des savants.
Mademoiſelle MOLIIRE.	Mademoiselle MOLIIRE.
Vous faites bien d’eſtre content de vous, cela vaut mieux que tous les ay prabumiemens du public, & que tout l’argent qu’on ſçauroit gagner aux pieces de Moliere.	Vous faites bien d'être content de vous, cela vaut mieux que tous les ai prabumiements du public, et que tout l'argent qu'on saurait gagner aux pièces de Molière.
Que vous importe qu’il vienne du monde a vos Comedies pourveu qu’elles ſoyent approujées par Meſfieurs vos Confreres.	Que vous importe qu'il vienne du monde a vos Comédies pourvu qu'elles soient approujées par Mesfieurs vos Confrères.
LA	LA
LA GRANGE.	LA GRANGE.
Mais quand jouera-ton le portrait du Peintre?	Mais quand jouera-ton le portrait du Peintre?
u CROISY.	Uu CROIS.
Je ne ſçay, mais je me prepare fort à paroiſtre des premiers ſur les rangs, pour ener doilà qui eſt beau.	Je ne sais, mais je me prépare fort à paraître des premiers sur les rangs, pour en doilà qui est beau.
MOMIERE.	MOMIÈRE.
Et moy de meſme parbleu.	Et moi de même parbleu.
LAGRANGE.	LAGRANGE.
Et moy auſſi, Dieu me ſauve.	Et moi aussi, Dieu me sauve.
Mademoiſelle Du PARC.	Mademoiselle Du PARC.
Pour moy j’y payeray de ma perſonne comme il faut, & je répons d’une bravoure d’approbation qui mettra en déroute tous les jugemens ennemis, c’eſt bien la moindre choſe que nous devions faire, que d’épauler de nos loüanges le vangeur de nos intereſts.	Pour moi j'y payerai de ma personne comme il faut, et je réponds d'une bravoure d'approbation qui mettra en déroute tous les jugements ennemis, c'est bien la moindre chose que nous devions faire, que d'épauler de nos langes le vengeur de nos intérêts.
MOLIERE.	MOLIÈRE.
Ma foy, Chevalier, mon amy, il faudra que ton Moſiere ſe cache?	Ma foi, Chevalier, mon ami, il faudra que ton Mosiere se cache?
BRECOURT.	BRECOURT.
Qui luy!	Qui notre!
je te promets Marquis qu’il fait deſſein d’aller ſur le Theatre rire avec tous ies autres du portrait qu’on a fait de luy.	je te promets Marquis qu'il fait dessein d'aller sur le Théâtre rire avec tous jes autres du portrait qu'on a fait de Seigneur.
MOLIERE.	MOLIÈRE.
Parbleu ce ſera donc du bout des dents qu’il y rira,	Parbleu ce sera donc du bout des dents qu'il y rira,
BRECOURT.	BRECOURT.
Va, va, peut-eſtre qu’il y trouvera plus de ſujets de rire que tu ne penſes.	Va, va, peut-être qu'il y trouvera plus de sujets de rire que tu ne penses.
On m’a montré la piece, & comme tout ce qu’il y a d’agreable, ſont effectivement les idées qui ont eſté priſes de Moliere, la joye que cela pourra donner n’aura pas lieu de luy déplaire ſans doute;	On m'a montré la pièce, et comme tout ce qu'il y a d'agréable, sont effectivement les idées qui ont été prises de Molière, la joie que cela pourra donner n'aura pas lieu de même déplaire sans doute;
car pour l’endroit où on s’efforce de le noircir, je ſuis le plus trompé du monde ſi cela eſt approuvé de perſonne.	car pour l'endroit où on s'efforce de le noircir, je suis le plus trompé du monde si cela est approuvé de personne.
Et quant à tous les gens qu’ils ont tâché d’animer contre luy, ſur ce qu’il fait, dit-on, des portraits trop reſſemblans, outre que cela eſt de fort mauvaiſe grace, je ne vois rien de plus ridicuie ce de plus marſepris, d je n’avois pas ciù juſqu’icy que ce fuſt un ſujet de blame pour un Comedien, que de peindre trop bien les hommes.	Et quant à tous les gens qu'ils ont tâché d'animer contre tu, sur ce qu'il fait, dit-on, des portraits trop ressemblants, outre que cela est de fort mauvaise grâce, je ne vois rien de plus ridicuie ce de plus marpris, dès je n'avais pas civù jusqu'ici que ce fût un sujet de blâme pour un Comédien, que de peindre trop bien les hommes.
LA GRANGE.	LA GRANGE.
Les Comediens m’ont dit qu’ils l’attendoient ſur la réponſe, & que.	Les Comédients m'ont dit qu'ils l'attendaient sur la réponse, et que.
BRECOURT.	BRECOURT.
Sur la réponſe!	Sur la réponse!
Ma foy je le trouverois un grand fou, s’il ſe mettoit en peine de répondre à leurs invectives, tout le monde ſçait aſſez de quel motif elles peuvent partir;	Ma foi je le trouverais un grand fou, s'il se mettait en peine de répondre à leurs invectives, tout le monde sait assez de quel motif elles peuvent partir;
& la moilleure réponſe qu’il leur puiſſe faire, c’eſt une Comedie qui reüſſiſſe comme toutes ſes autres.	et la moilleure réponse qu'il leur puisse faire, c'est une Comédie qui réussisse comme toutes ses autres.
Voilà ne unaj Mmoſen de le vanger deux conme il ſaut;	Voilà ne unajà Mmosen de le venger deux conme il saut;
& de l’humeur dont je les connois, je ſuis fort aſſuré qu’une piece nouvelle qui leur enlevera le monde les fâchera bien plus, que toutes les ſatyres qu’on pourroit faire de leurs perſonnes.	et de l'humeur dont je les connais, je suis fort assuré qu'une pièce nouvelle qui leur enlèvera le monde les fâchera bien plus, que toutes les satyres qu'on pourrait faire de leurs personnes.
MOLIERE.	MOLIÈRE.
Mais, Chevallier.	Mais, Chevallier.
Mademoiſelle BEJA FI.	Mademoiselle BEJA FI.
Souffez que j’interrompe pour un peu la repetition, voulez-vous que je vous die, ſi j’avois eſté en voſtre place, j’aurois pouſſé les choſes autrement.	Souffez que j'interrompe pour un peu la répétition, voulez-vous que je vous die, si j'avais été en votre place, j'aurais poussé les choses autrement.
Tout le monde attend de vous une réponréponſe vigoureuſe, & aprés la maniere dont on m’a dit que vous eſtiez traité dans cette Comedie, vous eſtiez en droit de tout dire contre les Comediens, & vous deviez n’en éparguer aucun.	Tout le monde attend de vous une réponréponse vigoureuse, et après la manière dont on m'a dit que vous étiez traité dans cette Comédie, vous étiez en droit de tout dire contre les Comédiens, et vous deviez n'en éparguer aucun.
MOLIERE.	MOLIÈRE.
J'enrage de vous oüir parler de la ſorte, & voilèvôtre manie à vous autres Femmes.	J'enrage de vous ouïrir parler de la sorte, et voilèvôtre manie à vous autres Femmes.
Vous voudriez que je priſſe feu d’abord contre-eux, & qu’à leur exemple j’alaſſe eclater promptement en invectives & en injures.	Vous voudriez que je prisse feu d'abord contre-eux, et qu'à leur exemple j'alasse éclater promptement en invectives et en injures.
Le bel honneur que j’en pourrois tirer, & le grand dépit que je leur ferois.	Le bel honneur que j'en pourrais tirer, et le grand dépit que je leur ferais.
Ne ſe ſontils pas preparez de bonne volonté à ces ſortes de choſes;	Ne se sontils pas préparés de bonne volonté à ces sortes de choses;
& lors qu’ils ont deliberé s’ils joüeront le portrait du Peintre, ſur la crainte d’une riſpoſte, quelques-uns d’entre-eux n’ont-ils pas repondu qu’il nous rende toutes les injures qu’il voudra, pourveu que nous gagnions de l’argent?	et lors qu'ils ont délibéré s'ils joueront le portrait du Peintre, sur la crainte d'une risposte, quelques-uns d'entre- ontils pas répondu qu'il nous rende toutes les injures qu'il voudra, pourvu que nous gagnions de l'argent?
N’eſt ce pas là la marque d’une ame fort ſenſible à la honte, & ne me vangerois je pas bien d’eux, en leur donnant ce qu’ils veulent bien recevoir?	N'est ce pas là la marque d'une âme fort sensible à la honte, et ne me vengerais je pas bien d'eux, en leur donnant ce qu'ils veulent bien recevoir?
Mademoiſelle DE BRIE.	Mademoiselle DE BRIE.
Ils ſe ſont fort plaint toutefois de trois, ou quatre mots que vous avez dit d’eux dans la Critique, & dans vos Precieuſes.	Ils se sont fort plaint toutefois de trois, ou quatre mots que vous avez dit d'eux dans la Critique, et dans vos Précieuses.
MOLIERE.	MOLIÈRE.
Il eſt vray, ces trois ou quatre mots ſont fort offençans, & ils ont grande raiſon de les citer.	Il est vrai, ces trois ou quatre mots sont fort offensants, et ils ont grande raison de les citer.
Allez, allez, ce n’eſt pas cela.	Allez, allez, ce n'est pas cela.
Le plus grand mal que je leur aye fait, c’eſt que j’ay eu le bonheur de plaire un peu plus qu’ils n’auroient voulu, & tout leur procedé depuis que nous ſommes venus à Paris a trop marqué ce qui les touche;	Le plus grand mal que je leur aie fait, c'est que j'ai eu le bonheur de plaire un peu plus qu'ils n'auraient voulu, et tout leur procédé depuis que nous sommes venus à Paris a trop marqué ce qui les touche;
mais laiſſons les faire tant qu’ils voudront, toutes leurs entrepriſes ne doivent point m’inquieter.	mais laissons les faire tant qu'ils voudront, toutes leurs entreprises ne doivent point m'inquiéter.
Ils critiquent mes Pieces, taut mieux, & Dieu me garde d'en ſaire jamais qui leur plaiſe, ce ſeroit une maurane ahalſe pont are,	Ils critiquent mes Pièces, taut mieux, et Dieu me garde d'en zaïre jamais qui leur plaise, ce serait une maurane ahalse pont are,
Mademoiſelle DE BRIE.	Mademoiselle DE BRIE.
Il n’y pas grand plaiſir pourtant à voir déchirer ſes ouvrages.	Il n'y pas grand plaisir pourtant à voir déchirer ses ouvrages.
MOLIERE.	MOLIÈRE.
Et qu’eſt-ce que cela me fait, n’ay-je pas obtenu de ma Comedie tout ce que j’en voulois obtenir, puis qu’elle a eu le bonheur d'agréer aux Auguſtes perſonnes, à qui particulierement je m’éforce de plaire?	Et qu'est-ce que cela me fait, n'ai-je pas obtenu de ma Comédie tout ce que j'en voulais obtenir, puis qu'elle a eu le bonheur d'agréer aux Augustes personnes, à qui particulièrement je m'éforce de plaire?
N’ay je pas lieu d’eſtre ſatis- fait de ſa deſtinée, & toutes leurs cenſures ne viennent elles pas trop tard?	N'ai je pas lieu d'être satî- fait de sa destinée, et toutes leurs censures ne viennent elles pas trop tard?
Eſt ce moy, je vous prie, que cela regarde maintenant;	Est -ce moi, je vous prie, que cela regarde maintenant;
& lors qu’on attuque tine piere quideu du leses y nert ce pas ataquer plûtoſt le jugement de ceux qui l’ont approuvée, que l’art de celuy qui l’a faite?	et lors qu'on attuque tine pière quidu du es y nert ce pas ataquer plutôt le jugement de ceux qui l'ont approuvée, que l'art de celui qui l'a faite?
Mademoiſelle DE BRIE.	Mademoiselle DE BRIE.
Ma foy, j’aurois joüe ce petit Monſieur l’Autheur, qui ſe meſle d’écrire contre des gens qui ne ſongent pas à luy.	Ma fo, j'aurais joue ce petit Monsieur l'Auteur, qui se mêle d'écrire contre des gens qui ne songent pas à lui.
MOLIERE.	MOLIÈRE.
Vous eſtes folle.	Vous êtes folle.
Le beau ſujet a divertir la Cour, que Monſieur Bourſaut, je voudrois bien ſçavoir de quelle façon on pourroit l’ajuſter pour le rendre plaiſant, & ſi quand on le bemeroit ſur un Theatre, il ſeroit aſſez heureus pour faire rire le monde, ce luy ſeroit trop d’honneur, que d’eſtre joûé devant une auguſte Aſſemblee, il ne demanderoit pas mieux;	Le beau sujet a divertir la Cour, que Monsieur Bours, je voudrais bien savoir de quelle façon on pourrait l'ajuster pour le rendre plaisant, et si quand on le bemeroit sur un Théâtre, il serait assez heureus pour faire rire le monde, ce Prince serait trop d'honneur, que d'être joué devant une auguste Assemblée, il ne demanderait pas mieux;
& il m’attaque de gayeté de cœur pour ſe faire connoiſtre, de quelque façon que ce ſoit.	et il m'attaque de gaieté de cœur pour se faire connaître, de quelque façon que ce soit.
C’eſt un homme qui n’arien à perdre, & les Comediens ne me l’ont dechainé, que pour m’engager a une ſotte guerre, & me détourner par cet artince des autrestouvrages que j'ay a fane y& cependant vous eſtes aſſez ſimples pour donner toutes dans ce panneau;	C'est un homme qui n'arien à perdre, et les Comédiens ne me l'ont déchaîné, que pour m'engager a une sotte guerre, et me détourner par cet artince des autrestouvrages que j'ai a fane yet cependant vous êtes assez simples pour donner toutes dans ce panneau;
mais enfiu j’en feray ma declaration publiquement.	mais enfiv j'en ferai ma déclaration publiquement.
Je ne pretends faire aucune réponſe à toutes leurs Critiques & leurs contreCntiques Qu’ils diſent tous les maux du monde de mes Pieces, j’en ſuis d’accord.	Je ne prétends faire aucune réponse à toutes leurs Critiques et leurs contreCntiques Qu'ils disent tous les maux du monde de mes Pièces, j'en suis d'accord.
Qu’ils s'en ſaiſiſſent aprés nous, qu’ils les retournent comme un habit pour les mettre ſur leur Theatre, & tâchent à profiter de quelque agrément qu’on y trouve, & d'un peu de bonheur que j’ay, j’y conſens, ils en ont beſoin;	Qu'ils s'en saisissent après nous, qu'ils les retournent comme un habit pour les mettre sur leur Théâtre, et tâchent à profiter de quelque agrément qu'on y trouve, et d'un peu de bonheur que j'ai, j'y consens, ils en ont besoin;
& je ſeray bien ayſe de contribuer à les faire ſubſiſter, pourveu qu’ils ſe contentent de ce que je puis leur accorder avec bienſeance.	et je serai bien aise de contribuer à les faire subsister, pourvu qu'ils se contentent de ce que je puis leur accorder avec bienséance.
La courtoiſie doit avoir des bornes, & il y a des choſes qui ne font rire, ny les ſpectateurs, ny celuy dont on parle.	La courtoisie doit avoir des bornes, et il y a des choses qui ne font rire, toujours les spectateurs, ni celui dont on parle.
Je leur abandonne de bon cœur mes ouvrages, ma figure, mes geſtes, mes paroles, mon ton de voix, & ma façon de reciter, pour en faire, & dire tout ce qu’il leur plaira, s’ils en peuvent tirer quelque avantvge.	Je leur abandonne de bon cœur mes ouvrages, ma figure, mes gestes, mes paroles, mon ton de voix, et ma façon de réciter, pour en faire, et dire tout ce qu'il leur plaira, s'ils en peuvent tirer quelque avent.
Je ne m’oppoſe point à toutes ces choſes, & je ſeray ravy que cela puiſſe réjoüir le monde;	Je ne m'oppose point à toutes ces choses, et je serai ravi que cela puisse réjouir le monde;
mais en leur abandonnant tout cela, ils me doivent faire la grace de me laiſſer le reſle, & de ne point toucher à des matieres de la nature de celles, ſur leſquelles on m’a dit qu’ils in attaquoient dans leurs Comedſes, c’eſt dequoy je prieray civilement cet honneſte Monſieur qui ſe meſle d’ecrire pour eux;	mais en leur abandonnant tout cela, ils me doivent faire la grâce de me laisser le rêle, et de ne point toucher à des matières de la nature de celles, sur lesquelles on m'a dit qu'ils in attaquaient dans leurs Comédses, c'est dequoy je prierai civilement cet honnête Monsieur qui se mêle d'écrire pour eux;
& voilà toute la réponſe qu’ils auront de moy.	et voilà toute la réponse qu'ils auront de moi.
Mademoiſelle BEJART.	Mademoiselle BEJART.
Mais enfin.	Mais enfin.
MOLIERE.	MOLIÈRE.
Mais ennu, vous me feniez devenir fou.	Mais ennu, vous me feniez devenir fou.
Ne parlons point de cela davantage, nous nous amuſons à faire des diſcours, au lieu de repeter noſtre Comedie;	Ne parlons point de cela davantage, nous nous amusons à faire des discours, au lieu de répéter notre Comédie;
où en eſtions nous?	où en étions nous?
je ne m’en ſouviens plus.	je ne m'en souviens plus.
Mademoiſelle DE BRIE.	Mademoiselle DE BRIE.
Vous en eſtiez àl endroit.	Vous en étiez àl endroit.
MOLIERE.	MOLIÈRE.
Mon Dieu, j’entends du bruit, c’eſt le Roy qui arrive aſſurement, & je vois bien que nous n’aurons pas le temps de paſſer outre:	Mon Dieu, j'entends du bruit, c'est le Roi qui arrive assurément, et je vois bien que nous n'aurons pas le temps de passer outre:
voila ce que que c’eſt de s’amuſer.	voilà ce que que c'est de s'amuser.
Oh bien faites donc pour Je reſte du mieux qu’il vous lera poinbie,	Oh bien faites donc pour Je reste du mieux qu'il vous lera poinbie,
Mademoiſelle BEJART.	Mademoiselle BEJART.
Par ma foy la frayeur me prend, & je ne ſçaurois aller joüer mon rôle ſi je ne le repete tout entier.	Par ma foi la frayeur me prend, et je ne saurais aller jouer mon rôle si je ne le répète tout entier.
MOLIERE.	MOLIÈRE.
Comment, vous ne ſçauriez aller joüer voſtre tôle?	Comment, vous ne sauriez aller jouer votre tôle?
Non.	Non.
Mademoiſelle BEJART Mademoiſelle DU PARC.	Mademoiselle BEJART Mademoiselle DU PARC.
Ny moy le mienMademoiſelle DE BRIE.	Ni moi le mienMademoiselle DE BRIE.
Ny moy non plus.	Ni -moi non plus.
Mademoiſelle MOLIERE.	Mademoiselle MOLIÈRE.
Ny moy.	Ni -mo.
Mademoiſelle HERVE’.	Mademoiselle HÉRVE.
Ny moy.	Ni -mo.
Mademoiſelle D u CROISY.	Mademoiselle D u CROISY.
Ny moy.	Ni -mo.
MOLIERE.	MOLIÈRE.
Que penſez vous donc faire, vous mocquez.	Que pensez vous donc faire, vous moquez.
vous toutes de moy?	vous toutes de moi?
SCENE BEJART, MOLIERE, &c.	SCÈNE BEJART, MOLIÈRE, etc.
N BEJART.	N NEART.
Eſſieurs, je viens vous avertir que le Roy eſt venu, & qu’il attend que vous commenciez.	Esssieurs, je viens vous avertir que le Roi est venu, et qu'il attend que vous commenciez.
MOLIERE.	MOLIÈRE.
Ah Monſieur, vous me voyez dans la plus grande peine du monde, je ſuis deſeſperé à l’heure que je vous parle, voicy des Femmes qui s’effrayent, & qui diſent qu’il leur faut repeter leuis leurs rôles avant que d’aller commencer, nous demandons de grace encore un moment, le Roy a de la bonté, & il ſçait bien que la choſe a eſté precipitée.	Ah Monsieur, vous me voyez dans la plus grande peine du monde, je suis désespéré à l'heure que je vous parle, voici des Femmes qui s'effraient, et qui disent qu'il leur faut répéter leuis leurs rôles avant que d'aller commencer, nous demandons de grâce encore un moment, le Roi a de la bonté, et il sait bien que la chose a été précipitée.
Eh, de grace, tâchez de vous remettre, prenez courage je vous prie.	Eh, de grâce, tâchez de vous remettre, prenez courage je vous prie.
Mademonene D'u PARC.	Mademonene D'u PARC.
Vous devez vous aller excuſer.	Vous devez vous aller excuser.
MOLIERE.	MOLIÈRE.
Comment m’exculer?	Comment m'exculer?
SCENE.	SCÈNE.
MOLIERE, Mademoiſelle BEJART, &c.	MOLIÈRE, Mademoiselle BEART, etc.
Un neceſſaire.	Un nécessaire.
Meſſieurs, commencez donc.	Messieurs, commencés donc.
MOLIERE.	MOLIÈRE.
Tout à l’heure, Monſieur, je croy que je perdray l’eſprit de cette affaire-cy, &.	Tout à l'heure, Monsieur, je crois que je perdrai l'esprit de cette affaire-cy, et.
SCENE.	SCÈNE.
MOLIERE, Mademoiſelle BeJART, &c.	MOLIÈRE, Mademoiselle BeART, etc.
Autre neceſſaire.	Autre nécessaire.
Neſſieurs, commencez donc.	Nessieurs, commencés donc.
MOLIERE.	MOLIÈRE.
Dans un moment, Monſieur.	Dans un moment, Monsieur.
Et quoy donc, voulez vous que j’aye l’affront.	Et quoi donc, voulez -vous que j'aie l'affront.
CENE.	CÈNE.
MOLIERE, Mademoiſelle BEJART, &c.	MOLIÈRE, Mademoiselle BEART, etc.
Autre neceſſaire.	Autre nécessaire.
Meſſieurs commencez donc.	Messieurs commencés donc.
MOLIERE.	MOLIÈRE.
Oüy, Monſieur, nous y allons.	Oui, Monsieur, nous y allons.
Eh, que de gens ſe font de feſte, & viennent dire commencez donc, à qui le Roy ne l’a pas commandé.	Eh, que de gens se font de fête, et viennent dire commencez donc, à qui le Roi ne l'a pas commandé.
SCENE.	SCÈNE.
MOLIERE, Mademoiſelle Bejarr, &c.	MOLIÈRE, Mademoiselle Béjarr, etc.
Autre neceſſaire.	Autre nécessaire.
Meſſieurs, commencez donc.	Messieurs, commencés donc.
MOLIERE.	MOLIÈRE.
Voilà qui eſt fait, Monſieur.	Voilà qui est fait, Monsieur.
Quoy donc recevray-je la confulion.	Quoi donc recevrai-je la confulion.
SCENE.	SCÈNE.
BEJART, MOLIERE, &c.	BEJART, MOLIÈRE, etc.
MOLIERE.	MOLIÈRE.
Monſieur, vous venez pour nous dire de commencer, mais.	Monsieur, vous venez pour nous dire de commencer, mais.
ART.	ART.
Non Meſſieurs, je viens pour vous dire qu’on a dit au Roy l’embaras où vous vous trouviez, & que par une bonte toute particuliere il remet vôtre nouvelle Comedie à une autre fois, & ſe contente pour aujourd’huy de la premiere que pourrez donner.	Non Messieurs, je viens pour vous dire qu'on a dit au Roi l'embarras où vous vous trouviez, et que par une bonté toute particulière il remet votre nouvelle Comédie à une autre fois, et se contente pour aujourd'hui de la première que pourrez donner.
MOLIERE.	MOLIÈRE.
Ah!	Ah!
Monſieur, vous me redonnien la vie, le Roy nous fait la plus grande grace du monde de nous donner du temps, pour ce qu’il avoit foûhaité;	Monsieur, vous me redonnien la vie, le Roi nous fait la plus grande grâce du monde de nous donner du temps, pour ce qu'il avait souhaité;
& nous allons tous le remercier des extremes bontez qu’il nous fait paroiſtre.	et nous allons tous le remercier des extrêmes bontés qu'il nous fait paraître.
FIN.	FIN.
