E AV DE AT	 AU DE AT
E ſuis ſi content de l’approbation que tu as donnée au Feſtin de Pierre.	E suis si content de l'approbation que tu as donnée au Festin de Pierre.
que ie t’expoſay il y a quelques Mois, que ie me ſuis perſuadé que i'aurois plus de ſatisfaction, & que ie trouueroit mieux mon compte à t’adreſſer cette petite Comedie Burleſque, ſous le titre de l’Apoticaire Déualiſé, qu'à luy chercher parmy les Grands vn Protecteur qui l’aban	que ici t'exposai il y a quelques Mois, que sans me suis persuadé que j'aurais plus de satisfaction, et que sans trouverait mieux mon compte à t'adresser cette petite Comédie Burlesque, sous le titre de l'Apoticaire Dévalisé, qu'à lui chercher parmi les Grands un Protecteur qui l'aban
donneroit, & qui peſteroit peut-eſtre contre l’Autheur, s’il falloit qu’il luy en couſtât quelques nipes des reſtes de l'Entrée de la Reyne, en reconnoiſſance des beaux mots qu’il auroit étalez à ſa loüange, à celle de ſes Prédeceſſeurs, & de ſes Deſcendans;	donnerait, et qui pesterait peut-être contre l'Auteur, s'il fallait qu'il lui en coûtât quelques nipes des restes de l'Entrée de la Reine, en reconnaissance des beaux mots qu'il aurait étalés à sa lange, à celle de ses Prédécesseurs, et de ses Descendants;
car c’eſt la couſtume ordinaire de déterrer les vns, & de faire naiſtre les autres par Prophetie dix ans auparauant que la Naturs ait ſongé à les produire.	car c'est la coutume ordinaire de déterrer les uns, et de faire naître les autres par Prophétie dix ans auparavant que la Naturs ait songé à les produire.
Pour moy qui puis auoüer ſans vanité que ie ſuis le plus ignorant Homme du monde en matiere de Genealogie, & le plus inhabile à faire des Enfans valeureux & ſçauans auant qu’ils ayent l’vſage des bras & de la langue, & qui ſuis encore moins intereßé, i’aime mieux auoir à faire à toy, que de m’embarquer ſans biſcuit, & que d’eſtre reduit à la confuſion de me voir jetter quelque habit à la teſte, ou quelqu’autre bagatelle, ſuiuie peut eſtre de quelque murmure entre les dents, qui diroit, malepeſte ſoit l’importun.	Pour moi qui puis auoüer sans vanité que je suis le plus ignorant Homme du monde en matière de Genealogie, et le plus inhabile à faire des Enfants valeureux et savants avant qu'ils aient l'usage des bras et de la langue, et qui suis encore moins interessé, j'aime mieux avoir à faire à toi, que de m'embarquer sans biscuit, et que d'être réduit à la confusion de me voir jetter quelque habit à la tête, ou quelqu'autre bagatelle, suivie peut être de quelque murmure entre les dirait, qui dirait, malepeste soit l'importun.
Apres ces mots l'habit fût-il couuert d’or & d’argent juſqu’au colet, i’en trouuerois la dentelle tout à fait hors de mode, & c’eſt à mon ſens auſſi la plus vilaine dont on puiſſe chamarrer vn habit.	Après ces mots l'habit fût-il couvert d'or et d'argent jusqu'au collet, j'en trouverais la dentelle tout à fait hors de mode, et c'est à mon sens aussi la plus vilaine dont on puisse chamarrer un habit.
Ie reuiens donc à toy, à qui ie ne demande rien pour le préſent que ie te fais de ce mediocre Ouurage, que la bontè d’en parler mediocrement auſſi, & de ne pas ſuiure l'aueugle paſſion d’vn ignorant qui l’a voulu déchirer auant que de ſçauoir s’il eſtoit en papier ou en parchemin.	Je reviens donc à toi, à qui ren ne demande rien pour le présent que je te fais de ce médiocre Ouvrage, que la bontè d'en parler médiocrement aussi, et de ne pas suivre l'aveugle passion d'un ignorant qui l'a voulu déchirer avant que de savoir s'il était en papier ou en parchemin.
La conſolation que i’en puis tirer, C’eſt qu’il eſt d’vne Religion où il ne faut rien croire que ſur bons gages, & que pour me venger il eſt logé aupres d’vn Apoticaire qui m'a promis de ne luy donner pas plus de repos que le mien en donnoit à Liſandre.	La consolation que j'en puis tirer, C'est qu'il est d'une Religion où il ne faut rien croire que sur bons gages, et que pour me venger il est logé auprès d'un Apoticaire qui m'a promis de ne lui donner pas plus de repos que le mien en donnait à Lisandre.
Ne fais pas de meſme, ie t’en conjure, prens la peine de le lire, & en le ujuit, figure toy toutes les actions qui ſe peuuent ajouſter aux paroles, ſi tu ne les as point veües à l’Hoſtel de Bourgogne;	Ne fais pas de même, je t'en conjure, prends la peine de le lire, et en le ujuit, figure toi toutes les en qui se peuuent ajouster aux paroles, si tu ne le as point veües Hostel de Bourgogne;
& ie ſuis aſſeuré que tu me ſeruiras de ſecond contre celuy qui parle des choſes ſan les connoiſtre:	et et suis assuré que tu me serviras de second contre celui qui parle des choses san les connaître:
Mais non, ie te remercie, la partie ne ſeroit pas égale, nous ſeribns troj contre vn;	Mais non, Seigneur te remercie, la partie ne serait pas égale, nous seribns troj contre un;
il eſt tout ſeul, & qui dit le Public, dit tout le monde.	il est tout seul, et qui dit le Public, dit tout le monde.
Si par bonheur cette petite Comedie te plaiſt, ie ſeray trop paye du peu de peine qu’elle m'a couſté à faire.	Si par bonheur cette petite Comédie te plaît, Madame serai trop paie du peu de peine qu'elle m'a coûté à faire.
Si par malheur elle ne te plaiſt pas, oblige moy de n'en rien dire, pour l’amour du Libraire, qui n'en vendra pas tant de la moitié, ſi tu luy refuſes ton approbation:	Si par malheur elle ne te plaît pas, oblige moi de n'en rien dire, pour l'amour du Libraire, qui n'en vendra pas tant de la moitié, si tu voulait refuses ton approbation:
Cela ſe doit, ce me ſemble, à la charité que l’on doit auoir pour ſon prochain, & tu le dois encore à la maniere dont ie parle de ce qui vient de moy.	Cela se doit, ce me semble, à la charité que l'on doit avoir pour son prochain, et tu le dois encore à la manière dont ici parle de ce qui vient de moi.
Que ſi ma priere eſt inciuile, ou peu raiſonnable, le remets le tout à ton choix, & ie me ſoûmets entiere:	Que si ma prière est incivile, ou peu raisonnable, le remets le tout à ton choix, et Seigneur me soumets entière:
ment à ce que tu en diras, parce que tu t'y connois.	ment à ce que tu en diras, parce que tu t'y connais.
Tout Autheur de noſtre calibre Doit laiſſer le ſuffrage libre;	Tout Auteur de notre calibre Doit laisser le suffrage libre;
Aucuns n’en vſent pas ainſi, ui deuroient bien le faire auſſi.	Aucuns n'en usent pas ainsi, ui devraient bien le faire aussi.
Bxtrait du Priuilege du Roy.	Bxtrait du Privilège du Roi.
DAR Grâce & Priuilege du Roy, donné à Paris L le neuf Nouembre 1660.	DAR Grâce et Privilège du Roi, donné à Paris L le neuf Novembre 1660.
Signé, Par le Roy en on Conſeil, BOVCHART;	Signé, Par le Roi en on Conseil, BOUCHART;
Il eſt permis à Charles le Sercy Marchand Libraire à Paris, d’imprimer ou aire imprimer, vendre & debiter, vne Piece de Theatre, intitulée L’Apoticaire Déualiſé, en telle narge, tel caractere, & autant de fois que bon luy emblera, & ce pendant le temps de neuf ans entiers & accomplis, à commencer du iour que ladite Piece era acheuée d’imprimer pour la premiere fois.	Il est permis à Charles le Sercy Marchand Libraire à Paris, d'imprimer ou aire imprimer, vendre et débiter, une Pièce de Théâtre, intitulée L'Apoticaire Dévalisé, en telle narge, tel caractère, et autant de fois que bon lui emblera, et ce pendant le temps de neuf ans entiers et accomplis, à commencer du jour que ladite Pièce era achevée d'imprimer pour la première fois.
Et efenſes ſont faites à tous Libraires, Imprimeurs, « autres perſonnes, de quelque qualité & condition u’elles ſoient, de l’imprimer, faire imprimer, venre, & debiter, ſans le conſentement de l’Expoſant, u de ceux qui auront droict de luy, à peine aux ontreuenans de trois mille liures d’amende, conſcation des exemplaires contrefaits, & de tous eſpens, dommages & intereſts, ainſi que plus au ong il eſt porté audit Priuilege.	Et éfenses sont faites à tous Libraires, Imprimeurs, " autres personnes, de quelque qualité et condition eelles soient, de l'imprimer, faire imprimer, venre, et débiter, sans le consentement de l'Exposant, u de ceux qui auront droit de Seigneur, à peine aux ontreuenans de trois mille livres d'amende, conscation des exemplaires contrefaits, et de tous épens, dommages et intérêts, ainsi que plus au gît il est porté audit Privilège.
Regiſtré ſur le Liure de la Communauté, ſuiant l’Arreſt de la Cour de Parlement.	Registré sur le Livre de la Communauté, suivant l'Arrêt de la Cour de Parlement.
Signé, IOSSE, Syndic.	Signé, JOSES, Syndic.
Acheué d’imprimer pour la premiere fois le 13.	Achevé d'imprimer pour la première fois le 13.
Nouembre 1060.	Novembre 1060.
Les exemplaires ont eſté fournis.	Les exemplaires ont été fournis.
Anemino.	Ànemino.
LISANDRE.	LISANDRE.
Ennemis de Maiſtre Robert.	Ennemis de Maître Robert.
DAMIS.	DAMIS.
S MAISTRE ROBERT, Apoticaire.	 MAÎTRE ROBERT, Apoticaire.
LVCRECE, Fillé de Maiſtre Robert.	LUCRECE, Fillé de Maître Robert.
onmiene Ey Mere de Lucrece.	onmène Ei Mère de Lucrece.
LIDAMANT, Amnodreux de Lucrece.	LIDAMANT, Amnodreux de Lucrece.
ISABELLE, Suiuante.	ISABELLE, Suivante.
AGRIMONT, Valet d’vn Gaſcon qui ne paroiſt point.	AGRIMONT, Valet d'Homme Gascon qui ne paraît point.
MAISTRE AMBROISE, Voifin de M.	MAÎTRE AMBROISE, Voifin de M.
Robert.	Robert.
FABRICE, Compagnon Apoticaire.	FABRICE, Compagnon Apoticaire.
ARCHERS.	ARCHERS.
TROIS VOISINS aux feneſtres.	TROIS VOISINS aux fenêtres.
La Scene eſt à Paris.	La Scène est à Paris.
L’APOTICAIRE DEVALISE’.	L'APOTICAIRE DÉVALISÉ.
MEDIE DVRLEGQVE.	MÉDIE DVRLEGQVE.
DCENE TREMIERE.	DCENE TREMIERE.
1110 LISANDRE, DAMIS.	1110 LISANDRE, DAMIS.
LISANDRE.	LISANDRE.
NrIN ie me voy libre, & par vn coup d’adreſſe I’ay quitté deux Amis pour prendre vne Maîtreſſe.	NrIN belle me vois libre, et par un coup d'adresse J'ai quitté deux Amis pour prendre une Maîtresse.
La prendre!	La prendre!
Ah!	Ah!
vain eſpoir, où m’auez-vous appris Qu’vn Captif puiſſe prendre vn objet qui l’a pris?	vain espoir, où m'avez-vous appris Qu'un Captif puisse prendre un objet qui l'a pris?
Icy l’on carillonne dans vn Mortier chez M.	Ici l'on carillonne dans un Mortier chez M.
Robert.	Robert.
O Ciel!	Ô Ciel!
tout me trauerſe, & tout me deſeſpere.	tout me traverse, et tout me désespère.
Faut-il que mon malheur faſſe veiller ſon Pere, Et que cet importun auecques ſon Mortier Eſveille tous les Chats & les Chiens du quartier?	Faut-il que mon malheur fasse veiller son Père, Et que cet importun avec son Mortier Éveille tous les Chats et les Chiens du quartier?
Ha!	Ha!
que ſi mon bonheur me montroit Iſabelle, En trois ou quatre mots conférez auec elle, Ie ſçaurois ſi Lucrece a de l’amour pour moy.	que si mon bonheur me montrait Isabelle, En trois ou quatre mots conférez avec elle, Je saurais si Lucrece à de l'amour pour moi.
Que mon bonheur eſt grand!	Que mon bonheur est grand!
Elle vient, ie la voy.	Elle vient, Seigneur la vois.
Hé bien, ma Chere, hé bien, me tiẽdras-tu promeſſer Puis-je voir à preſent ton aimable Maîtreſſe?	Hé bien, ma Chère, hé bien, me tierdras-tu promesser Puis-je voir à présent ton aimable Maîtresse?
mouc oltdume, ce par eoue leo gens ſont retirez.	mouc oltdume, ce par évoue leo gens sont retirez.
Comment, tu ne dis mot?	Comment, tu ne dis mot?
ISABELLE.	ISABELLE.
Paix, & vous moderez.	Paix, et vous modérez.
Ie viens vous auertir de tout cé qu’il faut faire Pour nous faire à deſſein découurir par la Mere,	Je viens vous avertir de tout cé qu'il faut faire Pour nous faire à dessein découvrir par la Mère,
LIDAMANT.	LIDAMANT.
Parles viſte, i’attens auecques paſſion.	Parles vite, j'attends était passion.
ISABELLE.	ISABELLE.
vous verſez des enets de mon affection.	vous versez des enets de mon affection.
LIDAMANT.	LIDAMANT.
Ne me fais plus languir, r’achete tes paroles.	Ne me fais plus languir, rachète tes paroles.
ISABELLE.	ISABELLE.
Combien ſans en mentir?	Combien sans en mentir?
alaaMin re Au peſant des piſtoles.	alaMin re Au pesant des pistoles.
ASADELLE.	ASADELLE.
Souuent on parle à moins.	Souvent on parle à moins.
LIDAMANT.	LIDAMANT.
En veux-tu des effets?	En veux-tu des effets?
ISABELLE.	ISABELLE.
Ce n’eſt point pour l’argent que tout ce que ie faits.	Ce n'est point pour l'argent que tout ce que ie faits.
Icy l'on carillonne encore.	Ici l'on carillonne encore.
Mais vous entendez bien que noſtre vieux Critique Eſt à carillonner encore en ſa Boutique?	Mais vous entendez bien que notre vieux Critique Est à carillonner encore en sa Boutique?
A tantoſt la partie;	À tantôt la partie;
& quand vous reuiendrez, Voicy de poinct en poinct tout ce que vous ferez.	et quand vous reviendrez, Voici de point en poinct tout ce que vous ferez.
Touſſez.	Toussez.
Ie ſeray preſte à vous ouurir la porte, I’obligeray Lucrece à deſcendre, de ſorte Que vous pourez parler tous deux quelques momens.	Je serai prête à vous ouvrir la porte, J'obligerai Lucre à descendre, de sorte Que vous pourrez parler tous deux quelques moments.
LIDAMANT.	LIDAMANT.
Puis-je donner creance à ces mots?	Puis-je donner créance à ces mots?
ISABELLE.	ISABELLE.
Si ie mens, Ne faites plus jamais eſtime d’Iſabelle:	Si ici mens, Ne faites plus jamais estime d'Isabelle:
Mais la plus importante & plus grande nouuelle, C’eſt que noſtre Bourru s’en va bien-toſt ſortir Pour penſer quelques gens qui l’ont fait auertir:	Mais la plus importante et plus grande nouvelle, C'est que notre Bourru s'en va bientôt sortir Pour penser quelques gens qui l'ont fait avertir:
Il n’y ſçauroit fournir, il a plus de pratique.	Il n'y saurait fournir, il a plus de pratique.
Ie l’entens que ie croy parler dans ſa Boutique;	Je l'entends que personne crois parler dans sa Boutique;
Ne manquez pas ſur tout, pour ne rien oublier, Qu’en parlant il faudra heurter contre rhmſſortier, Ou cõtre quelque porte, ou quelqu’endroit quipuiſſe Paneecadecapdeblalt.	Ne manquez pas sur tout, pour ne rien oublier, Qu'en parlant il faudra heurter contre rhmssortier, Ou cõtre quelque porte, ou quelqu'endroit quipuisse Panécadecapdeblalt.
LIDAMANT.	LIDAMANT.
D’où te vient ce caprice:	D'où te vient ce caprice:
ISABELLE.	ISABELLE.
Caprice!	Caprice!
Par ma foy c’eſt vn raiſonnement Qui mettra dans vos bras Lucréce aſſeurément;	Par ma foi c'est un raisonnement Qui mettra dans vos bras Lucrèce assurément;
Curce ordit lans iaim cuemera la Mele.	Curce ordit lans iaim cuemera la Mele.
Lucrece voudra lors éuiter ſa colere;	Lucre voudra lors éviter sa colère;
Moy ie prendray mon temps pour la perſuader.	Mo ie prendrai mon temps pour la persuader.
Mais auſſi n’allez pas m’en donner à garder.	Mais aussi n'allez pas m'en donner à garder.
LIDAMANT.	LIDAMANT.
Ha!	Ha!
qu’en ce meſme inſtant la terre m’engloutiſſe Et nie prens lamais de Eucrcee vi baiſer, Ny la moindre faueur, auant que l’épouſer.	qu'en ce même instant la terre m'engloutisse Et nie prends lamais de Eucrcee vi baiser, Ni la moindre faveur, avant que l'épouser.
ISABELLE.	ISABELLE.
A ces conditions ie ſuis bien aſſeurée D’auoir vne tres-belle & tres-ample liurée.	À ces conditions beau suis bien assurée D'avoir une très-belle et très-le livrée.
LIDAMANT.	LIDAMANT.
Ta liurée, Iſabelle, oüy, i’en jure ma foy.	Ta livrée, Isabelle, oui, j'en jure ma foi.
ISABELLE.	ISABELLE.
Ie vais ſonger à vous, allez ſonger à moy.	Je vais songer à vous, allez songer à moi.
A ij	À ij
SCENE II.	SCÈNE II.
LISANDRE, DAMIS.	LISANDRE, DAMIS.
LISANDRE.	LISANDRE.
Voy?	Vois?
nousquitter aini;	nousquitter aini;
m'épriſer noſtre eſcorte!	m'épriser notre escorte!
Lidamant deuoit bien en vſer d’autre ſorte;	Lidamant devait bien en user d'autre sorte;
Il eit tres-aſſeuré de receuoir de moy.	Il eit très -asseuré de recevoir de moi.
DAMIS.	DAMIS.
Liſandre, ſans mentir vous auez tort.	Lisandre, sans mentir vous avez tort.
LISANDRE.	LISANDRE.
Pourquoy?	Pourquoi?
DAMIS.	DAMIS.
Parce qu’il n’eſt ſorty que pour voir ſa Maîtreſſe.	Parce qu'il n'est sorti que pour voir sa Maîtresse.
LISANDRE.	LISANDRE.
Il eſt donc amoureux;	Il est donc amoureux;
& de qui?	et de qui?
DAMIS.	DAMIS.
De Lucrece.	De Lucrece.
LISANDRE.	LISANDRE.
Mais quel bruit eſt-ce là?	Mais quel bruit est-ce là?
Icy i’on carillonne chez M.	Ici j'on carillonne chez M.
Robert.	Robert.
DAMIS.	DAMIS.
C’eſt vn Pharmacien, Son Pere, fort ſçauant, & Docteur ancien, Délogé depuis peu du quartier de la Hale, Nommé Maiſtre Robert.	C'est un Pharmacien, Son Père, fort Savant, et Docteur ancien, Délogé depuis peu du quartier de la Hale, Nommé Maître Robert.
LISANDRE.	LISANDRE.
Qui?	Qui?
cette barbe ſale,	cette barbe sale,
DAMIS.	DAMIS.
Il n’eſt pas mal nommé ſans doute;	Il n'est pas mal nommé sans doute;
Mais enfin Il a montré le Droict, il eſtoit Medecin;	Mais enfin Il a montré le Droit, il était Médecin;
Et ne voyant pas bien reüſſir ſon affaire, Ce Monſieur le Docteur s’eſt fait Apoticaire;	Et ne voyant pas bien réussir son affaire, Ce Monsieur le Docteur s'est fait Apoticaire;
Le cent aum pourquoy toute la Faculté Le hait.	Le cent aum pourquoi toute la Faculté Le hait.
LISANDRE.	LISANDRE.
Elle a raiſon;	Elle a raison;
cet Eſprit éuenté, A déroger ainſi, n’a-t’il point eu de honte?	cet Esprit éventé, A déroger ainsi, n'a-t-il point eu de honte?
DAMIS.	DAMIS.
Non pas, puis qu’en effet il y fait mieux ſon compte.	Non pas, puis qu'en effet il y fait mieux son compte.
LTSANDRE.	LTSANDRE.
Que i’ay maudit de fois ſon malheureux meſtier!	Que j'ai maudit de fois son malheureux métier!
Il m’a penſé tuer auecques ſon mortier.	Il m'a pensé tuer avec son mortier.
DAMIS.	DAMIS.
Et de quelle façon?	Et de quelle façon?
LISANDRE.	LISANDRE.
C’eſt qu’vn jour en colere Ie voulus me ſeruir d’vn autre Apotiquaire.	C'est qu'un jour en colère Je voulus me servir d'un autre Apothicaire.
Ce faquin indigné de voir mon changement, N’euſt pas voulu laiſſer paſſer vn ſeuſ moment Sans mettre tous les jours & ſes ſoins & ſes veilles A faire vn carillon ſans ceſſe à mes oreilles:	Ce faquin indigné de voir mon changement, N'eût pas voulu laisser passer un petits moment Sans mettre tous les jours et ses soins et ses veilles À faire un carillon sans cesse à mes oreilles:
Mais ſi ie puis iamais à mon poinct le ſaiſir, Ie carillonneray les ſiennes à plaiſir;	Mais si ici puis jamais à mon point le saisir, Je carillonnerai les siennes à plaisir;
Si ie puis l’attraper à cent pas de ſa porte, Il ſçaura comment frape vn homme de ma ſorteQuelques-vns de ma part voulurent luy parler, Le coquin fit le fier, & dît qu’à diſtiler Il ne gagneroit pas du pain dans ſa Boutique;	Si personne puis l'attraper à cent pas de sa porte, Il saura ment frappe un homme de ma sorteQuelques-Hs de ma part voulurent était parler, Le coquin fit le fier, et dît qu'à distiler Il ne gagnerait pas du pain dans sa Boutique;
Qu’il faloit que chacun veſcût de ſa pratique, Et que quand il ſeroit à ſon dernier morceau, Ie ne luy voudrois pas donner vn verre d’eau;	Qu'il fallait que chacun vécût de sa pratique, Et que quand il serait à son dernier morceau, Je ne lui voudrais pas donner un verre d'eau;
De ſorte qu’ennuyé de toutes ſes paroles, Il falut le chaſſer à force de piſtoles.	De sorte qu'ennuyé de toutes ses paroles, Il fallut le chasser à force de pistoles.
Mais puis que le ſort veut que ie le trouue icy.	Mais puis que le sort veut que ici le trouve ici.
d lllaras Hé bien, que luy veux-tu?	 dllaras Hé bien, que lui veux-tu?
LISANDRE.	LISANDRE.
Luy dire grand-mercy.	Lui dire grand-merci.
DAMIS.	DAMIS.
Tu luy veux faire piece?	Tu autre veux faire pièce?
nienius dur Qu’il en ſera parlé.	nience dur Qu'il en sera parlé.
Oüy, telle ie te jure,	Oui, telle rien te jure,
DAMIS.	DAMIS.
Hé bien, ie te conjure De m’en laiſſer le ſoin;	Hé bien, Seigneur te conjure De m'en laisser le soin;
ie vais preſentement Te venger de ton homme aſſez adroitement.	Ne vais présentement Te venger de ton homme assez adroitement.
Mais ce Maiſtre Robert eſt Pere de Lucrece;	Mais ce Maître Robert est Père de Lucrece;
Et Lidamant qui veut la prendre pour Maîtreſſe, S’offenſera ſans doute.	Et Lidamant qui veut la prendre pour Maîtresse, S'offensera sans doute.
LISANDRE.	LISANDRE.
Il n’importe, ie veux Qu’ils ayent part à la piece également tous deux.	Il n'importe, ie veux Qu'ils aient part à la pièce également tous deux.
DAMIS.	DAMIS.
Dunte moj uone agn, le rg̨uio vn ſeratagéme Qui le met dans tes mains.	Dunte même ouvone agn, le rg̨uio un seratagème Qui le met dans tes mains.
LISANDRE.	LISANDRE.
Que ma joye eſt extréme!	Que ma joie est extrême!
Ne diferons donc plus.	Ne diférons donc plus.
DAMIS.	DAMIS.
Et tu verras beau jeu.	Et tu verras beau jeu.
Quatre pas à l’écart,	Quatre pas à l'écart,
LISANDRE.	LISANDRE.
Mais n’eſt-il point trop tard?	Mais n'est-il point trop tard?
SCENE III.	SCÈNE III.
LEUARDICDeuene, DAMIS, M.	LEUARDICDeuene, DAMIS, M.
ROBERT à ſa feneſtre.	ROBERT à sa fenêtre.
M.	M.
ROBERT.	ROBERT.
Vis in portam meam vient heurter de la ſorte?	Vis in portam meam vient heurter de la sorte?
L’acceleration ſe redouble plus forte;	L'accélération se redouble plus forte;
Ce ſont mes ſeruiteurs, ou bien mes apprentifs, Aut inſipientes, ou peu judicatifs;	Ce sont mes serviteurs, ou bien mes apprentifs, Aut insipientes, ou peu judicatifs;
Car iamais d’autres gens neprendroiẽt tãt d’audate.	Car jamais d'autres gens neprendraient tendre.
Sçachons-le.	Sachons-le.
Quid petx?	Qui petixx?
Cardasi.	Cardasi.
Enſeignez-moy, de grace, La maiſon où demeure vn Pharmacien expert, Et Docteur à moitié, nommé Maiſtre Robert.	Enseignez-moi, de grâce, La maison où demeure un Pharmacien expert, Et Docteur à moitié, nommé Maître Robert.
M.	M.
ROBERT.	ROBERT.
Il eſt Monſieur pour vous, il n’eſt Maiſtre ny Sire, Mais Docteur omnino, quoy que vous puiſſiez dire.	Il est Monsieur pour vous, il n'est Maître ni Sire, Mais Docteur omno, quoi que vous puissiez dire.
voue cuaallen anana de ly palrauuer	voue cuaallen ana de li palrauver
DAMIS.	DAMIS.
C’eſt doncques à luy-meſine à qui ie parle icy?	C'est donc à lui-mène à qui jours parle ici?
M.	M.
ROBERT.	ROBERT.
Ita, vous luy parlez en ſa propre perſonne.	Ita, vous lui parlez en sa propre personne.
DAMIS.	DAMIS.
Que le Ciel ſoit loüé du bonheur qu’il me donne!	Que le Ciel soit loué du bonheur qu'il me donne!
Puis qu’enfin par vos ſoins il ſera ſecouru.	Puis qu'enfin par vos soins il sera secouru.
M.	M.
ROBERT.	ROBERT.
DAMIS.	DAMIS.
Ce pauure Seigneur pour qui i’ay tant couru.	Ce pauvre Seigneur pour qui j'ai tant couru.
Ouurez.	Ouvrez.
M.	M.
ROBERT.	ROBERT.
Neſcio vos, il n’eſt pas neceſſaire, Parlez, & nous verrons ce qu’il conuiendra faire.	Nescio vos, il n'est pas nécessaire, Parlez, et nous verrons ce qu'il conviendra faire.
Helas!	Hélas!
DAMIS.	DAMIS.
M.	M.
ROBERT.	ROBERT.
Mais viſte, auce clarinication, Car non intelligo voſtre locution, Non plus que la teneur de ſa ſignifiance.	Mais vite, auce clarinication, Car non intelligo vôtre locution, Non plus que la teneur de sa signifiance.
DAMTO.	DAMTO.
Ha!	Ha!
Docteur, il y va de voſtre conſcience, Si vous laiſſez mourir ce pauure Caualier.	Docteur, il y va de votre conscience, Si vous laissez mourir ce pauvre Cavalier.
M.	M.
ROBERT.	ROBERT.
Ay-je comme Socrate vn Eſprit familier?	Ai-je comme Socrate un Esprit familier?
Et ſans eſtre sorcier, raut-il que ie deuine?	Et sans être sorcier, raut-il que . devine?
DAMIS.	DAMIS.
Comment, vous n’auez pas fait cette Medecine Pour mon Maiſtre?	Comment, vous n'avez pas fait cette Médecine Pour mon Maître?
M.	M.
ROBERT.	ROBERT.
Nenny.	Nenni.
EIMTJ.	EIMTJ.
Parlez-vous tout de bon?	Parlez-vous tout de bon?
M.	M.
KOBERT.	OBERT.
Voulez-vous point parler de ce Seigneur Gaſcont Eſtes-vous Agrimont ſon Valet?	Voulez-vous point parler de ce Seigneur Gascont Êtes-vous Agrimont son Valet?
DAMIS.	DAMIS.
Oüy, moy-méme.	Oui, moi-même.
M.	M.
ROBERT.	ROBERT.
Ie m’en vay trauailler en diligence extréme;	Je m'en vais travailler en diligence extrême;
Attendez vn moment.	Attendez un moment.
DAMIS.	DAMIS.
Viſte, car ie crains fort Que ſi vous retardez, nous ne le trouuions mort.	Vite, car voulez crains fort Que si vous retardez, nous ne le trouvions mort.
un nevelr.	un nevelr.
Quel eſt ſon mal?	Quel est son mal?
DAMIS.	DAMIS.
Vn grand débordement de bile.	Un grand débordement de bile.
M.	M.
ROBERT.	ROBERT.
Auecques diligence & properation;	Avecques diligence et propération;
indis le ll eipergro pue que cette potion.	indis le ll eipergro pue que cette potion.
Se donnât que Ieudy, qui ſera ce me ſemble Perendino die.	Se donnât que Jeudi, qui sera ce me semble Pérendino die.
Hil Mlo.	Hil Mlo.
Helas!	Hélas!
Monſieur, ie tremble.	Monsieur, Seigneur tremble.
De crainte qu’il ne meure auant le Mercredy.	De crainte qu'il ne meure avant le Mercredi.
M.	M.
ROBERT.	ROBERT.
Vrayment Seruus meus eſt vn franc étourdy.	Vraiment Servus meus est un franc étourdi.
DAMIS.	DAMIS.
Monſieur, ie luy donnay moy-même l’Ordonnance.	Monsieur, ie luy donnai moi-même l'Ordonnance.
M.	M.
ROBERT.	ROBERT.
Ie m’en vais trauailler à ſa conualeſcence;	Je m'en vais travailler à sa convalescence;
Retrogradez chez vous, ie vous ſuiuray de pres.	Retrogradez chez vous, je vous suivrai de pres.
DAMIS.	DAMIS.
Au moins prenez bien garde, en faiſant vos apreſts, De quelque qui pro quo.	Au moins prenez bien garde, en faisant vos apprêts, De quelque qui pro quo.
M.	M.
ROBERT, Vous eſtes vn mal ſage;	ROBERT, Vous êtes un mal sage;
Ie n’en ay iamais fait dans mon apprentiſſage, Ignorantiſſime, à plus forte raiſon Tempore præſenti, que i’ay le poil griſon;	Je n'en ai jamais fait dans mon apprentissage, Ignorantissime, à plus forte raison Tempore præsenti, que j'ai le poil grison;
Mais il faut excuſer vne ignorance craſſe.	Mais il faut excuser une ignorance crasse.
Ie marche ſur vos pas.	Je marche sur vos pas.
DAMIS.	DAMIS.
Adieu donc.	Adieu donc.
LISANDRE.	LISANDRE.
Que i’embraſſe L’homme le plus adroit qui ſoit dans l’Vniuers.	Que j'embrasse L'homme le plus adroit qui soit dans l'Univers.
Elceuton te fledictee elpln de dadtia.	Elçuton te flèdictée elpln de dadtia.
SCENE IV.	SCÈNE IV.
MAISTRE ROBERT, FABRICE, LISANDRE, & DAMIS cachez.	MAÎTRE ROBERT, FABRICE, LISANDRE, et DAMIS cachez.
M.	M.
AeODiR Etans ju vontique.	AeODivr Étant ju vontique.
TAbrice.	TAbrice.
FABRICE.	FABRICE.
Domine.	Domine.
M.	M.
ROBERT.	ROBERT.
Cherchez dans la Boutique Potionem factam pour ce mélancolique Qui mourut l’autre jour?	Cherchez dans la Boutique Potionem factam pour ce mélancolique Qui mourut l'autre jour?
TABRICE.	TABRICE.
Helas!	Hélas!
qu’en ay-je fait?	qu'en ai-je fait?
M.	M.
ROBERT.	ROBERT.
Vous la rencontrerez dedans ce Cabinet Que le flanc du contoir regarde en perſpectiue.	Vous la rencontrerez dedans ce Cabinet Que le flanc du contoir regarde en persectiue.
FABRICE.	FABRICE.
Quel eſt ſon écriteau?	Quel est son écriteau?
M.	M.
ROBERT.	ROBERT.
Potion laxatiue Pour Monſeigneur le Duc de Mataramadon, Lieutenant General, Marquis de Bombardon, Comte de Carafax, & Baron de Moucade.	Potion laxative Pour Monseigneur le Duc de Mataramadon, Lieutenant Général, Marquis de Bombardon, Comte de Carafax, et Baron de Moucade.
La voicy?	La voici?
Teanaren	Teanaren
M.	M.
ROBERT.	ROBERT.
C’eſt le fait de ce pauure malade, Puis que du mal de l’autre il ſemble eſtre heritier;	C'est le fait de ce pauvre malade, Puis que du mal de l'autre il semble être héritier;
Broyez-la quelque peu dans le petit Mortier.	Broyez-la quelque peu dans le petit Mortier.
Et fiat mixtio, viſte, on le peut ſans crainte?	Et fiat mixtio, vite, on le peut sans crainte?
LISANDRE.	LISANDRE.
Ne poullaye je ſanlais te doſner vne atteinte?	Ne poullaie je sanlais te dôner une atteinte?
DAMIS.	DAMIS.
Patiente vn moment, te voila bien preſſé?	Patiente un moment, te voilà bien pressé?
FABRICE.	FABRICE.
Monſieur, voila tout preſt.	Monsieur, voilà tout prêt.
M.	M.
ROBERT.	ROBERT.
N’as-tu rien renuerſẽt	N'as-tu rien renversent
Non, Monneur.	Non, Monneur.
FABRICE.	FABRICE.
M.	M.
ROBERT.	ROBERT.
Cà donc, que ie m’en aille;	Çà donc, que Elle m'en aille;
Ie voudrois bien auoir vne jaque de maille.	Je voudrais bien avoir une jaque de maille.
LISANDRE.	LISANDRE.
Prens dague, piſtolet, & l’épée au coſté, Iu ne reuiendras pas lans citre bien hoté.	Prends dague, pistolet, et l'épée au côté, Ju ne reviendras pas lans citre bien hoté.
DAMIS.	DAMIS.
Ie te ſeconderay, ne te mets point en peine.	Je te seconderai, ne te mets point en peine.
LISANDRE.	LISANDRE.
Iuſques à ſon retour mon bras eſt à la geſne.	Jusqu' à son retour mon bras est à la gêne.
DAMIS.	DAMIS.
Le voicy, vous diriez d’vn vray Noſtradamus.	Le voici, vous diriez d'âme vrai Nôtradamus.
A v	À v
M.	M.
ROBERT.	ROBERT.
Fabrice, hola, ſoyez vigilantiſſimus;	Fabrice, holà, soyez vigilantissimus;
Soignez à la maiſon, & ſoignez a Lucrece?	Soignez à la maison, et soignez à Lucrece?
TADRTCE.	TADRTCE.
Monſieur, ne craignez rien.	Monsieur, ne craignez rien.
M.	M.
ROBERT.	ROBERT.
Cette petite adreſſe Nous menera ſan riſque au logis du Gaſcon.	Cette petite adresse Nous mènera sans risque au logis du Gascon.
LISANDRE.	LISANDRE.
Tu n’en reuiendras pas ſans des coups de baſton.	Tu n'en reviendras pas sans des coups de bâton.
M.	M.
ROBERT.	ROBERT.
Accelerons vn peu, car à qui mal endure Certes le moindre inſtant plus d’vn ſiecle luy dure.	Accélérons un peu, car à qui mal endure Certes le moindre instant plus d' siècle enfin dure.
LISANDRE.	LISANDRE.
Et nous nous retirons afin de reuenir De tous tes carillons en vn ſeul te punir;	Et nous nous retirons afin de revenir De tous tes carillons en un seul te punir;
Sans le Seigneur Gaſcon, adieu toute l’adreſſe, Damis eſtoit au bout de toute ſa fineſſe.	Sans le Seigneur Gascon, adieu toute l'adresse, Damis était au bout de toute sa finesse.
DAMIS.	DAMIS.
C ent anez, i itint que ray blenieuny, Retirons-nous, i’entens quelqu’vn venir icy;	Ç ent anez, y itint que rai blénieuni, Retirons-nous, j'entends quelqu'un venir ici;
Et dans ce qu’à preſent nous voulons entreprendre, Il n’eſt pas à propos de nous laiſſer ſurprendre.	Et dans ce qu'à présent nous voulons entreprendre, Il n'est pas à propos de nous laisser surprendre.
LISANDRE.	LISANDRE.
Mais apres le coup fait, il faut ſonger à tout, Et pourrer drorenent Panune jurqu'au bout.	Mais après le coup fait, il faut songer à tout, Et pourrer dorèrent Panune jurqu'au bout.
Robert, ſans doute, ira ſe plaindre à la Iuſtice.	Robert, sans doute, ira se plaindre à la Justice.
DAMIS.	DAMIS.
Entrons, ie luy prépare vn ſecond artifice, Et tu confeſſeras qu’il vaut bien le premier.	Entrons, ie luy prépare un second artifice, Et tu confesseras qu'il vaut bien le premier.
LISANDRE.	LISANDRE.
Ah!	Ah!
Damis, s’il ne tient qu’à t’en bien ſuplier.	Damis, s'il ne tient qu'à t'en bien supplier.
DAMIS.	DAMIS.
Tréue de complimens, allons, l'aiſſez moy faire, e prens ſur moy le ſoin de toute cette affaire.	Trêve de compliments, allons, l'aissez moi faire, eu prends sur moi le soin de toute cette affaire.
SCENE V.	SCÈNE V.
LIDAMANT, ISABELLE.	LIDAMANT, ISABELLE.
LIDAMANT.	LIDAMANT.
E touche auec plaſſir a ce ſoment fatal IQu’Iſabelle m’a dit de faire le ſignal Qui me doit introduire au logis de ma Belle.	E touche avec plassir a ce soment fatal IQu'Isabelle m'a dit de faire le signal Qui me doit introduire au logis de ma Belle.
ISABELLE à la feneſt e.	ISABELLE à la fenêt e.
Chut, chut, on vous entend, ie ſuis en ſentinellez Vn peu de patience, on s’en va vous parler;	Chut, chut, on vous entend, je suis en sentinellez Un peu de patience, on s'en va vous parler;
Promenez-vous toûjours, de peur de vous geler.	Promenez-vous toujours, de peur de vous geler.
LIDAMAN T.	LIDAMAN T.
Ha!	Ha!
n’aprehendez point, le feu que i’ay dans l’ame Pour cet objet ſi beau, trop puiſſamment m’enflâme;	n'appréhendez point, le feu que j'ai dans l'âme Pour cet objet si beau, trop puissamment m'enflamme;
Rien ne peut egaler ma forte paſſion.	Rien ne peut égaler ma forte passion.
ISABELLE deſcenduë.	ISABELLE descendue.
Hé!	Hé!
mon Dicu, parlez bas, auec diſcretion;	mon Dicu, parlez bas, avec discrétion;
Elle s’en va deſcendre.	Elle s'en va descendre.
LIDAMANT.	LIDAMANT.
Amour, ſois-moy propice, Et me mets à couuert des aguets de Clarice;	Amour, sois-moi propice, Et me mets à couvert des aguets de Clarice;
Cette Mere importune, auec mille detours, Préuient inceſſamment l’effet de mes amours.	Cette Mère importune, avec mille détours, Prévient incessamment l'effet de mes amours.
SCENE VI.	SCÈNE VI.
EVCRECE, LIDAMANT, ISABELLE.	EUCRECE, LIDAMANT, ISABELLE.
LVCRECE.	LUCRECE.
E' bien dõc, Lidamãt, quevoulez-vous me dire?	E' bien dont, Lidamant, quevoulez-vous me dire?
I IQue faites-vous icy?	I IQue faites-vous ici?
LIDAMANT.	LIDAMANT.
Madame, i’y ſoûpire;	Madame, j'y soupire;
Car ſi-toſt que ie ſuis vn moment ſans vous voir, Aien ne peut egalel moreruer uercipoir.	Car sitôt que ici suis un moment sans vous voir, Aien ne peut égalel moreruer uercipoir.
N’aurez-vous point pitié d’vn pauure miſerable Dont le criine eſt d’aimer vn objet adorable Qui brûle, qui languit, & de qui le reſpect.	N'aurez-vous point pitié d'un pauvre misérable Dont le criine est d'aimer un objet adorable Qui brûle, qui languit, et de qui le respect.
LVCRECE.	LUCRECE.
Tout ce qui vient de vous, me doit eſtre ſuſpect.	Tout ce qui vient de vous, me doit être suspect.
AJADELLE.	AJADELLE.
En effet, en effet, tant de belles promeſſes Ne fot liequ vn beau leurre a predre des Maîtreſſes;	En effet, en effet, tant de belles promesses Ne sot liequ 'beau leurre à près des Maîtresses;
Auſſi pour dire tout, à moins d’vn grand ſerment, Bien ſigné, bien bulé, cela n’eſt que du vent.	Aussi pour dire tout, à moins d'un grand serment, Bien signé, bien bulé, cela n'est que du vent.
LVCRECE.	LUCRECE.
Iſabelle, rentrons.	Isabelle, rentrons.
LIDAMANT.	LIDAMANT.
Ha!	Ha!
demeurez, Madame, Et ſouffrez quatre mots en faueur de ma flâme.	demeurez, Madame, Et souffrez quatre mots en faveur de ma flamme.
ISABELLE.	ISABELLE.
Accordez luy ce bien.	Accordez lui ce bien.
LVCRECE.	LUCRECE.
Sotte.	Sotte.
TSADEELE.	TSADELE.
Vous le deuez.	Vous le devez.
Inſolente.	Insolente.
LVCRECE.	LUCRECE.
ISABELLE.	ISABELLE.
Il le faut.	Il le faut.
LVCRECE.	LUCRECE.
lectoy que vous reſvez.	lectoi que vous rêvez.
ISABELLE.	ISABELLE.
Souftrez que ie l’obtienne.	Soufftrez que Seigneur l'obtienne.
LVCRECE.	LUCRECE.
Et que pourroit-il dire?	Et que pourrait-il dire?
LIDAMANT.	LIDAMANT.
Que i’auray tout le bien que mon ame deſire, Et que vous auſez ſait, d'vn pauure mnamneureux, Le plus content enfin de tous les Amoureux.	Que j'aurai tout le bien que mon âme désire, Et que vous ausez sait, d'un pauvre mnamneureux, Le plus content enfin de tous les Amoureux.
LVCRECE.	LUCRECE.
Voſtre profeſſion.	Votre profession.
LIDAMANT.	LIDAMANT.
vourenstous peur onage.	vourentstous peur onage.
ISABELLE.	ISABELLE.
Eſcoutez;	Écoutez;
vouſez-vous Lucrece en mariage?	Vousez-vous Lucrece en mariage?
Il en faut faire vn acte en ce moment icy, Et puis tout ira bien, car quod ſcripſi ſcripſi.	Il en faut faire un acte en ce moment ici, Et puis tout ira bien, car quod scripsi scripsi.
LIDAMANT.	LIDAMANT.
Oüy, oüy, de tout mon cœur i’en feray la promeſſe,	Oui, oui, de tout mon cœur j'en ferai la promesse,
Ah!	Ah!
pluſtoſt.	plutôt.
LVCRECE.	LUCRECE.
ISABELLE.	ISABELLE.
C’eſt en vain, i’en lelup la luitiene, Eſcriuez ſeulement.	C'est en vain, j'en lelup la luitiene, Écrivez seulement.
LIDAMANT.	LIDAMANT.
Amour, Maiſtre des Dieux, De grace, dicte-moy des termes précieux l eul pauuon anculer Padorable Euclece Que ie meurs du deſir d’accomplir ma promeſſe.	Amour, Maître des Dieux, De grâce, dicte-moi des termes précieux l eul pauvon anculer Padorable Eucle Que personne meurs du désir d'accomplir ma promesse.
ISABELLE.	ISABELLE.
Hé bien, ne l’ay-je pas ménagé dextrement?	Hé bien, ne l'ai-je pas ménagé dextrement?
Sçay-je comme il faut faire vn Epoux d’vn Amant?	Sais-je comme il faut faire un Époux d'un Amant?
Ay-je l’art de conduire vne affaire importante?	Ai-je l'art de conduire une affaire importante?
Et Lucrece à la fin ſera-t’elle contente?	Et Lucre à la fin sera-t-elle contente?
PROMESSE DE MARIAGE.	PROMESSE DE MARIAGE.
Que la Terre & le ciel ſe liguent contre moy, Si ie n’accomply ma promeſſe, Et ſi ie romps iamais la foy Donnée à ma chere Lacrece.	Que la Terre et le ciel se liguent contre moi, Si tu n'accompli ma promesse, Et si ici romps jamais la foi Donnée à ma chère Lacrèce.
& y ye Meiryernrens) Qu'à tous malheurs ie ſois en bute;	et y trouve Méiryernrents) Qu'à tous malheurs tu sois en bute;
Et fi ma puſſion enſin ne l'execute, Si ſon amour le veut, en ce meſme moment.	Et fi ma pussion ensin ne l'exécute, Si son amour le veut, en ce même moment.
LIDAMANT.	LIDAMANT.
Voila tout mon bonheur que ie mets en vos mains.	Voilà tout mon bonheur que je mets en vos mains.
ISABELLE.	ISABELLE.
Signez doncirhomente nomme!	Signez doncirhomente nomme!
LVCRECE.	LUCRECE.
Iſabelle, ie crains.	Isabelle, Seigneur crains.
ISABELLE.	ISABELLE.
Helas!	Hélas!
qu’aucz-vous fait?	qu'aucz-vous fait?
SCENE VII.	SCÈNE VII.
7 62 CLARICE, LVCRECE, LIDAMANT, ISABELLE.	7 62 CLARICE, LUCRECE, LIDAMANT, ISABELLE.
CLARICE de ſa Chambre.	CLARICE de sa Chambre,
Ho, Lucrece, Iſabelle.	Ho, Lucrece, Isabelle.
LVCRECE.	LUCRECE.
O Dieu!	Ô Dieu!
ma Mere vient	ma Mère vient
ISABELLE.	ISABELLE.
Eteignons la chandelle, Et ſortez promptement.	Éteignons la chandelle, Et sortez promptement.
CLANTCE.	CLANTE.
Aux Voleurs, aux Filoux.	Aux Voleurs, aux Filoux.
LIDAMANT.	LIDAMANT.
Tuë, tuë, arreſte, arreſte.	Tue, tue, arrête, arrête.
ISABELLE.	ISABELLE.
Ah!	Ah!
mon Dieu, ſauuons-nous, Luſtons la fureur, Madaie, anons.	mon Dieu, sauvons-nous, Lûtons la fureur, Madaie, ânons.
LVCRECE.	LUCRECE.
Meſchante.	Méchante.
ISABELLE.	ISABELLE.
Ah!	Ah!
ne m’accuſez pas, ie ſuis fort innocente.	ne m'accusez pas, Seigneur suis fort innocente.
LVCRECE.	LUCRECE.
Hé!	Hé!
comment, Lidamant, voſtre temerité.	comment, Lidamant, votre témérité.
LIDAMANT.	LIDAMANT.
Madame, aſſeurez-vous en ma fidelité.	Madame, assurez-vous en ma fidélité.
CLARICE.	CLARICE.
Aux Voleurs, aux Filoux, Amis, preſtez main forte.	Aux Voleurs, aux Filoux, Amis, prêtez main forte.
SCENE VIII.	SCÈNE VIII.
TROIS VOISINS aux feneſtres.	TROIS VOISINS aux fenêtres.
1.	1.
VOISIN.	VOISIN.
QVi va là?	QUi va là?
qu’auez-vous à crier de la ſorte?	qu'avez-vous à crier de la sorte?
CLARICE.	CLARICE.
Ma Fille qu’on enleue!	Ma Fille qu'on enlève!
2.	2.
VOISIN.	VOISIN.
Aux Voleurs, aux Voleurs.	Aux Voleurs, aux Voleurs.
3.	3.
VOISIN.	VOISIN.
Prenez les, prenez les.	Prenez -les, prenez -les.
CLARICE.	CLARICE.
Helas!	Hélas!
les rauiſſeurs Ont des aiſſes aux pieds, courons.	les ravisseurs Ont des aisses aux pieds, courons.
SCENEUIX.	SCENEUIX.
M.	M.
ROBERT, LISANDRE, DAMIS.	ROBERT, LISANDRE, DAMIS.
M.	M.
ROBERT tout nu.	ROBERT tout nu.
Ha!	Ha!
miſerable.	misérable.
LISANDRE frapant M.	LISANDRE frappant M.
Robert.	Robert.
Vous carillonnerez, vous ferez voſtre diable;	Vous carillonnerez, vous ferez votre diable;
Mais ce ne ſera pas ſans eſtre bien froté.	Mais ce ne sera pas sans être bien froté.
DAMIS.	DAMIS.
v fite, tetirons noue, le vey delacaite, Rentrons, pour acheuer le reſte de l’affaire.	 vite, tetirons noue, le vei délacaite, Rentrons, pour achever le reste de l'affaire.
CLARICE ſortie promptement au bruit.	CLARICE sortie promptement au bruit.
1111.	1111.
crop iaenleo poins.	crop jaenle poins.
M.	M.
ROBERT.	ROBERT.
Comment?	Comment?
roüer de coups vn pauure Apoticaire.	rouer de coups un pauvre Apoticaire.
I l’aide, à l’aide, au meurtre.	I l'aide, à l'aide, au meurtre.
M.	M.
ROBERT.	ROBERT.
Attrapez, attrapez les traiſtres aſſaſſins.	Attrapez, attrapez les traîtres assassins.
CLARTCE.	CLARTCE.
Quoy, perſonne ne ſort?	Quoi, personne ne sort?
mes plaintes ſont friuoles?	mes plaintes sont frivoles?
A la Torce.	À la Torce.
M.	M.
ROBERT.	ROBERT.
Au ſecours.	Au secours.
CEARICE.	CEARICE.
Ma Fille.	Ma Fille.
M.	M.
ROBERT.	ROBERT.
Mes épaules.	Mes épaules.
Mon honneur.	Mon honneur.
CLARICE.	CLARICE.
M.	M.
ROBERT.	ROBERT.
Mes habits.	Mes habits.
CLARICE.	CLARICE.
Las:	Las:
on m’a tout volé.	on m'a tout volé.
SCENE X.	SCÈNE X.
MIOTRE AMDROISE, CLARICE, M.	MIOTRE AMDROISE, CLARICE, M.
ROBERT, FABRICE.	ROBERT, FABRICE.
M13 M.	M13 M.
AMBROISE.	AMBROISE.
y autlevous?	y autlevous?
CLARICE.	CLARICE.
Secourez vn eſprit deſolé.	Secourez un esprit désolé.
M.	M.
AMBROISE.	AMBROISE.
Qu'eſt-ce qu’on vous a pris?	Qu'est-ce qu'on vous a pris?
eenare l.	évenare l.
Mon honneur, & ma Fille.	Mon honneur, et ma Fille.
M.	M.
ROBERT.	ROBERT.
Ah!	Ah!
Femme ſans eſpoir.	Femme sans espoir.
11	11
CLARICE.	CLARICE.
Ah!	Ah!
Mere ſans Famille, Qui te conſolera dans tes afflictions?	Mère sans Famille, Qui te consolera dans tes afflictions?
FABRICE.	FABRICE.
Mon Maiſtre, qu'adez-vous:	Mon Maître, qu'adez-vous:
M.	M.
ROBERT.	ROBERT.
Mille contuſions;	Mille contusions;
Plus de trente Filoux, fauoriſez de l’ombre, M’ont mis en cet eſtat.	Plus de trente Filoux, favorisez de l'ombre, M'ont mis en cet état.
FABRICE.	FABRICE.
Sont-ils en ſi grand nombre?	Sont-ils en si grand nombre?
M.	M.
ROBERT.	ROBERT.
Grãd nõbret ah!	Grand nombret ah!
i’en ay veu deux mille aſſeurémen	j'en ai vu deux mille asseurémen
M.	M.
AMBROISE.	AMBROISE.
Il faut ſonger à vous, mon voiſin, promptement.	Il faut songer à vous, mon voisin, promptement.
CLARICE.	CLARICE.
Helas!	Hélas!
ie n’en puis plus.	Elle n'en puis plus.
M.	M.
RODERT.	RODERT.
Me battre de la ſorte!	Me battre de la sorte!
CLARICE.	CLARICE.
Quoy, rauir à mes yeux.	Quoi, ravir à mes yeux.
M.	M.
ROBERT.	ROBERT.
Le Diable les emporte.	Le Diable les emporte.
M.	M.
AMBROISE.	AMBROISE.
Bites Mnoy, inon vomn, cites-vous lolt biene?	Bites Mnoi, inon vomn, cites-vous lolt biene?
M.	M.
ROBERT.	ROBERT.
De aix grands coups d'eſtoc d’outre en outre percé.	De aix grands coups d'étoc d'outre en outre percé.
M.	M.
AMBROISE.	AMBROISE.
Ie ne voy point de ſang, mes recherches ſont vaines.	Je ne vois point de sang, mes recherches sont vaines.
dli do s nlala Pauure ignorant, la peur l’a figé dans mes veines.	dli do s nlala Pauvre ignorant, la peur l'a figé dans mes veines.
M.	M.
AMBROISE.	AMBROISE.
coulage, cen’eit Hien.	coulage, cèneit Hien.
M.	M.
ROBERT.	ROBERT.
Helas!	Hélas!
mes pauures yeux Pochez au beurre noir, ne verront plus les Cieux.	mes pauvres yeux Pochez au beurre noir, ne verront plus les Cieux.
M.	M.
AMBROISE.	AMBROISE.
Qu'auez-vous plus encor?	Qu'avez-vous plus encor?
M RODERI.	M MODERI.
Trois coſtes enfoncées, Les deux bras diſſoquez, & quatre dents caſſées, Sans plus de mille coups liuides & contus Dont moult griéuement mes membres ſont batus.	Trois côtes enfoncées, Les deux bras dissoquez, et quatre dents cassées, Sans plus de mille coups livièdes et contus Dont moult griéuement mes membres sont battus.
CLARICE.	CLARICE.
Las!	Las!
on ne m’a laiſſé ny Seruante, ny Fille.	on ne m'a laissé ici Servante, ni Fille.
M.	M.
ROBERT.	ROBERT.
N’entens-je pas ma Femme?	N'entends-je pas ma Femme?
Helas!	Hélas!
pauure Famille, Il faut mourir.	pauvre Famille, Il faut mourir.
CLARICE.	CLARICE.
Robert, vn traiſtre rauiſſeur Emporte auec ma Fille, & les biens & l’honneur.	Robert, un traître ravisseur Emporte avec ma Fille, et les biens et l'honneur.
M.	M.
ROBERT.	ROBERT.
Quoy, ma Fille rauie!	Quoi, ma Fille ravie!
ô ſurcroiſt de diſgrace!	ô surcroît de disgrâce!
Viſte, qu’on coure apres, qu’on le ſuiue à la trace.	Vite, qu'on coure après, qu'on le suive à la trace.
Ambroiſe, mon voiſin.	Ambroise, mon voisin.
M.	M.
AMBROISE.	AMBROISE.
Al tombe en pamoiſon, Il faut réſolument en auoir la raiſon;	Al tombe en pâmoison, Il faut résolument en avoir la raison;
Cà, ne vous laiſſez pas abbatre dauantage.	Çà, ne vous laissez pas abattre davantage.
M.	M.
KOBERT.	OBERT.
Donnez-moy, ie vous prie, vn petit de courage.	Donnez-moi, votre vous prie, un petit de courage.
Ha!	Ha!
le rapt de ma Fille.	le rapt de ma Fille.
M.	M.
AMBROISE.	AMBROISE.
Il n’y faut plus ſonger, Quuceques le denem de vous en bien venger.	Il n'y faut plus songer, Quuceques le denem de vous en bien venger.
Allons chez le Bailly, ſans tarder dauantage.	Allons chez le Bailly, sans tarder davantage.
M.	M.
KOBERI.	OBERI.
Donnez auparauant vn petit de courage.	Donnez auparavant un petit de courage.
CLARICE.	CLARICE.
Tenez, prenez, mon Fils.	Tenez, prenez, mon Fils.
mi deo DnRl.	mi deo DnRl.
Mais comment en effet se plaidie lans içauon l’autneur de ce forfait?	Mais comment en effet se plaidie lans içauon l'auteur de ce forfait?
M.	M.
AMBROISE.	AMBROISE.
Poſſible ma Commere aura veu ſon viſage.	Possible ma Commère aura vu son visage.
M.	M.
ROBERT.	ROBERT.
Donnez-moy, ie vous prie, vn petit de courage.	Donnez-moi, votre vous prie, un petit de courage.
CLARICE.	CLARICE.
Las!	Las!
il s’eſt éclipſé d’icy trop promptement.	il s'est éclipsé d'ici trop promptement.
M.	M.
ROBERT.	ROBERT.
Racontez-nous le fait fort laconiquement.	Racontez-nous le fait fort laconiquement.
CLARICE.	CLARICE.
Helas!	Hélas!
que vous diray-je?	que vous dirai-je?
vn homme à main armée, Criant tuë, à ces mots mla renuerſé pâmée;	Elle homme à main armée, Criant tue, à ces mots mêla renversé pâmée;
Et comme ie reuiens de ces mortels abois, Ie trouue que le traiſtle a Iait lamte de tiois.	Et comme ici reviens de ces mortels abois, Je trouve que le traîtle a Iait lamte de tiais.
Ie ne ſçaurois pour l’heure en dire dauantage.	Je ne saurais pour l'heure en dire davantage.
M.	M.
ROBERT.	ROBERT.
C’en eſt trop.	C'en est trop.
Mais donnez vn petit de courage.	Mais donnez un petit de courage.
M.	M.
AMBROISE.	AMBROISE.
Voſtre eſprit me paroiſt encor bitir roucieux.	Votre esprit me paraît encor bitir roucieux.
M.	M.
ROBERT.	ROBERT.
Exculez-moy, le croy que le ine porte meux,	Exculez-moi, le crois que le ine porte meux,
M.	M.
AMBROISE.	AMBROISE.
A quoy ſongez-vous donc?	À quoi songez-vous donc?
M.	M.
ROBERT.	ROBERT.
Maiſtre Aibroiſe, ie ſonge Qu’Agrimont a cauſé la douleur qui me ronge.	Maitre Aibroise, une songe Qu'Agrimont a causé la douleur qui me ronge.
M.	M.
AMBROISE.	AMBROISE.
Pour auoir ce ſoupçon, ſurquoy vous fondez-vous?	Pour avoir ce soupçon, surquoi vous fondez-vous?
M.	M.
ROBERT.	ROBERT.
Sur ce que maintesfois il m’a parlé chez nous Que i’auois vne Fille auſſi ſage que belle, Et que s’il eſtoit Prince, il n’épouſeroit qu’elle;	Sur ce que maintesfois il m'a parlé chez nous Nous j'avais une Fille aussi sage que belle, Et que s'il était Prince, il n'épouserait qu'elle;
Ioint que ſa ſimulée acceleration M’ayant forcé de faire anticipation, Sur l’heure & ſur le jour préfix par l’Ordonnance, Pour donner à ſon Maiſtre vne feinte allegeance, M’éclaircit pleinement qu’il m’a circonuenu.	Joint que sa simulée accélération M'ayant forcé de faire anticipation, Sur l'heure et sur le jour préfix par l'Ordonnance, Pour donner à son Maître une feinte allégeance, M'éclaircit pleinement qu'il m'a circonvenu.
Ajoûtez-y de plus qu’il n’eſt point reuenu, Comme il me l’auoit dit, au logis de ſon Maiſtre;	Ajoutez-y de plus qu'il n'est point revenu, Comme il me l'avait dit, au logis de son Maître;
Qu’au retour i’ay trouué l’embûche de ce traiſtre, Et vous colligetez que c’eſt luy ſans faillir Qui m’a rany ma Fille, & m’a fait aſſaillir.	Qu'au retour j'ai trouvé l'embûche de ce traître, Et vous colligetez que c'est venir sans faillir Qui m'a rani ma Fille, et m'a fait assaillir.
M.	M.
AMBROISE.	AMBROISE.
Mon voiſin, ie me rens à tant de conjectures.	Mon voisin, Seigneur me rends à tant de conjectures.
Donc pour auoir raiſon de toutes ces injures, Trllonis nous pratldre auant que vous ſoyiez penſé;	Donc pour avoir raison de toutes ces injures, Trllonis nous pratldre avant que vous soyiez pensé;
Car quand les coups ſont frais-.	Car quand les coups sont frais-.
M.	M.
ROBERT.	ROBERT.
C’eſt ce que i’ay penſé.	C'est ce que j'ai pensé.
Ambroiſe, mon voiſin, rendez-moy cet oſfice, Et venlez auec ſoy pour demander juitice.	Ambroise, mon voisin, rendez-moi cet osfice, Et venlez toujours soi pour demander juitice.
SCENE XI.	SCÈNE XI.
LISANDRE déguiſé en Iuge, DAMIS en Greffier, M.	LISANDRE déguisé en Juge, DAMIS en Greffier, M.
ROBERT, M.	ROBERT, M.
AMBR.	AMBR.
CLARICE, FABRICE, Trois Valets en Archers.	CLARICE, FABRICE, Trois Valets en Archers.
LISANDRE.	LISANDRE.
LE ſçay parler procez comme vn Praticien.	LE sais parler procès comme un Praticien.
Ie le parle à rauir.	Je le parle à ravir.
DAMIS.	DAMIS.
LISANDICE.	LISANDICE.
Ie feray le Bailly.	Je ferai le Bailly.
Voila qui va fort bien.	Voilà qui va fort bien.
De Greffier.	De Greffier.
DAMIS.	DAMIS.
Moy ie feray l’Office	Moi ici ferai l'Office
LISANDRE.	LISANDRE.
Les voila qui vont à la Iuſtice.	Les voilà qui vont à la Justice.
Enfans, prenez bien garde, & que enaeuir de vous Faſſe bien ſon rolet.	Enfants, prenez bien garde, et que enaeuir de vous Fasse bien son rolet.
DAMIS.	DAMIS.
Ie te Tepons de tous.	Je te Téponds de tous.
M.	M.
Robert & M.	Robert et M.
Ambr.	Ambr.
ne paroiſſent qu’en cet endroit.	ne paraissent qu'en cet endroit.
LISANDRE.	LISANDRE.
C’eſt vn étrange fait, qu’on ne puiſſe pas eſtre Vne nuit en repos, ſans qu’il faille conneſtre Des torts, & des delits que font des garnemens Qui troublent le Bourgeois de iomens en ihomens.	C'est un étrange fait, qu'on ne puisse pas être Vne nuit en repos, sans qu'il faille connaître Des torts, et dé lits que font des garnements Qui troublent le Bourgeois de joments en ihomens.
DAMIS.	DAMIS.
Mhomeur, vous deuriez bien eſtre vn peu plus ſeuere.	Mhomeur, vous devriez bien rendre un peu plus sévère.
LISANDRE.	LISANDRE.
Ie le ſeray ſans doute.	Je le serai sans doute.
Ah!	Ah!
qui vient nous diſtraire?	qui vient nous distraire?
M.	M.
ROBERT.	ROBERT.
Equitable Bailly, ie demande à genoux Iuſtice.	Équitable Bailly, ie demande à genoux Justice.
LISANDRE.	LISANDRE.
Ie la rens également à tous;	Je la rends également à tous;
Déduiſez ſeulement l’injure prétenduë, Et ie vous feray droict, nonobſtant l’heure indeuë.	Déduisez seulement l'injure prétendue, Et ie Vous ferai droit, nonobstant l'heure indue.
Eſt-ce vn fait perſonnel?	Est-ce un fait personnel?
eſt-ce vn delit commun?	est-ce un délit commun?
Ou quantité d’excés confondus en quelqu’vn, Faits par vn hõme ſeul, ou bien par quelque tourbe?	Ou quantité d'excès confondus en quelqu'vn, Faits par un homme seul, ou bien par quelque tourbe?
M.	M.
ROBERT.	ROBERT.
Ie me plains d’vn meurtrier, d’vn voleur, & d'vn DAMIS.	Je me plains d'un meurtrier, d'un voleur, et d'un DAMIS.
I fourbe.	I fourbe.
C’eſt donc aſſaſſinat enſemble, & rapt, & vol?	C'est donc assassinat ensemble, et rapt, et vol?
Il faut faire vn verbal.	Il faut faire un verbal.
LISANDRE.	LISANDRE.
Oüy, faites-le ſans dol Et ſans obmiffion, afin que ie le liſe?	Oui, faites-le sans dol Et sans obmiffion, afin que je le lise?
DAMIS.	DAMIS.
Ie ſçay bien grace à Dieu comment on verbaliſe, Et ie n’ay pas beſoin pour cela de Regent.	Je sais bien grâce à Dieu comment on verbalise, Et tu n'ai pas besoin pour cela de Regent.
M.	M.
RODERI.	RODERI.
Ie ſuis preſt de fournir ce qu’il faudra d’argent.	Je suis prêt de fournir ce qu'il faudra d'argent.
DAMIS.	DAMIS.
Parlez bas, ie m’en vais le faire en telle ſorte, Que pour le prendre au corps, on peut briſer laporte, Quoy qu’on ne le dût pas ſans oüir des témoins.	Parlez bas, Seigneur m'en vais le faire en telle sorte, Que pour le prendre au corps, on peut briser laporte, Quoi qu'on ne le dût pas sans ouïrir des témoins.
Mais pour l’amour de vous.	Mais pour l'amour de vous.
M RODERI.	M MODERI.
Employez tous vos ſoins;	Employez tous vos soins;
I’ay ſauué le gouſſet, prenez ces ſix piſtoles.	J'ai sauvé le gousset, prenez ces six pistoles.
DAMIS.	DAMIS.
Quand vous n’euſſiez donné qu’vne de vos paroles, Ie n’euſſe pas laiſſé de faire tout pour vous,	Quand vous n'eussiez donné qu'une de vos paroles, Je n'eusse pas laissé de faire tout pour vous,
M.	M.
ROBERT.	ROBERT.
Vous pouuez grandement.	Vous pouvez grandement.
DAMIS.	DAMIS.
Ie puis tout entre nouss C’eſt vn vieux Officier parfaitement ignare;	Je puis tout entre nouss C'est un vieux Officier parfaitement ignare;
Ie ſuis Iuge & Greſſier, mais il eſt fort auare, Et voudra que quelqu’vn réponde de ſes droicts.	Je suis Juge et Gressier, mais il est fort avare, Et voudra que quelqu'un réponde de ses droits.
LISANDRE.	LISANDRE.
Oüy, quelqu’vn pouroit bien en auoir ſur les doigts.	Oui, quelqu'vn pourrait bien en avoir sur les doigts.
Greher, que faités-vous?	Gréher, que faitez-vous?
DAMIS.	DAMIS.
Ie decrette vne plainte.	Je décrète une plainte.
Si viſte?	Si vite?
LISANDRE.	LISANDRE.
DAMIS.	DAMIS.
L’on le fait alors que l’on a crainte De quelque éuaſion.	L'on le fait alors que l'on a crainte De quelque évasion.
13	13
LISANDRE.	LISANDRE.
Il faut donc la ſigner.	Il faut donc la signer.
Cependant donnez ordre à faire conſigner.	Cependant donnez ordre à faire consigner.
C’en eſt fait.	C'en est fait.
DAMIS.	DAMIS.
LISANDRE.	LISANDRE.
Vous auez receu trois torts notables, Primò, c’eſt vn Valet des plus juſticiables;	Vous avez reçu trois torts notables, Primace, c'est un Valet des plus justiciables;
Secundò, c’eſt d’auoir atitré des Filoux;	Secund, c'est d'avoir atitré des Filoux;
Tertiò, c’eſt le rapt qu’il a commis chez vous;	Terti, c'est le rapt qu'il a commis chez vous;
In quarto, vous voulez que i’entende ſon Maiſtre, de rous cioyez tremper au complot de ce traiſtr In quinto, vous voulez que s’il eſt conuaincu, l'our reparation l’accuſe ſoit pendu.	In quarto, vous voulez que j'entende son Maître, de rous cioyez tremper au complot de ce traistr In quinto, vous voulez que s'il est convaincu, l'our réparation l'accuse soit pendu.
M.	M.
ROBERT.	ROBERT.
Proſecto, ie le veux, & vous ferez juſtico	Prosecto, Seigneur le veux, et vous ferez justico
Il s’appelle?	Il s'appelle?
LISANDRE.	LISANDRE.
M.	M.
RODERI.	RODERI.
Agrimont.	Agrimont.
LISANDRE.	LISANDRE.
Fort bien;	Fort bien;
& ſon complice	et son complice
M.	M.
ROBERT.	ROBERT.
Vn certain Fanfaron, jureur de cap de bious.	Un certain Fanfaron, jureur de cap de bious.
LISANDRE.	LISANDRE.
rour l'exetution, Glemer, qui prendrons-nous?	rour l'exétution, Glémer, qui prendrons-nous?
DAMIS.	DAMIS.
Voicy déja la Roque, Auale-tout, la Ruſe;	Voici déjà la Roque, Auale-tout, la Ruse;
Pas-vn de ces trois-là ne paſſera pour buſe;	Pas-même de ces trois-là ne passera pour buse;
Ce nombre là ſuffit.	Ce nombre là suffit.
LISANDRE.	LISANDRE.
Hé bien donc ſuiuez moy?	Hé bien donc suivez -moi?
Frapez à cette porte?	Frappez à cette porte?
LA ROQVE.	LA ROUQE.
Ouurez de par le Roy?	Ouvrez de par le Roi?
SCENE XII.	SCÈNE XII.
LE MEDECIN, AGRIMONT, LISANDRE, DAMIS, M.	LE MÉDECIN, AGRIMONT, LISANDRE, DAMIS, M.
ROBERT, CLARICE, M.	ROBERT, CLARICE, M.
A MBROISE, & le reſte.	À MBROISE, et le reste.
LE MEDECIN.	LE MÉDECIN.
mcort qu'inla jouiy phay erouuanle luge, OIl ſert aux gens de bien d’azile & de refuge;	mcort qu'inla joui phai erouuanle luge, IL sert aux gens de bien d'asile et de refuge;
Et ie luy feray voir que cet Empoiſonneur, Pour prendre de l’argent, à perdu ſon honneur.	Et ieande ferai voir que cet Empoisonneur, Pour prendre de l'argent, à perdu son honneur.
AGRIMONT.	AGRIMONT.
En quelque lieu qu’il ſoit, ſa mort eſt infaillible.	En quelque lieu qu'il soit, sa mort est infaillible.
Le voila, ie m’en vais le percer comme vn crible.	Le voilà, Seigneur m'en vais le percer comme un crible.
e le na la ass A ma face, inſolent?	Je le na la ass À ma face, insolent?
arreſtez ce faquin?	arrêtez ce faquin?
M.	M.
ROBERT.	ROBERT.
Ha!	Ha!
Monſieur le Bailly, voila mon aſſaſſin, Voila le Rauiſſeur de Lucrece ma Fille.	Monsieur le Bailly, voilà mon assassin, Voilà le Ravisseur de Lucrece ma Fille.
LISANDRE.	LISANDRE.
Comment?	Comment?
deſ-honorer vne honneſte Famille!	des-honorer une honnête Famille!
Faire ſortir de nuit vn homme, & le mener En des lieux où l’on a penſé l’aſſaſſiner!	Faire sortir de nuit un homme, et le mener En des lieux où l'on a pensé l'assassiner!
AGRIMONT.	AGRIMONT.
Moy, Monſieur?	Moi, Monsieur?
M.	M.
ROBERT.	ROBERT.
Oüy, toy-meſme, aſſaſſin execrable,	Oui, toi-même, assassin exécrable,
LE MEDECIN.	LE MÉDECIN.
Monſieur, tout ce qu’il dit n’eſt qu’vne pure fable;	Monsieur, tout ce qu'il dit n'est qu'une pure fable;
le iue lens ta parcie, Mmiaine Eipoloneur, Qui vends pour de l’argent ta gloire & ton honneur.	le jue lens ta parcie, Mmiaine Éipoloneur, Qui vends pour de l'argent ta gloire et ton honneur.
M.	M.
ROBERT.	ROBERT.
Moy (ſauf correction ſ & par Monſieur S.	Moi (sauff correction s et par Monsieur S.
George.	George.
Vous en auez menty cent pieds dans voſtre gorge.	Vous en avez menti cent pieds dans votre gorge.
LISANDRE.	LISANDRE.
Eſcoutons-nous de grace, ou pour fuir i'eilibarras, Ie vous enuoîray tous vous quereller là bas.	Écoutons-nous de grâce, ou pour fuir j'eilibarras, Je vous enuoîray tous vous quereller là bas.
Parlez, Maiſtre Robert, faites voſtre harangue?	Parlez, Maître Robert, faites votre harangue?
M.	M.
ROBERT.	ROBERT.
Faites, mes pauures yeux, l’office de ma langue.	Faites, mes pauvres yeux, l'office de ma langue.
Monſieur, il m’a forcé de quitter mon logis Pour médicamenter vn Sorcier, vn Maugis, Qui ne comparoiſt point, & qui fait le malade, Et c’eſt luy qui m’a fait donner dans l’embuſcade.	Monsieur, il m'a forcé de quitter mon logis Pour médicamenter un Sorcier, un Maugis, Qui ne comparaît point, et qui fait le malade, Et c'est lui qui m'a fait donner dans l'embuscade.
Oüy, par luy-meſme encor i’ay donné dans les rets Qu’il m’auoit fait dreſſer par ſes coupe-jarrets, Et dont ie ſuis ſorty pour chercher vn refuge, Et demander juſtice à vous, Monſieur le Iuge, Du vol, du rapt, du meurtre;	Oui, par autre-même encor j'ai donné dans les rets Qu'il m'avait fait dresser par ses coupejarrets, Et dont tu suis sorti pour chercher un refuge, Et demander justice à vous, Monsieur le Juge, Du vol, Du vol, du meurtre;
& dans vn tel effroy, Vous le voyez, mes coups parlent aſſez pour moy.	et dans un tel effroi, Vous le voyez, mes coups parlent assez pour moi.
LISANDRE.	LISANDRE.
Répondez, Agrimont?	Répondez, Agrimont?
AGRIMONT.	AGRIMONT.
Ie n’ay rien à répondre, Sinon qu’en quatre mots ie m’en vais le confondre.	Je n'ai rien à répondre, Sinon qu'en quatre mots tu m'en vais le confondre.
Où diable as-tu trouué que ie t’auois induit De reduire mon Maiſtre où ie le voy reduit?	Où diable as-tu trouvé que tu t'avais induit De réduire mon Maître où on le vois réduit?
Vn Garçon comme moy ſe charger de ta Fille!	Un Garçon comme moi se charger de ta Fille!
B ij	B ij
LISANDRE.	LISANDRE.
Vous riez!	Vous riez!
il y va du bien d’vne Famille.	il y va du bien d'une Famille.
AGRIMONT.	AGRIMONT.
Moy?	Moi?
ie ne raille point, ie parle tout de bon;	Ne ne raille point, ie parle tout de bon;
Et les coups dont il veut qu’on luy faſſe raiſon, A qui s’en veut-il prẽdre?	Et les coups dont il veut qu'on était fasse raison, À qui s'en veut-il prendre?
à mõ malheureux Maiſtre?	à mon malheureux Maître?
Iugez apres cela ſi ce n’eſt pas vn traiſtre, Qui voudroit ſur des faits qu’on ne peut accorder, Par prétendus excés la Iuſtice éluder.	Jugez après cela si ce n'est pas un traître, Qui voudrait sur des faits qu'on ne peut accorder, Par prétendus excès la Justice éluder.
Pour preuue de cela, qu’on cherche, qu’on furette, Qu'on ne laiſſe au logis ny place, ny cachette;	Pour preuve de cela, qu'on cherche, qu'on furette, Qu'on ne laisse au logis ni place, ni cachette;
Et s’il ſe trouue rien de ce qu’il a perdu, Ie conſens ſans appel d’eſtre auſſi-toſt pendu;	Et s'il se trouve rien de ce qu'il a perdu, Je consens sans appel d'être aussitôt pendu;
Et partant ie requiers que l’on ne me dénie La reparation de cette calomnie, Et que vous m’accordiez, Mõſieur, en meſme temps, Dommages, intereſts, & cent francs de deſpens.	Et partant ici requiers que l'on ne me dénie La réparation de cette calomnie, Et que vous m'accordiez, Mõsieur, en même temps, Dommages, intérêts, et cent francs de dépens.
LISANDRE.	LISANDRE.
D eit ullez.	 Dit ullez.
vous, Monedr, qu’auez-vous à nous dire?	vous, Monedr, qu'avez-vous à nous dire?
LE MEDECIN.	LE MÉDECIN.
Que ce melchant a mis ce pauure homme en delire Par vn médicament à contre-temps donné.	Que ce melchant a mis ce pauvre homme en délire Par un médicament à contretemps donné.
M.	M.
ROBERT.	ROBERT.
Enuieux, c’eſt bien toy qui l’as empoiſonné.	Envieux, c'est bien toi qui l'as empoisonné.
LE MEDECIN.	LE MÉDECIN.
Et partant ie conclus, que ce faiſeur de ſchiſmes Faſſe amende honorable à tous nos Aphoriſmes.	Et partant ici conclus, que ce faiseur de schismes Fasse amende honorable à tous nos Aphorismes.
M.	M.
ROBERT.	ROBERT.
Ie le ſçay mieux que toy, Medecin de bibus, Attrapeur d’ignorans, auec tes beaux rébus:	Je le sais mieux que toi, Médecin de bibus, Attrapeur d'ignorants, avec tes beaux rébus:
I’exerçois auant toy long-temps la Medecine;	J'exerçois avant toi longtemps la Médecine;
Et ſi depuis vingt ans ailleurs ie me deſtine, C’eſt pour ſçauoir trop bien cet Aphoriſme là.	Et si depuis vingt ans ailleurs te me destine, C'est pour savoir trop bien cet Aphorisme là.
Stercus & vrina Medici ſunt prandia prima.	Stercus et vrina Médici sunt prandia prima.
Si tu veux de ce pas tu peux en aller prendre.	Si tu veux de ce pas tu peux en aller prendre.
LISANDRE.	LISANDRE.
Greffier, quel jugement là-deſſus faut-il rendre?	Greffier, quel jugement là-dessus faut-il rendre?
DAMIS.	DAMIS.
Tel que tu le voudras.	Tel que tu le voudras.
LISANDRE.	LISANDRE.
Ie ſuiuray vos auis, Il eſt fort à propos qu’ils ſoient icy ſuiuis.	Je suivrai vos avis, Il est fort à propos qu'ils soient ici suivis.
Paix-là?	Paix-là?
DAMIS.	DAMIS.
LISANDRE.	LISANDRE.
Pour faire droict ſur toutes vos Requeſtes, Vous adminiſtrerez témoins dignes d’enqueſtes;	Pour faire droit sur toutes vos Requêtes, Vous administrerez témoins dignes d'enquêtes;
Et d’autant qu’il s’agit de rapt & de poiſon, Agrimont & Robert entreront en priſon.	Et d'autant qu'il s'agit de rapt et de poison, Agrimont et Robert entreront en prison.
Et quant aux deux reſtans dont l’vn paroiſt debile, Pour priſon ſeulement nous leur donnons la Ville.	Et quant aux deux restants dont l'un paraît débile, Pour prison seulement nous leur donnons la Ville.
M.	M.
ROBERT.	ROBERT.
Ha!	Ha!
Monſieur le Bailly, vous n’auez pas raiſon, La Loy defend de mettre vn Docteur en priſon.	Monsieur le Bailly, vous n'avez pas raison, La Loi défend de mettre un Docteur en prison.
Carceribus detineri Doûtor aut honeſta Perſona non poteſt vt tractatur in Lege Medicos;	Carcéribus détineri Doûtor aut honêta Persa non potest ut tractatur in Lege Médicos;
joint que delicti venia petentibus Datur Lege Manichæos.	joint que délicti venia petentibus Datur Lege Manichæos.
DE MIEDACTIO Mais, Docteur ſuranné, ie vous ſuis à la piſte, Et vous aurez beau faire à preſent le Sophiſte, Vous ſebirez la Loy qui dit que, Delicta Non oportet vnquam eſſe impunita.	DE MIÉDACTIO Mais, Docteur suranné, je vous suis à la piste, Et vous aurez beau faire à présent le Sophiste, Vous sébirez la Loi qui dit que, Délicta Non oportet unquam esse impunita.
M.	M.
ROBERT.	ROBERT.
Heu me miſerum, que ie ſuis miſerable!	Heu me miserum, que ici suis misérable!
De tomber dans les mains du Medecin du Diable.	De tomber dans les mains du Médecin du Diable.
C’eſt fort bien reparty;	C'est fort bien réparti;
ce qu’il dit ſeroit vray, Et ce ſeroit clauum elauo repellere,	ce qu'il dit serait vrai, Et ce serait clauum elleauo repelle,
B iiij Si i’eſtois conuaincu du crime qu’il m’impute.	 BijOur j'étais convaincu du crime qu'il m'impute.
LISANDRE.	LISANDRE.
Nous mettrons bien-toſt fin à toute la diſpute;	Nous mettrons bientôt fin à toute la dispute;
Nous auons, grace à Dieu, le don de diſcerner De dauj duuee lo Mdu.	Nous avons, grâce à Dieu, le don de discerner De dauj ue lo Médu.
SCENE DERNIERE.	SCÈNE DERNIÈRE.
LVCRECE, LIDAMANT, LISANDRE, DAMIS, CLARICE, MAISTRE ROBERT, AGRIMONT, LE MEDECIN, ISABELLE.	LUCRECE, LIDAMANT, LISANDRE, DAMIS, CLARICE, MAÎTRE ROBERT, AGRIMONT, LE MÉDECIN, ISABELLE.
MAIST.	MAIST.
AMBROISE, FABRICE.	AMBROISE, FABRICE.
LVCRECE.	LUCRECE.
Non, ie veux retourner Au logis de mon Pere, & luy demander grace;	Non, Seigneur veux retourner Au logis de mon Père, et Seigneur demander grâce;
Il n’eſt rien pour cela que mon deuoir ne faſſe.	Il n'est rien pour cela que mon devoir ne fasse.
Mais las!	Mais las!
en quel eſtat me paroiſt-il icy?	en quel état me paraît-il ici?
LIDAMANT.	LIDAMANT.
Monſieur, i’allois chez vous vous tirer de ſoucy, Ie ſuis coupable ſeul, c’eſt moy qui par adreſſe Ay de nuit enleué l'adorable Lucrece;	Monsieur, j'allais chez vous vous tirer de souci, Je suis coupable seul, c'est moi qui par adresse Ai de nuit enlevé l'adorable Lucrece;
Ie confeſſe mon crime, & loin d’en abuſer, Ie ne me rens icy qu’afin de l’épouſer.	Je confesse mon crime, et loin d'en abuser, Je ne me rends ici qu'afin de l'épouser.
LISANDRE.	LISANDRE.
Hé bien, Maiſtre Robert, qu’auez-vous plus à dire?	Hé bien, Maître Robert, qu'avez-vous plus à dire?
M.	M.
ROBERT.	ROBERT.
Que le Ciel par bonté conſent que ie reſpire:	Que le Ciel par bonté consent que Seigneur respire:
Oüy, ma Fille, prenez Lidamant pour Epoux.	Oui, ma Fille, prenez Lidamant pour Époux.
mais qui pourroit m'auon appiique minle coups, Et pris mon Canapſa ſans aucune reſerue?	mais qui pourrait m'avon appiique minle coups, Et pris mon Canapsa sans aucune réserve?
LISANDRE.	LISANDRE.
C’eſt le ſeul poinct qui reſte, & qu’il faut qu’on obAGRIMONT.	C'est le seul point qui reste, et qu'il faut qu'on obAGRIMONT.
0 (ſerue.	0 (serue.
Déja du rapt au moins me voila déchargé.	Déjà du rapt au moins me voilà déchargé.
LISANDRE.	LISANDRE.
Pour ce qui reſte enſin, c’eſt quelque préjugé.	Pour ce qui reste ensin, c'est quelque préjugé.
LIDAMANT.	LIDAMANT.
Quoy?	Quoi?
Liſandre & Damis!	Lisandre et Damis!
Voicy quelque myſtere;	Voici quelque mystère;
Sçachons qui peut auoir mal-traitté mon Beaupere, I’en veux tirer raiſon deſſur l’heure;	Sachons qui peut avoir mal-traitté mon Beaupère, J'en veux tirer raison dessur l'heure;
autrement.	autrement.
LISANDRE.	LISANDRE.
Damis, tout eſt perdu, ſans doute Lidamant Nous reconnoiſt.	Damis, tout est perdu, sans doute Lidamant Nous reconnaît.
M.	M.
ROBERT.	ROBERT.
Mon Gendre, on nous fera juſtice, Et nous ſçaurons bien-toſt l’autheur du malefice.	Mon Gendre, on nous fera justice, Et nous saurons bientôt l'auteur du maléfice.
Voila Monſieur le Iuge, & Monſieur ſon Greffier.	Voilà Monsieur le Juge, et Monsieur son Greffier.
LIDAMANT.	LIDAMANT.
Nelojes pas fieu que de vous y ller;	Nelojes pas fières que de vous y lêler;
Ce ſont aſſeurément ceux qui de coups de gaules Vous ont ſi rudement chamarré les épaules.	Ce sont assurément ceux qui de coups de gaules Vous ont si rudement chamarré les épaules.
Le Iuge & le Greffier, tenez, voyez les bien?	Le Juge et le Greffier, tenez, voyez -les bien?
Icy Lidamant leur oſte leurs fauſſes barbes.	Ici Lidamant leur ôte leurs fausses barbes.
M.	M.
ROBERT.	ROBERT.
Ha!	Ha!
vous ſerez frotez, qu’il n’y manquera rien;	vous serez frottez, qu'il n'y manquera rien;
Allons, donnons, mon Gendre, & d’eſtoc & de taille, Aſſommons ces Filoux par droict de repreſaille;	Allons, donnons, mon Gendre, et d'étoc et de taille, Assommons ces Filoux par droit de représaille;
Courage, Maiſtre Ambroiſe, allons, mon cher Voiſin;	Courage, Maître Ambroise, allons, mon cher Voisin;
Sur tout n’épargnez pas Monſieur le Medecin?	Sur tout n'épargnez pas Monsieur le Médecin?
LIDAMANT.	LIDAMANT.
Monſieur, les voila tous qui gagnent la guérite.	Monsieur, les voilà tous qui gagnent la guérite.
M.	M.
RÔBERT.	RÔBERT.
Les aſſaſſins font bien d’échaper par la fuite;	Les assassins font bien d'échapper par la fuite;
Car per fidem me im, ils ſçauroient tout de bon Ce que c’eſt d’offenſer Dominem Togatum.	Car per fidé me im, ils sauraient tout de bon Ce que c'est d'offenser Dominem Togatum.
Mon Gendre, il faut pourtant ratraper mes piſtoles, Et nous ſerons vangez;	Mon Gendre, il faut pourtant ratraper mes pistoles, Et nous serons vengez;
mais tréue de paroles, Allons dans vn Feſtin noyer noſtre ſoucy, Diſons à ces Meſſieurs, bon ſoir, & grand mercy.	mais trêve de paroles, Allons dans un Festin noyer notre souci, Disons à ces Messieurs, bon soir, et grand merci.
FIN.	FIN.
PORTRAIT D'VNE Inconnue.	PORTRAIT D'UNE Inconnue.
Ans doute l’amour de ſoy-meſme, OEſt vne paſſion extréme;	Ans doute l'amour de soi-même, ŒSt une passion extrême;
Et toute Perſonne en effet Qui veut ébaucher ſon Portrait, Fût-elle en tout la plus naïue, Elle prend la couleur plus viue, Et le pinceau plus délicat, Pour mieux en rehauſſer l’éclat.	Et toute Personne en effet Qui veut ébaucher son Portrait, Fût-elle en tout la plus naïve, Elle prend la couleur plus vive, Et le pinceau plus délicat, Pour mieux en rehausser l'éclat.
Toûjours vne certaine audace La diſpoſe à ſe faire grace, On en voit tous les traits frapez Auec des yeux préoccupez.	Toujours une certaine audace La dispose à se faire grâce, On en voit tous les traits frappés Avec des yeux préoccupez.
Ie pourrois tomber dans ce vice, Mais ie ſçay me faire juſtice, Et du Portrait que i’entreprens, Mes Amis ſeront les garens, Puis que c’eſt en ma conſcience Vn effet de ma complaiſance, Et que ie veux les contenter, Pluſtoſt que me repreſenter.	Je pourrais tomber dans ce vice, Mais a sçay me faire justice, Et du Portrait que j'entreprends, Mes Amis seront les garents, Puis que c'est en ma conscience Un effet de ma complaisance, Et que sans veux les contenter, Plutôt que me représenter.
Ie dy donc ſur cette penſée, Sans paroiſtre trop empreſſée,	Je dis donc sur cette pensée, Sans paraître trop empressée,
Sans faire voir rien d’affecté, Ny ſans choquer la verité;	Sans faire voir rien d'affecté, Ni sans choquer la vérité;
Que ma taille eſt grande, & ſans feinte, Ny trop libre, ny trop contrainte;	Que ma taille est grande, et sans feinte, Ni trop libre, Seigneur trop contrainte;
I’ay l’air ſans affectation De Femme de condition, Ny trop peu, ny beaucoup affable;	J'ai l'air sans affectation De Femme de condition, Ni trop peu, ni beaucoup affable;
I’ay la démarche raiſonnable, Mais dans mes traits repreſentez Voyez mes autres qualitez.	J'ai la démarche raisonnable, Mais dans mes traits représentez Voyez mes autres qualités.
Si ma mine n’eſt ſurprenante, Auſſi n’eſt-elle pas choquante;	Si ma mine n'est surprenante, Aussi n'est-elle pas choquante;
I'ay le viſage vn peu longuet, Le teint vif, quoy qu’vn peu brunet;	J'ai le visage un peu longuet, Le teint vif, quoi qu'un peu brunet;
Mais à dire vray, rien n’efface Ce qu’il a d’attrait & de grace;	Mais à dire vrai, rien n'efface Ce qu'il a d'attrait et de grâce;
I’ay le front ſans doute vn peu haut, Ie ne ſçay ſi c’eſt vn defaut, Il en eſt bien d’vne autre ſorte, Mais c’eſt ainſi que ie le porte.	J'ai le front sans doute un peu haut, Je ne sais si c'est bien défaut, Il en est bien d'une autre sorte, Mais c'est ainsi que je le porte.
I’ay les yeux noirs, doux, & bien faits, Ny grands, ny petits, beaux, ny laids, La bouche moins belle que laide, Mais ie n’y ſçay point de remede.	J'ai les yeux noirs, doux, et bien faits, Ni grands, ni petits, beaux, ni laids, La bouche moins belle que laide, Mais Seigneur n'y sais point de remède.
I’ay le poil extrémement fin, L’air cendré, le nez aquilin, La gorge pleine, & bien formée, Sa blancheur aſſez animée.	J'ai le poil extrêmement fin, L'air cendré, le nez aquilin, La gorge pleine, et bien formée, Sa blancheur assez animée.
Le bras, à ne vous mentir point, Marque trop peu mon embonpoint;	Le bras, à ne vous mentir point, Marque trop peu mon embonpoint;
Et comme la main eſt fort proche, Elle me fait meſme reproche;	Et comme la main est fort proche, Elle me fait rendre reproche;
La jambe & le pied fort bien faits, Ne ſont pas mes moindres attraits.	La jambe et le pied fort bien faits, Ne sont pas mes moindres attraits.
Mon abord de premiere veuë Promet ples que ie n’effectuë;	Mon abord de première vue Promet ples que je n'effectue;
Il ne ſçait que trop engager, Mais ie ſçay bien le ménager.	Il ne sais que trop engager, Mais apprendre sais bien le ménager.
Ie hay l’humeur facetieuſe, Ie ſuis graue, & fort ſérieuſe, La gayeté, ny l’enjoûment, Ne me conuiennent nullement.	Je hais l'humeur facétieuse, Je suis grave, et fort sérieuse, La gaieté, toujours l'enjoument, Ne me conviennent nullement.
Mon eſprit paſſe en ma créance Pour eſtre des moindres de France;	Mon esprit passe en ma créance Pour être des moindres de France;
Ie donne aiſément cet aueu, Et ie crois en auoir ſi peu, Que ce que l’on en voit paroiſt re Me ſert ſeulement à connoiſtre, Et confeſſer que de tout poinct Ce peu veut dire quaſi point.	Je donne aisément cet aveu, Et ainsi crois en avoir si peu, Que ce que l'on en voit paraît rejet Me sert seulement à connaître, Et confesser que de tout point Ce peu veut dire quasi point.
Pourtant auec droict ie me pique, Qu’à quelque choſe où ie m’aplique, Ie le comprens facilement;	Pourtant avec droit ie me pique, Qu'à quelque chose où tu m'applique, Je le comprends facilement;
Mais auſſi i’oublie aiſément, Et i’aurois eu la connoiſſance De ce qu’on appelle Science, Auec grande facilité, Si mon eſprit s’y fût porté.	Mais aussi j'oublie aisément, Et j'aurais eu la connaissance De ce qu'on appelle Science, Avec grande facilité, Si mon esprit s'y fût porté.
Ne croyez pas que ie réponde Du plus grand jugement du monde;	Ne croyez pas que Seigneur réponde Du plus grand jugement du monde;
Mais dans les plus ſérieux cas, Ie ſens que ie n’en manque pas, Quand ie veux me donner la peine Djrencenn, prendre haleine.	Mais dans les plus sérieux cas, Je sens que je n'en manque pas, Quand ie veux me donner la peine Djrencenn, prendre haleine.
Ce Prouerbe eſt du temps paſſé, Mais il n’eſt pas trop mal placé.	Ce Proverbe est du temps passé, Mais il n'est pas trop mal placé.
Ie ſuis naturellement bonne, Bien faiſante autant que perſonne,	Je suis naturellement bonne, Bien faisante autant que personne,
Et i’aime mieux ſans paſſion Que l’on m’ait obligation, Que d’en auoir, & s’il faut croire Que ce n’eſt pas par vaine gloire.	Et j'aime mieux sans passion Que l'on m'ait obligation, Que d'en avoir, et s'il faut croire Que ce n'est pas par vaine gloire.
I’adjoûte à la ſincerité Et la tendreſſe & la bonté Pour mes Amis tres-veritables;	J'ajoute à la sincérité Et la tendresse et la bonté Pour mes Amis très -véritables;
Mes ſoins pour eux ſont incroyables, Et leur intereſt, & leur bien, Me ſont préferables au mien, De ſorte qu’il n’eſt pas poſſible D’eſtre à leur perte plus ſenſible:	Mes soins pour eux sont incroyables, Et leur intérêt; et leur bien, Me sont préférables au mien, De sorte qu'il n'est pas possible D'être à leur perte plus sensible:
Mais pour me bien perſuader, Mes Amis ſe doiuent ſonder;	Mais pour me bien persuader, Mes Amis se doivent sonder;
Car comme ie hay la fineſſe, Il faut du temps, & de l’adreſſe, Et ſur tout ſe bien ménager, Car ie ne croy pas de leger:	Car comme ici hais la finesse, Il faut du temps, et de l'adresse, Et sur tout se bien ménager, Car ie ne crois pas de léger:
Celuy dont ie me croy trompée, Ne me prend plus à la pipée;	Celui dont personne me crois trompée, Ne me prend plus à la pipée;
Et s’il faut parler librement, Ie vous confeſſe ingenûment, Que quoy qu’apres il en arriue, Ie ſuis vn peu vindicatiue;	Et s'il faut parler librement, Je vous confesse ingénument, Que quoi qu’après il en arrive, Je suis un peu vindicative;
Ie flate aſſez mes paſſions En certaines occaſions;	Je flatte assez mes passions En certaines occasions;
Et quand mon petit cœur m’y pouſſe, La vengeance me ſemble douce, Mais ie ne voudrois pas pour rien En faire naiſtre le moyen.	Et quand mon petit cœur m'y pousse, La vengeance me semble douce, Mais quand ne voudrais pas pour rien En faire naître le moyen.
Ie ne ſuis point diſſimulée, I’aime peu d’eſtre cajolée, Mais i’ay de tout temps affecté Par tout vne ciuilité	Je ne suis point dissimulée, J'aime peu d'être cajolée, Mais j'ai de tout temps affecté Par tout une civilité
Qui me vient ſi bien de naiſſance, Qu’on la prendroit pour bienveillance.	Qui me vient si bien de naissance, Qu'on la prendrait pour bienveillance.
Ie hay bien, ie ſçay bien aimer, Tous deux ont droict de me charmer;	Je hais bien, Seigneur sais bien aimer, Tous deux ont droit de me charmer;
Ie ſuis curieuſe, & conſtante, Plus que ie ne ſuis patiente;	Je suis curieuse, et constante, Plus que sans ne suis patiente;
Pourtant ie ſçay cacher des mieux L’vn & l’autre quand ie le veux.	Pourtant ici sais cacher des mieux L'un et l'autre quand tu le veux.
S’il faut que ie me détermine, Ie conſidere, i’examine;	S'il faut que Seigneur me détermine, Je considère, j'examine;
Mais ſi-toſt que i’ay réſolu, C’eſt tout dire, ie l’ay voulu;	Mais sitôt que j'ai résolu, C'est tout dire, tu l'ai voulu;
Et ie ſurmonte toute choſe, Quelque obſtacle qu’on me propoſe;	Et ici surmonte toute chose, Quelque obstacle qu'on me propose;
Ie ſuis ferme de ce coſté Iuſqu’à l’opiniaſtreté.	Je suis ferme de ce côté Jusqu'à l'opiniastreté.
Quelque rencontre où ie m’engage.	Quelque rencontre où belle m'engage.
Ie montre beaucoup de courage, Et i’ay le cœur ſi bien placé, Qu’il ne ſçauroit eſtre forcé, De ſorte qu’en toute ocurrence Il ne dément point ma naiſſances Il fait connoiſtre aſſez par là La forte auerſion qu’il a, Et qu’il jure toute ſa vie D’auoir pour la poltronnerie.	Je montre beaucoup de courage, Et j'ai le cœur si bien placé, Qu'il ne saurait être forcé, De sorte qu'en toute ocurrence Il ne dément point ma naissances Il fait connaître assez par là La forte aversion qu'il a, Et qu'il jure toute sa vie D'avoir pour la poltronnerie.
Le péril ne m’étonne pas, Ie franchis bien vn mauuais pas;	Le péril ne m'étonne pas, Je franchis bien un mauvais pas;
Mais timide on me voit pareſtre, Quand ie n’ay pas ſujet de l’eſtre.	Mais timide on me voit paraître, Quand Je n'ai pas sujet de l'être.
Ie ſuis complaiſante par tout, Mais ie ne ſtate point du tout Mon opinion, quoy que ſaine, Ie fais ſcrupule qu’on la tienne;	Je suis complaisante par tout, Mais ils ne state point du tout Mon opinion, quoi que saine, Je fais scrupule qu'on la tienne;
Ie m’en raporte volontiers Aux ſentimens de quelque tiers, Mais il faut que de ſa perſonne L’eſtime cliez moy ſoit fort bonne.	Je m'en rapporte volontiers Aux sentiments de quelque tiers, Mais il faut que de sa personne L'estime cliez moi soit fort bonne.
Ie hais à l’égal du trépas L’ingratitude, & les ingrats, Autant comme la moquerie;	Je hais à l'égal du trépas L'ingratitude, et les ingrats, Autant comme la moquerie;
Et la piquante raillerie, La médiſance me déplaiſt, Toute pleine d’eſprit qu’elle eſt.	Et la piquante raillerie, La médisance me déplaît, Toute pleine d'esprit qu'elle est.
Ie me contrains quand ie m’applique.	Je me contrains quand belle m'applique.
Sans eſtre beaucoup politique, Mais ie puis aſſeurer auſſi Que ce n’eſt pas par tout ainſi, Et lors que cette humeur ſe montre, Que ce n’eſt pas en tout rencontre.	Sans être beaucoup politique, Mais ainsi puis assurer aussi Que ce n'est pas par tout ainsi, Et lors que cette humeur se montre, Que ce n'est pas en tout rencontre.
Ie ſuis ſenſible aſſeurément, Mais c’eſt incomparablement (Quelque bien que le Ciel m’enuoye Plus à la douleur qu’à la joye;	Je suis sensible assurément, Mais c'est incomparablement (Quelque bien que le Ciel m'envoie Plus à la douleur qu'à la joie;
S’il falloit pourtant faire vn choix, Et par d’inéuitables Loix Conclure en ſemblable matiere, I’élirois plûtoſt la derniere.	S'il fallait pourtant faire un choix, Et par d'inévitables Lois Conclure en semblable matière, J'élirais plutôt la dernière.
Le mépris m’outragé ſi fort, Que i’y préfererois la mort;	Le mépris m'outragé si fort, Que j'y préférerais la mort;
Ie croirois l’vne pardonnable, Mais l’autre m’eſt inſuportable.	Je croirais l'une pardonnable, Mais l'autre m'est insuportable.
Ie hay la contradiction De ces Cenſeurs par paſſion, Car leur perſonne m’eſt ſuſpecte, Tout autant comme ie reſpecte Tout ce qui vient de mes amis;	Je hais la contradiction De ces Censeurs par passion, Car leur personne m'est suspecte, Tout autant comme ce tte Tout ce qui vient de mes amis;
Enfin ie hay mes ennemis.	Enfin ici hai mes ennemis.
Ie ne ſuis point intereſſée, Ce vice eſt hors de ma penſée, I’ay plus de ſatisfaction D'vne genereuſe action, Que de la plus grande richeſſe Acquiſe par vne baſſeſſe;	Je ne suis point intéressée, Ce vice est hors de ma pensée, J'ai plus de satisfaction D'une généreuse action, Que de la plus grande richesse Acquise par une bassesse;
Ie n’en ay iamais ſouhaité Au deſſus de ma qualité, Que pour en eſtre liberale, Car i’ay l'ame vrayment Royale.	Je n'en ai jamais souhaité Au dessus de ma qualité, Que pour en être libérale, Car j'ai l'âme vraiment Royale.
Ie n’aime pas l’ambition, C’eſt vne lâche paſſion Qui n’eſt point ſans inquietuje, Elle a trop de ſollicitude, Elle chagrine à tous propos;	Je n'aime pas l'ambition, C'est une lâche passion Qui n'est point sans inquiétuje, Elle a trop de sollicitude, Elle chagrine à tous propos;
Pour moy i’aime aſſez le repos, Mais ſans eſtre ny trop reſveuſe, Ny ſans eſtre trop pareſſeuſe.	Pour moi j'aime assez le repos, Mais sans être ici trop rêveuse, Ni sans être trop paresseuse.
Pour le tempérament que i’ay, Il eſt de nature aſſez gay, Mais l’excés de mélancolie En perd la meilleure partie, Et c’eſt bien ſouuent la raiſon Qui fait qu’en certaine ſaiſon On me prendroit pour inquiete, Et pour totalement diſtraite.	Pour le tempérament que j'ai, Il est de nature assez gai, Mais l'excès de mélancolie En perd la meilleure partie, Et c'est bien souvent la raison Qui fait qu'en certaine saison On me prendrait pour inquiète, Et pour totalement distraite.
I’ay pourtant parmy ces momens L’eſprit aux diuertiſſemens Que la Cour pleinement étale A ceux qui ſont dans ſa cabale, Et fort ſouuent ie m’apperçoy Qu’ils ont de grands charmes pour moy.	J'ai pourtant parmi ces moments L'esprit aux divertissements Que la Cour pleinement étale À ceux qui sont dans sa cabale, Et fort souvent avoir m'apperçoy Qu'ils ont de grands charmes pour moi.
On m’accuſe d’eſtre trop promte, Cela ne me fait point de honte;	On m'accuse d'être trop promte, Cela ne me fait point de honte;
Car pour ne vous abuſer point, Ie ſuis ſenſible au dernier poinct, Redire n’eſt pas ma couſtume, Mais il s’eſt trouué ſous la plume.	Car pour ne vous abuser point, Je suis sensible au dernier point; Redire n'est pas ma coutume, Mais il s'est trouvé sous la plume.
La parure n’eſt plus mon fait, Ie l’aime moins que ie n’ay fait, Ce deſir plus ne me deuore, Mais ie ne la hay pas encore, Et i’affecte ordinairement De me mettre fort proprement;	La parure n'est plus mon fait, Je l'aime moins que je n'ai fait, Ce désir plus ne me dévore, Mais fort ne la ha pas encore, Et affecte ordinairement De me mettre fort proprement;
Cette façon moins vetilleuſe, M’eſt ie croy plus auantageuſe, Qu’à vouloir reparer par l’art La choſe où ie n’ay point de part, Et que dans cette conjoncture Me veut refuſer la nature.	Cette façon moins vétilleuse, M'est -je crois plus avantageuse, Qu'à vouloir réparer par l'art La chose où je n'ai point de part, Et que dans cette conjoncture Me veut refuser la nature.
I’écris bien plus facilement Que ie ne parle aſſeurément, Mais c’eſt choſe aſſez ordinaire Pour vne Perſonne étrangere;	J'écris bien plus facilement Que on ne parle assurément, Mais c'est chose assez ordinaire Pour une Personne étrangère;
Ce n’eſt pas pour vous dire bien, Qu’en la Langue i’ignore rien De ce qui fait en compagnie La conuerſation jolie;	Ce n'est pas pour vous dire bien, Qu'en la Langue j'ignore rien De ce qui fait en compagnie La conversation jolie;
I’y puis contribuer auſſi, Comme ſi i’eſtois née icy, Et i’en ay plus de connoiſſance Que bien des gens nourris en France.	J'y puis contribuer aussi, Comme si j'étais née ici, Et j'en ai plus de connaissance Que bien des gens nourris en France.
Tout changement à ſon abord Me trouble, & m’inquiete fort;	Tout changement à son abord Me trouble, et m'inquiète fort;
Mais ſi ie vois en quelqu’affaire Qu’il ſoit tant ſoit peu neceſſaire, Alors auec facilité Ie cede à la neceſſité.	Mais si ici vois en quelqu'affaire Qu'il soit tant soit peu nécessaire, Alors avec facilité Je cède à la nécessité.
Le grand monde, & la ſolitude, Enchantent mon inquietude;	Le grand monde, et la solitude, Enchantent mon inquiétude;
La ſolitude a des appas, Le grand monde n’en manque pas;	La solitude a des appas, Le grand monde n'en manque pas;
Enfin il faut ſçauoir que ie ſuis ſans ſeconde, D'amel la Iomtude autant que le grand monde.	Enfin il faut savoir que je suis sans seconde, D'amel la Jomtude autant que le grand monde.
Voila mon Portrait acheué, Voyez ſi ie l’ay bien trouué:	Voilà mon Portrait achevé, Voyez si ici l'ai bien trouvé:
s’il ſemble à quelqu’vn vn peu rude, I'en ay fort peu d’inquietude, Et ie m’en conſoleray bien Quand mes Amis n’y verront rien Qui leur ſemble deſagreable, Et ſi d’vn œil tres-fauorable Ils ont pour la copie vn ſentiment égal A la bonté qu’ils ont pour ſon original.	s'il semble à quelqu'in t peu rude, J'en ai fort peu d'inquiétude, Et été m'en consolerai bien Quand mes Amis n'y verront rien Qui leur semble désagréable, Et si d'un œil très-fauorable Ils ont pour la copie un sentiment égal À la bonté qu'ils ont pour son original.
FIN.	FIN.
