MERCURE.	MERCURE.
Le Theatre repreſente une Campagne aride & toute brûlée de l'ardeur du Soleil, que l’on voit ſur declin, & prêt à ſe coucher;	Le Théâtre représente une Campagne aride et toute brûlée de l'ardeur du Soleil, que l'on voit sur déclin, et prêt à se coucher;
D’un autre côté, vis-a-vis du Soleil, on voit la nuit, qui s’avance peu à peu ſur un Char tiré par des Anουnα 3Enο εον uυcompagnee au Heures de la Nuit.	D'un autre côté, vis-a-vis du Soleil, on voit la nuit, qui s'avance peu à peu sur un Char tiré par des Annq 3Enο Én uυcompagnee au Heures de la Nuit.
LA NUIT.	LA NUIT.
Anguiſſante Clarté, cachez vous deſſous l’Onde, Faites place à la Nuit la plus belle du monde,  Qui deſſous l’horiſon s’achemine à grands pas.	Anguissante Clarté, cachez -vous dessous l'Onde, Faites place à la Nuit la plus belle du monde, Qui dessous l'horizon s'achemine à grands pas.
C’eſt de moy que l’on priſe, & la noirceur, & l’ombre, Et jay mille agrémens dans mon Empire ſombre, Qu'en toute ſa ſplendeur le jour même n’a pas.	C'est de moi que l'on prise, et la noirceur, et l'ombre, Et jay mille agrémens dans mon Empire sombre, Qu'en toute sa splendeur le jour même n'a pas.
LES AE CREMHHDMRCRTT.	LES AE CREMHHDMRCRTT.
Le Soleil, qui croyoit avec que ſa lumiere Regner abſolument par tout, Sera pouſſé bien-tôt à bout;	Le Soleil, qui croyait avec que sa lumière Regner absolument par tout, Sera poussé bientôt à bout;
Il commence déja de fermer la paupiere.	Il commence déjà de fermer la paupière.
Pendant que les Heures chantent, une troupe d’habitans entre ſur le Theatre.	Pendant que les Heures chantent, une troupe d'habitants entre sur le Théâtre.
UN HABITANT DE LA TROUPE.	UN HABITANT DE LA TROUPE.
Venez, aimable Nuit, venez finir nos peines.	Venez, aimable Nuit, venez finir nos peines.
Le Soleil furieux Brûle tout dans nos pleines, Et ravage ces lieux.	Le Soleil furieux Brûle tout dans nos pleines, Et ravage ces lieux.
Il n’eſt plus d’eau dans nos fontaines, Tout perit, tout tarit, Venez aimable Nuit, venez finir nos peines.	Il n'est plus d'eau dans nos fontaines, Tout périt, tout tarit, Venez aimable Nuit, venez finir nos peines.
LE CHOEUR.	LE CHOEUR.
Venez, aimable Nuit, venez finir nos peines.	Venez, aimable Nuit, venez finir nos peines.
UN AUTRE HABITANT DE LA TROUPE Ah!	UN AUTRE HABITANT DE LA TROUPE Ah!
ce Soleil brûlant embraſe les Montagnes!	ce Soleil brûlant embrase les Montagnes!
Il brûle nos Forêts, il ſeche nos Campagnes, Nous ſommes devenus l’objet de ſa Fureur.	Il brûle nos Forêts, il seche nos Campagnes, Nous sommes devenus l'objet de sa Fureur.
Helas!	Hélas!
voyez nôtre langueur!	voyez notre langueur!
Du ſang qui nous ſoûtient, il épuiſe nos veines.	Du sang qui nous soutient, il épuise nos veines.
2 Que ſes rigueurs ſont inhumaines!	2 Que ses rigueurs sont inhumaines!
Nous ſommes tout ſechés, tout recuits de chaleur, Et, tout prets à mouiir, nous ſouffrons le martire.	Nous sommes tout séchés, tout recuits de chaleur, Et, tout prêts à mouiir, nous souffrons le martyre.
Belle Nuit, qui pourroit vous dire A quelle extremte nous reauit ion ardeur!	Belle Nuit, qui pourrait vous dire À quelle extrémte nous reavit ion ardeur!
ILE CHOEUR.	ÎLE CHOEUR.
Belle Nuit, qui pourroit vous dire A quelle extremité nous reduit ſon ardeur!	Belle Nuit, qui pourrait vous dire À quelle extrémité nous réduit son ardeur!
UN HABITANT DE LA TROUPE.	UN HABITANT DE LA TROUPE.
Etabliſſez ici pour jamais vôtre Empire, Banniſſez de ces lieux Ce Soleil furieux;	Établissez ici pour jamais votre Empire, Bannissez de ces lieux Ce Soleil furieux;
Ne nous quittez jamais, que l’on ne voye luire.	Ne nous quittez jamais, que l'on ne voie luire.
Ua Un plus bel Aſtre dans les Cieux.	Oùa Un plus bel Astre dans les Cieux.
LE CHOEUR.	LE CHOEUR.
Nous vous le demandons grands Dieux, D'un Cœur ſoumis nous adreſſons nos vœux, Maître des Dieux, qui lances le Tonnere, Cccute dlr naapie mamecleun, Que ce Soleil ardent n’éclaire plus la Terre.	Nous vous le demandons grands Dieux, D'un Cœur soumis nous adressons nos vœux, Maître des Dieux, qui lances le Tonnere, Cocute lir naapie mamecleun, Que ce Soleil ardent n'éclaire plus la Terre.
UN AUTRE HABITANT DE LA TROUPE.	UN AUTRE HABITANT DE LA TROUPE.
C’eſt un Soleil brûlant, qui nous déſole tous, Puiſſe-t-il a jamais demeurer deſſous l’Onde.	C'est un Soleil brûlant, qui nous dèsole tous, Puisse-t-il a jamais demeurer dessous l'Onde.
O Jupiter, ſauvez le Monde, Donnez nous un Aſtre plus doux.	Ô Jupiter, sauvez le Monde, Donnez nous un Astre plus doux.
LE CNOEURe O Jupiter ſauvez le Monde, Donnez nous un Aſtre plus doux.	LE CNOEUR Ô Jupiter sauvez le Monde, Donnez nous un Astre plus doux.
Dans le tems que le Chœur des Habitans chante ces deux derniers vers, MERCURE ſe fait voir ſur un Nuage.	Dans le temps que le Chœur des Habitants chante ces deux derniers vers, MERCURE se fait voir sur un Nuage.
MERCURE ſur un Nuage.	MERCURE sur un Nuage.
Habitans de ces lieux, calmez tous vos ennuis.	Habitants de ces lieux, calmez tous vos ennuis.
Vos vœux ſont exaucez, vos malheurs ſont finis.	Vos vœux sont exaucés, vos malheurs sont finis.
Le grand Dieu Jupiter m’envoye ici vous dire, Que ce Soleil couchant va finir ſon Empire, Vous ne le verrez plus.	Le grand Dieu Jupiter m'envoie ici vous dire, Que ce Soleil couchant va finir son Empire, Vous ne le verrez plus.
Et vous, Nuit, attendez, Avec les Peuples accablez, l’Aſtre nouveau qui ſort de l’onde.	Et vous, Nuit, attendez, Avec les Peuples accablez, l'Astre nouveau qui sort de l'onde.
Vous l’allez voir brillant, éclairer tout le Monde.	Vous l'allez voir brillant, éclairer tout le Monde.
Ramener par tout le beau temsLa douceur de ſon influence Fera regner chez vous la Paix & l’Abondance, Et rendra vos deſirs contens.	Ramener par tout le beau tempsLa douceur de son influence Fera régner chez vous la Paix et l'Abondance, Et rendra vos désirs contents.
Ren	Ren
A 4 Rendez graces, rendez au plus puiſſant des Dieux, Qui vous donne un Soleil, ſi beau, ſi glorieux.	A 4 Rendez grâces, rendez au plus puissant des Dieux, Qui vous donne un Soleil, si beau, si glorieux.
LE CHOEUR.	LE CHOEUR.
Rendons graces, rendons au plus puiſſant des Dieux, Qui nous donne un soien, n beau, il glorieux, Mercure ſe retire.	Rendons grâces, rendons au plus puissant des Dieux, Qui nous donne un soyen, n beau, il glorieux, Mercure se retire.
UN HABITANT DE LA TROUPE.	UN HABITANT DE LA TROUPE.
Sa bonté fait ſortir de l'Onde Un Aſtre nouveau, que le Monde Verra bien-tôt briller aux Cieux.	Sa bonté fait sortir de l'Onde Un Astre nouveau, que le Monde Verra bientôt briller aux Cieux.
Sous ſes loix nous vivrons dans une Paix profonde.	Sous ses lois nous vivrons dans une Paix profonde.
Que tout chante, que tout réponde, Que tout chante aujourd’hui le plus puiſſant des Dieux.	Que tout chante, que tout réponde, Que tout chante aujourd'hui le plus puissant des Dieux.
ddr Que tout chante, que tout réponde.	ddr Que tout chante, que tout réponde.
Que tout chante aujourd’hui le plus puiſſant de Dieux.	Que tout chante aujourd'hui le plus puissant de Dieux.
UN AUTRE HABITANT.	UN AUTRE HABITANT.
Sa bonté fait rentrer dans l'Onde Ce Soleil qui brûloit le Monde, Nous aurons plus de mauvais tems.	Sa bonté fait rentrer dans l'Onde Ce Soleil qui brûlait le Monde, Nous aurons plus de mauvais temps.
De cet Aſtre fatal la maligne influënce Ne chaſſera plus l’abondance, Tous nos deſirs ſeront contens.	De cet Astre fatal la maligne influence Ne chassera plus l'abondance, Tous nos désirs seront contents.
Rendons graces, rendons au plus puiſſant de Dieux.	Rendons grâces, rendons au plus puissant de Dieux.
Qui du Soleil brûlant a déchargé les Cieux.	Qui du Soleil brûlant a déchargé les Cieux.
LE CHOEUR.	LE CHOEUR.
L’Aſtre brillant qui ſort de l’Onde, Vient donner la lumiere au Monde, Il nous ramene le beau tems.	L'Astre brillant qui sort de l'Onde, Vient donner la lumière au Monde, Il nous ramène le beau temps.
La douceur de ſon Influënce Fera regner chez nous la Paix & l’Abondance, Et rendra nos deſirs contens.	La douceur de son Influënce Fera régner chez nous la Paix et l'Abondance, Et rendra nos désirs contents.
Rendons graces, rendons au plus puiſſant des Dieux, Qui nous donne un Soleil, ſi beau, ſi glorieux.	Rendons grâces, rendons au plus puissant des Dieux, Qui nous donne un Soleil, si beau, si glorieux.
Fin du Prologue.	Fin du Prologue.
Acteurs de, l’Opera.	Acteurs de, l'Opéra.
L’AMBITION.	L'AMBITION.
LA VANITE.	LA VANITÉ.
TROUPE de Dragons & d’Incendiaires.	TROUPE de Dragons et d'Incendiaires.
TROUPE de Bergers Fugitifs.	TROUPE de Bergers Fugitifs.
TROUPE de Satires, de Loups e lde Leopards.	TROUPE de Satires, de Loups é de Lopards.
EPTUNE.	EPTUNE.
LA TERRE.	LA TERRE.
L ddne	L ddne
T ROUPE de Dieux Marins.	 TOUPE de Dieux Marins.
RoOTE de Citlopes.	RoOTE de Citlopes.
TROUPE de Dieux Champêtres & de Drinnes.	TROUPE de Dieux Champôtres et de Drines.
TROUPE d’Habitans des lieux qui ſont embraſés.	TROUPE d'Habitants des lieux qui sont embrasés.
QUATRE Incendiaires.	QUATRE Incendiaires.
La Scene est en Europe.	La Scène est en Europe.
GALLI OPERA.	GALLI OPÉRA.
E	E
ACTE I.	ACTE I.
Le Theatre change, & repreſente les bords du Rhin, ou l’on voit des Villes & des Villages, des Bourgs & des Châteaux à demi ruïnez;	Le Theatre change, et représente les bords du Rhin, ou l'on voit des Villes et des Villages, des Bourgs et des Châteaux à demi ruinés;
Une Armée de Dragons & d’Incendiaires ſe Campe ſur ces bords.	Une Armée de Dragons et d'Incendiaires se Campe sur ces bords.
SCENE PREMIERE.	SCÈNE PREMIÈRE.
Gallie paroit ſur le Theatre ſous la forme d’une grande Femme, vêtuë d’une Robe d’Ecarlate.	Gallie parait sur le Théâtre sous la forme d'une grande Femme, vêtuë d'une Robe d'Écarlate.
parſemée de Fleurs de Lis & de Flammes d’Or, Elle tient dans ſa main droite un Flambeaz ardent, & une Epée en l’autre, avec cette deviſe ſur ſa Fontange, lgne & Ferro.	parsemée de Fleurs de Lis et de Flammes d'Or, Elle tient dans sa main droite un Flambeas ardent, et une Épée en l'autre, avec cette devise sur sa Fontange, lgne et Ferro.
Une Troupe de Dragons & d’Incendiaires vient danſer avec Gallie, & ils forment enſemble la premiere entrée du Ballet.	Une Troupe de Dragons et d'Incendiaires vient danser avec Galie, et ils forment ensemble la première entrée du Ballet.
GALLIE SEUIE.	GALLIE SÉVIE.
Our regner en tous lieux, mertons tout en uſage, La Trahiſon, le manquement de foy, L’horrible Cruauté, vous Crimes aidez moy, Servez ma Fureur & ma Rage, Je veux que l’Univers ſoumette à mes Loix.	Our régner en tous lieux, mertons tout en usage, La Trahison, le manquement de foi, L'horrible Cruauté, vous Crimes aidez moi, Servez ma Fureur et ma Rage, Je veux que l'Univers soumette à mes Lois.
Venez Princes, venez vous, Rois, Venez tous vous ranger ſous ma Puiſſance.	Venez Princes, venez -vous, Rois, Venez tous vous ranger sous ma Puissance.
Obeïſſez, où ce Flambeau Va faire un horrible ravage, Tout deſcendra dans le tombeau.	Obéissez, où ce Flambeau Va faire un horrible ravage, Tout descendra dans le tombeau.
Obeïſſez, où ce Flambeau Va faire un horrible ravage.	Obéissez, où ce Flambeau Va faire un horrible ravage.
Gallie regarde par tout le Theatre, pour voir s’il ne viendra perſonne, & puis elle continue.	Gallie regarde par tout le Théâtre, pour voir s'il ne viendra personne, et puis elle continue.
He quoi!	He quoi!
l’on ne m’obeït pas.	l'on ne m'obéirt pas.
Sous le coups de ce Fer il faut que tout gemiſſe.	Sous le coups de ce Fer il faut que tout gémisse.
Je vay porter par tout l’horreur & le trêpas.	Je vais porter par tout l'horreur et le trépas.
Allons, il faut que tout periſſe Par la Fureur que je reſſens.	Allons, il faut que tout périsse Par la Fureur que je ressens.
Anloition, vamte, redoublez mon audace, Volés à mon ſecours, exteriimions la race De ces Rebelles inſolens.	Anlaition, vamte, redoublez mon audace, Volez à mon secours, extériimions la race De ces Rebelles insolents.
SCENE SECONDE.	SCÈNE SECONDE.
GALLIE, L’AMBITION, LA VANITE.	GALLIE, L'AMBITION, LA VANITÉ.
L’Ambition entre d’un côté du Theatre, & la Vanité de l’autre.	L'Ambition entre d'un côté du Théâtre, et la Vanité de l'autre.
Elles danſent, & forment enſemble la ſeconde entrée du Balet.	Elles dansent, et forment ensemble la seconde entrée du Ballet.
GALLIE.	GALLIE.
Bjets de mon Amour, venez ſervir ma Rage, O Donnés moy vos avis, L’Europe inſolente m’outrage, Pour braver mon pouvoir, ſes Peuples ſont unis;	Bjets de mon Amour, venez servir ma Rage, Ô Donnés moi vos avis, L'Europe insolente m'outrage, Pour braver mon pouvoir, ses Peuples sont unis;
Venés Venés à mon ſecours, ſoutenez mon courage, Allons, il faut domter tous ces fiers Ennemis;	Venez Vensez à mon secours, soutenez mon courage, Allons, il faut dompter tous ces fiers Ennemis;
Cette Iſle d’Albion, l’ingrate, la perfide, N'eſt plus deſſous mes Loix, Ah!	Cette Isle d'Albion, l'ingrate, la perfide, N'est plus dessous mes Lois, Ah!
funeſte revers!	funeste revers!
Un Hercule nouveau vient de briſer ſes fers, Je ne vous cele rien, je le crains cét Alcide, Sans lui j’allois regner ſur ce vaſte Univers;	Un Hercule nouveau vient de briser ses fers, Je ne vous cèle rien, je le crains cet Alcide, Sans lui j'allais régner sur ce vaste Univers;
Sans lui j’avois un courage intrepide:	Sans lui j'avais un courage intrépide:
A preſent que j’apprens qu’il vient paſſer les Mers, Mon Cœur tremble, mon Cœur, helas!	À présent que j'apprends qu'il vient passer les Mers, Mon Cœur tremble, mon Cœur, hélas!
devient timide.	devient timide.
Ah!	Ah!
lâche que je ſuis, eſt ce à moy d’avoir peur?	lâche que je suis, est -ce à moi d'avoir peur?
donstonapidtor a la venscance.	donstonapidtor a la vensance.
Perdons l’Ennemi qui m'offence, Animons contre luy ma Rage & ma Fureur,	Perdons l'Ennemi qui m'offense, Animons contre nô ma Rage et ma Fureur,
LA VANITE.	LA VANITÉ.
Le Feu depuis long-tems eſt en vôtre puiſſance, Cet Element vous eſt ſoumis;	Le Feu depuis long-tems est en votre puissance, Cet Élément vous est soumis;
Qu’il ſerve donc vôtre vangeance, Qu’il devore vos Ennemis.	Qu'il serve donc votre vengeance, Qu'il dévore vos Ennemis.
L’AMBITION.	L'AMBITION.
La Terre vous a fait une injure mortelle, Embraſez cette criminelle, Et l’Europe ſur tout, qu’on ne peue trop punir.	La Terre vous a fait une injure mortelle, Embrasez cette criminelle, Et l'Europe sur tout, qu'on ne peue trop punir.
Allons, que le Feu ſe prepare Pour une vangeance barbare, Dont le ſeul ſouvenir Faſſe trembler tout l’avenir.	Allons, que le Feu se prépare Pour une vengeance barbare, Dont le seul souvenir Fasse trembler tout l'avenir.
TOUTES TROIS ENSEMBLE.	TOUTES TROIS ENSEMBLE.
Allons que le Feu ſe prepare Pour une vengeanee barbare, Dont le ſeul ſouvenir Faſſe trembler tout l’avenir.	Allons que le Feu se prépare Pour une vengeance barbare, Dont le seul souvenir Fasse trembler tout l'avenir.
SCE	SCE
A 7	À 7
14 GALLIE SCENE TROISIEME.	14 GALLIE SCÈNE -TROISIÈME.
GALLIE, L’AMBITION, LA VANITE, LE FEU, UNE TROUPE d’Incendiaires.	GALLIE, L'AMBITION, LA VANITÉ, LE FEU, UNE TROUPE d'Incendiaires.
Le Feu entre ſur le Theatre, ſuivi d’une Troupe d’Incendiaires, tenant chacun un Flambeau dmmum dis Jurment enſemote tu troiſiéme entrée du Balet.	Le Feu entre sur le Théâtre, suivi d'une Troupe d'Incendiaires, tenant chacun un Flambeau dmum dis Jurment ensemotte tu troisième entrée du Balet.
LE FEU.	LE FEU.
E viens, Princeſſe redoutable, Je viens ſervir vôtre Fureur.	E viens, Princesse redoutable, Je viens servir votre Fureur.
Allons, portons par tout la crainte, & la terreur, Jettons une flamme effroyable.	Allons, portons par tout la crainte, et la terreur, Jettons une flamme effroyable.
Terre, vous allés voir tous vos Champs embraſez, Et vos plaines verdoyantes.	Terre, vous allez voir tous vos Champs embrasez, Et vos plaines verdoyantes.
Ah!	Ah!
ſi vous ne vous ſoûmettez, Vous allez reſſentir mes flammes devorantes.	si vous ne vous soumettez, Vous allez ressentir mes flammes dévorantes.
GAllIE, LA VANITE, L’AMBITION ET LE FEu tous enſemble.	GAllIE, LA VANITÉ, L'AMBITION ET LE FEu tous ensemble.
Portons par tout d’horribles feux, Faiſons regner par tout la flamme épouvantable, Allons, allons, faiſons un ravage effroyable, Embraſons la Terre & les Cieux.	Portons par tout d'horribles feux, Faisons régner par tout la flamme épouvantable, Allons, allons, faisons un ravage effroyable, Embrasons la Terre et les Cieux.
LE CHOEUR des Incendiaires.	LE CHOEUR des Incendiaires.
Portons par tout d’horribles feux, Faiſons regner par tout la flame épouvantable, Allons, allons, faiſons un ravage effroyable, Embraſons la Terre & les Cieux.	Portons par tout d'horribles feux, Faisons régner par tout la flamme épouvantable, Allons, faisons, faisons un ravage effroyable, Embrasons la Terre et les Cieux.
On entend un bruit de Timbales, des Trompetes & de Tambours.	On entend un bruit de Timbales, des Trompetes et de Tambours.
Gallie, la Vanité, le Feu, & les Incendiaires danſent en furieux, & forment enſemble la quatriéme entrée du Bales.	Gallie, la Vanité, le Feu, et les Incendiaires dansent en furieux, et forment ensemble la quatrième entrée du Balères.
Aprés avoir dansé, ils ſe retirent.	Après avoir dansé, ils se retirent.
SCENE QUAIRIEME.	SCÈNE QUAIRIEME.
QUATRE BERGERS.	QUATRE BERGERS.
Ces quatre Bergers viennent des deux côtez du Theatre danſer en eſtropiez, & forment la cinquiéme ent rée du Balet.	Ces quatre Bergers viennent des deux côtés du Théâtre danser en estropiez, et forment la cinquième ent rée du Ballet.
I.	I.
BERGER.	BERGER.
Uel comble de douleur!	Vel comble de douleur!
quel ſujet de triſteſſe!	quel sujet de tristesse!
Ah!	Ah!
que deviendrons-nous, grands Dieux!	que deviendrons-nous, grands Dieux!
Gallie va porter par tout d’horribles feux, Cette furieuſe Tigreſſe, Qui nous à mangé juſqu’aux Os, Veut de ce Monde entier faire un triſte Chaos.	Gallie va porter par tout d'horribles feux, Cette furieuse Tigresse, Qui nous à mangé jusqu'aux Os, Veut de ce Monde entier faire un triste Chaos.
2.	2.
BERGER.	BERGER.
O!	Ô!
ſort trop rigoureux!	sort trop rigoureux!
3.	3.
BERGER.	BERGER.
O!	Ô!
malheur trop funeſte?	malheur trop funeste?
4.	4.
BERGER.	BERGER.
Comment éviter ſon couroux?	Comment éviter son courroux?
TOus ENSEMBLE.	TOutOus ENSEMBLE.
Que ferons nous?	Que ferons nous?
helas!	hélas!
que ferons nous?	que ferons nous?
Nul eſpoir ne nous reſte.	Nul espoir ne nous reste.
I.	I.
BERGER.	BERGER.
Depuis plus de dix ans, helas!	Depuis plus de dix ans, hélas!
que nous ſouffrons!	que nous souffrons!
Ces Ces cruels boutefeux, ces horribles Dragons Ont tiré le ſang de nos veines, Ruiné nos champs, & brûlé nos maiſons, Preſque englouti tous nos moutons, Ravagé nos cotcaux, nos valons, & nos plaines.	Ces Ces cruels boutefeux, ces horribles Dragons Ont tiré le sang de nos veines, Ruiné nos champs, et brûlé nos maisons, Presque englouti tous nos moutons, Ravagé nos cotcaux, nos valons, et nos plaines.
Que de maux nous ſentons!	Que de maux nous sentons!
que d’ennemis, que de peincs.	que d'ennemis, que de peincs.
Nous eſperions les voir finir, Mais nos eſperances ſont vaines;	Nous espérions les voir finir, Mais nos espérances sont vaines;
Nous ſommes tout prêts à perir.	Nous sommes tout prêts à périr.
2.	2.
BERGER.	BERGER.
Pour tâcher d’appaiſer la fureur de Gallie, Portons lui nos preſens, Offrons lui de l’encens, Voyons ſi nous pourrons flêchir cette Furie.	Pour tâcher d'apaiser la fureur de Galie, Portons lui nos présents, Offrons lui de l'encens, Voyons si nous pourrons fléchir cette Furie.
Allons nous proſterner.	Allons nous prosterner.
mais elle vient, grands Dieux, Que d’effroy, que d’horreur elle inſpire en ces leux!	mais elle vient, grands Dieux, Que d'effroi, que d'horreur elle inspire en ces leux!
SCENE CINQUIEME.	SCÈNE CINQUIÈME.
GALLIE, LES QUATRE BERGERS.	GALLIE, LES QUATRE BERGERS.
Gallie s’avance à grands pas ſur le Theatre.	Gallie s'avance à grands pas sur le Théâtre.
Elle porte par tout des regards furieux & menaçans.	Elle porte par tout des regards furieux et menaçans.
Les Bergers tout tremblants, ſe retirent en un coin du lheatre pour la laiſſer paſſer:	Les Bergers tout tremblants, se retirent en un coin du lheatre pour la laisser passer:
En ſuite ils s’aprochent d’elle, en faiſant à chaque pas des reverences juſques à terre.	En suite ils s'approchent d'elle, en faisant à chaque pas des révérences jusques à terre.
I'Un d’eux lui preſente une petite bourſe, qu’elle prend avec fureur & dedain.	J'Un d'eux lui présente une petite bourse, qu'elle prend avec fureur et dédain.
I.	I.
BERGER.	BERGER.
NEcevez ce tribut, grande & puiſſance Reine, Nous Nous vous reconnoiſſons pour nôtre Souveraine, Laiſſez vous toucher à nos maux, Helas!	NEcevez ce tribut, grande et puissance Reine, Nous Nous vous reconnaissons pour notre Souveraine, Laissez vous toucher à nos maux, Hélas!
finiſſez nôtre peine, Epargnez nos Maiſons, épargnez nos Troupeaux.	finissez notre peine, Épargnez nos Maisons, épargnez nos Troupeaux.
2.	2.
BERGER.	BERGER.
Ayez pitié de nous, nous vous rendons hommage;	Ayez pitié de nous, nous vous rendons hommage;
Ha!	Ha!
garantiſſez nous de ces horribles Feux, Qui vont faire en ces lieux Un terrible ravage.	garantissez nous de ces horribles Feux, Qui vont faire en ces lieux Un terrible ravage.
TOUS ENSEMBLE.	TOUS ENSEMBLE.
Nous vous reconnoiſſons pour nôtre Souveraine, Laiſſez vous toucher à nos maux.	Nous vous reconnaissons pour notre Souveraine, Laissez vous toucher à nos maux.
Helas:	Hélas:
finſſſez notre peine, Epargnez nos Maiſons, épargnez nos Troupeaux.	finsssez notre peine, Épargnez nos Maisons, épargnez nos Troupeaux.
SCENE SIXIEME.	SCÈNE SIXIÈME.
GALLIE SEULE.	GALLIE SEULE.
Uoi, rien que des Bergers!	Où, rien que des Bergers!
ch!	ch!
quel ſenſible outrage!	quel sensible outrage!
Les plus grands Princes autrefois Trembloient au ſeul ſon de ma voix, Preſque tout l’Univers venoit me rendre hommage, Tout ſe ſoûmettoit à mes Loix, Tout craignoit mon pouvoir, tout craignoit Les Les Republiques & les Rois Adoroient ma Grandeur, redoutoient ma Puiſſance.	Les plus grands Princes autrefois Trémblaient au seul son de ma voix, Presque tout l'Univers venait me rendre hommage, Tout se soumettait à mes Lois, Tout craignoit mon pouvoir, tout craignait Les Les Républiques et les Rois Adoraient ma Grandeur, redoutaient ma Puissance.
O!	Ô!
revers trop cruel, un Bourgeois aujourd’hui !	revers trop cruel, un Bourgeois aujourd'hui !
Dieux!	Dieux!
quand j’y penſe, je ſoupire.	quand j'y pense, je soupire.
Qui ſembloit n’avoir point d’appuy, Que j’ai tant meprisé, vient borner mon Empire.	Qui semblait n'avoir point d'appui, Que j'ai tant méprisé, vient borner mon Empire.
C’eſt ce Bourgeois devenu Roi, Qui fait ſoûlever contre moy L’Europe mon eſclave, C’eſt lui ſeul qui me brave, Mais je ſauray bien le punir;	C'est ce Bourgeois devenu Roi, Qui fait soulever contre moi L'Europe mon esclave, C'est lui seul qui me brave, Mais je saurai bien le punir;
Je vay mettre en uſage Tant de choſes.	Je vais mettre en usage Tant de choses.
qu’enfin ma Fureur & ma Rage Trouveront les moyens de le faire perir.	qu'enfin ma Fureur et ma Rage Trouveront les moyens de le faire périr.
Et toy, Europe, & toy, je vay te mettre en cendre, Ton Hercule nouveau ne ſauroit t'en deffendre.	Et toi, Europe, et toi, je vais te mettre en cendre, Ton Hercule nouveau ne saurait t'en défendre.
Fin du premier Acte.	Fin du premier Acte.
ACTE II.	ACTE II.
Le Theatre change, & repreſente l’iſle d’Albion.	Le Theatre change, et représente l'isle d'Albion.
Cette Iſle eſt un lieu Champêtre, où l’on voit des Côteaux, des bois, & des prairies;	Cette Isle est un lieu Champêtre, où l'on voit des Côteaux, des bois, et des prairies;
au pied des Côteaux, & ſur le penchant, on apperçoit pluſieurs Hameaux, & des Troupeaux de Moutons qui paſſent ça & là.	au pied des Côteaux, et sur le penchant, on apperçoit plusieurs Hameaux, et des Troupeaux de Moutons qui passent ça et là.
SCENE PREMIERE.	SCÈNE PREMIÈRE.
Ramie paroit ſur le Theatre en habit de Bergere, avec une Couronne de Roſes ſur la tête.	Ramie parait sur le Théâtre en habit de Bergère, avec une Couronne de Roses sur la tête.
Elle tient de la main gauche une Harpe, & de la droite une Houlette entourée de Chardons qui ſont en fleur.	Elle tient de la main gauche une Harpe, et de la droite une Houlette entourée de Chardons qui sont en fleur.
RAMIE SEULE.	RAMIE SEULE.
Es Loups s’en alloient faire un horrible carL nage De mes Moutons, de mes Agneaux, Mais, grace au Ciel, tous mes Troupeaux Se promenent ſur le Rivage, Je les voi maintenant gouter un heureux ſort;	Es Loups s'en allaient faire un horrible carL nage De mes Moutons, de mes Agneaux, Mais, grâce au Ciel, tous mes Troupeaux Se promenons sur le Rivage, Je les voi maintenant goûter un heureux sort;
Qucibomem auanapcrarelase.	Qucibomem avanapcrarelase.
Que plaiſir d’en retracer l’image!	Que plaisir d'en retracer l'image!
Quand on eſt au port!	Quand on est au port!
J'honoreray toûjours le glorieux Heros, Qui leur donne un heureux repos.	J'honorerai toujours le glorieux Héros, Qui leur donne un heureux repos.
RAMIE aprés avoir chanté, ſe va repoſer ſous un Oranger, ou elle s’endort.	RAMIE après avoir chanté, se va reposer sous un Oranger, ou elle s'endort.
DAMON.	DAMON.
E Ciel veut donc que je te voye, LTircis, dans ces heureux Climats.	E Ciel veut donc que je te voie, LTircis, dans ces heureux Climats.
Cher Ami, je n’attendois pas Tant de plaiſir, ni tant de joye.	Cher Ami, je n'attendais pas Tant de plaisir, ni tant de joie.
Mais quel eſt le ſujet qui t’amene en ces lieux?	Mais quel est le sujet qui t'amène en ces lieux?
Tu peux, ſans craindre rien, la dire entre nous deux.	Tu peux, sans craindre rien, la dire entre nous deux.
TIRCIS.	TIRCIS.
Je ſuis, mon cher Damon, la rage de Gallie, Helas!	Je suis, mon cher Damon, la rage de Galie, Hélas!
pour l’éviter je quitte ma Patrie.	pour l'éviter je quitte ma Patrie.
Comme moi ces Bergers ont laiſſé leur troupeaux.	Comme moi ces Bergers ont laissé leur troupeaux.
Et nous venons tous dans cette Iſle Y chercher un azile, Et quelque remede à nos maux.	Et nous venons tous dans cette Île Y chercher un asile, Et quelque remède à nos maux.
DAMON.	DAMON.
Gallie, helas!	Gallie, hélas!
que ta Rage eſt terrible!	que ta Rage est terrible!
Par tout tu fais couler des pleurs.	Par tout tu fais couler des pleurs.
y iuenedeveumans, Je prens part a vos maux, Bergers, j’y ſuis ſenſible;	y iuenedeveumans, Je prends part à vos maux, Bergers, j'y suis sensible;
vous De Gallie attiré la haine & le couroux?	De Vous Gallie attiré la haine et le courroux?
TIRCIS.	TIRCIS.
Toûjours ſoûmis, toûjours fidéles, Nous ne fumes jamais rebelles;	Toujours soumis, toujours fidèles, Nous ne fumes jamais rebelles;
Mais tu ſais bien, Damon, que nous ni nos Ayeux, N’aN’avons jamais ſervi que le Maître des Dieux;	Mais tu sais bien, Damon, que nous ni nos Aïeux, N'aN'avons jamais servi que le Maître des Dieux;
Le Dieu qui lance le Tonnere, De l’Univers le Createur, Le ſeul & Souverain Seigneur Des Cieux, de l’Onde & de la Terre.	Le Dieu qui lance le Tonnere, De l'Univers le Créateur, Le seul et Souverain Seigneur Des Cieux, de l'Onde et de la Terre.
C’eſt lui, Damon, c’eſt lui, que nous ſervons, C’eſt-lui ſeul que nous adorons, C’eſt à lui ſeul que nous rendons hommage, Les autres Dieux ne ſont que ſon Ouvrage.	C'est lui, Damon, c'est lui, que nous servons, C'est-lui seul que nous adorons, C'est à lui seul que nous rendons hommage, Les autres Dieux ne sont que son Ouvrage.
Faire fumer l’encens Pour ces Dieux impuiſſans, C’eſt à leur Createur faire un ſenſible outrage.	Faire fumer l'encens Pour ces Dieux impuissants, C'est à leur Créateur faire un sensible outrage.
Helas!	Hélas!
on veut nous y forcer, Pour nous contraindre à l’offenſer, Ce Dleu, le Dleu des Dleux, on a mis en uſage Ce que la Fureur & la Rage Aux plus méchans peut inſpirer.	on veut nous y forcer, Pour nous contraindre à l'offenser, Ce Dleu, le Dleu des Dleux, on a mis en usage Ce que la Fureur et la Rage Aux plus méchants peut inspirer.
DAMON.	DAMON.
Je ſay, Tircis, je ſay juſqu’où Gallie Porta ſa cruauté;	Je sai, Tircis, je sai jusqu'où Galie Porta sa cruauté;
Lors que cette Furie Fit dans un * jour, qu’elle avoit arrêté, De vos Peres jadis un horrible carnage,	Lors que cette Furie Fit dans un * jour, qu'elle avait arrêté, De vos Pères jadis un horrible carnage,
* Occidat illa dies ævo, non poſtera credant Sæcula, nos certè taceamus, & obruta multa Nocte, tegi propriæ patiamur crimina gentis.	* Occidat illa dies ævo, non postera credant Sæcula, nos certé taceamus, et obruta multa Nocte, tegi propriæ patiamur crimina gentis.
Qu’il ne ſe parle jamais plus de ce jour, & que les ſiecles à venir ne croyent point qu’il ait êté;	Qu'il ne se parle jamais plus de ce jour, et que les siècles à venir ne croient point qu'il ait été;
& pour nous gardons le ſilence, & couvrons les crimes de nôtre propre nation, les enſeveliſſant dans des profondes tenebres.	et pour nous gardons le silence, et couvrons les crimes de notre propre nation, les ensevelissant dans des profondes ténèbres.
C’eſt dans ces termes que le ſcavant Monſieur de Thou s’exprime dans ſon hiſtoire, en parlant de la S.	C'est dans ces termes que le savant Monsieur de Thou s'exprime dans son histoire, en parlant de la S.
Barthelemy.	Barthèlemi.
Helas!	Hélas!
on n’epargna ni le Sexe, ni l’Age!	on n'épargna ni le Sexe, ni l'Age!
Toutéprouva dans ce jourplein d’horreur, De ſes boureaux la Rage & la Fureur.	Toutéprouva dans ce jourplein d'horreur, De ses boureaux la Rage et la Fureur.
La perſecution quelle fit, fut outrée, Elle dura long-tems, & ſa rage enflammée Fit égorger de toutes parts, Les Jeunes Gens & les Vieillards;	La persécution quelle fit, fut outrée, Elle dura longtemps, et sa rage enflammée Fit égorger de toutes parts, Les Jeunes Gens et les Vieillards;
Mais Gallie enfin fut forcée De nous donner la Paix;	Mais Gallie enfin fut forcée De nous donner la Paix;
Une Foy ſolemnellement jurée, L’aſſeuroit pour jamais;	Une Foi solennellement jurée, L'assurait pour jamais;
Des Edits la rendoient toûjours inviolable.	Des Édits la rendaient toujours inviolable.
Peut on, aprés cela, avoir manqué de Foy !	Peut on, après cela, avoir manqué de Foi !
O.	Ô.
none traimon.	none traimon.
D.	D.
criine abonmaure!	criine abonmaure!
Ah!	Ah!
j'en fremis d’horreur, & j’en tremble d'effroy!	j'en frémis d'horreur, et j'en tremble d'effroi!
TIRCIS.	TIRCIS.
Cher Damon, tu connois Gallie, Tu ſais bien quel eſt ſon genie;	Cher Damon, tu connais Gallie, Tu sais bien quel est son génie;
Lors qu’elle avoit beſoin de nous, Elle a ſceu cacher ſon couroux.	Lors qu'elle avait besoin de nous, Elle a su cacher son courroux.
Autrefois elle êtoit perduë, Si nous ne l’avions ſoûtenuë.	Autrefois elle était perdue, Si nous ne l'avions soutenue.
Elle vit bien alors, que pour nous endormir, Il faloit tout promettre, & ne nous rien tenir, Mais depuis qu’elle croit qu’à ſa grande Puiſſance Aucun n’a le pouvoir de faire reſiſtance, Elle a levé le maſque, & ſe croit tout permis, Ne ſe ſouvenant plus de ce qu’elle a promis.	Elle vit bien alors, que pour nous endormir, Il fallait tout promettre, et ne nous rien tenir, Mais depuis qu'elle croit qu'à sa grande Puissance Aucun n'a le pouvoir de faire résistance, Elle a le le masque, et se croit tout permis, Ne se souvenant plus de ce qu'elle a promis.
Pour nous ôter nos Exercices, Que de deſſeins!	Pour nous ôter nos Exercices, Que de desseins!
que de complots!	que de complots!
Que de fraudes, que d’injuſtices!	Que de fraudes, que d'injustices!
Na	Na
N’a-t-elle pas fait?	N'a-t-elle pas fait?
en deux mots, Pour nous perdre, Damon, depuis pluſieurs années Il n’eſt méchancetez qu’elle n’ait inventées.	en deux mots, Pour nous perdre, Damon, depuis plusieurs années Il n'est méchanceté qu'elle n'ait inventées.
Helas!	Hélas!
je ne ſçaurois, ſans repandre des pleurs, Te faire le recit de nos triſtes malheurs.	je ne saurais, sans répandre des pleurs, Te faire le récit de nos tristes malheurs.
Gallie, aprés ſes artifices, Toutes ſes fraudes, ſes malices, Mit la force en uſage, & nous dit, je le veux, Tel eſt mon bon plaiſir, qu’on encenſe à mes Dieux, Auſſi-tôt de Dragons des troupes enragées Vinrent ſacager nos Hameaux, Et ravager tous nos Troupeaux.	Galie, après ses artifices, Toutes ses fraudes, ses malices, Mit la force en usage, et nous dit, je le veux, Tel est mon bon plaisir, qu'on encense à mes Dieux, Aussitôt de Dragons des troupes enragées Vinrent sacager nos Hameaux, Et ravager tous nos Troupeaux.
Ha!	Ha!
qui pourroit ici de ces triſtes journées Te bien depeindre les horreurs, Et les ſujets de nos douleurs!	qui pourrait ici de ces tristes journées Te bien dépeindre les horreurs, Et les sujets de nos douleurs!
Tous ces Dragons abominables, Tous ces Tigres impitoyables Se logérent dans nos maiſons;	Tous ces Dragons abominables, Tous ces Tigres impitoyables Se logèrent dans nos maisons;
Remplis de rage & de furie, Allons, nous dirent ils, allons, Suivés les ordres de Gallie, Autrement nous allons vous faire mille maux.	Remplis de rage et de furie, Allons, nous dirent ils, allons, Suivez les ordres de Gallie, Autrement nous allons vous faire mille maux.
Là-deſſus ces Dragons mettant tout au pillage, De nos Brebis, de nos Agneaux, Firent un horrible carnage.	Là-dessus ces Dragons mettant tout au pillage, De nos Brebis, de nos Agneaux, Firent un horrible carnage.
Helas!	Hélas!
aprés cela, tous ces terribles Loups, Attaquans les Bergers, les deſolérent tous, Leur firent ſouffrir un martire Bien plus cruel que le Trépas.	après cela, tous ces terribles Loups, Ataquant les Bergers, les desolérent tous, Leur firent souffrir un martyre Bien plus cruel que le Trépas.
Tu ne croiras, peut être, pas, Damon, ce que je te vay dire, Sans les faire mourir, On	Tu ne croiras, peut être, pas, Damon, ce que je te vais dire, Sans les faire mourir, On
On leur faiſoit ſentir les ardeurs de la flame, A force de les battre on leur briſoit les os, Et pour les empêcher de prendre du repos On les faiſoit danſer juſques à rendre l’ame.	On leur faisait sentir les ardeurs de la flamme, À force de les battre on leur brisait les os, Et pour les empêcher de prendre du repos On les faisait dans jusques à rendre l'âme.
A leurs oreilles on faiſoit Un bruit qui les étourdiſſoit.	À leurs oreilles on faisait Un bruit qui les étourdissait.
Certaine fumée infernale Les tormentoit ſans intervale.	Certaine fumée infernale Les tormentait sans interval.
On les perçoit de tous côtez.	On les perçait de tous côtés.
De leurs doits les extremitez D'éguilles étoient toutes pleines.	De leurs doits les extrémités D'éguilles étaient toutes pleines.
Par ces tourmens, & par ces peines On les empêchoit de dormir.	Par ces tourments, et par ces peines On les empêchait de dormir.
Helas!	Hélas!
que peut-on plus ſouffrir!	que peut-on plus souffrir!
D'autre côté, Damon, on voyoit dans nos ruës, Des Filles, des Enfans, des Femmes éperduës, Qui par leurs triſtes voix exprimoient leurs douleurs, Et qui par leurs ſoupirs faiſoient fendre les cœurs, On entendoit par tout crier, Helas!	D'autre côté, Damon, on voyait dans nos rues, Des Filles, des Enfants, des Femmes éperdues, Qui par leurs tristes voix exprimaient leurs douleurs, Et qui par leurs soupirs faisaient fendre les cœurs, On entendait par tout crier, Hélas!
on viole ma Mere!	on viole ma Mère!
On met à la broche mon Frere, Mon Mary s’en vient d’expirer.	On met à la broche mon Frère, Mon Mari s'en vient d'expirer.
Que de gemiſſements, que de cris, que de larmes!	Que de gémissements, que de cris, que de larmes!
Ha!	Ha!
que d’excez commis dans ces jours pleins d’alarmes.	que d'excès commis dans ces jours pleins d'alarmes.
Je ne puis ſans gemir, ni ſans me fondre en pleurs, Attacher ma penſée à ces jours pleins d’horreurs.	Je ne puis sans gémir, ni sans me fondre en pleurs, Attacher ma pensée à ces jours pleins d'horreurs.
Que dirai-je de plus, nous ſervimes l’Idole, Vaincus, Damon, par les tourmens, Nous fimes fumer de l’Encens.	Que dirai-je de plus, nous servîmes l'Idole, Vaincus, Damon, par les tourments, Nous fîmes fumer de l'Encens.
Souvenir affligeant, penſée qui deſole, Helas!	Souvenir affligeant, pensée qui désole, Hélas!
nous avons preſque tous Du Ciel attiré le couroux.	nous avons presque tous Du Ciel attiré le courroux.
Ceux à qui nôtre Dieu fit avoir l’avantage De vaincre & ſurmonter la fureur & la rage De tous ces horribles Dragons, Furent jettez dans des priſons.	Ceux à qui notre Dieu fit avoir l'avantage De vaincre et surmonter la fureur et la rage De tous ces horribles Dragons, Furent jetés dans des prisons.
Les uns y vont paſſer leur vie, Plûtôt que de vouloir changer;	Les uns y vont passer leur vie, Plutôt que de vouloir changer;
Mais les autres pour ſe ſauver Ont ſubi les Loix de Gallie.	Mais les autres pour se sauver Ont subi les Lois de Galie.
Pour moy, Damon, & ces Bergers Las de trainer des jours languiſſans, miſérables, Au travers de mille dangers, Par des chemins affreux, de toutes effroyables, Nous avons ſçeu venir dans ces aimables lieux, Chercher un ſort plus doux, & des jours plus heureux.	Pour moi, Damon, et ces Bergers Las de trainer des jours languissants, misérables, Au travers de mille dangers, Par des chemins affreux, de toutes effroyables, Nous avons su venir dans ces aimables lieux, Chercher un sort plus doux, et des jours plus heureux.
DAMON.	DAMON.
Aprés tant de malheurs, Apréstant de miſéres, Tant de peines ameres, Faites ceſſer vos pleurs.	Après tant de malheurs, Aprèstant de misères, Tant de peines amères, Faites cesser vos pleurs.
Goutez, goutez, Bergers, goutez tous dans cette Iſle Les douceurs, d’une vie agreable & tranquile;	Goutez, goûtez, Bergers, goûtez tous dans cette Isle Les douceurs, d'une vie agréable et tranquille;
Vivez ſous les Loix d’un Heros, Qui nous donne un heureux repos.	Vivez sous les Lois d'un Héros, Qui nous donne un heureux repos.
CHOEUR des Bergers de l’iſle.	CHOEUR des Bergers de l'isle.
Goutez, goutez Bergers, goutez tous dans cette Iſle Les douceurs, d’une vie agreable & tranquille;	Goutez, goûtez Bergers, goûtez tous dans cette Isle Les douceurs, d'une vie agréable et tranquille;
Vivez ſous les Loix d’un Heros, Qui nous donne un heureux repos.	Vivez sous les Lois d'un Héros, Qui nous donne un heureux repos.
CHOEUR des Bergers fugitifs.	CHOEUR des Bergers fugitifs.
Aprés tant de malheurs, Aprés tant de miſeres, Tant de peines améres, Faiſons ceſſer nos pleurs	Après tant de malheurs, Après tant de misères, Tant de peines amêtres, Faisons cesser nos pleurs
LES DEUX CHOEURS ENSEMBLE.	LES DEUX CHOEURS ENSEMBLE.
Goutons, goutons, Bergers, goutons tous dans cette Isle Len douceuis, aune vie agreable de tranquille;	Goutons, goûtons, Bergers, goûtons tous dans cette Isle Len douceuis, a vie agréable de tranquille;
Vivons ſous les Loix d’un Heros, Qui nous donne un heureux repos.	Vivons sous les Lois d'un Héros, Qui nous donne un heureux repos.
DAMON.	DAMON.
Helas!	Hélas!
Tircis, helas!	Tircis, hélas!
cette Isle étoit perduë, Sans ce Heros ſorti du plus pur ſang des Rois!	cette Île était perdue, Sans ce Héros sorti du plus pur sang des Rois!
Gallie la croyoit tenir deſſous ſes Loix, Quiaces qui regnoit, l’avoit déja venduë.	Gallie la croyait tenir dessous ses Lois, Quiaces qui régnait, l'avait déjà vendue.
Il adoroit ſes Dieux, Et vouloit en ces lieux Introduire leur culte;	Il adorait ses Dieux, Et voulait en ces lieux Introduire leur culte;
Ce qui cauſa, Tircis, ici bien du tumulte.	Ce qui causa, Tircis, ici bien du tumulte.
On nous ôtoit tout à la fois, Nos Privileges, & nos Loix, Nos Libertez, & nos Franchiſes;	On nous ôtait tout à la fois, Nos Privilèges, et nos Lois, Nos Libertés, et nos Franchises;
On nous alloit tous égorger, Les meſures étoient ſi bien priſes, Que nous ne pouvions échaper.	On nous allait tous égorger, Les mesures étaient si bien prises, Que nous ne pouvions échapper.
Des Gens qui de Gallie ici ſervoient la Rage, Rempliſſoient tous ces lieux de ſang & de carnage, Nous ne voyions dans nos Hameaux Que des Gibets, des Echaffaux.	Des Gens qui de Galie ici servaient la Rage, Remplissaient tous ces lieux de sang et de carnage, Nous ne voyions dans nos Hameaux Que des Gibets, des Échaffauts.
Des Satires abominables, Et des Tigres impitoyables, Des Loups, helas!	Des Satires abominables, Et des Tigres impitoyables, Des Loups, hélas!
des Leopards, Nous entouroient de toutes parts.	Le Desopards, Nous entouraient de toutes parts.
Par les intrigues de Gallie On vouloit dépouiller Ramie Du droit qu’elle a de gouverner, On la vouloit desheriter, Cette Illuſtre & grande Bergére, De cette Isle unique Heritiére.	Par les intrigues de Galie On voulait dépouiller Ramie Du droit qu'elle a de gouverner, On la voulait déshériter, Cette Illustre et grande Bergére, De cette Île unique Heritiére.
O juſte Ciel!	Ô juste Ciel!
on avoit bien oſé Mettre à ſa place un Enfant ſuppoſé.	on avait bien osé Mettre à sa place un Enfant supposé.
Lors que ce Grand Heros, Hercule d’Oranie, Touché de tous les maux que nous faiſoit Gallie, Vint à nôtre ſecours, il traverſa les Mers.	Lors que ce Grand Héros, Hercule d'Oranie, Touché de tous les maux que nous faisait Gallie, Vint à notre secours, il traversa les Mers.
I’Alcide de nos jours, il vint briſer nos fers.	J'Alcide de nos jours, il vint briser nos fers.
Quand Quiaces le vit, il prend d’abord la fuïte, Il abandonne tout, & laiſſe la conduite De l’Isle, au glorieux Heros, Qui nous a rendu le repos.	Quand Quiaces le vit, il prend d'abord la fuine, Il abandonne tout, et laisse la conduite De l'Île, au glorieux Héros, Qui nous a rendu le repos.
1 (Gloire, Chantons le tous, Bergers, ce Heros plein de C’eſt un Heros fameux par mille & mille Exploits.	1 1Gloire, Chantons le tous, Bergers, ce Héros plein de C'est un Héros fameux par mille et mille Exploits.
Alli que ron eit neureuix de vivre ious les Loix!	Alli que ron eit neureuix de vivre jous les Lois!
SCE	SCE
LES DEUX CHOEURS DES BERGERS.	LES DEUX CHOEURS DES BERGERS.
Chantons le tous, Bergers, ce Heros plein de Gloire, Honorons ſa Vertu, celebrons ſa Victoire;	Chantons le tous, Bergers, ce Héros plein de Gloire, Honorons sa Vertu, célébrons sa Victoire;
C’eſt un Heros fameux par mille & mille Exploits,	C'est un Héros fameux par mille et mille Exploits,
Ah!	Ah!
que l'on eſt heureux de vivre ſous ſes Loix!	que l'on est heureux de vivre sous ses Lois!
GALLIE SCENE TROISIEME.	GALLIE SCÈNE -TROISIÈME.
QEIICES, dNE IROUIE DI SATIRES.	QEICES, dNE JROUIE DI SATIRES.
QUIACES.	QUIACES.
DAr le prompt ſecours de Gallie, 2 En ces lieux je ſuis de retour.	DAr le prompt secours de Galie, 2 En ces lieux je suis de retour.
Mes chers amis, c’eſt dans ce jour, Qu’il faut ſe ſaiſir de Ramie, Il faut ravager ſes Hameaux, Et devorer tous ſes troupeaux, Allons, chaſſons d’icy Hercule d’Orange.	Mes chers amis, c'est dans ce jour, Qu'il faut se saisir de Ramie, Il faut ravager ses Hameaux, Et dévorer tous ses troupeaux, Allons, chassons d'ici Hercule d'Orange.
J’ay pour cela de toutes parts Aſſemblé tous mes Leopards, Mes Tigres & mes Loups ſerviront ma furie.	J'ai pour cela de toutes parts Assemblé tous mes Léopards, Mes Tigres et mes Loups serviront ma furie.
Vous, Satires, preparez vous A bien ſeconder mon couroux, Servez ma fureur & ma rage, Rempliſſez tout de ſang & de carnage.	Vous, Satires, préparez -vous A bien seconder mon courroux, Servez ma fureur et ma rage, Remplissez tout de sang et de carnage.
Appercevant RAMIE qui dort.	Apercevant RAMIE qui dort.
Mes amis, ſuivez moy, la Bergere en ces lieux Se preſente à mes yeux;	Mes amis, suivez -moi, la Bergère en ces lieux Se présente à mes yeux;
Ne perdons point de tems, elle s’eſt endormie, Deſſous un Oranger.	Ne perdons point de temps, elle s'est endormie, Dessous un Oranger.
Voici le tems de nous vanger, De nôtre plus grande Ennemie.	Voici le temps de nous venger, De notre plus grande Ennemie.
Je n’aperçois aucun Berger, Elle eſt ſeule, il faut l'enlever.	Je n'aperçois aucun Berger, Elle est seule, il faut l'enlever.
Il s’avance trois ou quatre pas vers l’Oranger, puis il recule.	Il s'avance trois ou quatre pas vers l'Oranger, puis il recule.
Mais quoy!	Mais quoi!
cét Oranger me donne de l’ombrage!	cet Oranger me donne de l'ombrage!
Cet Arbre m’eſt fatal, il abat mon courage, Je n’oſe preſque l’approcher!	Cet Arbre m'est fatal, il abat mon courage, Je n'ose presque l'approcher!
RAMIE s’éveille en cet endroit.	RAMIE s'éveille en cet endroit.
Ramie vient de s’éveiller.	Ramie vient de s'éveiller.
Cachés vous tous derriere ce bocage, Je vay pour l’attirer De deſſous l’Oranger, Mettre la feinte en uſage, Je m’en vay luy parler, Je vay diſſimuler, Si nous pouvions l’avoir, cette grande Ramie, Amis, ſi nous pouvions la livrer à Gallie, Mon bonneur ieroſt lans egal, Allez ſoyez préts au ſignal.	Cachez -vous tous derrière ce bocage, Je vais pour l'attirer De dessous l'Oranger, Mettre la feinte en usage, Je m'en va lui parler, Je vais dissimuler, Si nous pouvions l'avoir, cette grande Ramie, Amis, si nous pouvions la livrer à Galie, Mon bonneur j' ans égal, Allez soyez prêts au signal.
SCENE QUATRIEME.	SCÈNE QUATRIÈME.
QUIACES, RAMIE.	QUIACES, RAMIE.
Quiaces s’approche de Ramie, cette Bergere ſe leve, & elle s’éloigne petit à petit de l'Oranger à mefart qu'eut s emitiun avec Quiaces.	Quiaces s'approche de Ramie, cette Bergère se lève, et elle s'éloigne petit à petit de l'Oranger à me s'eût emitiun avec Quiaces.
QUIACES.	QUIACES.
Ergere dans ce Bocage, DEcoutez mon compliment.	Ergère dans ce Bocage, DÉcoutez mon compliment.
RAMIE.	RAMIE.
Avez-vous bien le courage De me parler ſeulement,	Avez-vous bien le courage De me parler seulement,
QUIACES.	QUIACES.
La Roie qul vous couronne, Eſt une trés-bonne odeur.	La Roie qul vous couronne, Est une très-bonne odeur.
RAMIE.	RAMIE.
Pour porter cette Couronne, Il faut étre net de Cœur.	Pour porter cette Couronne, Il faut être net de Cœur.
QUIACES.	QUIACES.
J’ay plus travaillé pour elle Que jamais ne ht Amant.	J'ai plus travaillé pour elle Que jamais ne ht Amant.
RAMIE.	RAMIE.
Le travail de l'infidelle Eſt digne de châtiment.	Le travail de l'infidèle Est digne de châtiment.
QUIACES.	QUIACES.
Les bergeis de mon village Me conſeilloient ce deſſein,	Les bergeis de mon village Me conseillaient ce dessein,
RAMIE.	RAMIE.
Vous n’étiés donc gueres ſage.	Vous n'étiez donc guères sage.
Ni leur conſeil gueres ſain.	Ni leur conseil guère sain.
QHIACES.	QUHICES.
Voyant ma miſere extrême, Appaiſez vôtre couroux.	Voyant ma misère extrême, Apaisez votre courroux.
RAMTE.	RAMTE.
Si j'ai pitié de moi-méme, Je ne puis l’avoir de vous.	Si j'ai pitié de moi-même, Je ne puis l'avoir de vous.
IACES.	JACES.
Puis que ma faute eſt paſsée, celcen en le louvelas	Puis que ma faute est passée, celcen en le louvelas
RAMIE.	RAMIE.
Je la garde en ma penſée Pour tout le tems à venir.	Je la garde en ma pensée Pour tout le temps à venir.
UIACES, Mon credit, Nimphe hautaine, Vous pourroit ſervir à point.	UIACES, Mon crédit, Nymphe hautaine, Vous pourrait servir à point.
R AMIE.	R AMIE.
iva punlance plus certaine, C’eſt que vous n’en ayez point.	iva punlance plus certaine, C'est que vous n'en ayez point.
QUIACES.	QUIACES.
Mes Bergers feront divorce, Me voyant ſi mal mené.	Mes Bergers feront divorce, Me voyant si mal mené.
RAMIE.	RAMIE.
Lors que le Chef eſt ſans force, Le reite eſt blen ctonne.	Lors que le Chef est sans force, Le réite est blen ctonne.
QUIACES.	QUIACES.
Je feray, pour vous complaire, Vos vouloirs incontinent.	Je ferai, pour vous complaire, Vos vouloirs incontinent.
RAMIE.	RAMIE.
vous ne les faurſez imieux faire, Qu’en reſtant toûjours abſent.	vous ne les faursez imieux faire, Qu'en restant toujours absent.
QUIACES.	QUIACES.
Mes Dogues, pleins de furie, Feront la garde pour vous.	Mes Dogues, pleins de furie, Feront la garde pour vous.
ICIMIE.	ICIMIE.
Ah!	Ah!
toute ma Bergerie Sait que vos Chiens ſont des Loups.	toute ma Bergerie Sait que vos Chiens sont des Loups.
QUTACES.	QUTACES.
De vous honorer, Ramie, J’en jure ſur mon trépas.	De vous honorer, Ramie, J'en jure sur mon trépas.
RAMIE.	RAMIE.
Et je jure ſur ma vie, Que je ne vous cronar pas,	Et je jure sur ma vie, Que je ne vous cronar pas,
QUIACES.	QUIACES.
Avec l’ardeur de mon ame Je n’en puis venir à bout.	Avec l'ardeur de mon âme Je n'en puis venir à bout.
RAMIE.	RAMIE.
yuafois peur que vôtre flâme Vint mettre le feu par tout.	yvafois peur que votre flamme Vint mettre le feu par tout.
QUIACES.	QUIACES.
A la mi chacun s’accorde.	À la mi chacun s'accorde.
Vous aurez pitié de moy.	Vous aurez pitié de moi.
RAMIE.	RAMIE.
Je ſuis ſans miſericorde A ceux qui n’ont point de foy.	Je suis sans miséricorde À ceux qui n'ont point de foi.
QUIACES.	QUIACES.
Je ne dois donc rien attendre.	Je ne dois donc rien attendre.
Mon deſſein eſt reconnu.	Mon dessein est reconnu.
RAMIE.	RAMIE.
Ma foy vous me vouliez prendre, Mais je vous ay prevenu.	Ma foi vous me vouliez prendre, Mais je vous ai prévenu.
QUIACES.	QUIACES.
Du moins donnez mõy la Harpe.	Du moins donnez moni la Harpe.
Afin de me divertir.	Afin de me divertir.
RAMIE.	RAMIE.
Elle me ſert d’une Echarpe, Pour me pouvoir garantir.	Elle me sert d'une Écharpe, Pour me pouvoir garantir.
QIACES.	QIACES.
Accordés moy donc, de grace, Le Chardon avec ſa fleur.	Accordez -moi donc, de grâce, Le Chardon avec sa fleur.
Leel la lDe Non, vous n’aurez plus de place.	Leel la lDe Non, vous n'aurez plus de place.
Dorénavant dans mon Cœur.	Dorénavant dans mon Cœur.
SCENE CINQUIEME.	SCÈNE CINQUIÈME.
RAMIE, QUIACES, TROUPE DE SATIRES, TROUPE DE LOUPS, DE TIGRES ET DE LEOPARDS.	RAMIE, QUIACES, TROUPE DE SATIRES, TROUPE DE LOUPS, DE TIGRES ET DE LÉOPARDS.
Une Troupe de Satires, une Troupe de Loups, de Tigres, & de Leopards entre ſur le Theatre.	Une Troupe de Satires, une Troupe de Loups, de Tigres, et de Léopards entre sur le Théâtre.
Ala vûe de ces bêtes feroces, tous les Moutons ſe viennent ranger auprés de la Bergere, qui ſe retire du côte de l’Oranger.	Ala vue de ces bêtes féroces, tous les Moutons se viennent ranger auprès de la Bergère, qui se retire du côte de l'Oranger.
Quiaces ſe va joindre aux Satires.	Quiaces se va joindre aux Satires.
Ils danſent tous, & forment la ſeptiéme entrée du Balet.	Ils dansent tous, et forment la septiéme entrée du Ballet.
On voit par leur cadence que les Satires onten vie de ſe ſaiſir de la Bergere, & que les Bêtes feroces veulent ſe jetter ſur les Moutons.	On voit par leur cadence que les Satires onten vie de se saisir de la Bergère, et que les Bêtes féroces veulent se jeter sur les Moutons.
Ramie touthe ſa Harpe.	Ramie touthe sa Harpe,
RARAMIE en touchant ſa Harpe.	RARAMIE en touchant sa Harpe.
Ercule, venés me deffendre.	Ercule, venez me défendre.
TTTirés moy d’un preſſant danger.	TTTyrez moi d'un pressant danger.
Ramie ſe tournant vers Quiaces.	Ramie se tournant vers Quiaces.
Et toi, qui voulois me tromper, Voyons ſi tu voudras l’attendre.	Et toi, qui voulais me tromper, Voyons si tu voudras l'attendre.
SCENE SIXIEME.	SCÈNE SIXIÈME.
RAMIE, HERCULE D'ORANIE, QUIA.	RAMIE, HERCULE D'ORANIE, QUIA.
CES, IROULE DE SATIRES ET DE BESTES FEROCES.	CES, JROULE DE SATIRES ET DE BÊTES FÉROCES.
Hercule ſort d’un des côtés du Theatre, couvert d’une peau de Lion.	Hercule sort d'un des côtés du Théâtre, couvert d'une peau de Lion.
Quiaces ne l’apperçoit pas plû-tôt, quil prend la fuite, & laiſſe là les Satires, qui font mine de vouloir reſiſter.	Quiaces ne l'aperçoit pas plutôt, quil prend la fuite, et laisse là les Satires, qui font mine de vouloir résister.
Hercule aſſomie avec ſa maſſué toutes les Bétes feroces, il deffait les Satires, les met en fuite, & les pourſuit derriere le Theatre.	Hercule assomie avec sa massué toutes les Battes féroces, il défait les Satires, les met en fuite, et les poursuit derrière le Théâtre.
RAMIE à QUIACES, qui prend la fuite.	RAMIE à QUIACES, qui prend la fuite.
IE ſavois bien que tu n’attendrois pas, JCe Vainqueur tout brillant de gloire, Ce Heros porte la Victoire Dans tous les lieux où s’adreſſe ſon bras	JE savais bien que tu n'attendrais pas, JCe Vainqueur tout brillant de gloire, Ce Héros porte la Victoire Dans tous les lieux où s'adresse son bras
SCE	SCE
SALLIE SCENE SEPTIEME.	SALIE SCÈNE SEPTIÈME.
HERCULE PEIGEMI EHHIE, DAMON, TIRCIS, TROUPE DES	HERCULE PEIGEMI EHIE, DAMON, TIRCIS, TROUPE DES
BERGERS.	BERGERS.
Hercule revint vainqueur ſur le Theatre, ſuivi d’une Troupe des Bergers de l’iſle, & de Bergers Fugitifs.	Hercule revint vainqueur sur le Théâtre, suivi d'une Troupe des Bergers de l'isle, et de Bergers Fugitifs.
Il va prendre la Bergere par la main, & danſe avec elle la huitiéme entrée du Balet.	Il va prendre la Bergère par la main, et danse avec elle la huitième entrée du Balet.
HERCULE D’ORANIE.	HERCULE D'ORANIE.
Ous vos Ennemis ſont deffaits, T Goutez les douceurs de la paix, A preſent que tout eſt tranquille, Bergere, gouvernez cette Iſle;	Ous vos Ennemis sont défaits, T Outez les douceurs de la paix, A présent que tout est tranquille, Bergère, gouvernés cette Isle;
Je m’en vay repaſſer les Mers, Je m’en vay mettre dans les fers E Monnta eulle y Adieu, je vous quitte, Raniie, Jouïſſez à jamais Des douceurs de la Paix.	Je m'en vais repasser les Mers, Je m'en vais mettre dans les fers E Monna eulle y Adieu, je vous quitte, Raniie, Jouissez à jamais Des douceurs de la Paix.
RAMIE.	RAMIE.
Allez, Heros, allez, courez à la victoire, Par des Exploits nouveaux redoublez vôtre gloire.	Allez, Héros, allez, courez à la victoire, Par des Exploits nouveaux redoublez votre gloire.
Hercule d’Oranie ſe retire avec Ramie.	Hercule d'Oranie se retire avec Ramie.
PERA.	PERA.
SCENE HUITIEME.	SCÈNE HUITIÈME.
DAMOM, TIRCIS, TROUPE DES DERGERO	DAMOM, TIRCIS, TROUPE DES DERGERO
DAMON.	DAMON.
Ous nos Ennemis ſont deffaits, I Goutons les douceurs de la Paix.	Ous nos Ennemis sont défaits, I Goutons les douceurs de la Paix.
O trop heureux Bergers, celui qui nous la donne, Eſt un Puiſſant Vainqueur, que la Gloire couronne;	Ô trop heureux Bergers, celui qui nous la donne, Est un Puissant Vainqueur, que la Gloire couronne;
C’eſt un Heros dont le Ciel a fait choix, Pour renverſer l’Empire des Gaulois.	C'est un Héros dont le Ciel a fait choix, Pour renverser l'Empire des Gaulois.
Chantons, Bergers, la valeur éclatante De ce vainalit Heros Ah!	Chantons, Bergers, la valeur éclatante De ce vainalit Héros Ah!
ſi cette Iſle eſt triomphante, C’eſt à lui qu’elle doit ſa gloire & ſon repos.	si cette Île est triomphante, C'est à lui qu'elle doit sa gloire et son repos.
LE CHOEUR.	LE CHOEUR.
Chantons, chantons la valeur eclataute Du plus grand des Heros;	Chantons, chantons la valeur eclataute Du plus grand des Héros;
Ah!	Ah!
ſi cette Iſle eſt triomphante, C’eſt à lui qu’elle doit ſa gloire & ſon repos.	si cette Île est triomphante, C'est à lui qu'elle doit sa gloire et son repos.
DIHON.	DIHON.
Il faut que par tout on l’admire, Ce Heros triomphant, ſorti du ſang des Rois.	Il faut que par tout on l'admire, Ce Héros triomphant, sorti du sang des Rois.
Heureux le Peuple mille fois, Qui vit ſous ſon Empire,	Heureux le Peuple mille fois, Qui vit sous son Empire,
LE CHOEUR.	LE CHOEUR.
Heureux le Peuple mille fois, Qui vit ſous ſon Empire.	Heureux le Peuple mille fois, Qui vit sous son Empire.
TIRCIS.	TIRCIS.
Tous nos Ennemis ſont deffaits.	Tous nos Ennemis sont défaits.
Goutons les douceurs de la Paix, Hercule va la rendre au Monde, C’eſt pour cela qu’il paſſe l'Onde.	Goutons les douceurs de la Paix, Hercule va la rendre au Monde, C'est pour cela qu'il passe l'Onde.
Nous l'anons von, beigers, ce glorieux Heros Rendre à tout l’Univers le Calme & le Repos.	Nous l'ânons von, beigers, ce glorieux Héros Rendre à tout l'Univers le Calme et le Repos.
DAMON.	DAMON.
A preſent que tout eſt tranquille Dans cette Iſle, Que nos Ennemis ſont deffaits, Allons publier les bien-faits De ce Heros brillant de Gloire, Allons celebrer ſa Victoire.	À présent que tout est tranquille Dans cette Île, Que nos Ennemis sont défaits, Allons publier les bienfaits De ce Héros brillant de Gloire, Allons célébrer sa Victoire.
LE CHOEUR.	LE CHOEUR.
A preſent que tout eſt tranquille Dans cette Iſle, Que nos Ennemis ſont deffaits, Allons puoner les bienraits D’un Heros tout brillant de Gloire, Allons celebrer ſa Victoire.	À présent que tout est tranquille Dans cette Île, Que nos Ennemis sont défaits, Allons puoner les bienraits D'un Héros tout brillant de Gloire, Allons célébrer sa Victoire.
Fin du ſecond Acte.	Fin du second Acte.
ACTE III.	ACTE III.
Le Theatre change & repreſente des Villes, des Chateaux, des Bourgs & des Villages embraſez.	Le Théâtre change et représente des Villes, des Châteaux, des Bourgs et des Villages embrasés.
La Campagne paroit toute en Feu, & l’on voit les arbres des Forêts tout brûlez de l’embraſement.	La Campagne parait toute en Feu, et l'on voit les arbres des Forêts tout brûlés de l'embrasement.
Le Rhin, pour ſe garantir, ſemble vouloir ſe precipiter dans la Mer, que l’on voit en éloignement.	Le Rhin, pour se garantir, semble vouloir se précipiter dans la Mer, que l'on voit en éloignement.
SCENE PREMIERE.	SCÈNE PREMIÈRE.
QUATRE INCENDIAIRES.	QUATRE INCENDIAIRES.
Ce quatre Incendiaires viennent des deux Cotez du Theatre, tenans chacun un Flambeau à la main.	Ce quatre Incendiaires viennent des deux Cotez du Théâtre, tenants chacun un Flambeau à la main.
Ils danſent & forment la neuvieme entrée du Balet.	Ils dansent et forment la neuvième entrée du Ballet.
I.	I.
INCENDIAIRE.	INCENDIAIRE.
N Allie nous venons de bien ſervir ta RageI Quelque ſpectacle charmant, qu’il eſt doux a mes yeux!	 Allie nous venons de bien servir ta RageI Quelque spectacle charmant, qu'il est doux à mes yeux!
2.	2.
INCENDIAIRE.	INCENDIAIRE.
Que l’on a de plaiſir de voir tout le ravage Que la flâme fait en ces lieux!	Que l'on a de plaisir de voir tout le ravage Que la flamme fait en ces lieux!
3.	3.
INCENDIAIRE.	INCENDIAIRE.
Brûler, ravager tout, porter par tout la flâme, Sont les délices de mon Cœur.	Brûler, ravager tout, porter par tout la flamme, Sont les délices de mon Cœur.
4.	4.
INCENDIAIRE.	INCENDIAIRE.
Faire regner par tout l’horreur, C’eſt le plus grand plaiſir que je ſente en mon ame.	Faire régner par tout l'horreur, C'est le plus grand plaisir que je sente en mon âme.
Tous TOUS ENSEMBLE.	Tous TOUS ENSEMBLE.
Brûler, ravager tout, porter par tout les flâmes, Sont les délices de nos Cœurs.	Brûler, ravager tout, porter par tout les flammes, Sont les délices de nos Cœurs.
Faire regner par tout des pleurs, Sont le plus grand plaiſirs que reſſentent nos Ames.	Faire régner par tout des pleurs, Sont le plus grand plaisirs que ressent nos Âmes.
I.	I.
INCENDIAIRE.	INCENDIAIRE.
Que j’aime à voir ces Feux, Et ce ravage afreux !	Que j'aime à voir ces Feux, Et ce ravage afreux !
Cette plaine brûlante Me dõnne un plaiſir qui m’enchante.	Cette plaine brûlante Me ne un plaisir qui m'enchante.
2.	2.
INCENDIAIRE.	INCENDIAIRE.
Achevons, Compagnons, La fureur eſt nôtre partage, Allons, chers Compagnons, courage, Brûlons tout, achevons, Mettons le feu par tout, achevons nôtre ouvrage, Achevons, Compagnons, Brûlons, brûlons, brúlons, Brûlons tout, achevons cét horrible ravage.	Achevons, Compagnons, La fureur est notre partage, Allons, chers Compagnons, courage, Brûlons tout, achevons, Mettons le feu par tout, achevons notre ouvrage, Achevons, Compagnons, Brûlons, brûlons, brûlons, Brûlons tout, achevons cet horrible ravage.
TOUTES ENSEMBLE.	TOUTES ENSEMBLE.
Brûlons, brúlons, brûlons.	Brûlons, brûlons, brûlons.
Brûlons tout, achevons cét horrible ra vage.	Brûlons tout, achevons cet horrible ra vage.
SCENE SECONDE.	SCÈNE SECONDE.
UNE TROUPE D'HABITANS des Villes & des Villages qui ſont en feu.	UNE TROUPE D'HABITANS des Villes et des Villages qui sont en feu.
LE CHOEUR DES HABITANS.	LE CHOEUR DES HABITANS.
Auvons nous de ces lieux, O NoS Villes ſont en feu, cette plaine eſt brulante.	Auvons -nous de ces lieux, Ô NoS Villes sont en feu, cette plaine est brûlante.
Oa Où nous ſauver grands Dieux!	 Où nous sauver grands Dieux!
Nous ne voyons par tout qu’horreur & qu'époûvante.	Nous ne voyons par tout qu'horreur et qu'épouvante.
NAADITANT.	NADITANT.
Ah!	Ah!
quels horribles Feux!	quels horribles Feux!
ON SECOND IABITANT.	ON SECOND IABITANT.
Quel embraſement effroyable!	Quel embrasement effroyable!
UN TROISIEME HABITANT.	UN TROISIÈME HABITANT.
An.	An.
quelle ſſame epouvantable Ah!	quelle same épouvantable Ah!
quel ravage affreux!	quel ravage affreux!
LE CHOEUR.	LE CHOEUR.
Que de Sujets de larmes!	Que de Sujets de larmes!
Que de triſtes allarmes:	Que de tristes alarmes:
Dieux qui voyez tous nos malheurs, Laiſſez vous toucher à nos pleurs, Vangez nous, puniſſez Gallie, Faites la tomber ſous vos coups.	Dieux qui voyez tous nos malheurs, Laissez vous toucher à nos pleurs, Vengez nous, punissez Gallie, Faites la tomber sous vos coups.
Vager notto, grands Dieux, vangez nous, Exterminez cette Furie.	Vager notto, grands Dieux, vengez nous, Exterminez cette Furie.
Les DRAGONS derriere le Theatre.	Les DRAGONS derrière le Théâtre.
Brûlons, brûlons, brulons.	Brûlons, brûlons, brûlons.
LE CHOEUR.	LE CHOEUR.
O Ciel!	Ô Ciel!
fuyons, fuyons.	fuyons, fuyons.
SCENE TROISIEME.	SCÈNE -TROISIÈME.
LA TERRE.	LA TERRE.
Dieux!	Dieux!
je me vois déſolée !	je me vois désolée !
O Je ſuis preſque toute brulée, Mes Monts & mes Coteaux, mes Campagnes, mes Bois, Mes Villes, mes Palais, tout s’embraſe à la fois.	Ô Où suis presque toute brulée, Mes Monts et mes Coteaux, mes Campagnes, mes Bois, Mes Villes, mes Palais, tout s'embrase à la fois.
Le Le Feu, cet inſolent, me veut reduire en cendre, Aidez moy, liquide Element, Sauvez moy de l’embraſement, Venez auſſi, venez;	Le Le Feu, cet insolent, me veut réduire en cendre, Aidez moi, liquide Élément, Sauvez moi de l'embrasement, Venez aussi, venez;
Air, venez me deffendre.	Air, venez me défendre.
Je brûle, je m’en vay perir, Hatez vous, natez vous, venez me lecourir.	Je brûle, je m'en vais périr, Hatez -vous, natez vous, venez me lécourir.
SCENE QUATRIEME.	SCÈNE QUATRIÈME.
LA TERRE, LE FEU.	LA TERE, LE FEU.
Ontre mes flâmes devorantes CEn vain tu cherches du ſecours;	Ontre mes flammes dévorantes CEn vain tu cherches du secours;
Rien n’en peut arrêter le cours.	Rien n'en peut arrêter le cours.
Tes Villes les plus fioriſſantes, Et tes Palais les plus charmants, Tes Campagnes, tes Habitans, S'en vont dans ce moment éprouver ma puiſlafice.	Tes Villes les plus fiorissantes, Et tes Palais les plus charmants, Tes Campagnes, tes Habitants, S'en vont dans ce moment éprouver ma puislàfice.
De Gaſle je lers la Tage & la vengeance;	De Gâle je lers la Tage et la vengeance;
Le ſeul & vray moyen de te ſauver, croy moy, Ceſt de la reconnoitre, & de ſubir ſa Loy,	Le seul et vrai moyen de te sauver, crois -moi, Et de la reconnaître, et de subir sa Loi,
SCENE CINQUIEME.	SCÈNE CINQUIÈME.
LE FEU, L’AIR, L’EAU, LA TERRE.	LE FEU, L'AIR, L'EAU, LA TERRE.
L’Air deſcend ſur le Theatre d’un Côté, l’Eau y entré de l’autre.	L'Air descend sur le Théâtre d'un Côté, l'Eau y entré de l'autre.
L’AIR au FEU.	L'AIR au FEU.
DErfide, tu veux donc faire regner Gallie, Elle qui des Humains trouble tout le repos, Pour Pour établir par tout ſa dure tirannie, Tu veux de l'Univers faire un triſte Chaos.	DErfide, tu veux donc faire régner Galie, Elle qui des Humains trouble tout le repos, Pour Pour établir par tout sa dure tyrannie, Tu veux de l'Univers faire un triste Chaos.
Hlaut pum ton mioience.	Haut pum ton mioience.
L’EAU à la TERRE.	L'EAU à la TERRE.
Nous embraſſons vôtre deffence;	Nous embrassons votre défense;
Du Feu nous etcidrons Pardeul, Nous arrêterons ſa fureur,	Du Feu nous étcidrons Pardeul, Nous arrêterons sa fureur,
LE FEU.	LE FEU.
M’éteindre, vous!	M'éteindre, vous!
non, non, vous n’aurez par la gloire, Je prétens deſſus vous emporter la victoire.	non, non, vous n'aurez par la gloire, Je prétends dessus vous emporter la victoire.
L'EAU.	L'EAU.
Neptune, à mon ſecours, venez, venez punir Cet horrible Element qui veut tout mettre en cendre.	Neptune, à mon secours, venez, venez punir Cet horrible Élément qui veut tout mettre en cendre.
da ldur Dieu Vulcain, venez me deffendre, Venez, venez me ſecourir.	da lédur Dieu Vulcain, venez me défendre, Venez, venez me secourir.
SCENE SIXIEME.	SCÈNE SIXIÈME.
LE FEU, L’EAU, LA TERRE, NEPTUNE, VULCAIN, TROUPE DE DIEUX MARINS, TROUPE DE CICLOPES, TROUPE DE DIEUX CHAMPETRES ET DE DRIADES.	LE FEU, L'EAU, LA TERRE, NEPTUNE, VULCAIN, TROUPE DE DIEU MARINS, TROUPE DE CYCLOPES, TROUPE DE DIEUX CHAMPÊTRES ET DE DRYADES.
Neptune ſort de la Mer, armé de ſon Trident, & accompagné d’une Troupe de Dieux Marins, Vulcain entre d’un côté du Theatre.	Neptune sort de la Mer, armé de son Trident, et accompagné d'une Troupe de Dieux Marins, Vulcain entre d'un côté du Théâtre.
Les Divinitez Terreſtres ſe vont ranger auprés de la Terre, pour être ſpectateurs du Combat de NeptuNeptune & de Vulcain.	Les Divinités Terrestres se vont ranger auprès de la Terre, pour être spectateurs du Combat de NeptuNeptune et de Vulcain.
Ces Dieux avec leurs Troupes danſent la dixiéme entrée du Balet, & forment un combat, où Neptune demeure vainqueur.	Ces Dieux avec leurs Troupes dansent la dixième entrée du Ballet, et forment un combat, où Neptune demeure vainqueur.
UNE DRIADE.	UNE DRYADE.
LE Feucede à l’Eau, Ce liquide Element eſt toûjours ſon tombeau, L Cau leiperte la gione D'éteindre ſon ardeur.	LE Feuce à l'Eau, Ce liquide Élément est toujours son tombeau, L Au leiperte la gione D'éteindre son ardeur.
UN DIEU CHAMPETRE Neptune a la Victoire, Neptune eſt le vainqueur.	UN DIEU CHAMPÊTRE Neptune a la Victoire, Neptune est le vainqueur.
LE CHOEUR.	LE CHOEUR.
Le Feu cede à l’Eau, Ce liquide Element eſt toûjours ſon tombeau.	Le Feu cede à l'Eau, Ce liquide Élément est toujours son tombeau.
L’Eau remporte la gloire D’éteindre ſon ardeur.	L'Eau Emporte la gloire D'êteindre son ardeur.
Neptune a la victoire, Neptune eſt le vainqueur.	Neptune a la victoire, Neptune est le vainqueur.
Neptune & ſa Toupe pourſuivent Vulcain, le Feu & les Ciclopes derriere le Theatre.	Neptune et sa Toupe poursuivent Vulcain, le Feu et les Ciglopes derrière le Théâtre.
SCE	SCE
EOLE.	ÉOLE.
Y Olés, Tirans des airs, qui formez les Orages, 7 Venez, Vents furieux, Accourez à ma voix, venez couvrir ces lieux Des plus épais nuages.	Y Olès, Tyrans des airs, qui formés les Orages, 7 Venez, Vents furieux, Accourez à ma voix, venez couvrir ces lieux Des plus épais nuages.
Qu’un déluge de pluye éteigne tous ces Feux, Qui font tant de ravages, Les Les vents paſſent dans les Airs, & l'on entend des ſifflements horribles.	Qu'un déluge de pluie éteigne tous ces Feux, Qui font tant de ravages, Les Les vents passent dans les Airs, et l'on entend des sifflements horribles.
LE CHOEUR.	LE CHOEUR.
Quels ſifflements affreux!	Quels sifflements affreux!
Le Soleil & l'aſtre nouveau paroiſſent dans le Ciel.	Le Soleil et l'astre nouveau paraissent dans le Ciel.
UN DES DIEUX CHAMPETRES.	UN DES DIEUX CHAMPÊTRES.
Mais que l’Aſtre nouveau ſur l'Horiſon s'ayance, Qu’il eſt beau!	Mais que l'Astre nouveau sur l'Horison s'aisance, Qu'il est beau!
qu’il eſt lumineux!	qu'il est lumineux!
Ce Soleil qui palit, redoute ſa preſence.	Ce Soleil qui palit, redoute sa présence.
LE CHOEUR.	LE CHOEUR.
Qu'il eſt beau!	Qu'il est beau!
qu’il eſt lumineux!	qu'il est lumineux!
Ce Soleil qui palit, redoute ſa preſence, Un Nuage épais obſcurcit l’Air, & derobe l'Aſtre à la vûe.	Ce Soleil qui palit, redoute sa présence, Un Nuage épais obscurcit l'Astre, et derobe l'Astre à la vue.
UN DES DIEUX CHAMPETRES.	UN DES DIEUX CHAMPÊTRES.
Malquiicucrece anosjcun.	Malquiicucrece anosjun.
Ah!	Ah!
l'Air devient tenebreux!	L'Air devient ténébreux!
Ah!	Ah!
quel épais nuage!	quel épais nuage!
Ah!	Ah!
quel terrible orage!	quel terrible orage!
LE CHOEUR.	LE CHOEUR.
Ah!	Ah!
quel épais nuage!	quel épais nuage!
Ah quel terrible orage!	Ah quel terrible orage!
On entend ici de grands coups de Tonnerre.	On entend ici de grands coups de Tonnerre.
Le Theatre ne paroit éclairé que des Eclairs, qui rempliſſent l’Air d’un feu ſerpentant, le Nuage ſe creve, & il tombe ſur les lieux embraſez une groſſe pluye, qui eteind le Feu.	Le Théâtre ne parait éclairé que des Éclairs, qui remplissent l'Air d'un feu serpentant, le Nuage se crève, et il tombe sur les lieux embrasés une grosse pluie, qui éteind le Feu.
UNE DRIADE.	UNE DRYADE.
Quels furieux Eclairs S’élancent dans les Airs!	Quels furieux Éclairs S'élancent dans les Airs!
Quel terrible Tonnerre!	Quel terrible Tonnerre!
Ha!	Ha!
quel Deluge d’eaux ſe repand ſur ces feux.	quel Déluge d'eaux se répand sur ces feux.
UN DIEU CHAMPETRE.	UN DIEU CHAMPÊTRE.
Rejouïſſez vous, Terre, Le Feu, vôtre Ennemi, n’embraſe plus ces lieux, Ge Mimitre cruel des Iureurs de Gallie Eſt à preſent vaincu, ſon audace eſt punie.	Rejouissez -vous, Terre, Le Feu, votre Ennemi, n'embrase plus ces lieux, Ge Mimitre cruel des Jureurs de Galie Est à présent vaincu, son audace est punie.
L’Orage ceſſe, tout devient calme, l’Air s’êctatreit tout u antoup, O te nouvet Aſtre ſe fait voir élevé ſur l’Horiſon.	L'Orage cesse, tout devient calme, l'Amir s'éctatreit tout antoup, Ô te nouvet Astre se fait voir élevé sur Horison.
UNE DRIADE.	UNE DRYADE.
Que ce jour eſt doux & charmant!	Que ce jour est doux et charmant!
Tout brille de l'éclat d’une clarté nouvelle.	Tout brille de l'éclat d'une clarté nouvelle.
UN DIEU CHAMPETRE Que cet Aſtre nouveau rend la Nature belle!	UN DIEU CHAMPÊTRE Que cet Astre nouveau rend la Nature belle!
Ah!	Ah!
qu’il eſt beau, qu’il eſt brillant!	qu'il est beau, qu'il est brillant!
LE CHORUR.	LE CHORUR.
Que ce jour eſt doux & charmant!	Que ce jour est doux et charmant!
Tout brille de l'éclat d’une clarté nouvelle.	Tout brille de l'éclat d'une clarté nouvelle.
Que cet Aſtre nouveau rend la Nature belle!	Que cet Astre nouveau rend la Nature belle!
Ah!	Ah!
qu’il eſt beau!	qu'il est beau!
qu’il eſt brillant!	qu'il est brillant!
16 GALLIE SCENE HUITIEME.	16 GALLIE SCÈNE HUITIÈME.
& derniere.	et dernière.
NEPTUNE, L’AIR, L’EAU, LA TERRE, TROUPE DES DIEUIX MARINS, TROUPE DES DIEUX CHAMPETRES, ET DES DRIADES, TROUPE D’HABITANS.	NEPTUNE, L'AIR, L'EAU, LA TERRE, TROUPE DES DIEUIX MARINS, TROUPE DES DIEUX CHAMPÊTRES, ET DES DRYADES, TROUPE D'HABITANS.
L’EAu à la TERRE.	L'EAu à la TERRE.
jo peu qui te oimomtu las plus rien à craindre, Tu ne ſentiras plus l'effet de ſa fureur.	jo peu qui te oimomtu las plus rien à craindre, Tu ne sentiras plus l'effet de sa fureur.
LAIR.	LAIR.
Il ne cauſera plus ni d’effroy ni d’horreur, Ce Tiran eſt vaincu, nous venons de l’éteindre.	Il ne causera plus ni d'effroi ni d'horreur, Ce Tyran est vaincu, nous venons de l'éteindre.
NEPTUNE.	NEPTUNE.
Terre, tu vas jouïr maintenant du beau tems.	Terre, tu vas jouir maintenant du beau temps.
Ce bel Aſtre brillant d’une clarté ſi pure, Va couvrir tous tes champs De fleurs & de verdure.	Ce bel Astre brillant d'une clarté si pure, Va couvrir tous tes champs De fleurs et de verdure.
chantez la gione de lon cours;	chantez la gione de lon cours;
Peuples admirez tous l’Aſtre qui vous éclaire, Que chacun de vous le revere, Cét Aſtre qui fait vos beaux jours.	Peuples admirez tous l'Astre qui vous éclaire, Que chacun de vous le révère, Cet Astre qui fait vos beaux jours.
HNCHODER DES HABITANS.	HNCHODER DES HABITANS.
Chantons la gloire de ſon cours, Admirons, admirons l’Aſtre qui nous éclaire, Que chacun de nous le revere, Cét Aſtre qui fait nos beaux jours.	Chantons la gloire de son cours, Admirons, admirons l'Astre qui nous éclaire, Que chacun de nous le révère, Cet Astre qui fait nos beaux jours.
NEPTUNE.	NEPTUNE.
Driades, Dieux Champetres, Divinités Terreſtres, Retournez dans vos Champs, Retournez dans vos Bois, Faites y retenir vos voix, Chantez, chantez y tous l’Aſtre qui vous éclaire, Chantez la gloire de ſon cours.	Driades, Dieux Champettres, Divinités Terrestres, Retournez dans vos Champs, Retournez dans vos Bois, Faites y retenir vos voix, Chantez, chantez y tous l'Astre qui vous éclaire, Chantez la gloire de son cours.
Allons, que chacun le revere, Cét Aſtre qui fait les beaux jours.	Allons, que chacun le révère, Cet Astre qui fait les beaux jours.
CHOEUR des DIEUX CHAMPETRES.	CHOEUR des DIEUX CHAMPÊTRES.
Re tournons dans nos Champs, retournons dans nos Bois, Faiſons y retentir nos voix, Chantons, chantons y tous l’Aſtre qui nous éclaire, Chantons la gloire de ſon cours, Allons, que chacun le revere, Cét Aſtre qui fait les beaux jours.	Re tournons dans nos Champs, retournons dans nos Bois, Faisons y retentir nos voix, Chantons, chantons y tous l'Astre qui nous éclaire, Chantons la gloire de son cours, Allons, que chacun le révère, Cet Astre qui fait les beaux jours.
1 EPTUNE.	1 EPTUNE.
Aprés tant de trouble & de larmes, Allez en paix rebatir vos maiſons.	Après tant de trouble et de larmes, Allez en paix rebâtir vos maisons.
Un doux repos ſuccede à vos allarmes, Vous n’aurez plus que de belles ſaiſons.	Un doux repos succède à vos alarmes, Vous n'aurez plus que de belles saisons.
Habitans de ces lieux ne craignez plus Gallie, Vous ne ſentirez plus l'effet de ſa furie, Un Heros glorieux, l’eſpoir de l’Univers, Vient par l’ordre des Dieux la mettre dans les fers.	Habitants de ces lieux ne craignez plus Galie, Vous ne sentirez plus l'effet de sa furie, Un Héros glorieux, l'espoir de l'Univers, Vient par l'ordre des Dieux la mettre dans les fers.
LE CHOEUR DES HABITANS.	LE CHOEUR DES HABITANS.
Aprés tant de trouble & de larmes, Allons en Paix rebatir nos maiſons.	Après tant de trouble et de larmes, Allons en Paix rebâtir nos maisons.
Un doux repos ſuccede à nos allarmes, Nous n’aurons plus que de belles ſaiſons.	Un doux repos succède à nos alarmes, Nous n'aurons plus que de belles saisons.
N'aN’apprehendons plus de Gallie Ni la rage, ni la furie.	N'aN'appréhendons plus de Galie Ni la rage, ni la furie.
Un Heros glorieux, l’eſpoir de l’Univers Fers.	Un Héros glorieux, l'espoir de l'Univers Fers.
Fin du Troiſiénie & dernier Acte.	Fin du Troisiènie et dernier Acte.
