Q Source gallica.	Q Source galica.
bnf fr (Bibliothèque nationale de France	bnf fr (Bibliothèque nationale de France
Par N.	Par N.
Boſq.	Bosque.
Cheualier de la Traille.	Chevalier de la Traille.
LA FARCE DE Mazarin, & des Monopoleurs.	LA FARCE DE Mazarin, et des Monopoleurs.
SCENE PREMIENE.	SCÈNE PREMIENE.
NIRAZAM, YREMED, NALETAC.	NIRAZAM, YREMED, NALETAC.
F NIRAZAM.	 FIRAZAM.
Nfin, Meſſieurs, il faut ſans plus long-temps ſonger Trouuer quelque moyen qui les faſſe enrager, Ces teſtes ſonge-creux qui ne peuuent ſans craindre Pour s’enrichir bien-toſt ce vieil Cuias enfraindre.	Nfin, Messieurs, il faut sans plus longtemps songer Trouver quelque moyen qui les fasse enrager, Ces têtes songe-creux qui ne peuvent sans craindre Pour s'enrichir bientôt ce vieil Cuias enfraindre.
Eux meſme font la loy, & ont ſi peu d’eſprit Que de ne s’exempter de ce qu’elle preſcrit Il n’appartient qu’à eux de ſouffrir l’eſclauage De Madame la loy à leur dés auantage:	Eux même font la loi, et ont si peu d'esprit Que de ne s'exempter de ce qu'elle prescrit Il n'appartient qu'à eux de souffrir l'esclavage De Madame la loi à leur dés avantage:
Auſſi auons nous bien iuſques icy monſtré Que Bartole chez nous n’eſt point enregiſtré, Car mettans ſous le pied toute ſorte d'obſtacles Nous auons pris en main ce qui fait des miracles, Et tous d’vn meſme accord nous auons fait ſerment Deprendre à toute main, mais bien honneſtement:	Aussi avons nous bien jusques ici montré Que Bartole chez nous n'est point enregistré, Car mettants sous le pied toute sorte d'obstacles Nous avons pris en main ce qui fait des miracles, Et tous d'un même accord nous avons fait serment Deprendre à toute main, mais bien honnêtement:
Car apres tout, Meſsieurs, perſonne ne peut dire Ce Chaudron m’apartient, ny cette poiſle à frire, Ce lit;	Car après tout, Messieurs, personne ne peut dire Ce Chaudron m'appartient, ni cette poisle à frire, Ce lit;
cette marmitte, ou ce pot à piſſer;	cette marmitte, ou ce pot à pisser;
Et pour diré en vn mot on ne ſçauroit penſer Que dans mon Cabinet, ma Sale, ou dans ma Chambre	Et pour diré en un mot on ne saurait penser Que dans mon Cabinet, ma Sale, ou dans ma Chambre
Dans ma Cour dans ma Caue, ou dans monanti-Chãbre, I'oſeray dire encor, que dedans mon priué, ( Foüillez y s’il vous plaiſt) on n’a iamnais trouué Qu’il ay rien caché qui appartienne à d’autres, Et ie m’aſſeure auſsi que iamais dans les voſtres On n'a entendu dire, hola, cecy eſt mien, Pen viuray deſormais comme eſtant de mon bien.	Dans ma Cour dans ma Cave, ou dans monanti-Chãbre, J'oserai dire encor, que dedans mon privé, ( Fouillez y s'il vous plaît) on n'a jamnais trouvé Qu'il ai rien caché qui appartienne à d'autres, Et ainsi m'assure aussi que jamais dans les vôtres On n'a entendu dire, holà, ceci est mien, Pen vivrai désormais comme étant de mon bien.
Vne cho ſe ſur tout m’empeſche de me taire Et ie n’y puis penſer ſans me mettre en cholere, C'eſt que dans mon affaire vn petit Parlement Il veut mettre le nez iuſquez au fondement Pour moy, foy de voleur, ie ne puis pas comprendre Quel profit en cela il en ſçauroit pretendre, nt ie crains qu’en affaire il entre ſi auant Qu’il n'en puiſſe ſortir à ſon contentement:	Une cho se sur tout m'empêche de me taire Et ici n'y puis penser sans me mettre en colère, C'est que dans mon affaire un petit Parlement Il veut mettre le nez jusqu' ils fondement Pour moi, foi de voleur, je ne puis pas comprendre Quel profit en cela il en saurait prétendre, n ie ment qu'en affaire il entre si avant Qu'il n'en puisse sortir à son contentement:
C eſt pour ne point vſer de ces mots deshonneſtes Qu’il n’en puis ſortir auec ſes brayes nettes.	Ç est pour ne point user de ces mots déshonnêtes Qu'il n'en puis sortir avec ses braies nettes.
Il n’appartient qu’à moy de mettre la le nez, Puïſque mon gros Camus ſi bien en luminé Eſt tout le fondement dé ma bonne fortune, Qui n’eſt que par ſa ſource à tout autre commune.	Il n'appartient qu'à moi de mettre la lé nez, Puisque mon gros Camus si bien en luminé Est tout le fondement dé ma bonne fortune, Qui n'est que par sa source à tout autre commune.
Et voila le ſuiet qui a pû m’obliger, puiſqu’il nous ſommes tous dans vn meſme danger, A tenir auiourd’huy la preſente aſſemblée, Affin que dans le tems que la France eſt troublée, Nous puiſsions ſeurement faire noſtre pacquet De peur d’eſtre bientoſt pris dans le trébuchet, Dittes donc ſur ce point qu’elle eſt voſtre penſée, D’autant que voſtre vie en eſt intereſſée.	Et voilà le sujet qui a pu m'obliger, puisqu'il nous sommes tous dans un même danger, A tenir aujourd'hui la présente assemblée, Affin que dans le temps que la France est troublée, Nous puissions sûrement faire notre pacquet De peur d'être bientôt pris dans le trébuchet, Dites donc sur ce point qu'elle est votre pensée, D'autant que votre vie en est intéressée.
Usis.	Oùsis.
Yremed.	Yreméd.
Orſus, puis qu’auiourd'huy vous me faites l’honneur De dire mon aduis ſur le preſent malheur.	Orsus, puis qu'aujourd'hui vous me faites l'honneur De dire mon avis sur le présent malheur.
Ie d’iray en deux mots, Iules, ce que ie penſe, Quoy que ie craigne vn peu que cela vous offenſe;	Je d'irai en deux mots, Jules, ce que sans pense, Quoi que deux craigne un peu que cela vous offense;
Or donc, pour commencer ma petite oraiſon 41.	Or donc, pour commencer ma petite oraison 41.
4	4
Dvne meſme fortune a eſté enſuiuie:	Dune même fortune a été ensuivie:
Car vous confeſſerez que ſon commencement N’eſt iamais prouenu que du cul ſeulement, Or ça, ſi maintenant la breneuſe fortune Vous retourne le cul ſans eſperance aucune, C’eſt qu’il ſe fait en vous, ce qu’on n’a iamais veu Car le prouerbe dit ( ſi i’ay bien retenu) Du moins ie l’ay apris de ma bonne nourrice, Qui le liſoit eſcritdans vn cornet d’épice, Que le tabourin rend ce que la flute prend:	Car vous confesserez que son commencement N'est jamais provenu que du cul seulement, Or ça, si maintenant la breneuse fortune Vous retourne le cul sans espérance aucune, C'est qu'il se fait en vous, ce qu'on n'a jamais vu Car le proverbe dit ( si j'ai bien retenu) Du ) Du moiay promis de ma bonne nourrice, Qui le lisait écritdans un cornet d'épice, Que le tabourin rend ce que la flute prend:
Et en vous nous voyons que voſtre fluté rend Ce que voſtre ieuneſſe vn peu trop amoureuſe Mettoit dans ſon tabour d vne flute pleureuſe.	Et en vous nous voyons que votre fluté rend Ce que votre jeunesse un peu trop amoureuse Metait dans son tabour d une flute pleureuse.
Auſſi ne doit-on point deſormais s’eſtonner Si ſouuent en vn iour vous pouuez chapponer, Car vous auez cuvé tant de liqueur contable Que voſtre magazin doit eſtre ineſpuiſable, Et vous ayant ſouuent ſeringué le balon Il doit eſtre à iamais enflé tout de ſon long.	Aussi ne doit-on point désormais s'étonner Si souvent en un jour vous pouvez chaponer, Car vous avez cuvé tant de liqueur contable Que votre magazin doit être inépuisable, Et vous ayant souvent servingué le balon Il doit être à jamais enflé tout de son long.
Or, comme de tout tems on vous afait aprendre De receuoir, de prendre, & rarement de rendre, Si, à vne perſonne on vous à veu donner, Vous auez bien ozé mil autres ruiner;	Or, comme de tout temps on vous afait apprendre De recevoir, de prendre, et rarement de rendre, Si, à une personne on vous à veu donner, Vous avez bien osé mil autres ruiner;
et c’eſt de cela ſeul que les femmes de France Pourſuiuent voſtre flute auecques tant d’outrance:	et c'est de cela seul que les femmes de France Poursuivent votre flute avec tant d'outrance:
Que, ſi elles pouuoient, ſans aucune pitié elles enmangeroient vne double moitjé, Cal clles laauentuienquevous eltes latouice Qui des pauuies marits a eſpuiſé la bourſe, et nous neuiterons noſtre malheur preſent Qu’én gaignant le taillis, ou en rendant l’argent.	Que, si elles pouvaient, sans aucune pitié elles enmangeraient une double moitjé, Cal clles laauentuienquevous éltes latouice Qui des pauuies marits a épuisé la bourse, et nous neuiterons jamais malheur présent Qu'en gagnant le taillis, ou en rendant l'argent.
I’ay trop bon cœur.	J'ai trop bon cœur.
Nirazam.	Nirazam.
Naletac.	Naletac.
Et moy, Meſſieurs, ie m’y oppoſe, Mais ſeulement icy, ie diray vne choſe, Qu'il faut plus que iamais armer de tous coſtez, at lors vous les verrez bientoſt eſpouuentez, Quand vous meſme à la teſte & auecques main forte, Porterez là terreur iuſques dedans leur porte.	Et moi, Messieurs, Seigneur m'y oppose, Mais seulement ici, j' diray toujours chose, Qu'il faut plus que jamais armer de tous côtés, at lors vous les verrez bientôt espouuentez, Quand vous -même à la tête et avec main forte, Porterez là terreur iusques dedans leur porte.
Nira zam.	Nira zam.
Ah!	Ah!
Monſieur, ie ſuis bien voſtre humble ſeruiteur Il faudroit n’eſtre point ſuſceptible de peur Pour chercher l’ennemy au hazard de ma vie, Tar ila Io y le crais trop qu'’ene ne ioit rauie:	Monsieur, je suis bien votre humble serviteur Il faudrait n'être point susceptible de peur Pour chercher l'ennemi au hasard de ma vie, Tar ila Io y le crais trop qu'ène ne jait ravie:
On ne m’a iamais veu ſi grand traiſtre à mon corps Que de le vouloir mettre au Royaume des morts.	On ne m'a jamais vu si grand traître à mon corps Que de le vouloir mettre au Royaume des morts.
Nalctac.	Nalctac.
Vous ne pouuez en rien riſquer voſtre perſonne, C’eſt ſeulement pour vous que la France s’eſtonne, et quand elle verra que cent milles foldats Sous vn terrible mars chercheront les combats:	Vous ne pouvez en rien risquer votre personne, C'est seulement pour vous que la France s'étonne, et quand elle verra que cent milles soldats Sous un terrible mar chercheront les combats:
Vous trouuerez bientoſt que deſſous voſtre empire Le monde tremblera ſans plus ozer mot dire.	Vous trouverez bientôt que dessous votre empire Le monde tremblera sans plus oser mot dire.
Nirazam.	Nirazam.
Ie vous repete encor, & vous redis Monſieur, Qué foy d’homme, ie ſuis voſtre humble ſeruiteur Mais que ie ne ſçais pas ce que c’eſt de me battre:	Je vous répète encor, et vous redis Monsieur, Qué foi d'homme, ie suis votre humble serviteur Mais que venir ne sais pas ce que c'est de me battre:
en effet ie ſçais bien de l’eſpée combattre, Et ie l’apris aſſez à l’aage de dix ans, Mais pour n’en point mentir ceſtoit ames deſpens, Car lors que tout petit ie commençois d’apprendre Ie ne pouuois encor fortement me deffendre.	en effet ie appris bien de l'épée combattre, Et ici l'apris assez à l'âge de dix ans, Mais pour n'en point mentir cetait âmes dépens, Car lorsque tout petit petit esprit commençais d'apprendre Je ne pouvais encor fortement me défendre.
Ie vous laiſſe à penſer ſi des coupeiarets Qui depuis vn long-tems manioient les fleurets, Ne mettoient point à cul vn enfant de mon age.	Je vous laisse à penser si des coupeiarets Qui depuis un longtemps maniaient les fleurets, Ne mettaient point à cul un enfant de mon age.
Il eſt vray que d'abordrauois canit de courage Que difficilement portoient ils vn bon coupz Mais iefus ſi preſſé, qu’il falut apres tout Ceder à des Laquais qui prenans vne Lance Me portoient vne botte en telle violence Qu'enfin ne pouuant plus tant de beaux coups parer Il fallut me reſoudre à me laiſſer bourrer.	Il est vrai que d'abordravais canit de courage Que difficilement portaient ils un bon coups Mais iefus si pressé, qu'il fallut après tout Céder à des Laquais qui prenants une Lance Me portaient une botte en telle violence Qu'enfin ne pouvant plus tant de beaux coups parer Il fallut me résoudre à me laisser bourrer.
Dans ces extremitez, ce que ie pouuois faire Eſtoit de ſuccomber & tourner le derriere, Et ie ne ſçaurois point le moien d’attaquer Si ie n’eſtois icy venu le pratiquer, Iamais en Italie on ne m’a ſçeu apprendre Comme il faut attaquer, mais blen à me deffendre Ou meſmes, ſuppoſons que ie ſois bien vaillant Car du moiens ie vaux bien quelque paſſe-volant, Ou prendre des Soldats?	Dans ces extrémités, ce que femme pouvais faire Était de succomber et tourner le derrière, Et beau ne saurais point le moyen d'attaquer Si tu n'étais ici venu le pratiquer, Jamais en Italie on ne m'a su apprendre Comme il faut attaquer, mais blen à me défendre Ou mêmes, supposons que soins sois bien vaillant Car du moyens était vaux bien quelque passevolant, Ou prendre des Soldats?
qui de par tous les Diables, Seront ceux qui voudront nous eſtre ſecourables?	qui de par tous les Diables, Seront ceux qui voudront nous être secourables?
Naletac.	Naletac.
Mouneur louuenez vous que vontre argent peut tout.	Mouneur louvenez vous que vontre argent peut tout.
Nirazam.	Nirazam.
Vous ſçauez mon humeur.	Vous savez mon humeur.
c’eſt l’argent qui me fout.	c'est l'argent qui me fout.
Naletac.	Naletac.
Hé bien ie d’iray mieux, que cela ne vous tienne, Vous poſſedez du tout la race Italienne Vous connoiſſez auſſi vn millon de farceurs, De fols, de baſteleurs, de ſauteurs, de danſeurs, En vn mot vous auez par tout la renommée D'en eſtre l’intendant, faites en vne armée.	Hé bien ie d'irai mieux, que cela ne vous tienne, Vous possédez du tout la race Italienne Vous connaissez aussi un millon de farceurs, De fols, de bâteleurs, de sauteurs, de dans, Un mot vous avez par tout la renommée D'en être l'intendant, faites en une armée.
Et puis eſtant le chef de tous ces gens d’honneurs, Aydez que vous ſerez des troupes de voleurs Que vous auez touſiours maintenus dans la France Perſonne ne pourra vous faire reſiſtance.	Et puis étant le chef de tous ces gens d'honneurs, Aidez que vous serez des troupes de voleurs Que vous avez toujours maintenus dans la France Personne ne pourra vous faire résistance.
Il faut faire au beſoing des fleches de tout bois, Prenez Italiens, des Normans, des François, Armez ſi vous pouuez toure la Picardie, C’eſt bien des nations toute la plus hardie, Faltes vil Regimeul de preitres Hibernois, D’allobroges, Lorrains, Bas Bretons, Albanois.	Il faut faire au besoing des flèches de tout bois, Prenez Italiens, des Normants, des Français, Armés si vous pouvez toure la Picardie, C'est bien des nations toute la plus hardie, Faltes vil Regimeul de prégitres Hibernois, Dallobroges, Lorrains, Bas Bretons, Blbanois.
Et ayant ramaſſé tant de braues Gens-d armes Vous mettrez dans Paris de cruelles allarmes, Vous les affamerez, & dedans peu de tems Vous les verrez ſoûmis à tous vos combattans.	Et ayant ramassé tant de braves Gensrd armes Vous mettrez dans Paris de cruelles alarmes, Vous les affamés, et dedans peu de temps Vous les verrez soumis à tous vos combattants.
Nir.	Nir.
szim.	szim.
Il eſt bien vray, Monſieur, que i’ay grand connoiſſance Auec tous les pendarts d’Italie & de France, I en ay bien trente mille qui me rendent tribût Et i'ay deſſus eux tous vn pouuoir abſolu, Mais apres tout ce ſont des forces bien debiles Pour pouuoir reſiſter contre quatre cens milles.	Il est bien vrai, Monsieur, que j'ai grand connaissance Avec tous les pendards d'Italie et de France, I en ai bien trente mille qui me rendent tribût Et j'ai dessus eux tous un pouvoir absolu, Mais après tout ce sont des forces bien débiles Pour pouvoir résister contre quatre cens milles.
Vreme'd, Ie donne pour ma part vingt cinq milles Laquais Et l’armeray encor autant deporte-faiz, Moy meſme conduiray ce petit corpsdl’armée, Par ainſi nous pourrons aller à main armée Mettre à feu & à ſang, ce qui eſt dans Paris E Que ſans doutte d’abord nous verrons bien ſurpris Qüand nos deſeſperés incapables de crainte Feront à ces frondeurs vne ſi lourde atteinte.	Vreme, Je donne pour ma part vingt cinq milles Laquais Et l'armerai encor autant déporte-faiz, Moi -même conduirai ce petit corpsdl’armée, Par ainsi nous pourrons aller à main armée Mettre à feu et à sang, ce qui est dans Paris Que sans doutte d'abord nous verrons bien surpris Qüand notre désespérés incapables de crainte Feront à ces frondeurs une si lourde atteinte.
Naletac.	Naletac.
Et moy, lors que i’eſtois vn reuerend vacher, Parmy mes compagnons, tant bouvier que porcher, Ie fis tant en ſix mois de bonnes connoiſſances Que ie me promets bien d’auoir leurs aſſiſtances.	Et moi, lors que j'étais un révérend vacher, Parmi mes compagnons, tant bouvier que porcher, Je fis tant en six mois de bonnes connaissances Que on me promets bien d'avoir leurs assistances.
Ie ny ſçaurois penſer ſans regreter ce tems, Car pour nen point mentit i’eſtois des plus contens:	Ie Je sçaurois penser sans regreter ce temps, Car pour nen point mentit j'étais des plus contents:
I’eſtois vn petit Roy entre ceux de mon aage, I’eſtois vn Roy de toile hab'llé de village, Des ſoüillers ſans couſture auec vn grand chapeau Qui eſtoit à dentelle & percé par le haut, Ie n’auois pas beſoing d’auoir vne chemiſe Car mon habit eſtoit d’vne eſtoffe de miſe Qui pouuoit aiſément me ſeruir pour les deux.	J'étais un petit Roi entre ceux de mon âge, J'étais un Roi de toile hab'llé de village, Des souillers sans couture avec un grand chapeau Qui était à dentelle et percé par le haut, Je n'avais pas besoin d'avoir une chemise Car mon habit était d'une étouffe de mise Qui pouvait aisément me servir pour les deux.
Et i’eſtois pour le moins autant honnoré d’eux Que de tous les voleurs vous pourriez iamais eſtre Helas!	Et j'étais pour le moins autant honoré d'eux Que de tous les voleurs vous pourriez jamais été Hélas!
ce ſouuenir ne peut pas me permettre Depenſer d’auantage à ce bon tems paſſé:	ce souvenir ne peut pas me permettre Dépenser davantage à ce bon temps passé:
Neantmoins faut encor, puiſque i’y ay penſez, Que ie die en vn mot comme ie pûs atteindre A ce degrez d’honneur que ie ne ſçais trop plaindre.	Néanmoins faut encor, puisque j'y ai pensez, Que ie die en un mot comme apprendre pu atteindre À ce degré d'honneur que je ne sais trop plaindre.
Lors que de porte en porte vn baſton à la main I’allongeois l’eſtocade en demandant du pain, Vn iour il me ſuruint vne offlce vacante	Lors que de porte en porte un bâton à la main J'allongeais l'estocade en demandant du pain, Un jour il me survint une offlce vacante
Pour	Pour
Pour conduire des pores enuiron vingt ou trente?	Pour conduire des pores environ vingt ou trente?
Et par ce que i’auois de grans competiteurs, Qui malgré moy vouloient en eſtre conducteurs, I’allay tout de ce pas ſans tarder d’auantage Trouuer l’archiuacher aſſis deſſus l’herbage;	Et par ce que j'avais de grans compétiteurs, Qui malgré moi voulaient en être conducteurs, J'allai tout de ce pas sans tarder davantage Trouver l'archivacher assis dessus l'herbage;
et puis ayant paſſe mon chapeau dans mon col, Ie luy plus tant d’abord qu’il rioit comme vn fol, I’eſtois emmitouflé en attrape ſcience, Et en ce bel eſtat ie fis la reuerence Grand Prince des vachers, qui ſous voſtre pouuoir Auez tant de ſuiets rangez en leur deuoir.	et puis ayant passe mon chapeau dans mon col, Je lui plus tant d'abord qu'il riait comme d fol, J'étais emmitoufflé en attrape science, Et en ce bel état ainsi fis la révérence Grand Prince des vachers, qui sous votre pouvoir Avez tant de sujets rangez en leur devoir.
Qui par vn tour de main pouuez tous lés ſoumettre D’vn pouuoir abſolu aux coups de voſtre ſceptre, Vous à qui appartient toute collation D'vne charge vacante en voſtre dition :	Qui par un tour de main pouvez tous lés soumettre D'Un pouvoir absolu aux coups de votre sceptre, Vous à qui appartient toute collation D'une charge vacante en votre dition :
mrte d'an Ie viens vous rendre hommage, auec humble requeſte De vouloir me ſouffrir pour garder quelque beſte.	mrte d'an Je viens vous rendre hommage, avec humble requête De vouloir me souffrir pour garder quelque bête.
Monſieur, mon gros bouuier, mon Prince à nez crotté Roy de bœufs, de cochons, riche en neceſſité.	Monsieur, mon gros bouvier, mon Prince à nez crotté Roi de bœufs, de cochons, riche en nécessité.
I’ay bon bras, bonne voix, pour bien me faire entendre, Si i’ignore mon art, ie pourray bien l’apprendre.	J'ai bon bras, bonne voix, pour bien me faire entendre, Si j'ignore mon art, ie pourrai bien l'apprendre.
Ma requeſte entenduë, il me dit auſſitoſt, Mon fils, ie vous reçois, baiſſez-moy les ſabot, (Car c’eſt en ce faiſant que l’on merend hommage) Deſormais vous pourrez paiſtre autour du village.	Ma requête entendue, il me dit aussitôt, Mon fils, je vous reçois, baissez-moi les sabot, (Car c'est en ce faisant que l'on mend hommage) Désormais vous pourrez paître autour du village.
Mepiaffant tout ainſi qu’vn poux ſur vn teignon, Ie cours au meſme inſtant prendre poſſeſſion, Et peu de tems apres ie veois comme vne armée Qui venoit droit à moy lagueule enfarinée.	Mépiaffant tout ainsi qu'autre poux sur un teignon, Je cours au même instant prendre possession, Et peu de temps après avoir veais comme une armée Qui venait droit à moi lagule enfarinée.
Moy, ſur pris de cela, ie fais gille ſoudain, Mais vn drille me dit m’arreſtant par la main, Hugues, pourquoy s’enſuir quand cette compaguie Vient pour vous ſaluër en grand ceremonie?	Moi, sur pris de cela, je fais gille soudain, Mais un drille me dit m'arrêtant par la main, Hugues, pourquoi s'ensuir quand cette compaguie Vient pour vous saluer en grand cérémonie?
Tout beau, tout beau.	Tout beau, tout beau.
et moy encore que de peur en chauſſes ie chiaſſe, il falut par honneur.	et moi encore que de peur en chausses avoir chiasse, il fallut par honneur.
Attendre en patience vne telle embaſſade:	Attendre en patience une telle embassade:
Auſſi toſt vn d’entr’eux auec vne accolade C.	Aussi tôt un d'entr'eux Se vne accolade Ç.
Me dit ie ſuis venu de par tous les vachers Sans oublier icy les reuerens porchers, Pour vous congratuler, & donner aſſeurance Que nous ſerons à vous auec noſtre aſſiſtance:	Me dit ici suis venu de par tous les vachers Sans oublier ici les révérents porchers, Pour vous congratuler, et donner assurance Que nous serons à vous se nôtre assistance:
Si quelqu'vn vient troubler voſtre contentement Alors de mon coſtez i’en promis tout autant, Et apres le Iefment ſure ſans contredite Ie me promets d'auoir vingt mil hommes d’elite.	Si quelqu'un vient troubler votre contentement Alors de mon côtés j'en promis tout autant, Et après le Iefment ré sans contredite Je me promets d'avoir vingt mille hommes d'élite.
Mtrazam.	Mtrazam.
Nous ſçauons maintenant qui nous ſecondera, Et il ne reſte plus qu'a içauoir qui ſera Qui voudra desbourſer & faire la deſpenſe Pour payer les ſoldats & pour leur ſubſiſtance.	Nous Cavons maintenant qui nous secondera, Et il ne reste plus qu'a içauoir qui sera Qui voudra débourser et faire la dépense Pour payer les soldats et pour leur subsistance.
Ce n’eſt pas moy.	Ce n'est pas moi.
Yreme'd.	Yreme'd.
Naletac.	Naletac.
Niragam.	Niragam.
Meſſieurs vous ſçauez bien Qu'en France maintenant ie ne poſſede rien, Car preuoyant de loing que pour quelque folie Ie ſerois obligé d’aller en Italie, Ce que i’ay deſrobé par voſtre ſeul moyen I'ay voulu de Francois le faire Italien, Si ie n’auois donné bonne ordre à mon affaire Aurois-ie fur la terre vn aſſeuré repaire, Puis que le fondement de noſtre ſeureté Prend pied deſſus l’argent qu’en France ou m’a preſte Nous deuons des demain plier noſtre bagage Depeur d’eſtre punis de noſtre brigandage.	Messieurs vous savez bien Qu'en France maintenant je ne possède rien, Car prévoyant de loin que pour quelque folie Je serais obligé d'aller en Italie, Ce que j'ai dérobé par votre seul moyen J'ai voulu de Francais le faire Italien, Si apprendre n'avais donné bonne ordre à mon affaire Aurais-je fur la terre enfin assuré repaire, Puis que le fondement de notre sûreté Prend pied dessus l'argent qu'en France ou m'a prête Nous devons des demain plier quelque bagage Depeur d'être punis de notre brigandage.
Yreme d.	Yreme d.
2 Vous vous troublez l'eſprit ſans beaucoup de raiſon, Si vous voulez ne craindre aucune trahiſon, Donnons à nos ſoldats liberté de tout prendre:	2 Vous vous troublez l'esprit sans beaucoup de raison, Si vous voulez ne craindre aucune trahison, Donnons à nos soldats liberté de tout prendre:
Chacun par ce moyen priera de nous deffendre, Et ainſi ces voleurs ſans qu’il nous couſte rien, Deſſendans les voleurs amaſſeront debien.	Chacun par ce moyen priera de nous défendre, Et ainsi ces voleurs sans qu'il nous coûte rien, Dessendant les voleurs amasseront débien.
Nirazam.	Nirazam.
Il eſt vray:	Il est vrai:
nous ſçauons à noſtre experience Que quand on ne craint point ny rouë ny potence:	nous savons à notre expérience Que quand on ne craint point ni roueairés potence:
On ſe fait ſi l’on veut riche tout en vn iour, lFaites donc que demain on batte le tabour.	On se fait si l'on veut riche tout en un jour, lFaites donc que demain on batte le tabour.
CCLIE SECONDE.	CCLIE SECONDE.
DRACIP, TERVOBAT, TELBVOD.	DRACIP, TERVOBAT, TELBVOD.
DRACIP.	DRACIP.
Vs donc, chers compagnons d’vne meſme fortune, Et tous participans d’vne meſmeinfortune, O Vous ſcauez que des gens qui par leurs actions Se ſont mis en horreur parmy les nations, Ne trouueront iamais en terre d’aſſeurance, Et principalement au Royaume de France:	Vs donc, chers compagnons d'une même fortune, Et tous participants d'une mesmeinfortune, Ô Vous savez que des gens qui par leurs actions Se sont mis en horreur parmi les nations, Ne trouveront jamais en terre d'assurance, Et principalement au Royaume de France:
Ou ſi impunement par d’inſignes larcins Au deſpens du bon homme auons graïſſé nos mains, Il importe beaucoup en l’affaire preſente, Deplier noſtre voile & de fuir la tourmente.	Ou si impunément par d'insignes larcins Au dépens du bon homme avons graïssé nos mains, Il importe beaucoup en l'affaire présente, Déplier nôtre voile et de fuir la tourmente.
Teruobat, Il ſeroit à propos que chez quelque eſtr anger Nous allaſſions bientoſt nos larcins deſgorger:	Tervobat, Il serait à propos que chez quelque étr anger Nous allassions bientôt nos larcins dégorger:
De peur que ſi long tems nous demeurons en France cOn ne nous.	De peur que si long temps nous demeurons en France cOn ne nous.
Telbuod.	Telbuod.
Ah i'enrage!	Ah j'enrage!
ou auoir aſſeurance De trouueraucun lieu propre à nous retirer?	ou avoir assurance De trouveraucun lieu propre à nous retirer?
Quel ſera le pays qui voudra tolerer Que des maiſtres voleurs y prennent leur demeurs, Croyez-moy, c’eſt bien là, la voye la moins ſeure.	Quel sera le pays qui voudra tolérer Que des maîtres voleurs y prennent leur demeurs, Croyez-moi, c'est bien là, la voie la moins sûre.
Qui nous connoit?	Qui nous connaît?
Teruobat.	Tervobat.
Telbubd.	Telbud.
Quoy donc vous eſtes à ſcauoir Quemeſmes les meſchans ne veulent pas nous voir?	Quoi donc vous êtes à savoir Quemêmes les méchants ne veulent pas nous voir?
Et que noſtre preſence eſt ſi fort odieuſe Que la main d’vn bourreauſe trouueroit peureuſe S’il falloit (comme bien nous auons meritez) Qu’il ſerra le licol à nos meſchancetez?	Et que notre présence est si fort odieuse Que la main d'un bourreause trouverait peureuse S'il fallait (comme bien nous avons mérités) Qu'il serra le licol à nos méchancetés?
Dracip.	Dracip.
Mais, foy de Maltotier, comme on nous fait entendre L’Allemand volle aſſez ſans qu’on le faſſe pendre, Allons en leur pays.	Mais, foi de Maltôtier, comme on nous fait entendre L'Allemand volle assez sans qu'on le fasse pendre, Allons en leur pays.
Telbuod.	Telbuod.
Voylà bien debuté, Ceux dont nous encourons toute l’indignité Voudront nous receuoir apres nos voleries?	Voilà bien débuté, Ceux dont nous encourons toute l'indignité Voudront nous recevoir après nos voleries?
A pres tant de larcins, rapines, pilleries?	À pres tant de larcins, rapines, pilleries?
Apres auoir volé leurs monſtres ordinaires!	Apres avoir volé leurs monstres ordinaires!
Leurs payemens, leurs pains, leurs munitions de guerres?	Leurs paiements, leurs pains, leurs munitions de guerres?
Quoy?	Quoi?
apres tout cela vous ozez eſperer De pouuoir ſeurement chez eux vous retirer?	après tout cela vous osez espérer De pouvoir sûrement chez eux vous retirer?
Teruobat.	Tervobat.
Ou donc ſerons nous bien?	Ou donc serons -nous bien?
Telbuod.	Telbuod.
.	.
.	.
.	.
i Allons à tous les Diables Allez, ſi vous voulez comme des miſerables Chercher quelques aſſeurance aux pays eſtrangers, Pour moy, ie ne veux point memettre en ces dangers.	y Allons à tous les Diables Allez, si vous voulez comme des misérables Chercher quelques assurance aux pays étrangers, Pour moi, ils ne veux point mémettre en ces dangers.
Si i’auois bien enuy qu’on me caſſaſt la teſte Ie ne voudrois ailleurs chercher dautre retraite, Encor ne ſçais ie pas ſi parmy les Demons Nous pourrons bien trouuer quelques conditions, Car nous ne ſommes bons à boüillir n’y a frire.	Si j'avais bien envi qu'on me cassât la tête Je ne voudrais ailleurs chercher dautre retraite, Encor ne sais rie pas si parmi les Demons Nous pourrons bien trouver quelques conditions, Car nous ne sommes bons à bannir n'y a frire.
Et vne choſe encor qui nous pourra bien nuire C'eſt que ſi nous venons à eſtre reconnus Il faut nous aſſeurer que nous ſommes perdus;	Et une chose encor qui nous pourra bien nuire C'est que si nous venons à être reconnus Il faut nous assurer que nous sommes perdus;
Car ces damnez richards ialoux de l’opulence Nous connoiſſans farcis de tout l’argent de France:	Car ces damnés richards jaloux de l'opulence Nous connaissants farcis de tout l'argent de France:
Nous hacheront merde comine cran à parter.	Nous hacheront merde comine cran à parter.
Et peut eſtre d’entré ẽtſ ſerons nous reiettez.	Et peut -être d'entré ients serons nous rejettez.
dracip.	dracip.
Il nous faut tellement deſguiſer le viſage Qu’on nous prenne pluſtoſt pour quelque Iean potage:	Il nous faut tellement déguiser le visage Qu'on nous prenne plutôt pour quelque Jean potage:
Ou pour des Spacamonts, que pour d’honneſtes gens Qui eſtoient honnorez de tant de courtiſans.	Ou pour des Spaconts, que pour d'honnêtes gens Qui étaient honorez de tant de courtisans.
Teruobat.	Tervobat.
Noſtre premier meſtier nous ſeruira de maſque Et nous deliurera d’vne telle bourraſque:	Notre premier métier nous servira de masque Et nous délivrera d'une telle bourrasque:
leleprendrayl nitat d’vn lonnerte Iipler C’eſt comme vous ſçauez tout mon premier meſtier.	leleprendrayl nitat d'un lonnerte Jipler C'est comme vous savez tout mon premier métier.
Dracip.	Dracip.
Et moy ie reprendray mon antienne pratique, Qui eſtoit de crier dedans vne boutique, Michel, me diſoit-on, quitte ta belle, & crie.	Et moi ie reprendrai mon antienne pratique, Qui était de crier dedans une boutique, Michel, me disait-on, quitte ta belle, et crie.
Monſieur, botte portée, ou botte de hazard;	Monsieur, botte portée, ou botte de hasard;
Et par ce que i eſtois tout le plus grand bauard Qui iamais ait eſté dans la Sauaterie, Or vous ſçaurez comment ie quittay ce meſtier Auant que d’obtenir celuy de Maltotier, C’eſt que conformément à l’Eſtat que ie porte Ie deſrobay, de la on me mit à la porte.	Et par ce que j' étais tout le plus grand bavard Qui jamais ait été dans la Savaterie, Or vous saurez comment grande quittai ce métier Avant que d'obtenir celui de Maltôtier, C'est que conformément à l'État que je porte Ie dérobai, de la on me mit à la porte.
Et quoy que ma Maiſtreſſe euſt bonne volonté De ne pouuoir ſouffrir que l’on m’euſt mal traitté, Et qu’elle m’aymaſt plus que ſon vieil cocu meſme, Elle ne pût pourtant par tout ſon ſtratageme Empeſcher que mon maiſtre à qui i'auois volé, Deux petis ſoio far quenne muit bienquerelle, Et qu.	Et quoi que ma Maîtresse eût bonne volonté De ne pouvoir souffrir que l'on m'eût mal traité, Et qu'elle m'aimât plus que son vieil cocu même, Elle ne pût pourtant par tout son stratagème Empêcher que mon maître à qui j'avais volé, Deux petis soio far quenne muit bienquerelle, Et qu.
ayant bien couru pour tacher de me battre Enfin il me chaſſa me donnant cinq & quatre;	ayant bien couru pour tacher de me battre Enfin il me chassa me donnant cinq et quatre;
Ie m’en vais achepter quelque ſale tablier.	Je m'en vais achetter quelque sale tablier.
Auec l’habit poiſſé d’vn Maiſtre Cordonnier.	Avec l'habit poissé d'être Maître Cordonnier.
Telbuod.	Telbuod.
Il ne faut point penſer qu'on vous puiſſe connoiſtre Quand auec cét habit on vous verra paroiſtre Vous ſçauez quand à moy, cela n’eſt point nouueau, Que iamais ie ne fus autre que Maquereau, Et que pour le preſent n’en connoiſſant plus guerre Pour me bien deſguiſer ie ne ſçaurois que faire, Car ie n’ayplus du tout de filles ſous mes gages Pour me refaire encor fripier de pucelages.	Il ne faut point penser qu'on vous puisse connaître Quand avec cet habit on vous verra paraître Vous savez quand à moi, cela n'est point nouveau, Que jamais rien ne fus autre que Maquereau, Et que pour le présent n'en connaissant plus guerre Pour me bien déguiser quelque ne saurais que faire, Car ie n'aiplus du tout de filles sous mes gages Pour me refaire encor fripier de pucelages.
Ah!	Ah!
la vache eſt à moy!	la vache est à moi!
ie vendray des Chanſons, (Car ie laiſſeray vendre aux femmes des chifons) Ce n’eſt pas mon meſtier, mais bien des Maquerelles Apres quelles n’ont plus connoiſſance de belles, Et de ce pas ie vais pour mes quatre ou cinq ſous Aenepeer des Onanions pour erier auec vous.	ie vendrai des Chansons, (Carque rai vendre aux femmes des chifons) Ce n'est pas mon métier, mais bien des Maquerelles Apres quelles n'ont plus connaissance de belles, Et de ce pas un vais pour mes quatre ou cinq sous Aenepeer des Onanions pour erier avec vous.
SCENE TROISIESME.	SCÈNE -TROISIÈME.
SIOBSED ſeul.	SIOBSED seul.
TOILA qui eſt eſtrange!	TOILA qui est range!
on ne ſçait reconnoiſtre Les deſſeins de Paris par eſpion ny traiſtre Le Bourgeois eſt armé, & par vn grondement Chacun parle à la fois, mais tous diuerſement;	on ne sais reconnaître Les desseins de Paris par espion ni traître Le Bourgeois est armé, et par un grondement Chacun parle à la fois, mais tous diversement;
L’vn dit, on va au pain, l’autre dit, à la guerre, L’vn ſieger S.	L'un dit, on va au pain, l'autre dit, à la guerre, L'un siéger S.
Germ ain, l’autre ayme mieux ſe taire Mais le plus gros bruit eſt que ſans doute demain Tout le Pariſien ſort pour ſieger S.	Germ ain, l'autre aime mieux se taire Mais le plus gros bruit est que sans doute demain Tout le Parisien sort pour siéger S.
Germain, Ie ne ſçaurois que dire à Nirazam mon Maiſtre Qu’il cherche vn eſpion ie ne le veux plus eſtre.	Germain, Je ne saurais que dire à Nirazam mon Maître Qu'il cherche un espion ie ne le veux plus être.
Il veuit ſçauoir au vray ce que ieru t'arie y Comment le ſçaura-il?	Il vit Savoir au vrai ce que jerv t'arie y Comment le saura-il?
ie ne l’ay point apris, Cependant, il vaut mieux que ie luy faſſe entendre Ce que l’on dit, affin qu’il ſonge à ſe deffendre;	Je ne l'ai point appris, Appendant, il vaut mieux que ie tu fasse entendre Ce que l'on dit, afin qu'il songe à se défendre;
Mais, Dieu!	Mais, Dieu!
quelqu’vn s’aduance, helas ie ſuis perdu Certes ie ſuis trouſſé ſi l’on m’a entendu Ah, c’eſt mon Maiſtre elui.	quelqu'un s'avance, hélas je suis perdu Certes tu suis troussé si l'on m'a entendu Ah, c'est mon Maître elle.
SCENE QVATRIESME.	SCÈNE QUATRIÈME.
NRAZAM, YREMED, NALETAC, SIOBSED.	NRAZAM, YREMED, NALETAC, SIOBSED.
NIRAZAM.	NIRAZAM.
Hé bien qu’elle nouuelle?	Hé bien qu'elle nouvelle?
La ville de Paris eſt elle encor rebelle?	La ville de Paris est elle encor rebelle?
Siobsed.	Siobséd.
Monſieur pluſque iamais dans deux heures au plus, el memlamelneos	Monsieur plusque jamais dans deux heures au plus, elle memlamelne
Naletac.	Naletac.
Ah!	Ah!
nous ſommes perdus.	nous sommes perdus.
Treme'd.	Treme elle.
es tu bien aſſeuré de ce que tu rapportes.	es tu bien assuré de ce que tu rapportes.
Siobsed.	Siobséd.
Quoy?	Quoi?
apres auoir veu les Pariſiens aux portes Auec des armes, pains, poudres, munitions, Beaucoup d’artillerie, auec force canons?	après avoir vu les Parisiens aux portes Avec des armes, pains, poudres, munitions, Beaucoup d'artillerie, avec force canons?
Apres vn bruit confus de cette populace:	Après un bruit confus de cette populace:
Parmy nos ennemis il faut nous faire place Il faut ſans differer en prenant S.	Parmi nos ennemis il faut nous faire place Il faut sans différer en prenant S.
Germain Amener vif ou mort ce traiſtre Nirazam.	Germain Amener vif ou mort ce traître Nirazam.
Ie l’aurons ce voleus, & en deſpit dũ Prince, Qui a tant rauagé noſtre pauure Prouince, Iely apprendons bien qu’auecques noſtre argent On ne doit deſrober vn Roy ſecretement.	Je l'aurons ce voleus, et en dépit dum Prince, Qui a tant ravagé notre pauvre Province, Jely apprendons bien qu'avecques notre argent On ne doit dérober un Roy secrètement.
Helas!	Hélas!
quand i’entendois du peuple la menace Qui eſtoit contre vous dviſc mortene aduace Ah que ie pleignois bien voſtre ma lheureux ſort!	quand j'entendais du peuple la menace Qui était contre vous dusc mortène avace Ah que ie pleignois bien vôtre ma lheureux sort.
Nirazam.	Nirazam.
Desbois mon bon amy ne me plains pas ſi fort.	Desbois mon bon ami ne me plains pas si fort.
Ah ie crains.	Ah belle crains.
Siobsed.	Siobséd.
Nirazam.	Nirazam.
Que crains tu?	Que crains tu?
crains tu qu’on te delaiſſe?	crains tu qu'on te délaisse?
D i Helas non!	D y Hélas non!
mais ie crains que ma pauure Maiſtreſſe Que i'allois viſiter de deux iours en deux iours Pour ma trop longue abſence eſteigne ſes amours:	mais ainsi crains que ma pauvre Maîtresse Que j'allais visiter de deux jours en deux iours Pour ma trop longue absence éteigne ses amours:
et vne perte encor que ie crois ſans pareille, C'eſt que ie ne ſois plus Cheualier de la Treille, Car tous les Cheualiers ſans gouſter mes raiſons Ne me ſouffriront point apres mes trahiſons, Et s’ils me connoiſſoient ſi traiſtre à ma patrie Il me degraderoient de la Cheualerie.	et une perte encor que ainsi crois sans pareille, C'est que tu ne sois plus Chevalier de la Treille, Car tous les Chevaliers sans goûter mes raisons Ne me souffriront point après mes trahisons, Et s'ils me connaissaient si traître à ma patrie Il me dégraderaient de la Chevalerie.
Yremee d.	Yremée d.
Queitce done quercutcno.	Queitce donc quercutcno.
juoprapale bien haut, Ou bien c’eſt vne alarme ou vn traiſtre nouueau.	juoprapale bien haut, Ou bien c'est une alarme ou un traître nouveau.
SCENE CINQVIESME.	SCÈNE CINQUIÈME.
DRACIP, TERVOBAT, NIRAZAM, YREMED.	DRACIP, TERVOBAT, NIRAZAM, YREMED.
NALETAC, SIOBSED.	NALETAC, SIOBSED.
Dracip.	Dracip.
Botte à changer, Monſieur :	Botte à changer, Monsieur :
Monſieur botte portée.	Monsieur botte portée.
Nirazam.	Nirazam.
nb MNuiſis	né MNuisis
Teruobat.	Tervobat.
Caſaque ſupportée, Monſieur, habit d’eſté:	Casque supportée, Monsieur, habit d'été:
Bonnet quarré Monſieur.	Bonnet quarré Monsieur.
Naletac.	Naletac.
Que nous veut dire donc cét impudent crieur?	Que nous veut dire donc cet impudent crieur?
Teruobat.	Tervobat.
Monſieur, ſotanne neufve.	Monsieur, sotanne neuve.
Dracip.	Dracip.
I'ay de bonnes bottes.	J'ai de bonnes bottes.
Yreme d.	Yreme d.
I'eſtime qu’ils ſont forte.	J'estime qu'ils sont forte.
Nirazam.	Nirazam.
5 Si ie vous prens maraults.	5 Si ici vous prends maraults.
Des bottes de hazard.	Des bottes de hasard.
Dracip.	Dracip.
Momieur, voyez icy.	Momieur, voyez ici.
Naleiac.	Naleiac.
Ah bon Dieu qu’eſt cecy!	Ah bon Dieu qu'est ceci!
Teruobat.	Tervobat.
De bons chapeaux, Monſieur, habits de drap d’eſpagne.	De bons chapeaux, Monsieur, habits de drap d'espagne.
Oounv M ona dd oMiE.	Oounu M ona dd oMiE.
NIRAZAM, YREME'D, DRACIP, TERVOBAT, SIOBSED, TELBVOD.	NIRAZAM, YREME'D, DRACIP, TERVOBAT, SIOBSED, TÉLBVOD.
TELBVOD ENTRE, · CHANTANT.	TELBVOD ENTRE, Â CHANTANT.
Courante nommee la Princeſſe.	Courante nommée la Princesse.
ROYEZ vous galands malheureux Par des yeux languiſſans, des reſpects, & des vœux Teſmoigner l’ardeur de vos ux Par ma farine, Ie ſuis aymé de ma belle voiſine, D'vn peu de lard Ie mets vn pucelage en grand hazard.	ROYEZ -vous galants malheureux Par des yeux languissants, des respects, et des vœux Témoigner l'ardeur de vos ux Par ma farine, Je suis aimé de ma belle voisine, D'un peu de lard Je mets un pucelage en grand hasard.
Philis qu’vn amant eſt peu fin C’eſt la Chanſon du temps.	Philis qu'un amant est peu fin C'est la Chanson du temps.
De vous offrir des vœux quand vous mourez de faim Et que vous n’auez pas de paim, Chere Maiſtreſſe:	De vous offrir des vœux quand vous mourez de faim En que vous n'avez pas de paim, Chère Maîtresse:
Ie vous en aporte vn gros de Goneſſe Et pour l’auoir, Ie ne demande rien qu’vn peu d’eſpoir.	Je vous en aporte un gros de Gonesse Et pour l'avoir, Je ne demande rien qu'un peu d'espoir.
Chaſſez le coquet affamé Qui croit par vn ſonnet ou par vn bout rimé 2 ndre digne d’eſtre aymé,	Chassez le coquet affamé Qui croit par un sonnet ou par un bout rimé 2 ndre digne d'être aimé,
Dans la famine, Il faut des poix, du lard, de la farine Pour tout auoir, Ie ne demande rien qu’vn peu deſpoir.	Dans la famine, Il faut des poix, du lard, de la farine Pour tout avoir, Je ne demande rien qu'un peu dépoir.
Adieu les bijoux du Palais, Les chanſons, les Romans, les beaux mots, les Poulets, Adieu la danſe & les balets Pour eſtre aymable, Il ne faut plus que tenir bonne table Vnvray galalld Ne ſe doit point trouuer ſans pain chaland.	Adieu les bijoux du Palais, Les chansons, les Romans, les beaux mots, les Poulets, Adieu la danse et les ballets Pour être aimable, Il ne faut plus que tenir bonne table Unvrai galalld Ne se doit point trouver sans pain chaland.
la Nirazam.	la Nirazam.
Pente ſolt des pendais qui dans ſoitre anemblée Viennent entremeſſer leur chetiue denrée, Il importe pourtant en ces extremitez De trouuer vn repaire à nos meſchancerez.	Pente solt des pendais qui dans soitre anemblée Viennent entremesser leur chétive denrée, Il importe pourtant en ces extrémités De trouver un repaire à nos méchancerez.
Yreme d Vous ſçauez mieux que moy qu’aucun lieu de la terre, Ne pourroit iamais eſtre aux voleurs ſalutaire, Vous nous auez rendu tellement odieux Par vos deportemens & deſſeins fartieux, Que ſi vous n’auez pas aux diables cognoiſſancé Nous fommes tous perdus ſans aucune eſperance.	Yreme d Vous savez mieux que moi qu'aucun lieu de la terre, Ne pourrait jamais été aux voleurs salutaire, Vous nous avez rendu tellement odieux Par vos déportements et desseins fartieux, Que si vous n'avez pas aux diables cognoissancé Nous fommes tous perdus sans aucune espérance.
Nirazam.	Nirazam.
I'en ay depuis long-temps au grand diable Pluton, et i’eſpere de luy quelque choſe de bon.	J'en ai depuis longtemps au grand diable Pluton, et j'espère de même quelque chose de bon.
Ie faiſois auec luy le plus ample trafique Que iamais fit ſorcier auec ſon art magique, Pourueu qu’il me donnaſt grand’quantité d’argent Ie luy ay accordé & preſté le ſerment Qu’il auroit les porteurs de cette marchandiſe, En ſuitte de cela aymant ma chalandiſe, Il me fit dans la France intendant des voleurs, Et de là ſont venus tant de monopoleurs, Car s’il me ſuggeroit par ſes grandes largeſſes Vn moyen d’amaſſer de nouuelles richeſſes Auſſi-toſt ie cherchois deux mille Partiſans Qui voloient hardiment les pauures payſans:	Je faisais avec deux le plus ample trafique Que jamais fit sorcier avec son art magique, Pourvu qu'il me donnât grand’ quantité d'argent Je a ay accordé et prêté le serment Qu'il aurait les porteurs de cette marchandise, En suite de cela aimant ma chalantise, Il me fit dans la France intendant des voleurs, Et de là sont venus tant de monopoleurs, Car s'il me suggérait par ses grandes largesses V en d'amasser de nouvelles richesses Aussi-tôt ie cherchais deux mille Partisans Qui volaient hardiment les pauvres paysans:
Ainſi pour chaque impoſt que i ay mis dans la France I'ay mis deux mils voleurs en ſa pleine puiſſance, Et comme compagnons de mes mechancetez, Aſſeurez vous d’auoir ce que vous meritez.	Ainsi pour chaque impôt que j' ai mis dans la France J'ai mis deux mils voleurs en sa pleine puissance, Et comme compagnons de mes méchancetés, Assurez -vous d'avoir ce que vous méritez.
Ouy, tenez pour certain quoy que le François faſſe Que parmy les demons vous aurez bonne place, Et generalement pour vous & vos commis I’y en ay retenuë & fait beaucoup d’amis.	Oui, tenez pour certain quoi que le Français fasse Que parmi les démons vous aurez bonne place, Et généralement pour vous et vos commis J'y en ai retenue et fait beaucoup d'amis.
Drabip.	Drabip.
Il faut pourtant nous taire, Nous irons auec eux.	Il faut pourtant nous taire, Nous irons toujours eux.
Telbuod.	Telbuod.
Voila bien noſtre affaire.	Voilà bien notre affaire.
Nirazam Allons donc au pluſtoſt voir meſſire Caron Qu’il nous faſſe parler à ſon maiſtre Pluton, Puiſque communement les cantons de la terre Sont armez contre nous pour nous faire la guerre.	Nirazam Allons donc au plustost voir messire Caron Qu'il nous fasse parler à son maître Pluton, Puisque communément les cantons de la terre Sont armés contre nous pour nous faire la guerre.
Siobſed.	Siobséd.
Allez, on vous fera vne Croix ſur le dos, I a France apres cela ſera plus en rẽpos, Quand à moy, ie m’en vais auec grande allegréſſe Iouir de ce bon-heur aupres de ma maiſtreſſe.	Allez, on vous fera une Croix sur le dos, I a France après cela sera plus en rẽpos, Quand à moi, une m'en vais sez grande allegrésse Jouir de ce bonheur auprès de ma maîtresse.
Teruobat.	Tervobat.
ouiuons ces autres cy.	ouivons ces autres cy.
Nirazam.	Nirazam.
He Caron oues tu?	He Caron êtes -tu?
Nalelac.	Nalelac.
Nous n’auons point encor trop long tems at tendu Peut-eſtre paſſe il quelqu’vn à l’autre riue.	Nous n'avons point encor trop long temps at tendu Peut-être passe il quelqu'un à l'autre rive.
Yreme'd.	Yreme'd.
Il nous faut donc iey attendre qu’il arriue.	Il nous faut donc iey attendre qu'il arrive.
Il ſort.	Il sort.
Caron, Draçip.	Caron, Draçip.
derriere la iapiſſerie.	derrière la japisserie.
On y va, on y va.	On y va, on y va.
Pluton, derriere, &c.	Pluton, derrière, etc.
Attens, ie veux paſſer pour ſçauoir qui eſt là, Ie crois voir vn grand train, ſçachons ce qu’il demande.	Attends, Seigneur veux passer pour savoir qui est là, Je crois voir un grand train, sachons ce qu'il demande.
SCENE SEPTIESME & derniere.	SCÈNE SEPTIÈME et dernière.
PLVTON, CARRON NIZARAM, YREME'D, TElCTODHT, DlerIeI, TELBVOD.	PLUTON, CARRRON NIZARAM, YREME'D, TÉlCTODHT, DlerIeI, TELBVOD.
Pluton.	Pluton.
Ah mon cher Nizaram vous auez groſſe bande?	Ah mon cher Nizaram vous avez grosse bande?
Nirazam.	Nirazam.
C’eſt Monſſeur Yreme d'& Monſſeur Naletac.	C'est Monsieur Yreme d'il Monsseur Naletac.
Pluton, Ces deux autres icy auecques leur biſſac, ne lone lle pue danrde voiere compagnie?	Pluton, Ces deux autres ici avec leur bissac, ne lone lèle pue danrde voière compagnie?
Nirazam.	Nirazam.
lis ſe font pas des michs, potir teſs ie les renie.	lis se font pas des michs, potir tess ie les renie.
Pluton.	Pluton.
C’eſt la Iean Telbuod, aſſeurément ce l’eſt.	C'est la Jean Telbuod, assurément ce l'est.
Telbuod.	Telbuod.
voue cirauen mhener, chcurbnoir vous plaiſt.	voue cirau mhener, chcurbnoir vous plaît.
Nirazam.	Nirazam.
Il eſt de dans la France en bien autre poſture,	Il est de dans la France en bien autre posture,
Pluton.	Pluton.
Ce ſont la Teroubat comme ie coniecture, C’eſt Telbuod & Dracip, ou ie ſuis abuſé.	Ce sont la Teroubat comme femme conjecture, C'est Telbuod et Dracip, ou que suis abusé.
Naletac.	Naletac.
A quoy bon, chacun d’eux ſeroit il deſguiſé?	À quoi bon, chacun d'eux serait -il déguisé?
Pluton.	Pluton.
Parce qu'ils ſçauent bien que par trop d’auarice, Ils ne m’ont point rendu vn fidele ſeruice,	Parce qu'ils savent bien que par trop d'avarice, Ils ne m'ont point rendu un fidèle service,
Cai Car au lieu d’engager beauconp d’autres humains, Dedans tous leurs impoſts fe ſeruans de leurs mains Ils ont au grand meſpris de mon noir diadeſme Pour faire vn plus grand gain voulu tout faire eux meſme Ailin a lles derpens ns le Ione ereilios Sans iamais m’acquerir que fort peu de commis.	Cai Me au lieu d'engager beauconp d'autres humains, Dedans tous leurs impôts feylieurs de leurs mains Ils ont au grand mépris de mon noir diadème Pour faire un plus grand gain voulu tout gai eux même Ailin a lles derpens nus le Ione ereilios Sans jamais m'acquérir que fort peu de commis.
Yreme'd.	Yreme'd.
Si cela eſt, mon Prince, ils ne ſont point capables, D’obtenir aux enfers de charges honorables:	Si cela est, mon Prince, ils ne sont point capables, D'obtenir aux enfers de charges honorables:
Mais ie ne ſçaurois croire en ces habillemens Quir s y puhle eceneraueans des parcilans, Au reſte ſondez les, & vous pourrez apprendre En quatre petits mots ce qu’ils ont dans le ventre.	Mais personne ne saurais croire en ces habillements Quir s y puhle eceneraueans des parcilants, Au reste sondez les, et vous pourrez apprendre En quatre petits mots ce qu'ils ont dans le ventre.
Pluton.	Pluton.
Viens ça icy bon homme, aproche, qui eſt tu?	Viens ça ici bon homme, approche, qui est tu?
Nomme moy ton parrain, & d’où tu es venu.	Nomme moi ton parrain, et d'où tu es venu.
Teruobat Moy:	Tervobat Moi:
le luis vit pauure homme à voſtre humble ſeruice, Il faut ſe conſoler, pauureté n’eſt point vice, On m’appelle la Broche, & mon premier meſtier (Que i’exerce à preſent) c’eſt celuy de Fripier.	le luis vit pauvre homme à votre humble service, Il faut se consoler, pauvreté n'est point vice, On m'appelle la Broche, et mon premier métier (Que j'exerce à présent) c'est celui de Fripier.
Pluton.	Pluton.
Et toy qui fais icy vne triſte grimace, Qui eſt tu!	Et toi qui fais ici une triste grimace, Qui est tu!
Telbuod.	Telbuod.
Qui ie ſuis?	Qui ie suis?
mon nom eſt la beſace, Normand de Nation, mon meſtier maquereau:	mon nom est la besace, Normand de Nation, mon métier maquereau:
Mais voyant que chez moy ie n’auois rien de beau Qu on le irequentore plus mon honneſte maiſon, I'ay pris auſſi l’eſtat de vendeur de Chanſon.	Mais voyant que chez moi je n'avais rien de beau Qu on le iquentore plus mon honnête maison, J'ai pris aussi l'état de vendeur de Chanson.
Pluton.	Pluton.
Et toy dis moy ton nom & ton meſtier ſans feinte,	Et toi dis -moi ton nom et ton métier sans feinte,
Dracip.	Dracip.
Ie ſuis vn Cordonnier on m’appelle la pointe,	Je suis un Cordonnier on m'appelle la pointe,
Nirazam.	Nirazam.
Voila de plaiſans noms.	Voilà de plaisants noms.
Naletac.	Naletac.
Auſſi bien ſuppoſez, Que ces droſles d’habits dont ils ſont deguiſez.	Aussi bien supposés, Que ces drôles d'habits dont ils sont déguisés.
Pluton.	Pluton.
La broche, eſt-ce pas vous qui par l’obeiſſance Que vous rendiez iadis à ma toute puiſſance, Pour auoir de l’aigent auez par tant de fois Mis tant & tant d’impoſts ſur le pauure Bourgeois.	La broche, est-ce pas vous qui par l'obéissance Que vous rendiez jadis à ma toute puissance, Pour avoir de l'aigent auez par tant de fois Mis tant et tant d'impôts sur le pauvre Bourgeois.
Au dvoenes l'Aſne.	Au dvoène l'Âne.
Ouy, ie ſuis vn Bourgeois, qu’infinité de droſles Ont fait mourir de faim par mille Monopoles.	Oui, Seigneur suis un Bourgeois, qu'infinité de drôles Ont fait mourir de faim par mille Monopoles.
Pluton.	Pluton.
Dis moy donc, n’eſt tu pas ce fameux partiſan Que Pay taiit entieny des brens du Payſan.	Dis -moi donc, n'est tu pas ce fameux partisan Que Pai taiit entieni des brens du Paysan.
La Broche.	La Broche.
Ouy ie ſuis payſan, & ne ſuis gueres riche Iugez ſi on eſt gueux quand on feſſe la miche.	Ou ie suis paysan, et ne suis guère riche Jugez si on est gueux quand on fesse la miche.
Pluton.	Pluton.
Ecia ne prouue pomt ta grande pauureté, Ie ne ris pas, dis moy la pure verité.	Écia ne prouve pomt ta grande pauvreté, Je ne ris pas, dis moi la pure vérité.
La Broche.	La Broche.
Ouy, ouy la verité eſt vne belle choſe Ie l’ay veuë autresfois elle eſt couleur de roſe.	Oui, oui la vérité est une belle chose Je l'ai vue autrefois elle est couleur de rose.
Flhlon.	Flhlon.
Ah!	Ah!
ſi i’entre en furie, on en verra beau ieu Ie te feray ietter dans vn horrible feu.	si j'entre en furie, on en verra beau jeu Je te ferai jeter dans un horrible feu.
La Broche.	La Broche.
Monſieur ie n’ay pas froid, ne bougez ie vous prie Ie n’en ay pas beſoin, ie vous en remerciet	Monsieur ici n'ai pas froid, ne bougez je vous prie Je n'en ai pas besoin, ie vous en remerciet
Pluton.	Pluton.
Peſte ſoit du coquin qui ſi impudemment Quand ie parle ſe rit de mon commandement, Toy, à ce que tu dis, qui t’appelles la Pointe, Reſpons:	Peste soit du coquin qui si impudemment Quand Je parle se rit de mon commandement, Toi, à ce que tu dis, qui t'appelles la Pointe, Respons:
mais ſouuiens toy que ſi ta contrepointe Tu receuras de moy vn iuſte chaſtiment, A ce que ie diray reſpons directement.	mais souviens toi que si ta contrepointe Tu recevras de moi un juste châtiment, À ce que personne dirai répons directement.
La poincte.	La pointe.
Sicargumentaris, toy qui te dis la pointe, Reſpons.	Sicargumentaris, toi qui te dis la pointe, Responds.
Mais ſouuiens toy queſi tu contre pointe?	Mais souviens toi quéi tu contre pointe?
Tu receuras de moy vn iuſte chaſtiment Nego conſequentiam, de ce bel argument.	Tu recevras de moi un juste châtiment Négo conséquentiam, de ce bel argument.
Pluton.	Pluton.
marauit que veux tu dire auec ta conſe quence Quoy?	maravit que veux tu dire avec ta conse quence Quoi?
tu te ris encor de mon interrogance?	tu te ris encor de mon interrogance?
La poincte.	La pointe.
Sic argamentar is, adinterrogatum, Quoy tu te ris encore?	Sic argamentar is, adinterrogatum, Quoi tu te ris encore?
concedo le totum.	concédo le totum.
deit luton.	deit luton.
Tu te gauſſes de moy auec ton ie l’accorde?	Tu te gausses de moi avec ton jours l'accorde?
Tu ne te tairas point ſi ie ne prens la corde?	Tu ne te tairas point si ici ne prends la corde?
Concedo.	Concedo.
La pointé.	La pointé.
Fiuion.	Fivon.
Ce pendart me feroit enrager.	Ce pendard me ferait enrager.
La pointe.	La pointe.
Tranſeat.	Transeat.
Pluton.	Pluton.
Ah!	Ah!
tantoſt ie te feray changer, Mais voyons celuy-cy, il pourra nous apprendre Ce que de-ces deux-là, ie n’ay point ſçeu entendre La bezace;	tantôt ie te ferai changer, Mais voyons celui-cy, il pourra nous apprendre Ce que de-ces deux-là, notre n'ai point su entendre La bezace;
du moins ç’eſt la ton ſobriquet, Car ie veois Telbuod ſous ton plaiſant roquet Dis moy en bonne foy, mais dis ſans raillerie, Nent ce pomt toyqui as pai mine volleries Fait mourir le ſoldat, ruiné le bourgeois elpuiſé tout l’argent du pauure villageois?	du moins ç'est la ton sobriquet, Car ie veois Telbuod sous ton plaisant roquet Dis moi en bonne foi, mais dis sans raillerie, Nent ce pompt toiqui as pai mine volleries Fait mourir le soldat, ruiné le bourgeois elpuisé tout l'argent du pauvre village?
S.	S.
1 La Bezace.	1 La Bezace.
Dedans vn ſeul cayer, Monſieur, l’y en a quatre à quatre Et ie les vends vn ſol ſans rien du tout rabattre.	Dedans un seul cayer, Monsieur, l'y en a quatre à quatre Et ie les vends un sol sans rien du tout rabattre.
Pluton.	Pluton.
Quel ruſtau eſt cela?	Quel rûtau est cela?
tu n’as point de raiſon, Reſpons, ſans me parler de ta vieille chanſon.	tu n'as point de raison, Responds, sans me parler de ta vieille chanson.
La Begace.	La Bégace.
Vous ſçauez mieux que moy point d’argẽt point de ſuiſſe Sans payer ma chanſon, croyez vous que ie puiſſe Pour quelque grand mercy donner ce qu’on me vend?	Vous savez mieux que moi point d'argien point de suisse Sans payer ma chanson, croyez vous que toute puisse Pour quelque grand merci donner ce qu'on me vend?
EBieseere Ie n’ay iamais connu vn pareil impudent.	EBieseere Je n'ai jamais connu un pareil impudent.
La bezace.	La bezace.
Oüy Monſieur i'en connois, mais ie vous dis de belles Et ie vous en promets deux qui ſeront pucelles.	Oui Monsieur j'en connais, mais ainsi vous dis de belles Et tu vous en promets deux qui seront pucelles.
Pluton.	Pluton.
Voyla de vrays maraults qui ſans doute ont iuré De ſe mocquer d’vn Roy qui doit eſtre adoré, re ne ſçaurois jouniit de cet qæ Limpudence Qui par des alibis meſpriſent ma puiſſance Caron prenez les moy, & que de grands tourmens Leurs ſeruent auiourd’huy de iuſtes chaſtimens.	Voilà de vrais maraults qui sans doute ont juré De se moquer d'un Roi qui doit être adoré, re ne saurais jouniit de cet qæ Limpudence Qui par des alibis méprisent ma puissance Caron prenez les moi, et que de grands tourments Leurs servent aujourd'hui de justes châtiments.
Caron.	Caron.
Hé, la Pointe viens çà, la proche & la Bezace Approchez-vous Vrayement vous auez bonne grace De vous railler ainſi de mon Prince Pluton.	Hé, la Pointe viens çà, la proche et la Bezace Approchez-vous Vraiement vous avez bonne grâce De vous railler ainsi de mon Prince Pluton.
La DYotne, La Bezace à bien dit, qu’il n’y faiſoit pas bon, Qu’on nous maltraitteroit au Royaume des Diables.	La DYotne, La Bezace à bien dit, qu'il n'y faisait pas bon, Qu'on nous maltraiterait au Royaume des Diables.
Atabone Les meſpris faits des Roys ne ſont point pardonnables, Qu’ils ſoient ſuppliciez comme ils ont meritez.	Atabone Les mépris faits des Rois ne sont point pardonnables, Qu'ils soient suppliciés comme ils ont mérités.
La Bezace.	La Bezace.
Voudriez vous bien nous voir ſi rudement traittez?	Voudriez -vous bien nous voir si rudement traités?
Pourueu que vous ayez deux ou trois pucelages N’excuſerez vous point.	Pourvu que vous ayez deux ou trois pucelages N'excuserez -vous point.
Pluton.	Pluton.
Non, vos maquerelages N’auront point deſſus moy vn aſſez grand pouuoir Pour pardonner à vn qui manque à ſon deuoir.	Non, vos maquerelages N'auront point dessus moi un assez grand pouuoir Pour pardonner à un qui manque à son devoir.
Pour mon autorité qu’ils ont tant meſpriſée Ie veux qu’ils ſoient punis de toute leur riſée Oüy, vous reſſentirez les plus rudes tourmens Que l’on ait eſprouuée de tout mes iugemens I'armeray contre vous toutes mes trois furies Pour ſeruir de bourreaux à tant de railleries.	Pour mon autorité qu'ils ont tant méprisée Je veux qu'ils soient punis de toute leur risée Oui, vous ressentirez les plus rudes tourments Que l'on ait éprouvée de tout mes jugements J'armerai contre vous toutes mes trois furies Pour servir de bourreaux à tant de railleries.
44	44
La Broche.	La Broche.
Vous prendriez trop de peine, & i’aymerois bien mieux Vous dire nos deſſeins qui ſont myſterieux Que de vouloir ſouffrir qu’on memiſt à la geſne.	Vous prendriez trop de peine, et j'aimerais bien mieux Vous dire nos desseins qui sont mystérieux Que de vouloir souffrir qu'on memist à la gêne.
La Pointe.	La Pointe.
Voulez vous oublier toute l’ancienne haine Qu’auez eu autrefois contre trois Partiſans?	Voulez -vous oublier toute l'ancienne haine Qu'avez eu autrefois contre trois Partisans?
Pluton.	Pluton.
N’auois-ie pas bien dit que c’eſtoient mes galans?	N'avais-je pas bien dit que c'étaient mes galants?
Quoy?	Quoi?
vous croyez tromper, voleurs, fourbes, infames, Vn qui eſt eſclairé de mille & mille flames.	vous croyez tromper, voleurs, fourbes, infâmes, Un qui est éclairé de mille et mille flammes.
Vous auez donc douté de l’infiny pouuoir Qu'vn grand Prince & vn Dieu des enfers doit auoir, Apprenez que le vois clarrement qui vous eſtes, Et ie me vengeray de tout ce que vous faites, Ie veux dés maintenant pour voſtre chaſtiment Que Caron vous repaſſe en terre promptement.	Vous avez donc douté de l'infini pouvoir Qu'un grand Prince et un Dieu des enfers doit avoir, Apprenez que le vois clarrement qui vous êtes, Et personne me vengerai de tout ce que vous faites, Je veux dès maintenant pour votre châtiment Que Caron vous repasse en terre promptement.
La Broche.	La Broche.
Ah!	Ah!
donnez-nous pluſtoſt des peines eternelles Que de nous.	donnez-nous plutôt des peines éternelles Que de nous.
Pluton.	Pluton.
Non, ie veux qu’en terres naturelles Vous me ſatisfaſſiez pour vos crimes paſſez;	Non, Seigneur veux qu'en terres naturelles Vous me satisfassiez pour vos crimes passez;
en retournant aux lieux dont vous eſtes chaſſez.	en retournant aux lieux dont vous êtes chassés.
Nirãzam.	Nirãzam.
Grand Roy, excuſés les pouï l’inſigne ſeruice Qu’en France ils ont rendu à ma grande auarice, Ie croy que le ſujet de leur deſguïſement N’eſtoit que pour entrer chez vous plus aiſément, Et c’eſt pour vous ſeruir & vous eſtre agreables Qu’ils ont ainſi cherché des maſques fauorables;	Grand Roi, excusez les pouï c'insigne service Qu'en France ils ont rendu à ma grande avarice, Je crois que le sujet de leur desguïsement N'était que pour entrer chez vous plus aisément, Et c'est pour vous servir et vous chang agréables Qu'ils ont ainsi cherché des masques favorables;
Enfin ils n’ont iamais conceu d’autre deſſein Au meſme inſtant qu’ils ſont ſortis de S.	Enfin ils n'ont jamais conçu d'autre dessein Au même instant qu'ils sont sortis de S.
Germain, Que pour vous demander vn pardon de leurs crimes, Et ſe rendre à vos pieds volontaires victimes, S’aſſeurans toutesfois que voſtre Maieſté, Exerceroit ſur eux quelque traict de bonté.	Germain, Que pour vous demander un pardon de leurs crimes, Et se rendre à vos pieds volontaires victimes, S'assurants toutefois que votre Majesté, Exerceroit sur eux quelque trait de bonté.
A tout le moins ſouffrez que par voſtre puiſſance Ils ſe diſent ſujets ſous voſtre obeiſſance:	À tout le moins souffrez que par votre puissance Ils se disent sujets sous votre obéissance:
Donnez leur quelque employ qui approche du mien, Car c’eſt par leur moyen que i’ay acquis du bien.	Donnez leur quelque emploi qui approche du mien, Car c'est par leur moyen que j'ai acquis du bien.
Piuton.	Piuton.
Iules, i’aurois grand tort de faire reſiſtance A la priere d’vn qui m’a ſeruy en France 1.	Jules, j'aurais grand tort de faire résistance À la prière d'un qui m'a servi en France 1.
1).	1).
Allez, ie vous promets quel que condition;	Allez, Seigneur vous promets quel que condition;
Puis qu’ils out merité voitre protection, Et quand vous aurez eu quelque charge honnorable Que ſi quelqu’vne peut leur eſtre conuenable, anuIe la laiſſe à leur choix, touté ma paſſion, Cherchera ſeulement leur ſatisfaction:	Puis qu'ils out mérité voitre protection, Et quand vous aurez eu quelque charge honorable Que si quelqu'une peut leur être convenable, anuIe la laisse à leur choix, touté ma passion, Cherchera seulement leur satisfaction:
Et pour en peu de temps terminer cẽtte affaire, Ie veux en premier lieu tous trois vous ſatisfaire, Et quand vous aurez eu voſtre contentement, Meſſieurs nos deſguiſez en auront tout autant, Dictes, Iules, quel rang vouſez-vous qu’on vous donne?	Et pour en peu de temps terminer cẽtte affaire, Je veux en premier lieu tous trois vous satisfaire, Et quand vous aurez eu votre contentement, Messieurs nos déguisez en auront tout autant, Dictes, Jules, quel rang vousez-vous qu'on vous donne?
Nirazam.	Nirazam.
A voſtre volontéla mienne s’abandonne, Vous ſçauez mieux que moy ſi ie ſuis propre à rien.	À votre volontéla mienne s'abandonne, Vous savez mieux que moi si je suis propre à rien.
Pluton.	Pluton.
Vous n’eſtes quaſi bon qu’à deſrober du bien;	Vous n'êtes quasi bon qu'à dérober du bien;
Et moy comme ie ſuis le grand Roy des richeſſes Ny voleurs ny commis auecques leurs fineſſes Ne ſont pas bons chez moy pour auoir vn eſtat Qu'il puiſſent exercer auec vn peu d’eſclat, C’eſt pourquoy ſçachant bien que vous n’eſtes capables, D'auoir des qualitez qui ſofent conſſderables, Ie diray ce à quoy chacun me peüt ſeruir	Et moi comme tu suis le grand Roi des richesses Ny voleurs sens commis avec leurs finesses Ne sont pas bons chez moi pour avoir un état Qu'il puissent exercer avec un peu d'éclat, C'est pourquoi sçachant bien que vous n'êtes capables, D'avoir des qualités qui sofent considérables, Je dirai ce à quoi chacun me put servir
Yiemed.	Yiemed.
Peu de choſe nous peut plainement aſſouuir, Et ſans aller plus loing noſtre fortune eſt faicte Si nous pouuons chez vous auoir quelque retraicte.	Peu de chose nous peut plainement assouvir, Et sans aller plus loing notre fortune est faite Si nous pouvons chez vous avoir quelque retraite.
Pluton.	Pluton.
Ie commence par vous, & ce n’eſt pas en vain, Car c’eſt vous des voleurs, qui eſtiez ſouuerain, Ie n'ay iamais trouué aucune Creature Qui naturellement eut ſi bonne poſture Et qui euſt comme vous aſſez ample feſſier Pour ſouffler icy bas & en faire meſtier, Parquoy, ce ſera la voſtre honnorable office.	Je commence par vous, et ce n'est pas en vain, Car c'est vous des voleurs, qui étiez souverain, Je n'ai jamais trouvé aucune Créature Qui naturellement eut si bonne posture Et qui eût comme vous assez ample fessier Pour souffler ici bas et en faire métier, Parquoi, ce sera la vôtre honorable office.
Nirazam.	Nirazam.
Vous deués vous promettre vn fidele ſeruice, Car i'ay le trou ſi large & le ſeufflet ſi gros Que ie puis ayſément du vent qui eſt enclos R’allumer tout le feu que ce Royaume enſerre P t le reueierois le leu clementane, S’il ſe trouuoit eſteint par quelque grand malheur, Cependant grand-mercy d’vn ſi inſigne honneur.	Vous devez vous promettre un fidèle service, Car j'ai le trou si large et le seufflet si gros Que ie puis aisément du vent qui est enclos R'allumer tout le feu que ce Royaume enserre PÈre le reueierois le lu clémentane, S'il se trouvait éteint par quelque grand malheur, Cependant grand-merci d'un si insigne honneur.
Plu tonToy qui eſtant laquais a batu la ſemelle Tu ſeras icy bas vn porteur de nouuelle, Me Ieruiras par tout, & dans le neu ſecret Tu prendras ta demeure & le tiendras bien net, Tu portera l’eſponge à Dame Proſerpine Auecques le carreau de ma grand concubine.	Plu tonToi qui étant laquais a battu la semelle Tu seras ici bas un porteur de nouvelle, Me Jerviras par tout, et dans le neu secret Tu prendras ta demeure et le tiendras bien net, Tu portera l'éponge à Dame Proserpine Avec le carreau de ma grand concubine.
Lrasise de.	Lrasise de.
Grand Roy ie me reſſens viuement obligé De ſouffrir que chés vous ie me trouue logé Auec la dignité qui m'eſt plus conuenable, en quoy ie tacheray de vous eſtre agréable.	Grand Roy raison me ressens vivement obligé De souffrir que chez vous ie me trouve logé Avec la dignité qui m'est plus convenable, en quoi quelque tacherai de vous chang agréable.
Pluton.	Pluton.
Quand a vous raretac laurs inaitre vacher Il vous faut vn eſtat propre à ce beau meſtier:	Quand à vous raretac laurs inaitre vacher Il vous faut un état propre à ce beau métier:
Ie vous donne le foing de mon portier cerbere, Mon dragon, ma vautour, auecques ma vipere, Mes couleures, crapaux, anguilles & ſerpens Et generalement des beſtes de ceans.	Je vous donne le foin de mon portier cerbère, Mon dragon, ma vautour, avec ma vipère, Mes couleures, crapaux, anguilles et serpens Et généralement des bêtes de céans.
Naleiac.	Naleiac.
Grand Prince des Demons que par voſtre ſageſſe Vous vous accommodés à noſtre petiteſſe.	Grand Prince des Demons que par votre sagesse Vous vous accommodés à notre petitesse.
Pluton.	Pluton.
Il n’en reſte donc plus que trois à contenter	Il n'en reste donc plus que trois à contenter
G ij Et puis vous pourres tous moir Royaume habiter.	G ij Et puis vous pourrez tous moir Royaume habiter.
La Broche.	La Broche.
Sire, il n'eſt pas beſoing de nous donner d’office Nous ne meritons pas vn ſi grand benefice.	Sire, il n'est pas besoin de nous donner d'office Nous ne méritons pas un si grand bénéfice.
Pluton.	Pluton.
Tous ceux qui ont ſeruy le Seigneur Nirazam, Auront dans mon Royaume vn azile certain Et ie leur donneray quelque charge honnorable;	Tous ceux qui ont servi le Seigneur Nirazam, Auront dans mon Royaume un asile certain Et De leur donnerai quelque charge honorable;
Selon que chacun d’eux s’en trouuera capable.	Selon que chacun d'eux s'en trouvera capable.
Vous Meſſires la Proche autrefois Tabouret VOus reres le y pue Mlamre de Subarer Auſſi bien aymés vous à faire bonne chere:	Vous Messires la Proche autrefois Tabouret VOus reres le y pue Mlamre de Subarer Aussi bien aimez -vous à faire bonne chère:
Et vous prendrés le ſoing de ma cuiſine entiere.	Et vous prendrez le soing de ma cuisine entière.
La Bezace.	La Bezace.
Il eſt bien vray grand Roy qu’aſſez heureuſe I ay eſté dans Paris marchand de chair humaine Et ie vous promets bien que dans voſtre domainc I’en trafiqueray tant que de monopoleur On me ſur nommera le grand appareilleur, Ce pendant toutefois ie vous rend mille graces De nous auoir donné aux enfers bonnes places.	Il est bien vrai grand Roi qu'assez heureuse I ai été dans Paris marchand de chair humaine Et Très vous promets bien que dans votre domainc J'en trafiquerai tant que de monopoleur On me sur nommera le grand appareilleur, Ce pendant toutefois je vous rend mille grâces De nous avoir donné aux enfers bonnes places.
vous eſtes bien heureux que monſieur Nirazam.	vous êtes bien heureux que monsieur Nirazam.
A faict auec Pluton vn pacte clandeſtin.	A fait avec Pluton un pacte clandestin.
Car luy & vous & eux qui ont volé en France Seroient icy venus ſeulement a patence, Car tous les Pariſiens contre vous irtitez, Peut eſtre vous aurolent ſi rudement traictez Et auroient tellement mis vos membres en pieces Qu’en l’air il eut falu paſſer voſtre vielleſſe Pour vous mieux ſouſtenir, riez mes bons enfans Vous auez leur argent & vous eſtes conrens.	Car deux et vous et eux qui ont volé en France Seraient ici venus seulement à patence, Car tous les Parisiens contre vous irtitez, Peut été vous aurolent si rudement traitez Et auraient tellement mis vos membres en pièces Qu'en l'air il eut fallu passer votre viellesse Pour vous mieux soutenir, riez mes bons enfants Vous avez leur argent et vous êtes conrents.
