ROSANDRE, Amoureux de Liſimene.	ROSANDRE, Amoureux de Lisimène.
PANCRACE, Pere de Liſimene.	PANCRACE, Père de Lisimène.
LISIMENE, Fille de Pancrace.	LISIMENE, Fille de Pancrace.
BACOLIN, Honneſte Savetier.	BACOLIN, Honnête Savetier.
Le COUSIN de Pancrace.	Le COUSIN de Pancrace.
Le DOCTEUR.	Le DOCTEUR.
Un SERGENT du quartier.	Un SERGENT du quartier.
Pluſieurs RECORDS.	Plusieurs RECORDS.
L’ADVOCAT SAVETIER.	L'ADVOCAT SAVETIER.
SCENE I.	SCÈNE I.
ROSANDRE, PANCRACE.	ROSANDRE, PANCRACE.
H!	H!
mon tres-cher amy, je vous trouve à propos, PEez vous en famcar d' ecouter quatre mots?	mon très-cher ami, je vous trouve à propos, PEez vous en famcar d' écouter quatre mots?
PANCRACE.	PANCRACE.
*Cher amy, depuis quand Monſieur je vous ſupplie, Je ne vous vis jamais que je croy de ma vie.	*Cher ami, depuis quand Monsieur je vous supplie, Je ne vous vis jamais que je crois de ma vie.
ROSANDRE.	ROSANDRE.
Encore que jamais je ne vous vis auſſi, Je croy, vous faire honneur de vous traitter ainſi;	Encore que jamais je ne vous vis aussi, Je crois, vous faire honneur de vous traiter ainsi;
Pancrace eſt voſtre nom je penſe?	Pancrace est vôtre nom -je pense?
PENCRACE.	PENCRACE.
Ouï Mr.	Ouï Mr.
ſous ce nom, l’on me connois en France.	sous ce nom, l'on me connais en France.
OSANDRE.	OSANDRE.
J’eſtois preſt d’envoyer un de mes gens chez vous, Mais vous trouvant icy.	J'étais prêt d'envoyer un de mes gens chez vous, Mais vous trouvant ici.
PANCRACE.	PANCRACE.
Je n’eſtois pas chez nous.	Je n'étais pas chez nous.
ROSANDRE.	ROSANDRE.
La cauſe entre nous deux, n’eſt que fort peu de choſe;	La cause entre nous deux, n'est que fort peu de chose;
Il laut tout maintenant que je vous la propoſe, uu laquais comme moy vous en eu fait ſçavant.	Il laut tout maintenant que je vous la propose, u laquais comme moi vous en eu fait savant.
PANCRACE.	PANCRACE.
Voſtre laquais, ou vous Monſieur paſſons avant.	Votre laquais, ou vous Monsieur passons avant.
ROSANBRE.	ROSANBRE.
Je ſuis n’ay gentilhomme, & d’un vieillart fort riche, J’herité force bien, donc je ne fus pas chiche, Car aymant la debauche, & la femme, & le jeu, Tout ce grand bien laiſſé, ſe diſſipa dans peu.	Je suis n'ai gentilhomme, et d'un vieillart fort riche, J'hérité force bien, donc je ne fus pas chiche, Car aimant la débauche, et la femme, et le jeu, Tout ce grand bien laissé, se dissipa dans peu.
La femme commanca de desénſſer ma bource, Et le vin, & le jeu m’ont laiſſé ſans reſource, Et tous les trois, enfin, m’ont mis dans un eſtat, Que je ſuis à preſent preſque auſſi geux qu’un rat.	La femme commenanca de desénsser ma bource, Et le vin, et le jeu m'ont laissé sans ressource, Et tous les trois, enfin, m'ont mis dans un état, Que je suis à présent presque aussi geux qu'un rat.
Il eft vray, que le ſort combatant ma miſere, Ma donné des vertus, capable de vous plaire;	Il est vrai, que le sort combattant ma misère, Ma donné des vertus, capable de vous plaire;
Je ſuis mutin en diable, & me bat comme deux.	Je suis mutin en diable, et me bat comme deux.
Je joüe inceſſament, & je ſçay tous les jeux;	Je joue incessament, et je sais tous les jeux;
Et comme au temps paſſé le jeu beaucoup me coute, Pour m’en recompenſer maintenant je filoute.	Et comme au temps passé le jeu beaucoup me coute, Pour m'en récompenser maintenant je filoute.
Fort bien.	Fort bien.
PANCRACE.	PANCRACE.
ROSANDRE.	ROSANDRE.
Toutes les nuit, en bateur de Pavé, A tirer des manteaux on m’a ſouvent trouvé, Au reſte, pour trinquer, je ne connoiſt perſonne Qui dedans l’incamot plus galemment s’en donne.	Toutes les nuit, en bateur de Pavé, A tirer dans manteaux on m'a souvent trouvé, Au reste, pour trinquer, je ne connaît personne Qui dedans l'incot plus galemment s'en donne.
Il eſt fort peu de jour qu’on ne me trouve ſou, Et comme un bon drillot, j’availe ainſi qu’un trou.	Il est fort peu de jour qu'on ne me trouve sou, Et comme un bon drillot, j'availe ainsi qu'un trou.
Alors, ſuivant le feu qui me monte en ſervelle, Je medy, de quelqu’un, ou je cherche querelle, Ou prenant du tabac, je fume a qui plus plus.	Alors, suivant le feu qui me monte en servelle, Je médi, de quelqu'un, ou je cherche querelle, Ou prenant du tabac, je fume à qui plus plus.
PANCRACE.	PANCRACE.
Finiſſez le recit, de toutes vos vertus:	Finissez le récit, de toutes vos vertus:
ROSANDRE.	ROSANDRE.
Des hier, on me dit que dans voſtre famille, Vous aviez ſeulement, une fort belle fille, A l’age que je croy, d’une vintaine d’ans,	Des hier, on me dit que dans votre famille, Vous aviez seulement, une fort belle fille, À l'age que je crois, d'une vintaine d'ans,
SAVETIER.	SAVETIER.
A qui vous donneriez bien trente mil francs?	À qui vous donneriez bien trente mil francs?
Il eſt vray.	Il est vrai.
PANCRACE.	PANCRACE.
ROSANDRE.	ROSANDRE.
Ce grand bien, m’a fait naiſtre dans l’ame, Le deſir a peu pres, de la prendre pour femme;	Ce grand bien, m'a fait naître dans l'âme, Lé désir a pu pres, de la prendre pour femme;
Afin que ſon argent peut ſatisfaire aux frais, Qu’en debauché garçon inceſſament je fais.	Afin que son argent peut satisfaire aux frais, Qu'en débauché garçon incessament je fais.
PANCRACE.	PANCRACE.
dre, Ce n’eſt donc que ſon bien, qui vous fait entreprenDe l’avoir en vos mains, d’eſtre à peu pres mon	dre, Ce n'est donc que son bien, qui vous fait entreprenDe l'avoir en vos mains, d'être à peu près mon
ROSANDRE.	ROSANDRE.
gendre?	gendre?
Rien autre.	Rien autre.
Et ſans cela, voſtre fille, ny vous, N’euſſiez peut rencontrer un ſi parfait eſpoux.	Et sans cela, votre fille, ni vous, N'eussiez peut rencontrer un si parfait époux.
Auſſi, pour ſeconder l’honneur qu’on vous veut faire, J’ay déja ſceu pourvoir tout au plus peceſſaire, J’envoyé mon laquais hier, de grand matin, Prier tous mes parens de venir au feſtin, Méme, un tailleur & moy, fumes dans des boutiques Pour lever des habits qui ſeront magnifiques.	Aussi, pour seconder l'honneur qu'on vous veut faire, J'ai déjà su pourvoir tout au plus pécessaire, J'envoyé mon laquais hier, de grand matin, Prier tous mes parents de venir au festin, Même, un tailleur et moi, fûmes dans des boutiques Pour lever des habits qui seront magnifiques.
Ayant dit au marchant, pour avoir de l’argent, Qu’on s’en alla chez vous;	Ayant dit au marchant, pour avoir de l'argent, Qu'on s'en alla chez vous;
ſuis je pas obligeant?	suis -je pas obligeant?
Es ce tout?	Es ce tout?
PANCRACE.	PANCRACE.
ROSANDRE.	ROSANDRE.
Au regard de ce qu’à vous m’ameine.	Au regard de ce qu'à vous m'amène.
PANCRACE.	PANCRACE.
Ce n’eſt pas encore tout, Monſieur, prenez la peine De rendre à vos marchands les draps, & les habits.	Ce n'est pas encore tout, Monsieur, prenez la peine De rendre à vos marchands les draps, et les habits.
Deſquels vous pretendiez avoir de beaux habits.	Desquels vous prétendiez avoir de beaux habits.
Et pour le prompt effect de ce beau mariage, Vous pouvez faire dire à voſtre parenrage, Qu’à leur dépens chez eux, il peuvent bien manger, Mais, qu’il ne vienne point chez moy pour y gruger.	Et pour le prompt effet de ce beau mariage, Vous pouvez faire dire à votre parrage, Qu'à leur dépens chez eux, il peuvent bien manger, Mais, qu'il ne vienne point chez moi pour y gruger.
J’ay juré, pour finir en jureur paſſe maiſtre, De ne prendre jamais qu’un grand homme de lettre Docteur en medicine, ou bien docteur en droit, Il ne m’importe pas, pourveu que docte y oit.	J'ai juré, pour finir en jureur passe maître, De ne prendre jamais qu'un grand homme de lettre Docteur en médicine, ou bien docteur en droit, Il ne m'importe pas, pourvu que docte y oit.
Et pour vous dont mon bien a ſceu chatouiller l’ame Vous pouvez autre part vous pourvoir d’une femme.	Et pour vous dont mon bien a su chatouiller l'âme Vous pouvez autre part vous pourvoir d'une femme.
Comment, ROSANDRE.	Comment, ROSANDRE.
PANCRACE.	PANCRACE.
Pour mon beau fils nous ſommes reſolus, De n’en prendre jamais s’y remplis de vertus, Qui joüe inceſſament, qui petune ſiloute Pour ratraper l’argent que le joüeur luy coute Et qui ſous tous le jour renie en chartier A moins que quereller luy ſervent de metier.	Pour mon beau fils nous sommes résolus, De n'en prendre jamais s'y remplis de vertus, Qui joue incessament, qui petune souiloute Pour ratraper l'argent que le joüeur lui te Et qui sous tous le jour renie en chartier A moins que quereller tu servent de métier.
ROSANDRE.	ROSANDRE.
Me réfuſer pour gendre, eſt ce que je m’abuſc.	Me réfuser pour gendre, est ce que je m'abusc.
PANCRACE.	PANCRACE.
Je ne le penſe pas puis que je vous refuſe, Et ſi vous le diſant, cela ne vous ſuffit, Je ſuis preſt de le mettre encore par Ecrit.	Je ne le pense pas puis que je vous refuse, Et si vous le disant, cela ne vous suffit, Je suis prêt de le mettre encore par Écrit.
servſteur ener amy.	serviteur en ami.
SCENE II.	SCÈNE II.
ROSANDRE BAGOLIN.	ROSANDRE BAGOLIN.
OSANDRE.	OSANDRE.
JAmais tour agreable Pour ſe bien divertir, au mien ne fut ſemblable, Ce bon homme me croit un fameux debauché, Et Roſandre pour tant, eſt la deſſous caché.	JAmais tour agréable Pour se bien divertir, au mien ne fut semblable, Ce bon homme me croit un fameux débauché, Et Rosandre pour tant, est la dessous caché.
Roſandre, à qui luy meſme à promis Liſimene, Et qui pour l’epouſericy la lettre amene, Mais j’apperçois venir l'homme dont j’ay beſoin Il faut a me ſervir, qu il applique ſon ſoin.	Rosandre, à qui lui -même à promis Lisimène, Et qui pour l'épouserici la lettre amène, Mais j'apperçois venir l'homme dont j'ai besoin Il faut à me servir, qu' il applique son soin.
Et que l’embaraſſant d’une attente frivolle, Dans cette Comedie, y joüe un plaiſant rolle.	Et que l'embarrassant d'une attente frivole, Dans cette Comédie, y joue un plaisant rolle.
On leve un petit rideau, Bagolin paroiſt dans ſa Boutique, chante, & veut apprendre à ſifler à ſon Oiſeau.	On leve un petit rideau, Bagolin paraît dans sa Boutique, chante, et veut apprendre à sifler à son Oiseau.
BAGOLIN, Chantant.	BAGOLIN, Chantant.
Quoy?	Quoi?
maudit animal, tu ne ſiffleras pas?	maudit animal, tu ne siffleras pas?
Où je me trompe fort, ou bien tu ſiffleras.	Où je me trompe fort, ou bien tu siffleras.
ROSANDRE.	ROSANDRE.
Je ſuis de Bagolin l’amy tres-veritable.	Je suis de Bagolin l'ami très-véritable.
BAGOLIN.	BAGOLIN.
Ie penſe que tu veux, que je te donne au diable?	Je pense que tu veux, que je te donne au diable?
Ro	Ro
ROSANDRE.	ROSANDRE.
Pouroit on point l’amy, quelque temps vous parler.	Pourrait on point l'ami, quelque temps vous parler.
BAGOLIN.	BAGOLIN.
Tu ne veux pas ſiffler?	Tu ne veux pas siffler?
je vais pour toy ſiffler.	je vais pour toi siffler.
ROSANBRE.	ROSANBRE.
Mon tres cher Bagolin, un petit mot de grace.	Mon très cher Bagolin, un petit mot de grâce.
BAGOLIN.	BAGOLIN.
braſſe Mon bon Monſieur Roſandre, ha!	brasse Mon bon Monsieur Rosandre, ha!
que je vous emComment vous portez vous, depuis que dans Paris, J’eſtois orfevre en cuire devant voſtre logis?	que je vous emComment vous portez -vous, depuis que dans Paris, J'étais orfèvre en cuire devant votre logis?
Depuis quand en ce lieu?	Depuis quand en ce lieu?
Et comment va le pere, Qui vous ameine icy?	Et comment va le père, Qui vous âmeine ici?
ROSANDRE.	ROSANDRE.
une importante affaire;	une importante affaire;
Mets cette affaire appart, je te veux marier, Et te faire quitter ton penible mettier.	Mets cette affaire appart, je te veux marier, Et te faire quitter ton pénible mettier.
Tu ſçais que des longtemps je fus ton plus intime, Et c’eſt pour t’enrichir le ſujet qui m’anime.	Tu sais que des longtemps je fus ton plus intime, Et c'est pour t'enrichir le sujet qui m'anime.
BAGOLIN.	BAGOLIN.
Qui moy me marier?	Qui moi me marier?
vous vous moquez ma foy;	vous vous moquez ma foi;
Je ne ſçaurois gagner dequoy me nourir moy.	Je ne saurais gagner dequoy me nourir moi.
Et je pourois pretendre, à nourir une femme?	Et je pourrais prétendre, à nourir une femme?
ROSANDRE.	ROSANDRE.
Que ce ſoin important, n’alarme point ton ame.	Que ce soin important, n'alarme point ton âme.
Cẽtte illuſtre famille, où je veux t’allier, Ne permettra jamais, que tu ſois Savetier.	Compte illustre famille, où je veux t'allier, Ne permettra jamais, que tu sois Savetier.
BAGOLIN.	BAGOLIN.
En diſant Savetier, dites par reverence, C’eſt un metier d’honneur, & des plus grand de France.	En disant Savetier, dites par révérence, C'est un métier d'honneur, et des plus grand de France.
ROSANDRE.	ROSANDRE.
La filie donc je parle a trente mille frane, Elle eſt bel, elle eſt riche, & n’a rien que vingt ans, Voy, ſi ce grand party, te pourroit ſatisfaire?	La filie donc je parle à trente mille frane, Elle est bel, elle est riche, et n'a rien que vingt ans, Vois, si ce grand parti, te pourrait satisfaire?
BAGOLIN.	BAGOLIN.
Ouy trente mil franc, ſeroit bien mon affaire;	Oui trente mille franc, serait bien mon affaire;
J’aurois dequoy goinffrer ſans jamais travailler.	J'aurais dequoy goinffrer sans jamais travailler.
Mais la fille me choque, à vous en bien parler, Comme je ſuis d’Humeur, à n’avoir point famille, A 4 Qu’on	Mais la fille me choque, à vous en bien parler, Comme je suis d'Humeur, à n'avoir point famille, A 4 Qu'on
ROSANBRE.	ROSANBRE.
Quoy dont dix mil eſcus, pour devenir l’eſpoux?	Quoi dont dix mille écus, pour devenir l'époux?
De.	De.
BAGOLIN.	BAGOLIN.
Et bien!	Et bien!
de parbleu Monſieur marions nous.	de parbleu Monsieur marions -nous.
Auſſi bien m’a ton dit, pour garder ma boutique, Que j’avois grand beſoin, d’un diable domeſtique.	Aussi bien m'a ton dit, pour garder ma boutique, Que j'avais grand besoin, d'un diable domestique.
Mais comment en cecy, doit agir Bagolin?	Mais comment en ceci, doit agir Bagolin?
ROSANDRE.	ROSANDRE.
Parfortune, dis moy, ſçay tu parler Latin?	Parfortune, dis -moi, sais tu parler Latin?
BAGOLIN.	BAGOLIN.
Ho qu’ouy, le matin, ou le ſoir, ne m’importe, Je jaſe comme une drolle, & de la bonne ſorte.	Ho qu'oui, le matin, ou le soir, ne m'importe, Je jase comme une drolle, et de la bonne sorte.
ROSANDRE.	ROSANDRE.
Je dis Latin ſtupide, & non matin?	Je dis Latin stupide, et non matin?
BAGOLIN.	BAGOLIN.
Tout doux, Quoy pour ſe marier il faut avoir des coups?	Tout doux, Quoi pour se marier il faut avoir des coups?
Je renonce au Latin, ainſi qu’au cocuage.	Je renonce au Latin, ainsi qu'au cocuage.
ROSANDRE.	ROSANDRE.
He!	He!
que dis tu?	que dis -tu?
BAGOLIN.	BAGOLIN.
Doucement, je dis du mariage, Mais pourquoy ce Latin?	Doucement, je dis du mariage, Mais pourquoi ce Latin?
ROSANDRE.	ROSANDRE.
Pancrace m’a fait voir, Qu’il vouloit pour ſon gendre, un homme de ſça	Pancrace m'a fait voir, Qu'il voulait pour son gendre, un homme de sa
voir.	voir.
BAGOLIN.	BAGOLIN.
Et pour homme d’eſprit, vous voulez me comettre Moy, qui ne ſceu jamais, ce que c’eſt qu’une lettre?	Et pour homme d'esprit, vous voulez me comettre Moi, qui ne su jamais, ce que c'est qu'une lettre?
Ah!	Ah!
prenez pour cela, quelqu’autre qu’un pied plat.	prenez pour cela, quelque autre qu'un pied plat.
ROSANDRE.	ROSANDRE.
Je pretens t’heriger pourtant en Advocat, Et te donner du bien, ainſi que de la gloire, Pourveu que ce Latin, entre dans ta memoire.	Je prétends t'hériger pourtant en Advocat, Et te donner du bien, ainsi que de la gloire, Pourvu que ce Latin, entre dans ta mémoire.
BAGOLIN.	BAGOLIN.
Comment dit ce Latin?	Comment dit ce Latin?
commençons par un bout.	commençons par un bout.
ROSANDRE.	ROSANDRE.
Sca, dit donc, Ego ſum.	Sca, dit donc, Ego sum.
BA	BA
BAGOLIN.	BAGOLIN.
Aprés.	Après.
ROSANDRE.	ROSANDRE.
Advocatus.	Advocatus.
BAGOLIN.	BAGOLIN.
Eſt-ce tout?	Est-ce tout?
ROSANDRE.	ROSANDRE.
BAGOLIN.	BAGOLIN.
Mais en François cela que veux t’il dire?	Mais en Français cela que veux -t-il dire?
ROSANDRE.	ROSANDRE.
de je tuis Advocat.	de je tuis Advocat.
BAG.	BAG.
OLIN.	OLIN.
Vous me faites bien rire, i vous eſtes Docteur, allez vous mariez, it’on jamais au monde Advocat Savetier.	Vous me faites bien rire, y j' oses Docteur, allez -vous mariez, it-on jamais au monde Advocat Savetier.
ROSANDRE.	ROSANDRE.
ſais c’eſt toy qui ſera le gendre de Pancrace, t trente mil franc.	sais c'est toi qui sera le gendre de Pancrace, t ente mil franc.
BAGOLIN.	BAGOLIN.
Et bien, je prens la place, tme reſous enfin, pour les dix mil eſcus, e dire trente fois, je ſuis, Advocatus.	Et bien, je prends la place, tâme résous enfin, pour les dix mil écus, eût dire trente fois, je suis, Avocatus.
fais aprés ſes trois mots, ſi quelqu’un m’interoge.	fais après ses trois mots, si quelqu'un m'intéroge.
ous repondrez, ou bien, je fais jacques d’éloge.	ous répondrez, ou bien, je fais jacques d'éloge.
ROSANDRE.	ROSANDRE.
enerace eſt ignorant, & ce ſeul mot bien dit, e fait paſſer d’abord pour un hommne d’eſprit, iais il te faut marcher ſur un ton graviſſime, t devant luy, parler en homme docticime, Citer avec en faces, & Jaſon, & Cuſas, Autheurs, que ce vieillart, je croy, ne connoiſt pas.	enerace est ignorant, et ce seul mot bien dit, est fait passer d'abord pour un hommne d'esprit, jais il te faut marcher sur un ton gravissime, tant devant eur, parler en homme docticime, Citer avec en faces, et Jason, et Cusas, Auteurs, que ce vieillart, je crois, ne connaît pas.
BAGOLIN.	BAGOLIN.
Ma foy ny moy non plus.	Ma foi ni moy non plus.
ROSANDRE.	ROSANDRE.
Je vais trouver Pancrase, Reviens dans un moment, en cette meſme place, Nous y ſeront enſemble.	Je vais trouver Pancrase, Reviens dans un moment, en cette même place, Nous y seront ensemble.
BAGOLIN.	BAGOLIN.
Arant de s’en aller, Dittes pour ce Latin, comme il faut s’habiller.	Arant de s'en aller, Dittes pour ce Latin, comme il faut s'habiller.
ROSANDRE.	ROSANDRE.
Te mettre proprement, ſous une robe noire.	Te mettre proprement, sous une robe noire.
BAGOLIN.	BAGOLIN.
Bon, j’ay ſceu tout d’un coup me mettre en la memofre, Certain habit que j’ay, du dernier Carnaval.	Bon, j'ai su tout d'un coup me mettre en la mémofre, Certain habit que j'ai, du dernier Carnaval.
Qui pour me deguiſer, ne ſervira pas mal, Adicu, je vais le mettre, & je revient.	Qui pour me déguiser, ne servira pas mal, Adicu, je vais le mettre, et je revient.
SCENE III.	SCÈNE III.
ROSANDRE, PANCRACE.	ROSANDRE, PANCRACE.
ROSANDRE.	ROSANDRE.
Courage, Bagolin, a ravy, joüra ſon perſonnage, Hola.	Courage, Bagolin, a ravi, joura son personnage, Holà.
PANCRACE.	PANCRACE.
He bien!	He bien!
Monſieur?	Monsieur?
que voulez vous de moy?	que voulez -vous de moi?
ROSANDRE.	ROSANDRE.
Je viens vous retrouver.	Je viens vous retrouver.
PANCRACE.	PANCRACE.
Peut-on ſçavoir pourquoy?	Peut-on savoir pourquoi?
ROSANDRE.	ROSANDRE.
J’ay pour vous une eſtime, & haute, & fort ſincere, Je vous trouve brave homme, & vous honore en pere, Et quoy qu’en recherchant de m’alier à vous, L’on ait veu vos meſpris, allez juſqu’au couroux, Je ſçay qu’avec raiſon, mon attenté eſt trompee, Puis que vous n’eſte pas, pour un homme d’epée.	J'ai pour vous une estime, et haute, et fort sincère, Je vous trouve brave homme, et vous honore en père, Et quoi qu'en recherchant de m'alier à vous, L'on ait vu vos mépris, allez jusqu'au courroux, Je sais qu'avec raison, mon attenté est trompée, Puis que vous n'est pas, pour un homme d'épée.
Vous aimez la ſoutanne, & je viens vous revoir Pour ſçavoir ſi mon frere arrive d hier au ſoir, P'ouroit avoir l’honneur dépouſer voſtre fille?	Vous aimez la soutanne, et je viens vous revoir Pour savoir si mon frère arrive d hier au soir, P'ourait avoir l'honneur dépouser votre fille?
PAN	PAN
PANCRACE.	PANCRACE.
Quel eſt ce frere?	Quel est ce frère?
ROSANDRE.	ROSANDRE.
un homme en qui le ſçavoir brille, Plus docte qu’Ariſtote, & qui dédans Paris A fait taire cent fois, les plus rares eſprits.	un homme en qui le savoir brille, Plus docte qu'Aristote, et qui dédans Paris A fait taire cent fois, les plus rares esprits.
Au reſtes fort bien fait galant de ſa perſonne, D’u ne humeur enjoüée, & qui ſemble boufonne.	Au restes fort bien fait galant de sa personne, D'u ne humeur enjoüée, et qui semble bouffonne.
Tamieux.	Tamieux.
PANCRACE.	PANCRACE.
ROSANDRE.	ROSANDRE.
Et plus que tout, c’eſt que deux mil eſcus De ſes biens tous les ans, font les beaux revenus.	Et plus que tout, c'est que deux mil écus De ses biens tous les ans, font les beaux revenus.
PANCRACE.	PANCRACE.
Tamieux encore.	Tamieux encore.
ROSANDRE.	ROSANDRE.
En arrivant, il me fiſt preſque entendre, Le deſire qu’il avoit de ſe voir voſtre gendre.	En arrivant, il me fît presque entendre, Le désire qu'il avait de se voir votre gendre.
Ayant ſceu dans Paris quel homme vous eſtiez, Et par le bruit commun, ce que vous meritiez.	Ayant su dans Paris quel homme vous étiez, Et par le bruit commun, ce que vous méritiez.
PANCRACE.	PANCRACE.
Ah!	Ah!
je ſeray ravy, qu’il entre en ma famille.	je serai ravi, qu'il entre en ma famille.
Et je vais ſans tarder en parler à ma fille.	Et je vais sans tarder en parler à ma fille.
Liſimene?	Lisimène?
SCENE IV.	SCÈNE IV.
ISIMENE, PANCRACE, ROSANDRE, BAGOLIN.	ISIMENE, PANCRACE, ROSANDRE, BAGOLIN.
LISIMENE.	LISIMENE.
PApa, Papa que me deſirez vous?	PApa, Papa que me désirez -vous?
PANCRACE.	PANCRACE.
Je veux dés aujourd’huy, vous donner une Epoux.	Je veux dès aujourd'hui, vous donner une Époux.
Mais un Epoux illuſtre, & de qui la Doctrine Fait cacher Ariſtote, & fait endormir Pline.	Mais un Époux illustre, et de qui la Doctrine Fait cacher Aristote, et fait endormir Pline.
Fort riche;	Fort riche;
n'eſt ce pas?	n'est ce pas?
RO	RO
ROSANDRE.	ROSANDRE.
Ouy, Monſieur.	Oui, Monsieur.
PANCRACE.	PANCRACE.
Et bien fait, C’eſt un homme en un mot, digne d’eſtre en por21212 Voilà Monſieur ſon frere, & bientoſt ce beau gendre.	Et bien fait, C'est un homme en un mot, digne d'être en por21212 Voilà Monsieur son frère, et bientôt ce beau gendre.
LISIMENE.	LISIMENE.
vous ne ſongez donc pas, que promis à Roſandre.	vous ne songez donc pas, que promis à Rosandre.
Qui viene pour mſ’épouſer.	Qui viene pour m'épouser.
PANCRACE.	PANCRACE.
Roſandre eſt un badin, Qui s’amuſe à dormir je croy par le chemin, Quand y devroit conclure une affaire importante;	Rosandre est un badin, Qui s'amuse à dormir je crois par le chemin, Quand y devrait conclure une affaire importante;
En un mot, je pretens qu’en fille obeïſſante, Vous Epouſiez, Monſieur.	En un mot, je prétends qu'en fille obéissante, Vous Épousiez, Monsieur.
comment le nommeton?	comment le nommeton?
ROSANDRE.	ROSANDRE.
Entre les gens d’eſprit, le Docteur Barabon, Mais pour vous ſalüer vers vous y s’achemine.	Entre les gens d'esprit, le Docteur Barabon, Mais pour vous saluer vers vous y s'achemine.
PANCRACE.	PANCRACE.
Que cet homme eſt ſçavant, & qu’il a bonne mine.	Que cet homme est sçavant, et qu'il a bonne mine.
BAGOLIN, Eubabit de Docteur.	BAGOLIN, Eubabit de Docteur.
Eſt ce la, le beau Pere, ou je dois m’allier?	Est -ce la, le beau Père, ou je dois m'allier?
ROSANDRE.	ROSANDRE.
Et ſa ſille avec luy, cache l’établier.	Et sa sille avec peine, cache l'établier.
Que tu ne ſois cennu, & ſur tout prend bien garde A ce que tu diras.	Que tu ne sois cennu, et sur tout prend bien garde À ce que tu diras.
BAGOLIN.	BAGOLIN.
Le barbon me Regarde.	Le barbon me Regarde.
ROSANDRE.	ROSANDRE.
Laiſſe le Regarder, & porte bien ton bois.	Laisse le Regarder, et porte bien ton bois.
BAGOLIN.	BAGOLIN.
Deis-je parler d’abord ou Latin, ou François?	Dis-je parler d'abord ou Latin, ou Français?
ROSANDRE.	ROSANDRE.
Il faut en premier lien, ſuivant la bien ceance, Luy lever le chapeau, faire la reverence, Puis dire ton Laiin.	Il faut en premier lien, suivant la bien céance, Lui lever le chapeau, faire la révérence, Puis dire ton Laiin.
BAGO	BAGO
BAGOLIN.	BAGOLIN.
Il ne m’en ſouvien plus,	Il ne m'en souvien plus,
ROSANDRE.	ROSANDRE.
18 Jnn.	18 In.
BAGOLIN.	BAGOLIN.
Aprés?	Après?
ROSANDRE.	ROSANDRE.
Advocatus.	Advocatus.
BAGOLIN.	BAGOLIN.
Je m’en vais l’aborder, & de la bonne ſorte.	Je m'en vais l'aborder, et de la bonne sorte.
Je ſuis Advocatus, ou le diable m’en porte.	Je suis Advocatus, ou le diable m'en porte.
PANCRACE.	PANCRACE.
Il m’oſte mon chapeau, Monſieur eſt-ce qu’il rit.	Il m'ôte mon chapeau, Monsieur est-ce qu'il rit.
ROSANDRE.	ROSANDRE.
C’eſt la mode à preſent entre les gens d’eſprit.	C'est la mode à présent entre les gens d'esprit.
PANCRACE.	PANCRACE.
Cette mode à mon ſens, me ſemble ridicule;	Cette mode à mon sens, me semble ridicule;
Mais n’importe, Eſcoutons ſon Docte preambule.	Mais n'importe, Escoutons son Docte préambule.
ROSANDRE.	ROSANDRE.
Veux tu me faire icy recevoir un affront, Songe à ce que tu fais, Car.	Veux tu me faire ici recevoir un affront, Songe à ce que tu fais, Car.
BAGOLIN.	BAGOLIN.
Advocatus ſm.	Advocatus sm.
Non pas Advocatus des quinze à la douzaine, Puiſque des plus ſçavant, je ſuis le Capitaine;	Non pas Advocatus des quinze à la douzaine, Puisque des plus savant, je suis le Capitaine;
Mais des Advocatus, venerable patron, Dont-on ne voit jamais que dix au Carteron.	Mais des Advocatus, vénérable patron, Dont-on ne voit jamais que dix au Cartéron.
Connoiſſez vous Platon, ce grand homme de Geneve?	Connaissez vous Platon, ce grand homme de Génève?
Non.	Non.
PANCRACE.	PANCRACE.
BAGOLIN.	BAGOLIN.
Et-Sencque?	Et-Sencque?
P’ANCRACE.	P'ANCRACE.
Encore moins.	Encore moins.
BAGOLIN.	BAGOLIN.
S'ils eſtoient ſur la terre Avant qu’il ſut deux jour, au ſeul bruit de mon nom, On ne trouveroit plus Seneque, ny Caton, Car ils s’iroiſent cacher dans le pot au vinaigre.	S'ils étaient sur la terre Avant qu'il sut deux jour, au seul bruit de mon nom, On ne trouverait plus Sénèque, notre Caton, Car ils s'iraisent cacher dans le pot au vinaigre.
PANCRACE.	PANCRACE.
Que Monſieur voſtre frere eſt un Docteur alegre, Il parle comme un Livre, & rit inceſſamment.	Que Mons votre frère est un Docteur alégre, Il parle comme un Livre, et rit incessamment.
ROSANDRE.	ROSANDRE.
Ne vous ay-je pas dit, qu’il railloit doctement.	Ne vous ai-je pas dit, qu'il raillait doctement.
PANCRACE.	PANCRACE.
Vous avez fait, Monſieur, tous vos dégrée?	Vous avez fait, Monsieur, tous vos dégrée?
BAGOLIN.	BAGOLIN.
Sans doute, Je ſautray l’autre jour, noſtre montée toute, Sans un degré de manque, eſtant ſouls de muſquat.	Sans doute, Je sautrai l'autre jour, notre montée toute, Sans un degré de manque, étant souls de musquât.
PANCRACE.	PANCRACE.
Et depuis quand Monſieur eſtes vous Advocat?	Et depuis quand Monsieur êtes -vous Avocat?
LISIMENE.	LISIMENE.
Peut-on le demander ſans paroiſtre inciville?	Peut-on le demander sans paraître inciville?
BAGOLIN.	BAGOLIN.
Depuis que ce jeune homme arrivant dans la Ville, Pour avoir voſtre fille & vos dix mille eſcus.	Depuis que ce jeune homme arrivant dans la Ville, Pour avoir votre fille et vos dix mille écus.
M’aprit à d’écliner, je ſuis Advocatus.	M'aprit à d'écliner, je suis Advocatus.
ROSANDRE.	ROSANDRE.
Il eſt vray, qu’auſitoſt que je le vis paroiſtre, Sçachant que vous vouliez un grand homme de lettre, Je dis qu’un Avocat y parut aujourd’huy, Et que ce bel objet pouvoit eſtre pour luy.	Il est vrai, qu'ausitôt que je le vis paraître, Sachant que vous vouliez un grand homme de lettre, Je dis qu'un Avocat y parut aujourd'hui, Et que ce bel objet pouvait avoir pour lui.
PANCRACE.	PANCRACE.
Fort bien.	Fort bien.
Et ſon humeur me paroiſt agreable.	Et son humeur me paraît agréable.
BAGOLIN.	BAGOLIN.
Au reſte ſcachant tout, la ſience m’acable, ’ay quatre once du moins, de l’hebreu le plus fin.	Au reste sachant tout, la sience m'acable, ay quatre once du moins, de hébreu le plus fin.
J’ay plein quatre chapeaux de Grec, & de Latin.	J'ai plein quatre chapeaux de Grec, et de Latin.
Je ſçay preſque par cœur l’Hiſtoire veritable, Des quatres fils aymonts, & de Robert le diable.	Je sais presque par cœur l'Histoire véritable, Des quatres fils aimonts, et de Robert le diable.
Quand le Ciel eſt couvert de ſon plus noir manteau, Je devine s’il pleut;	Quand le Ciel est couvert de son plus noir manteau, Je devine s'il pleut;
que nous aurons de l’eau Dedans le mois d Aouſt, je ſçay fort bien comprendre, Qui fait beaucoup plus chaux, qu’en celuy de Decembre.	que nous aurons de l'eau Dedans le mois d' Aoust, je sais fort bien comprendre, Qui fait beaucoup plus chaux, qu'en celui de Décembre.
Et Et ſitoſt que la gréle à gaſté le raſin, Je dis aſſeurement, nous aurons peu de vin.	Et Et sitôt que la grèle à gâté le rasin, Je dis assurément, nous aurons peu de vin.
Pour les Proces je penſe, y ſçavoir quelque choſe, Et ſitoſt qu’un Plaideur ayant, perdu ſa cauſe, Paroiſt comme enragé, je dis au meſme inſtant, Que ſon eſprit troublé, n’eſt pas des plus contant.	Pour les Proces je pense, y avoir quelque chose, Et sitôt qu'un Plaideur ayant, perdu sa cause, Paraît comme enragé, je dis au même instant, Que son esprit troublé, n'est pas des plus contant.
Et comme Savetier, nous avons connoiſſance, Que le bon Cuir d’Auvergne, eſt le meilleur de France.	Et comme Savetier, nous avons connaissance, Que le bon Cuir d'Auvergne, est le meilleur de France.
Et quand il vous faudra rajuſter vos Soulliers, Vous verrez ſi l’on voit de meilleurs Savetiers.	Et quand il vous faudra rajuster vos Soulliers, Vous verrez si l'on voit de meilleurs Savetiers.
PANCRACE.	PANCRACE.
Se moques t’il de nous?	Se moques -t-il de nous?
Quoy la Saveterie?	Quoi la Saveterie?
L’occupe quelque fois?	L'occupe quelque fois?
ROSANDRE.	ROSANDRE.
Ce n’eſt que raillerie, En vous parlant de luy, ne vous ay-je pas dit Qu’il montre à tous momens, le feu de ſon eſprit.	Ce n'est que raillerie, En vous parlant de lui, ne vous ai-je pas dit Qu'il montre à tous moments, le feu de son esprit.
PANCRACE.	PANCRACE.
Combien de mil eſcus poſſedez vous de rente?	Combien de mil écus possédez vous de rente?
ROSANDRE.	ROSANDRE.
Deux mille pour le moins, ſans le bien d’une Tante, Qui.	Deux mille pour le moins, sans le bien d'une Tante, Qui.
BAGOLIN.	BAGOLIN.
Qui moy deux mille eſcus, mal peſte du fol, Jamais d’argent content je ne me vis deux ſol.	Qui moi deux mille écus, mal peste du fol, Jamais d'argent content je ne me vis deux sol.
ROSANDRE.	ROSANDRE.
Vous ne comprenez pas ou tendent ſes paroles, Il n’euſt jamais deux ſols, mais bien force piſtoles.	Vous ne comprenez pas ou tendent ses paroles, Il n'eût jamais deux sols, mais bien force pistoles.
PANCRACE.	PANCRACE.
Or ça Monſieur mon gendre, ou Monſieur l’Avocat, Pour voſtre Mariage, il faut faire un contract, Et ſans que de vos biens autrement je m’informe, Faiſons le ſi vous plaiſt, qui ſoit en bonne forme.	Or ça Monsieur mon gendre, ou Monsieur l'Avocat, Pour votre Mariage, il faut faire un contrat, Et sans que de vos biens autrement je m'informe, Faisons le si vous plaît, qui soit en bonne forme.
BAGOLIN Cellecy que je croy, ſera bonne pour vous, Elle vient de Paris.	BAGOLIN Celleci que je crois, sera bonne pour vous, Elle vient de Paris.
PANCRACE.	PANCRACE.
Se moque t’il de nous;	Se moque t'il de nous;
une forme eſt ce que par gageure.	une forme est ce que par gageure.
ROSANDRE.	ROSANDRE.
C’eſt que mon frere eſt propre, & ſur tont en chauIule, Et craignant en ce lieu qu’on le trouva mal mis, Il a ſait apporter ſa forme de Paris.	C'est que mon frère est propre, et sur tont en chauIule, Et craignant en ce lieu qu'on le trouva mal mis, Il a sait apporter sa forme de Paris.
PANCRACE.	PANCRACE.
Mais il eſt à propos touchant ce Mariage, De ſçavoir ſi ma fille aura quelqu’avantage?	Mais il est à propos touchant ce Mariage, De sçavoir si ma fille aura quelqu'avantage?
Vous ſçavez que le dot.	Vous savez que le dot.
BAGOLIN.	BAGOLIN.
Que vous eſtes badin, Ma femme aprés ma mort aura men St.	Que vous êtes badin, Ma femme après ma mort aura men St.
Creſpin.	Crespin.
PANCRACE.	PANCRACE.
Qu’es-ce qu’un St.	Qu'est-ce qu'un St.
Creſpin?	Crespin?
ROSANDRE.	ROSANDRE.
Que voſtre eſpoir s’y fande, Il entent tout le bien, qu’il a dedans le monde.	Que votre espoir s'y fande, Il entent tout le bien, qu'il a dedans le monde.
BAGOLIN.	BAGOLIN.
Mais auſſi, je pretens que les dix mil eſcus, viendrons dans le goucet du ſieur Ad:	Mais aussi, je prétends que les dix mil écus, viendrons dans le goucet du sieur Ad:
οcαtus.	οcαtus.
PANCRACE.	PANCRACE.
Nous l’entendons ainſi, ſa viſte Liſimene.	Nous l'entendons ainsi, sa vite Lisimène.
De déchauſſer le gant, il faut prendre la peine.	De déchausser le gant, il faut prendre la peine.
LISIMENE.	LISIMENE.
Roſandre, mon Papa.	Rosandre, mon Papa.
PANCRACE.	PANCRACE.
Vous reſiſtez en yain, Roſandre eſt un badoſt, ſça Monſieur voſtre main, Pour ſe donner la foy, c’eſt le premier article,	Vous résistez en y, Rosantre est un badôt, sa Monsieur vôtre main, Pour se donner la foi, c'est le premier article,
LISIMENE.	LISIMENE.
Papa qu’eſt-ce là foy?	Papa qu'est-ce là foi?
BAGOLIN.	BAGOLIN.
C’eſt une manicle, Pour tirer le ligneul, de crainte que la poix, Ne s’attache à la main.	C'est une manicle, Pour tirer le ligneul, de crainte que la poix, Ne s'attache à la main.
ROSANDRE.	ROSANDRE.
POuy, c'eſt que l’autre fois.	POuy, c'est que l'autre fois.
En n’écrivant un mot avec un trenche plume,	En n'écrivant un mot avec un trenche plume,
PANCRACE.	PANCRACE.
viſte, touché, palette, allons mon future gendre.	vite, touché, palette, allons mon future gendre.
LISIMENE.	LISIMENE.
J’obeïs à mon Pere, & la donne à Roſandre.	J'obéis à mon Père, et la donne à Rosandre.
BAGOLIN.	BAGOLIN.
PANCRACE.	PANCRACE.
BAGOLIN.	BAGOLIN.
Je vais faire chez vous porter tout mon bagage.	Je vais faire chez vous porter tout mon bagage.
PANCRACE.	PANCRACE.
Fort bien.	Fort bien.
Mais voulez vous qu’avec vos laquais, J’envoye une charette ou quelque portefaiſt?	Mais voulez -vous qu'avec vos laquais, J'envoie une charette ou quelque portefait?
BAGOLIN.	BAGOLIN.
Vous vous moquez de moy, j’ay l’eſchine aſſez large Pour pouvoir ſupporter une plus lourde charge, Adieu, je reviendray pluſtoſt que l’on ne croy, Mon frere cependant faite l’amour pour moy.	Vous vous moquez de moi, j'ai l'échine assez large Pour pouvoir supporter une plus lourde charge, Adieu, je reviendrai plutôt que l'on ne crois, Mon frère cependant faite l'amour pour moi.
PANCRACE.	PANCRACE.
Son humeur qui me charme, eſt ſans doute agreable, Et je croy qu’a railler elle eſt incomparable, Attendant ſon retour, pour ne perdre le temps, Je vais de ce beau choix advertir mes Parens, Ma fille entretenez cet aymable beau frere.	Son humeur qui me charme, est sans doute agréable, Et je crois qu'a railler elle est incomparable, Attendant son retour, pour ne perdre le temps, Je vais de ce beau choix advertir mes Parents, Ma fille entretenez cet aimable beau frère.
SCENE V.	SCÈNE V.
LISIMENE, ROSANDRE,	LISIMENE, ROSANDRE,
LISIMENE.	LISIMENE.
E bien, que dites vous de l’humeur de mon H Pere?	E bien, que dites -vous de l'humeur de mon H Ère?
ROSANDRE.	ROSANDRE.
Elle eſt aſfez-fa le, à ne vous rien celer, Et pour le voir duper on n’a rien qu’a parler, Cependant, Liſimene à Roſandre promiſe, Par luy meſme à mon Pere, augmente ma ſurpriſe, Quoy m’écrire à Paris, de venir promptement Joindre le nom d’Epoux, aux ardeur, d’un Amant, Et vous voir à mes yeux deſtiné pour un autre.	Elle est assez-fa le, à ne vous rien celer, Et pour le voir duper on n'a rien qu'à parler, Cependant, Lisimène à Rosandre promise, Par lui même à mon Père, augmente ma surprise, Quoi m'écrire à Paris, de venir promptement Joindre le nom d'Époux, aux ardeur, d'un Amant, Et vous voir à mes yeux destiné pour un autre.
LISIMENE.	LISIMENE.
La faute, ou je me trompe, eſt entierement voſtre, Vous vouliez le joüer, mais Roſandre avoüée, Que ſouvent les plus fins en joüant ſont joüée	La faute, ou je me trompe, est entièrement votre, Vous vouliez le jouer, mais Rosandre avouée, Que souvent les plus fins en jouant sont joüée
ROSANDRE.	ROSANDRE.
Mais, depuis quatre jours qu’auprés de vos appas, On me voit de retour?	Mais, depuis quatre jours qu'auprès de vos appas, On me voit de retour?
LISIMENE.	LISIMENE.
Il ne vous connoiſt pas.	Il ne vous connaît pas.
Et qui plus eſt encor, vous m’avez fait paroiſtre, Que ſe n’eſt pas par moy, qu’il vous devoit connoiſtre, Je n’ay rien dit, ainſi vous devez aujourd’huy, Vous plaindre de Roſandre, & point du tout de luy.	Et qui plus est encor, vous m'avez fait paraître, Que se n'est pas par moi, qu'il vous devait connaître, Je n'ai rien dit, ainsi vous devez aujourd'hui, Vous plaindre de Rosandre, et point du tout de Seigneur.
ROSANDRE.	ROSANDRE.
Mais puis-je m’aſſeurer que Liſimene m’ayme?	Mais puis-je m'assurer que Lisimène m'aime?
LISIMENE.	LISIMENE.
Sans doute, & beaucoup plus qu’elle ne fait ſoy meſme, Ne doutez dont de Rien, & calmez ce couroux?	Sans doute, et beaucoup plus qu'elle ne fait soi même, Ne doutez dont de Rien, et calmez ce courroux?
Croyez qu’abſolument Liſimene eſt à vous.	Croyez qu'absolument Lisimène est à vous.
ROSANDRE.	ROSANDRE.
Jamais ſon changement n’entrât dans m’a penſée, Mais allons achever la fourbe commencée, Et voir s’y l’Advocat emportera le prix, Je vais trouver Pancrace.	Jamais son changement n'entrât dans m'a pensée, Mais allons achever la fourbe commencée, Et voir s'y l'Advocat emportera le prix, Je vais trouver Pancrace.
LISIMENE.	LISIMENE.
Et moy j’entre au Logis.	Et moi j'entre au Logis.
SCENE VI.	SCÈNE VI.
BAGOLIN, En trenant une caiſſe.	BAGOLIN, En trenant une caisse.
Quand un homme prend femme, & qu’il entre en menage, On On m’a dit qu’il y doit porter tout ſon bagage, Auſſi je veux ſçavoir en portant tout le mien, Si noſtre chere Epouſe à pour moy tout le ſien?	Quand un homme prend femme, et qu'il entre en menage, On On m'a dit qu'il y doit porter tout son bagage, Aussi je veux savoir en portant tout le mien, Si notre chère Épouse à pour moi tout le sien?
Hola ho s	Hola ho s
LISIMENE.	LISIMENE.
Quoy vous meſme Mr.	Quoi vous -même Mr.
vous prenez cette peine.	vous prenez cette peine.
BAGOLIN.	BAGOLIN.
Je la prens aujourd’huy charmante Liſimene.	Je la prends aujourd'hui charmante Lisimène.
Mais entrant des demain, en menage nouveau, Vous m’aiderez je penſe aporter le fardeau.	Mais entrant des demain, en menage nouveau, Vous m'aiderez je pense apporter le fardeau.
Ca preſtez moy la main, pour décharger ma Caiſſe.	Ça prêtez -moi la main, pour décharger ma Caisse.
LIS IMENE.	LIS IMENE.
ciir ifuroeut bon Dieu, Croſcheteur.	ciir ifuroeut bon Dieu, Croscheteur.
BAGOLIN.	BAGOLIN.
He bien!	He bien!
qu’eſſe?	qu'esse?
Si l’on voit large dos à Monſieur voſtre Epoux, Il en eſt plus robuſte, & c’eſt tamieux pour vous.	Si l'on voit large dos à Monsieur votre Époux, Il en est plus robuste, et c'est tamieux pour vous.
Quand il faudra pour vous exercer ſon Echine, L’Advocat gagnera dequoy boire Chopine.	Quand il faudra pour vous exercer son Échine, L'Avocat gagnera dequoy boire Chopine.
LISIMENE.	LISIMENE.
Pouvons nous viſiter les hardes que voilà, Voir vos Coffres icy?	Pouvons nous visiter les hardes que voilà, Voir vos Coffres ici?
BAGOLIN.	BAGOLIN.
Ouyda, mettez vous là.	Ouida, mettez -vous là.
LISIMENE.	LISIMENE.
Qu'elle guenille au Ciel!	Qu'elle guenille au Ciel!
BAGOLIN.	BAGOLIN.
C’eſt mon habit de nopce.	C'est mon habit de nopce.
Voyez vous le pourpoint, il revient bien au choſſe.	Voyez -vous le pourpoint, il revient bien au chosse.
Je le mets le Dimanche avec ce grand chapeau.	Je le mets le Dimanche avec ce grand chapeau.
LISIMENE.	LISIMENE.
Vous eſtes lors bien mis, car l’équipage eſt beau.	Vous êtes lors bien mis, car l'équipage est beau.
BAGOLIN.	BAGOLIN.
Voiſà mon Saint Creſpin, Et mon linge.	Voisà mon Saint Crépin, Et mon linge.
LISIMENE.	LISIMENE.
Il me ſemble, Que le linge & l’habit revienent bien enſemble.	Il me semble, Que le linge et l'habit revienent bien ensemble.
BAGOLIN.	BAGOLIN.
Il eſt falle, il eſt vray, mais vous devez ſçavoir,	Il est salle, il est vrai, mais vous devez sçavoir,
que Que tant plus je le porte, & plus il devient noïr.	Que Que tant plus je le porte, et plus il devient noïr.
delscela?	délscela?
LISIMENE.	LISIMENE.
BAGOLIN.	BAGOLIN.
D’un Cocu le plumage.	D'un Cocu le plumage.
Il ſait bon d’en avoir quand on entre en menage, On s’en ſert quelquefois pour manche de Couteaux.	Il sait bon d'en avoir quand on entre en menage, On s'en sert quelquefois pour manche de Couteaux.
Pouray-je quelque jour eſtre de ſes Oiſeaux, Dites?	Pourrai-je quelque jour être de ses Oiseaux, Dites?
EISIMENE.	EISIMENE.
Cela ſe peut, & l’homme le plus ſage.	Cela se peut, et l'homme le plus sage.
AGOLIN.	AGOLIN.
Je vous en fais preſent, au nom de mariage.	Je vous en fais présent, au nom de mariage.
LISIMENE.	LISIMENE.
Ah!	Ah!
Gardez les pour vous, pour moy, je n’en veux point.	Gardez -les pour vous, pour moi, je n'en veux point.
BAGOLIN.	BAGOLIN.
Et vous m’en fournirez quand j’en auray beſoin, Prenez.	Et vous m'en fournirez quand j'en aurai besoin, Prenez.
LISIMENE.	LISIMENE.
Encore un coup je n’en veux point des voſtre.	Encore un coup je n'en veux point des Romains.
BAGOLIN.	BAGOLIN.
Et prenez celle-cy, vous en donneray d’autres.	Et prenez celle-cy, vous en donnerai d'autres.
Mais que vois-je.	Mais que vois-je.
LISIMENE.	LISIMENE.
Mon Pere, & mon Couſin auſſi.	Mon Père, et mon Cousin aussi.
BAGOLIN.	BAGOLIN.
J’entre dans le logis, & je reviens icy.	J'entre dans le logis, et je reviens ici.
SCENE VII.	SCÈNE VII.
LE COUSIN, PANCRACE, LE DOC.	LE COUSIN, PANCRACE, LE DOC.
TEUR, BAGOLIN, ROSANDRE, LISIMENE.	TEUR, BAGOLIN, ROSANDRE, LISIMENE.
LE COUSIN.	LE COUSIN.
Eſt bien precipiter un pareil mariage.	Est bien précipiter un pareil mariage.
C PAN	Ç CAN
PANCRACE.	PANCRACE.
Il le faut, quand on trouve un ſi grand advantage.	Il le faut, quand on trouve un si grand advantage.
un Advocat bien fait, richiſime & ſçavant.	un Advocat bien fait, richisime et Savant.
LE DOCTEUR.	LE DOCTEUR.
La plus belle apparence eſt trompeuſe ſouvent Dit Seneque, & ſouvent par une fauſe amorce, On trouvé un méchant bois, ſous une belle écorce.	La plus belle apparence est trompeuse souvent Dit Sénèque, et souvent par une fausse amorce, On trouvé un méchant bois, sous une belle écorce.
Eleitort Docte?	Élitort Docte?
PANCRACE.	PANCRACE.
Autant que feu Noſtra-damus.	Autant que feu Nostra-damus.
LE DOCTEUR.	LE DOCTEUR.
Mortalibus Doctrina honnore eſt omnibus.	Mortalibus Doctrina honore est omnibus.
Ouy, le proſond ſçavoir eſt un rare avantage, Il nous honore, & rien n’eſt comparable au ſage, Si-toſt que j’auray veu ce gendre pretendu, Qui peut porter le nom de rare Individu, Un bon interogat, nous apprendra peut-eſtre,	Oui, le prosond avoir est un rare avantage, Il nous honore, et rien n'est comparable au sage, Sitôt que j'aurai vu ce gendre prétendu, Qui peut porter le nom de rare Individu, Un bon intérogat, nous apprendra peut-être,
PANCRACE.	PANCRACE.
Le Voicy, dite moy qu’eſt-ce que ſon Eſprit?	Le Voici, dite moi qu'est-ce que son Esprit?
LE DOCTEUR.	LE DOCTEUR.
On en peut pas juger n’ayant encore rien dit, Je vais l’interoger.	On en peut pas juger n'ayant encore rien dit, Je vais l'interoger.
LE COUSIN.	LE COUSIN.
Il a mauvaiſe mine.	Il a mauvaise mine.
LE DOCTEUR.	LE DOCTEUR.
C’eſt un dont ennoré ſans doute à la Doctrine.	C'est un dont ennoré sans doute à la Doctrine.
Amy du Sieur Pancrace, & Docteur dans les loix, e prens part au bonheur qui ſuit un ſi beau choix.	Ami du Sieur Pancrace, et Docteur dans les lois, e prens part au bonheur qui suit un si beau choix.
Mais comme les ſçavants, ſemblent avoir en bute Dégayer leurs Eſprits toüjours dans la diſpute, Souffrez qu’a ce brillant qui me met a qui à, Je puis ſe demander quid eſt Juſticia?	Mais comme les savants, semblent avoir en bute Dégayer leurs Esprits tendre dans la dispute, Souffrez qu'a ce brillant qui me met à qui à, Je puis se demander qui est Justicia?
Que dit-il?	Que dit-il?
BAGGLIN.	BAGGLIN.
ROSANDRE.	ROSANDRE.
En Latin qu’es-ce que la Juſtice.	En Latin qu'est-ce que la Justice.
BAGOLIN.	BAGOLIN.
Je ſuis Advocatus viſage decrevice,	Je suis Advocatus visage décrévice,
LE DOCTEUR.	LE DOCTEUR.
Reſpondez.	Respondez.
BAGOLIN.	BAGOLIN.
On y va.	On y va.
Mais toy meſme reſponds, Quid eſt ce Juſtitiã.	Mais toi même réponds, Quid est ce Jutitiant.
LE DOCTEUR.	LE DOCTEUR.
Tuſtitia eſt, Conſtans & perpetua Volontas, phrpuunt ouepreniouendi.	Tûtitia est, Constants et perpétua Volontas, phrpuunt ouépreniouendi.
C’eſt une Volonté pour les biens importante, Qu’on voit perpetuel & qu’on nomine Conſtante, A rendre à tout chachun ce qui leur appartient.	C'est une Volonté pour les biens importante, Qu'on voit perpétuel et qu'on nomine Constante, A rendre à tout chachun ce qui leur appartient.
BAGOLIN.	BAGOLIN.
D’accord, car je ſoûtient ce que Monſieur ſoûtient.	D'accord, car je soutient ce que Monsieur soutient.
LE DOCTEUR.	LE DOCTEUR.
Le grand Juſtinien, cet Empereur Illuſtre, Qui fit voir la Juſtice en ſon plus digne luſtre, Surpris, de voir regner tant de Docteurs divers, Qui tous turtorcuvete Lois à droit, & à travers, Dẽ tant d’eſcrits confus, faiſant un noir mélange, Qui plongeoit la Juſtice en un abime eſtrange, Rãmaſſant promptement de ces divers Eſprits, Les plus pures ſentimens, & les plus beaux eſcrits, Il en forma les lois que noſtre ſiécle honnore, Et qui juſqu’à preſent porte ſon nom encore.	Le grand Justinien, cet Empereur Illustre, Qui fit voir la Justice en son plus digne lustre, Surpris, de voir régner tant de Docteurs divers, Qui tous turtorcuvete Lois à droit, et à travers, Domme tant d'écrits confus, faisant un noir mêlange, Qui plongeait la Justice en un abime étrange, Rãmassant Les plus grands divers Es, Les plus pures sentiments, et les plus beaux écrits, Il en forma les lois que notre siécle honnore, Et qui jusqu'à présent porte son nom encore.
BAGOLIN.	BAGOLIN.
Que vous raiſonnez bien, que vous avez d’eſprit.	Que vous raisonnez bien, que vous avez d'esprit.
LE DOCTEUR.	LE DOCTEUR.
Deruis que ce grand homme, eût fait ce que j’ay dit, On n’a veu dans l’inſtant s’inſtaller dans le monde.	Dervis que ce grand homme, eût fait ce que j'ai dit, On n'a vu dans l'instant s'installer dans le monde.
Tant delivres de droit, que le ſiecle en abonde.	Tant délivres de droit, que le siècle en abonde.
6	6
BAGOLIN.	BAGOLIN.
Des Lievres?	Des Lièvres?
Il eſt vray, on en voit bien par fois, Et des Lapins auſſi.	Il est vrai, on en voit bien par fois, Et des Lapins aussi.
LE DOCTEUR.	LE DOCTEUR.
Latin, Grec, & Francois.	Latin, Grec, et Francais.
Or, parmy ſes Docteurs dont les ſcience brille, On met au premier rang Balde, Leſquiquoquille, Bertolle, Déclapier, Theophile, Jaſon, DuaEnnacurſſe, Alciat, Hypolite, & Papon?	Or, parmi ses Docteurs dont les science brille, On met au premier rang Balde, Lesquiquoquille, Bertolle, Déclapier, Théophile, Jason, Duanacursse, Alciat, Hypolite, et Papon?
Tribonien, Mernæ, Fulgoſſe, Dorathée, Rocheſlaven, Menard, Odoftet, Abudée, Macrobe, Imbert, Fabert, Lolive, Carondars, Louet, Dinno, Marcil, & l’Illuſtre Cujar.	Tribonien, Mernæ, Fulgosse, Dorathée, Rocheslaven, Ménard, Odoftet, Abudée, Macrobe, Imbert, Fabert, Lolive, Carondars, Louet, Dinno, Marcil, et l'Illustre Cujar.
Bref, Depareils ſçavants une longue Illiade, Qui tous, pour s’élever dans le ſupréme grade, Et remplir de leur noms, leur fameux tribunaux, En foncent, & leurs teſtes, & leurs nez Doctoraux, Dans les digeſtes, loix, paragraphe, rubriques, Decretales, Verſets, chapitres au tantiques.	Bref, Dépareils sçavants une longue Illiade, Qui tous, pour s'élever dans le suprême grade, Et remplir de leur noms, leur fameux tribunaux, En foncent, et leurs têtes, et leurs nez Doctoraux, Dans les digestes, lois, paragraphe, rubriques, Décretales, Versets, chapitres au tantiques.
Dans les Codes Flamiens, Codes Theodoſiens, Codes Argemoniens, Gregoriens, Papiniens, Dans les titres Canon, Inſtitution, Glauſes, Et mille autres erreur, dedans le droit encloſe, Qui vont embaraſſant quand on veut l’embraſſer, Des Cerveaux, qu’avec peine on peut débaraſſer.	Dans les Codes Flamiens, Codes Théodosiens, Codes Argémoniens, Grégoriens, Papiniens, Dans les titres Canon, Institution, Glauses, Et mille autres erreur, dedans le droit enclose, Qui vont embarrassant quand on veut l'embrasser, Des Cerveaux, qu'avec peine on peut débarrasser.
PANCRACE.	PANCRACE.
Je ne comprens rien là, du moins qui me remembre, Tandis, qu’ils finiront, je vais juſqu’à ma chambre.	Je ne comprends rien là, du moins qui me remembre, Tandis, qu'ils finiront, je vais jusqu'à ma chambre.
LE DOCTEUR.	LE DOCTEUR.
De ſes ſçavants aux lois, que l’on nomme Docteurs, Les uns ſont Chicanans, Chicanez, Chicaneurs, Plaidans, & Conſultans, Gloſateurs, Formulaire, Qui rapporteur d’Arreſts, qui déſeſſonaires, Les uns Pratitiens, d’autres Inſtituteurs, Interprete du Droit, & qui Solliciteurs.	De ses sçavants aux lois, que l'on nomme Docteurs, Les uns sont Chicanmands, Chicane, Urs, Plaidans, et Consultant, Glosateurs, Formulaire, Qui rapporteur d'Arrests, qui désessonaires, Les uns Pratitiens, d'autres Instituteurs, Interprète du Droit, et qui Solliciteurs.
LE COUSIN.	LE COUSIN.
Que d’un pareil diſcours la longeur, m’aſſaſſine, J’entre dans le logis, & reviens ma Couſine.	Que d'un pareil discours la longeur, m'assassine, J'entre dans le logis, et reviens ma Cousine.
DE DOCTEUR.	DE DOCTEUR.
un parfait Advocat doit ſçavoir tout cela, Et pour ce rendre Illuſtre aller juſqu’au de là, N’ignorer ce que c’eſt, que ces fins dilatoires, Piramtoire de meſme, & fins declinatoires, Qu’es-ce que nullitez, qu’eſt-ce qu’originaux, Promeſſes & contrats, achaps, lettre royaux, Ecritures publiques, Epreuves, & Requeſtes, Copies, Teſtamens, Mariages, Enqueſtes, Les Conteſtations, Reviſions, Arrets, Repreſentations, Productions, Extraiſts, Qu’eſt-ce que Concluſiens au Parquet, Ordonnantes, Les Avis, au Conſeils, Sentences, Et Requettes au Palais, Oppoſans, Pretendans, Saques, & Pieſſe enfin, Demandans, Deffendans, Parties Jointe, Et de plus tous ces noms innombrables, Qu’au Palais tous les jours vont forgeant nos ſemblables.	un parfait Advocat doit sçavoir tout cela, Et pour ce rendre Illustre aller jusqu'au de là, N'ignorer ce que c'est, que ces fins dilatoires, Piramtoire de Seigneur, et fins déclinatoires, Qu'est-ce que nullités, qu'est-ce qu'originaux, Promesses et contrats, achapps, lettre royaux, Écritures publiques, Epreves, et Requêtes, Copies, Testamends, Mariages, Enquêtes, Les Contestations, Revisions, Arrets, Representations, Productions, Extraists, Papt-ce que Conclusiens au Parquet, Ordonnantes, Les Avis, au Conseils, Sentences, Et Requettes au Palais, Opposans, Pretendans, Saques, et Piesse enfin, Demandans, Deffendans, Parties Jointe, Et de plus tous ces noms innombrables, au Palais tous les jours vont forgeant nos semblables.
LISIMENE.	LISIMENE.
Je m’ennüy beaucoup	Je m'ennui beaucoup
ROSANDRE.	ROSANDRE.
Peut-on pas s’en aller?	Peut-on pas s'en aller?
LIS IMENE.	LIS IMENE.
Suivez moy dont auſſi, car je vous veux parler.	Suivez -moi dont aussi, car je vous veux parler.
BAGOLIN.	BAGOLIN.
Tout le jour faudra-t’il que j’ay la bouche clauſe?	Tout le jour faudra-t-il que j'ai la bouche clause?
Et quand diable Monſieur diray-je quelque choſe?	Et quand diable Monsieur dirai-je quelque chose?
LE DOCTEUR.	LE DOCTEUR.
Je n’ay plus qu’a parler deux heures ſeulement, Et puis, vous me pouvez repondre congrument.	Je n'ai plus qu'a parler deux heures seulement, Et puis, vous me pouvez répondre congrument.
Or donc juſtiniant, de nos illuſtre plumes, Dans Rome, ayant trouvé, deux cent mille volumes, Compoſé du depuis Juſtin, à Romulus.	Or donc justiniant, de nos illustre plumes, Dans Rome, ayant trouvé, deux cent mille volumes, Composé du depuis Justin, à Romulus.
BAGOLIN.	BAGOLIN.
La langue me demange enſin, je n’en puis plus.	La langue me demange ensin, je n'en puis plus.
LE DOCTEUR.	LE DOCTEUR.
Pour laiſſer au mortels, ſa memoire immortelle.	Pour laisser au mortels, sa mémoire immortelle.
BAGOLIN.	BAGOLIN.
Je veux parler te dis-je, ou nous aurons querelles:	Je veux parler te dis-je, ou nous aurons querelles:
LE DOCTEUR.	LE DOCTEUR.
Et que tout l’avenir profitus de ces ſoins.	Et que tout l'avenir profitus de ces soins.
BAGOLIN.	BAGOLIN.
Il va dans un moment, pleuvoir des coups de poins.	Il va dans un moment, pleuvoir des coups de poins.
LE DOCTEUR.	LE DOCTEUR.
Ayant foimé ces loix que je viens de vous dire	Ayant faimé ces lois que je viens de vous dire
BAGOLIN.	BAGOLIN.
Quoy je ne diray mot?	Quoi je ne dirai mot?
LE DOCTEUR.	LE DOCTEUR.
Je dois eſtre entendu, Car.	Je dois être entendu, Car.
vous eſtes un ſot, inſupremo gradu, Ecouté, & ſçachés que Cujas.	vous êtes un sot, insupremo gradu, Ecouté, et sachez que Cujas.
à leſchine, L’on va dans un inſtant voir battre la Doctrine.	à leschine, L'on va dans un instant voir battre la Doctrine.
BAGOLIN.	BAGOLIN.
voilà pour commancer.	voilà pour commencer.
LE DOCTEUR.	LE DOCTEUR.
Ah!	Ah!
ſuivons mon couroux, C’eſt par trop en ſouffrir, il faut donner des coups.	suivons mon courroux, C'est par trop en souffrir, il faut donner des coups.
Ah!	Ah!
j’ay le nez caſſé, mais allons qu’on ſe vange, Iln homme tel que moy, ſçay bien donner le changes Te voilà que je croy, aſſomée comme un chien, Tu n’as rien qu’a courir, chez le Chirurgien, Afin que promptement il te mette une enplatre.	j'ai le nez cassé, mais allons qu'on se venge, Iln homme tel que moi, sais bien donner chang le Te voilà que je crois, assomée comme un chien, Tu n'as rien qu'a courir, chez le Chirurgien, Afin que promptement il te mette une enplatre.
Et ſonge un autre fois alors qu’on veux ſe batre, C’eſt.	Et songe un autre fois alors qu'on veux se battre, C'est.
Mais il ne remeüe, & meſme ne dit mot?	Mais il ne remue, et même ne dit mot?
De ſe laiſſer mourir ſeroit il aſſez ſot.	De se laisser mourir serait -il assez sot.
Voyons & confirmons à mon ame allarmée?	Voyons et confirmons à mon âme alarmée?
Je penſe que ſon corps eſt reduit en fumée?	Je pense que son corps est réduit en fumée?
D’un homme fort palpable, on ne trouve plus rien, Il n’en faut plus douter, c’eſt un Magicien.	D'un homme fort palpable, on ne trouve plus rien, Il n'en faut plus douter, c'est un Magicien.
Ne perdons point de temps, faiſons venir Pancrace, Et luy montrons l’Epoux, qu’il veut mettre on ſa race.	Ne perdons point de temps, faisons venir Pancrace, Et deux montronsl’Epoux, qu'il veut mettre on sa race.
Hola vitte.	Holà vitete.
PANCRACE.	PANCRACE.
Bon jour, avez vous achevez?	Bon jour, avez vous achevez?
LE DOCTEUR.	LE DOCTEUR.
Ah!	Ah!
que je ſuis heureux de vous avoir trouvé, Laiſſez moy prendre halaine	que je suis heureux de vous avoir trouvé, Laissez -moi prendre halaine
BAGOLIN.	BAGOLIN.
Ha, que la faret eſt drolle, Mettons nous dans la robe, & finiſſons le rolle.	Ha, que la faret est drolle, Mettons nous dans la robe, et finissons le rolle.
PANCRACE.	PANCRACE.
Venez vous me donner quelques avis importans?	Venez vous me donner quelques avis importants?
1 LE	1 LE
LE DOCTEUR.	LE DOCTEUR.
Je viens vous raconter un cas oxorbitans, L’Advocat.	Je viens vous raconter un cas oxorbitants, L'Avocat.
PANCRACE.	PANCRACE.
He bien quoy;	He bien quoi;
LE DOCTEUR.	LE DOCTEUR.
N’avoit rien que l’externe, Eſtant dans l’interieur ignorant ſubalterne, Outre qu’il eſt ſans doute un inſigne ſorſier.	N'avait rien que l'externe, Étant dans l'intérieur ignorant subalterne, Outre qu'il est sans doute un insigne sotsier.
PANCRACE.	PANCRACE.
Et de plus m’a t’on dit un méchant Savetier, Qui vouloit m’attraper;	Et de plus m'a -t'on dit un méchant Savetier, Qui voulait m'attraper;
mais je le feray pendre, Ne voulant ny ſorcier, ny Savetier pour gendre.	mais je le ferai pendre, Ne voulant Seigneur sorcier, ni Savetier pour gendre.
LE COUSIN.	LE COUSIN.
Je le connois fort bien, ſon nom eſt Bagolin.	Je le connais fort bien, son nom est Bagolin.
LE DOCTEUR Sçachez qu’en nous frotant, c’eſt homme diablotin, De me voir, le plus fort prevoyant ſa disgrace, N’a laiſſé dans mes mains, qu’une robe en ſa placc.	LE DOCTEUR Sachez qu'en nous frotant, c'est homme diablotin, De me voir, le plus fort prévoyant sa disgrâce, N'a laissé dans mes mains, qu'une robe en sa placc.
Mais il eſt de retour ſaiſiſſon nous de luy.	Mais il est de retour saisisson nous de lui.
PANCRACE.	PANCRACE.
Ha pendart, je te tiens, ou du moins ton eſtuy, Allons il faut dans peu venir à la Juſtice, Et dedans un bon feu, recevoir ton ſupplice.	Ha pendard, je te tiens, ou du moins ton étui, Allons il faut dans peu venir à la Justice, Et dedans un bon feu, recevoir ton supplice.
BAGOLIN.	BAGOLIN.
Quoy, pour eſtre Advocat, il faut eſtre grillé, Ha, l’on vera bien-toſt l’Advocat depouillé, Je veux eſtre pendu, en cas qu’on m’y r’atrape.	Quoi, pour être Aduocat, il faut être grillé, Ha, l'on vera bientôt l'Advocat dépouillé, Je veux être pendu, en cas qu'on m'y raï rape.
PANCRACE.	PANCRACE.
e Tenez le bien tous deux, de crainte qu’il n’eſchapJe m’en vais appeller le Sergent du quartier, Hola.	Je Tenez le bien tous deux, de crainte qu'il n'échappe m'en vais appeler le Sergent du quartier, Holà.
PAN	PAN
PANCRACE.	PANCRACE.
Nous avons un Sorcier Qui faut mettre en priſon, ſans tarder d’avantage.	Nous avons un Sorcier Qui faut mettre en prison, sans tarder d'avantage.
Teneaslen	Teneaslen
LE DOCTEUR.	LE DOCTEUR.
N’ayez peur.	N'ayez peur.
SERGENT.	SERGENT.
Voyons le perſonnage;	Voyons le personnage;
Ah galand!	Ah galant!
je te tien, c’eſt de la part du Roy, Allons y faut marcher, vous moquez vous de moy, Pourquoy mettre en priſon cette jaquette noir?	je te tien, c'est de la part du Roi, Allons y faut marcher, vous moquez vous de moi, Pourquoi mettre en prison cette jaquette noir?
LE DOCTEUR.	LE DOCTEUR.
Il eſt plus fin que nous, autre tour de grimoir.	Il est plus fin que nous, autre tour de grimoir.
PANCRACE.	PANCRACE.
Monſieur, nous nous eſtions de ſon corps emparé, Mais comme il eſt ſorcier y s’eſt evaporé.	Monsieur, nous nous étions de son corps emparé, Mais comme il est sorcier y s'est évaporé.
SERGENT.	SERGENT.
Il faut courir aprés, mais ſi l’on vous l’ameine.	Il faut courir après, mais si l'on vous l'amène.
PANCRACE.	PANCRACE.
Et vous, & vos records, chacun aura ſa peine, Voſtre argent eſt tout preſt, s’y peut-eſtre arreſté, Mais ſans perdre de temps courons de ce coſté.	Et vous, et vos records, chacun aura sa peine, Votre argent est tout prêt, s'y peut-être arrêté, Mais sans perdre de temps courons de ce côté.
SCENE IX.	SCÈNE IX.
BAGOLIN, ſeulE n’ay jamais mieux fait, voyant cette ſequelle, Que d’avoir ſans rien dire enfillé la venelle, j'eſtois pris pour un ſot, & ſous mon habit noir, Dans une baſſe foſſe on me fut venu voir, Er l’on eut fait chanter, dans cette belle Cage, A l’Avocat bibus, un diable de ramage, Que l’Avocaſſerce, eſt un méchant mettier, Il eſt plus dangereux que d’eſtre Savetier.	BAGOLIN, seulE n'ai jamais mieux fait, voyant cette séquelle, Que d'avoir sans rien dire enfillé la venelle, j'étais pris pour un sot, et sous mon habit noir, Dans une basse fosse on me fut venu voir, Er l'on eut fait chanter, dans cette belle Cage, A l'Avocat bibus, un diable de ramage, Que l'Avocacerce, est un méchant mettier, Il est plus dangereux que d'être Savetier.
Reprenons dont ſans bruït la manicle, & la forme, Et pour eſtre Advocat, qu’on m’attende ſous l’orme, ’en avois pour mon conte, & ſi je n’eus drillé, Le pauvre Bagolin alloit eſtre eſtrillé.	Reprenons dont sans bruït Le manicle, et la forme, Et pour être Adocat, qu'on m'attende sous l'orme, 'en avais pour mon conte, et si je n'eus drillé, Le pauvre Bagolin allait être étrillé.
SCE	SCE
SCENE X LE COUSIN, SERGENT, BAGOLIN.	SCÈNE X LE COUSIN, SERGENT, BAGOLIN.
LECOUSIN.	LECOUSIN.
joilà noſtre galant, niché dans ſa boutique, Songez en le prenant, qu’il entent l’art magique, Que pour eſtre inviſible il n’a qu’à le vouloir.	joilà notre galant, niché dans sa boutique, Songez en le prenant, qu'il entent l'art magique, Que pour être invisible il n'a qu'à le vouloir.
SERGENT.	SERGENT.
Le Sorcier en nos mains, n’a plus aucun Pouvoir.	Le Sorcier en nos mains, n'a plus aucun Pouvoir.
C’eſt de la part du ſoy.	C'est de la part du soi.
BAGOLIN.	BAGOLIN.
He bien, quoy?	He bien, quoi?
SERGENT.	SERGENT.
De venir en Priſon.	De venir en Prison.
Que je vous Commande.	Que je vous Commande.
BAGOLIN.	BAGOLIN.
A vous, à voſtre bande, Je commande à mon tour, que ſans plus retarder, Vous n’ayez en ce lieu rien à me commnander.	À vous, à votre bande, Je commande à mon tour, que sans plus retarder, Vous n'ayez en ce lieu rien à me commander.
A moins que vous voulez que la Savaterie, Sans aille faire un tour, ſur voſtre friperie.	À moins que vous voulez que la Savaterie, Sans aille faire un tour, sur votre friperie.
SCENE XI.	SCÈNE XI.
PANCRACE, BAGOLIN, RECORDS, LE DOCTEUR, SERGENT.	PANCRACE, BAGOLIN, RECORDS, LE DOCTEUR, SERGENT.
PANCRACE.	PANCRACE.
JOilà noſtre Advocat, noſtre illuſtre enchant eur, Viſte, viſte, Sergent ſaiſiſſez l’impoſteur.	JOilà notre Advocat, notre illustre enchant eur, Vite, vite, Sergent saisissez l'imposteur.
BAGOLIN.	BAGOLIN.
Ah!	Ah!
vieux fols eſdanté tu veux dont qu’on m’arreſte, Ce coup eſt pour ton conte.	vieux fols esdanté tu veux dont qu'on m'arrête, Ce coup est pour ton conte.
RECORDS.	RECORDS.
Ah!	Ah!
L’épaule!	L'épaule!
LE	LE
LE DOCTEUR.	LE DOCTEUR.
Ah!	Ah!
la reſte!	la reste!
PANCRACE.	PANCRACE.
Saiſiſſez le Records.	Saisissez le Records.
SERGENT.	SERGENT.
Il nous eſt échapé, Courons aprés enfans, & qui ſoit attrapé.	Il nous est échappé, Courons après enfants, et qui soit attrapé.
SCENE XII.	SCÈNE XII.
LISIMENE, ROSANDRE.	LISIMENE, ROSANDRE.
LISIMENE.	LISIMENE.
Ouy Roſandre, il eſt temps de faire voir Roſandre C’eſt trop joüer mon Pere, & c’eſt trop l’entreprendre, L’honneur.	Oui Rosandre, il est temps de faire voir Rosandre C'est trop joüer mon Père, et c'est trop l'entreprendre, L'honneur.
mais quel grand bruit provient juſquesicy?	mais quel grand bruit provient jusquesici?
ROSANDRE.	ROSANDRE.
Ce ſera Bagolin qui fuyant.	Ce sera Bagolin qui fuyant.
le voicy.	le voici.
SCENE XIII.	SCÈNE XIII.
RECORDS, SERGENT, LISIMENE.	RECORDS, SERGENT, LISIMENE.
ROSANDRE, LE DOCTEUR, PANCRACE, LE COUSIN.	ROSANDRE, LE DOCTEUR, PANCRACE, LE COUSIN.
A RECORDS.	À RECORDS.
Rreſte, arreſte.	Rrête, arrête.
A SERGENT.	À SERGENT.
Viſte, que l’on le prenne, Il m’a tant fait courir, que j’en ſuis hors d’halaine.	Vite, que l'on le prenne, Il m'a tant fait courir, que j'en suis hors d'halaine.
RECORDS.	RECORDS.
Qu’on le prenne au collet, il doit eſtre en ces lieux, Il c’eſt evanouy tout d’un coup à nos jeux, c’eſt un franc enchanteur, l’y gagerois ma teſte, Viſitons viſitons bien partout, il faut.	Qu'on le prenne au collet, il doit être en ces lieux, Il c'est évanoui tout d'un coup à nos jeux, c'est un franc enchanteur, l'y gagerais ma tête, Visitons visitons bien partout, il faut.
arreſte, arreſte,	arrête, arrête,
LISIMENE.	LISIMENE.
La piece eſt admirable, & pour n’en rire pas, Il faudroit au plaiſirs ne trouver nul appas.	La pièce est admirable, et pour n'en rire pas, Il faudrait au plaisirs ne trouver nul appas.
RECORDS.	RECORDS.
Au Sorcier, au Sorcier.	Au Sorcier, au Sorcier.
LISIMENE.	LISIMENE.
La priſſe eſt infaillible.	La prisse est infaillible.
Daree vous .	Darée -vous .
RECORDS.	RECORDS.
SERGENT.	SERGENT.
Et deux fois qui ſe rend inviſible;	Et deux fois qui se rend invisible;
Nous le tenions au dos quand il a diſparu.	Nous le tenions au dos quand il a disparu.
LE DOCTEUR.	LE DOCTEUR.
Souvent le lievre eſt pris, quand il a bien couru, viſitons bien par tout.	Souvent le lièvre est pris, quand il a bien couru, visitons bien par tout.
BAGOLIN.	BAGOLIN.
Gagnons au pied, & viſte.	Gagnons au pied, et vite.
LE DOCTEUR.	LE DOCTEUR.
Nous tenons le Renard, il eſt pris dans le gite.	Nous tenons le Renard, il est pris dans le gite.
PANCRACE.	PANCRACE.
L’Enchanteur eſt il pris, & malgré ſon pouvoir.	L'Enchanteur est il pris, et malgré son pouvoir.
ERGENT.	ERGENT.
Il eſt dans cette caiſſe, & vous le pouvez voir.	Il est dans cette caisse, et vous le pouvez voir.
PANCRACE.	PANCRACE.
Il faut qu’à mon plaiſir maintenant je le d’aube.	Il faut qu'à mon plaisir maintenant je le d'aube.
LE DOCTEUR.	LE DOCTEUR.
Il s’eſt evanoüy, comme il fait de la Robe.	Il s'est evanoüy, comme il fait de la Robe.
Mais Chut ne ditte mot, j’apperçois ſon ſecret, Et le pendart eſt pris ſi plus y ſi remet, Il ne nous fera plus une troiziéme piece, Nous n’avons dans ce lieu qu’a remettre la caiſſe, Et s’il y rentre, encore, il faudra l’inveſtir, C’eſt un diable, s’il a le pouvoir d’en ſortir.	Mais Chut ne ditte mot, j'aperçois son secret, Et le pendard est pris si plus y si remet, Il ne nous fera plus une troizième pièce, Nous n'avons dans ce lieu qu'a remettre la caisse, Et s'il y rentre, encore, il faudra l'investir, C'est un diable, s'il a le pouvoir d'en sortir.
LE COUSIN.	LE COUSIN.
Bon, bon, que ditte vous?	Bon, bon, que ditte -vous?
une autre adreſſe preſſe, Si-toſt.	une autre adresse presse, Sitôt.
BAGOLIN.	BAGOLIN.
Bon jour, bon jour.	Bon jour, bon jour.
RECORDS.	RECORDS.
Arreſte, arreſte.	Arrête, arrête.
LISIMENE.	LISIMENE.
Bagolin comme il faut, egaye ſes Eſprits, Ce trait qui les ſurprent, m’a dans l’abord ſurpris.	Bagolin comme il faut, égaye ses Esprits, Ce trait qui les surprent, m'a dans l'abord surpris.
ROSANDRE.	ROSANDRE.
Ouy, je trouve à mon ſens l’invention jolie, Elle ſeroit plaiſante, en une Comedie;	Oui, je trouve à mon sens l'invention jolie, Elle serait plaisante, en une Comédie;
Mais encore une fois les voicy de retour.	Mais encore une fois les voici de retour.
RECORDS.	RECORDS.
Au Sorcier, au Sorcier.	Au Sorcier, au Sorcier.
LE DOCTEUR.	LE DOCTEUR.
Mettez vous à l’entour, Il vous a dit bon ſoir, donnez luy le bon jour.	Mettez -vous à l'entour, Il vous a dit bon soir, donnez lui le bon jour.
PANCRACE.	PANCRACE.
Ah!	Ah!
Sorciez mon amy, ta magie eſtant vaine, De m’avoir fait courir, tu payeras la peine, Il faut dans un cachot, le faire dégoiſſer.	Sorciez mon ami, ta magie étant vaine, De m'avoir fait courir, tu payeras la peine, Il faut dans un cachot, le faire dégoisser.
LISIMENE.	LISIMENE.
Non mon Pere, il eſt temps de vous desabuſer, C’eſt homme eſt innocent, mais puis qu’il faut tout dire, Tout & qu’il s’eſt paſſé, ne s’eſt fait que pour rire.	Non mon Père, il est temps de vous désabuser, C'est homme est innocent, mais puis qu'il faut tout dire, Tout et qu'il s'est passé, ne s'est fait que pour rire.
Bagolin?	Bagolin?
PANCRACE.	PANCRACE.
BAGOLIN.	BAGOLIN.
Bagolin, bien loin d’eſtre Sorcier, N’a jamais eu l’eſprit que d’eſtre Savetier.	Bagolin, bien loin d'être Sorcier, N'a jamais eu l'esprit que d'être Savetier.
LISIMENE.	LISIMENE.
Mon Pere connoiſſez.	Mon Père connaissez.
PANCRACE.	PANCRACE.
Qui ma fille?	Qui ma fille?
LISIMENE.	LISIMENE.
Roſandre.	Rosandre.
ROSANDRE.	ROSANDRE.
Qui pretend à l’honneur, de ce voir voſtre gendre;	Qui prétend à l'honneur, de ce voir votre gendre;
une lettre fait foy, de ce que je vous dis:	une lettre fait foi, de ce que je vous dis:
Je ſuis pour ce ſujet arrivé de Paris, J’ay faiſly vous joüant, mais pour r’avoir ma grace.	Je suis pour ce sujet arrivé de Paris, J'ai faisli vous jouant, mais pour ravoir ma grâce.
PAN	PAN
PANCRACE.	PANCRACE.
Roſandre mon enfant, ah!	Rosandre mon enfant, ah!
que je vous embraſſe, Liſimene eſt à vous, puis que je l’ay promis, Je ne pouvois trouver un plus aimable fils.	que je vous embrasse, Lisimène est à vous, puis que je l'ai promis, Je ne pouvais trouver un plus aimable fils.
ROSANDRE.	ROSANDRE.
C’eſt le meilleur effet de ma bonne fortune;	C'est le meilleur effet de ma bonne fortune;
Monſieur.	Monsieur.
SERGENT.	SERGENT.
PANCRACE.	PANCRACE.
Je vous entens, voilà de la pequeune, Pour vous le cher amy, vous ſerez du feſtin.	Je vous entends, voilà de la péqueune, Pour vous le cher ami, vous serez du festin.
LE DOCTEUR.	LE DOCTEUR.
Le Philoſophe dit, que quand un bon deſſein.	Le Philosophe dit, que quand un bon dessein.
BAGOLIN.	BAGOLIN.
Et le pauvre Advocat n’aura rien pour ſa peine?	Et le pauvre Advocat n'aura rien pour sa peine?
ROSANDRÉ.	ROSANDR.
Bagolin, dix louis, ſeront pour ton Eſtrene.	Bagolin, dix louis, seront pour ton Estrene.
rort bien.	rort bien.
BAGOLIN.	BAGOLIN.
PANCRACE.	PANCRACE.
Rentrons, & des demain ſans perdre ple de temps, Rendons par cette himene, tous vos deſirsconrent	Rentrons, et des demain sans perdre ple de temps, Rendons par cette hymène, tous vos désirsconrent
