M.	M.
DC.	DC.
LXXXI.	LXXXI.
AVEC PERMISSION.	AVEC PERMISSION.
Mr DE LA FOREST, Amant de Floricẽ.	Mr DE LA FOREST, Amant de Floricence.
Mr TAQUINET, Oncle de Mr de la Foreſt.	Mr TAQUINET, Oncle de Mr de la Forêt.
Mme LA COMTESSE DE	Même LA COMTESSE DE
GOUSTIGNAN.	GOUSTIGNAN.
MATURIN, Valet de l’Aſtrologue.	MATURIN, Valet de l'Astrologue.
FRANCOISE, Servante.	FRANÇOISE, Servante.
DEUX VALETS de la Comteſſe.	DEUX VALETS de la Comtesse.
La Scene est à Paris au Logis de l'Aſtrologue.	La Scène est à Paris au Logis de l'Astrologue.
LA COMETE, COMEDIE.	LA COMÈTE, COMÉDIE.
SCENE I MATURIN, FRANCOISE.	SCÈNE I MATURIN, FRANÇOISE.
MATURIN.	MATURIN.
OILA donc noſtre jeune Maîtreſſe ſur le point de ſe marier à Monſieur de la Foreſt?	ÔILA donc notre jeune Maîtresse sur le point de se marier à Monsieur de la Forêt?
FRANCOISE.	FRANÇOISE.
Oüy, Maturin, c’eſt aujourd’huy que le Contract ſe doit ſigner, & les Nôces ſe feront au premier jour.	Oui, Maturin, c'est aujourd'hui que le Contrat se doit signer, et les Nôces se feront au premier jour.
C’eſt autant de bon temps qui nous vient, Maturin;	C'est autant de bon temps qui nous vient, Maturin;
nous nous réjouirons d’importance.	nous nous réjouirons d'importance.
MATURIN.	MATURIN.
Je m’y attens bien.	Je m'y attends bien.
Aparemment il n’y aura rien d’épargné à la Feſte.	Aparemment il n'y aura rien d'épargné à la Fête.
Monſieur de la Foreſt eſt riche, & noſtre Maître a auſſi amaſſe bien de l’argent avec ſon Aſtrologie.	Monsieur de la Forêt est riche, et notre Maître a aussi amasse bien de l'argent avec son Astrologie.
Morbleu, Françoiſe, c’eſt un bon Métier que d’eſtre Aſtrologue.	Morbleu, Française, c'est un bon Métier que d'être Astrologue.
Je tâche à l’apprendre ſans qu’il y paroiſſe.	Je tâche à l'apprendre sans qu'il y paraisse.
Je ramaſſe avec ſoin tout ce que noſtre Maître dit;	Je ramasse avec soin tout ce que notre Maître dit;
& pour te faire voir combien j’ay fait de progrés, tu vas eſtre toute étonné?	et pour te faire voir combien j'ai fait de progrès, tu vas être toute étonné?
Tien, je travaille à un Almanach pour l’Année quatre-vingts un où nous ſommes preſts d’entrer.	Tiens, je travaille à un Almanach pour l'Année quatre-vingts un où nous sommes prêts d'entrer.
FRANCOISE.	FRANÇOISE.
Un Almanach!	Un Almanach!
Tu es donc un grand Docteur?	Tu es donc un grand Docteur?
MATURIN.	MATURIN.
J’en ay déja fait une bonne partie.	J'en ai déjà fait une bonne partie.
j’ay compoſé tous les jours de tous les Mois, & je viens tout fraîchement d’achever Decembre.	j'ai composé tous les jours de tous les Mois, et je viens tout fraîchement d'achever Décembre.
Mais il me reſte une petite difficulté, ſur laquelle je te veux conſulter.	Mais il me reste une petite difficulté, sur laquelle je te veux consulter.
Je ne ſçay ſi à la fin de mon Almanach (car il faut un peu le groſſir) je dois mettre les Vies de quelques Grands Hommes, ou la maniere de planter des Choux.	Je ne sais si à la fin de mon Almanach (car il faut un peu le grossir) je dois mettre les Vies de quelques Grands Hommes, ou la manière de planter des Choux.
FRANCOISE.	FRANÇOISE.
Je croy que tu dois t’en tenir aux Choux.	Je crois que tu dois t'en tenir aux Choux.
Cela me ſemble eſtre aſſez de ta portée.	Cela me semble être assez de ta portée.
Mais ſur tout, n’oublie pas de te faire peindre au commencement de ton Almanach les Inſtrumens à la main, & lorgnant les Etoiles.	Mais sur tout, n'oublie pas de te faire peindre au commencement de ton Almanach les Instruments à la main, et lorgnant les Étoiles.
MATURIN.	MATURIN.
je gage qu’il ſeroit vendu ſeulement ſur la bonne mine que j’auray dans mon Portrait, car tous ces autres Aſtrologues ont toûjours de certains diables de viſages auſſi extraordinaires.	je gage qu'il serait vendu seulement sur la bonne mine que j'aurai dans mon Portrait, car tous ces autres Astrologues ont toujours de certains diables de visages aussi extraordinaires.
FRANCOISE.	FRANÇOISE.
Et comment as-tu fait pour prédire le beau & le mauvais temps?	Et comment as-tu fait pour prédire le beau et le mauvais temps?
MATURIN.	MATURIN.
Comme ils font tous.	Comme ils font tous.
Les Aſtres ne ſont pas trop de ma connoiſſance.	Les Astres ne sont pas trop de ma connaissance.
J’ay eu recours à trois Dez.	J'ai eu recours à trois Dés.
Quand j’ay eu de certains coups, ’ay mis, Frimats;	Quand j'ai eu de certains coups, 'ai mis, Frats;
à d’autres, Gelée blanche;	à d'autres, Gelée blanche;
à d’autres, Vents humides avec tonnerre, & ainſi du reſte.	à d'autres, Vents humides avec tonnerre, et ainsi du reste.
Tu en ris?	Tu en ris?
Tu verras que mes trois Dez auront deviné juſte.	Tu verras que mes trois Dés auront deviné juste.
Mais voicy noſtre jeune Maîtreſſe.	Mais voici notre jeune Maîtresse.
Q SCENE II FLORICE, FRANCOISE, MATURIN.	Q SCÈNE II FLORICE, FRANÇOISE, MATURIN.
FRANCOISE.	FRANÇOISE.
Cavez vous que Maturin s’eſt J mis en teſte de devenir habile Homme, & qu’il ſe prépare à vous dédier un Almanach de ſa façon, quand vous ſerez Mâdame de la Foreſt?	Cavez -vous que Maturin s'est J mis en tête de devenir habile Homme, et qu'il se prépare à vous dédier un Almanach de sa façon, quand vous serez Mâdame de la Forêt?
FLORICE.	FLORICE.
Tout-de-bon, Maturin?	Tout-de-bon, Maturin?
MATURIN.	MATURIN.
Laiſſez-moy faire.	Laissez-moi faire.
Je vous y prédiray tant de bonheurs, qu’il ne tiendra pas à moy que vous ne ſoyez ſatisfaite du Mariage.	Je vous y prédirai tant de bonheurs, qu'il ne tiendra pas à moi que vous ne soyez satisfaite du Mariage.
Quand je ſeray encor plus ſçavant que je ne	Quand je serai encor plus sçavant que je ne
ſuis, je tireray l’Horoſcope de tous Meſſieurs vos Enfans.	suis, je tirerai l'Horoscope de tous Messieurs vos Enfants.
Je les feray naîtré ſous des Conſtellations merveilleuſes, & je vous promets déja par avance, qu’il n’y en aura aucun Borgne ny Boiteux.	Je les ferai naîtré sous des Constellations merveilleuses, et je vous promets déjà par avance, qu'il n'y en aura aucun Borgne ni Boiteux.
FRANCOISE.	FRANÇOISE.
Voyez le grand Aſtrologue, de promettre de beaux Enfans à une Perſonne belle & bien faite!	Voyez le grand Astrologue, de promettre de beaux Enfants à une Personne belle et bien faite!
FLORICE.	FLORICE.
N’importe, Françoiſe, je voy toûjours la bonne intention de Maturin, & je prétens bien que le jour de mes Nôces, vous ayez tous deux ſujet de vous loüer de ma liberalité, & de celle de Monſieur de la Foreſt.	N'importe, Française, je vois toujours la bonne intention de Maturin, et je prétends bien que le jour de mes Nôces, vous ayez tous deux sujet de vous louer de ma libéralité, et de celle de Monsieur de la Forêt.
FRANCOISE.	FRANÇOISE.
Le voicy juſtement qui vient.	Le voici justement qui vient.
11 GCENE III.	11 GCENE III.
M' DE LA FOREST, FLORICE, FRANCOISE, MATURIN.	M' DE LA FOREST, FLORICE, FRANÇOISE, MATURIN.
Out ſe prépare pour mon bonheur, belle Flonce.	Out se prépare pour mon bonheur, belle Flonse.
L’Oncle dont vous ſçavez que j’hérite, a donné avec joye ſon conſentement à noſtre Mariage, & il va ſe rendre icy pour ſigner le Contract avec Monſieur voſtre Pere.	L'Oncle dont vous savez que j'hérite, a donné avec joie son consentement à notre Mariage, et il va se rendre ici pour signer le Contract avec Monsieur votre Père.
Partagez vous un peu la joye que je ſens, & voſtre cœur.	Partagez -vous un peu la joie que je sens, et votre cœur.
FLORICE.	FLORICE.
Doutez-vous qu’il ne ſe faſſe un grand plaiſir de l’obeïſſance que je dois à mon Pere, depuis qu’il s’eſt déclaré en voſtre faveur?	Doutez-vous qu'il ne se fasse un grand plaisir de l'obéissance que je dois à mon Père, depuis qu'il s'est déclaré en votre faveur?
Nous ne ſommes pas trop malheureux d’eſtre venus à bout de ſon eſprit, & je vous avouë que j’ay tremble mille fois pour vous.	Nous ne sommes pas trop malheureux d'être venus à bout de son esprit, et je vous avoue que j'ai tremble mille fois pour vous.
Mr DE LA FOREST.	Mr DE LA FOREST.
Il eſt vray que les Gens de ſa Profeſſion ſont d’une humeur aſſez difficile, & que le commerce qu’ils ont avec les Aſtres, les rend d’ordinaire aſſez peu propres à en avoir avec les Hommes.	Il est vrai que les Gens de sa Profession sont d'une humeur assez difficile, et que le commerce qu'ils ont avec les Astres, les rend d'ordinaire assez peu propres à en avoir avec les Hommes.
FLORICE.	FLORICE.
Aparemment, mon Pere a conſulté les Etoiles ſur noſtre Mariage.	Aparemment, mon Père a consulté les Étoiles sur notre Mariage.
Il faut qu’elles ne luy ayent rien promis que d’heureux, & nous devons eſtre aſſez contens de voir que les Influences Celeſtes s’accordent avec celles que l’Amour a ſçeu verſer dans nos cœurs.	Il faut qu'elles ne nous aient rien promis que d'heureux, et nous devons été assez contents de voir que les Influences Célestes s'accordent avec celles que l'Amour a su verser dans nos cœurs.
Mr DE LA FOREST.	Mr DE LA FOREST.
Pour moy, belle Florice, il eſtoit de ma deſtinée de vous aimer, & mon panchant.	Pour moi, belle Florice, il était de ma destinée de vous aimer, et mon penchant.
Mais voicy voſtre Pere.	Mais voici votre Père.
Il ſemble que ſon viſage ne 1 poauice rien de bon.	Il semble que son visage ne 1 pavice rien de bon.
SCENE IV.	SCÈNE IV.
Mr DE LA FOREST, FLORICE, L’ASTROLOGUE, MATURIN, FRANCOISE.	Mr DE LA FOREST, FLORICE, L'ASTROLOGUE, MATURIN, FRANÇOISE.
L’ASTROLOGUE.	L'ASTROLOGUE.
Ue de fleaux pour l’Année prochaine!	Que de fléaux pour l'Année prochaine!
Que d’orages, que de famine, que de peſte, que de guerre!	Que d'orages, que de famine, que de peste, que de guerre!
MATURIN.	MATURIN.
Bon, voila qui eſt fort propre à mettre dans mon Almanach.	Bon, voilà qui est fort propre à mettre dans mon Almanach.
J’atrape toûjours quelque choſe.	J'atrape toujours quelque chose.
Mr DE LA FOREST.	Mr DE LA FOREST.
Monſieur, que voulez-vous dire?	Monsieur, que voulez-vous dire?
L’ASTROLOGUE.	L'ASTROLOGUE.
Ah, mon pauvre Monſieur de la Foreſt, des Feux allumez dans l’air, des Queuës épouvantables qui tiennent la cinquiéme partie d’un grãd Cercle, ou afin que vous m’entendiez mieux, des Queuës qui ont plus de quinze arpens de long.	Ah, mon pauvre Monsieur de la Forêt, des Feux allumés dans l'air, des Queues épouvantables qui tiennent la cinquième partie d'un grand Cercle, ou afin que vous m'entendiez mieux, des Queus qui ont plus de quinze arpens de long.
MATURIN.	MATURIN.
Des Queuës de quinze arpens de long, ma chere Françoiſe!	Des Queus de quinze arpens de long, ma chère Française!
Je n’oubliëray pas celuy-cy.	Je n'oublierai pas celui-cy.
Mr DE LA FOREST.	Mr DE LA FOREST.
Monſieur, expliquez-vous donc plus nettement, s’il vous plaiſt.	Monsieur, expliquez-vous donc plus nettement, s'il vous plaît.
Nous voila tous alarmez ſans ſçavoir dequoy.	Nous voilà tous alarmés sans savoir dequoy.
L’ASTROLOGUE.	L'ASTROLOGUE.
Tout eſt perdu.	Tout est perdu.
Je viens de voir une afreuſe Comete qui paſſe ſur nos teſtes.	Je viens de voir une agréuse Comète qui passe sur nos têtes.
Mr DE LA FOREST.	Mr DE LA FOREST.
Hé bien, il faut la laiſſer paſſer.	Hé bien, il faut la laisser passer.
L’ASTROLOGÜE.	L'ASTROLOGÜE.
Comment, la laiſſer paſſer!	Comment, la laisser passer!
Oüy, de par le Diable, il faut la laiſſer paſſer;	Oui, de par le Diable, il faut la laisser passer;
mais elle ne paſſera pas ſans nous le faire bien ſçavoir.	mais elle ne passera pas sans nous le faire bien sçavoir.
Que je te plains, pauvre GenreHumain!	Que je te plains, pauvre GenreHumain!
FLORICE.	FLORICE.
Hé, mon Pere, dequoy eſt-il tant à plaindre?	Hé, mon Père, dequoy est-il tant à plaindre?
L’ASTROLOGUE.	L'ASTROLOGUE.
Jamais le Ciel ne verſa ſur luy de ſi malignes Influences.	Jamais le Ciel ne versa sur lui de si malignes Influences.
C’eſt mille fois pis que ſi Saturne & la Lune eſtoient conjoints, ou que Mars & Mercure fuſſent en aſpect Sextil.	C'est mille fois pis que si Saturne et la Lune étaient conjoints, ou que Mars et Mercure fussent en aspect Sextil.
Ne ſongez pas à vous marier, Monſieur de la Foreſt, voicy un temps trop funeſte.	Ne songez pas à vous marier, Monsieur de la Forêt, voici un temps trop funeste.
M DE LA FOREST.	M ME LA FOREST.
Quoy, Monſieur, parce qu’il paroiſt une Comete.	Quoi, Monsieur, parce qu'il paraît une Comète.
L’ASTROLOGUE.	L'ASTROLOGUE.
Tant que la Comete durera, ou qu’il reſtera dans le Ciel le moindre morceau de ſa Queuë, ſoyez bien ſeûr que vous n’épouſerez point ma Fille.	Tant que la Comète durera, ou qu'il restera dans le Ciel le moindre morceau de sa Queue, soyez bien sûr que vous n'épouserez point ma Fille.
Mr DE LA FOREST.	Mr DE LA FOREST.
Ne m’avez-vous pas engagé voſtre parole?	Ne m'avez-vous pas engagé votre parole?
L’ASTROLOGUE.	L'ASTROLOGUE.
Oh, la Comete la retracte.	Oh, la Comète la retracte.
FLORICE.	FLORICE.
Mon Pere, ſongez-vous bien.	Mon Père, songez-vous bien.
L’ASTROLOGUE.	L'ASTROLOGUE.
Taiſez-vous, petite Impertinente, à qui une Comete n’eſt pas capable d’oſter la démangeaiſon de ſe marier.	Taisez-vous, petite Impertinente, à qui une Comète n'est pas capable d'ôter la démangeaison de se marier.
Mr DE LA FOREST.	Mr DE LA FOREST.
Hé, Monſieur, croyez-vous tout de bon que les Aſtres s’inquiétent de noſtre Mariage?	Hé, Monsieur, croyez-vous tout de bon que les Astres s'inquiètent de notre Mariage?
Vous leur donnez bien de la pratique, ſi vous voulez qu’ils ſe meſlent de tous les menus tracas qui occupent les Hommes.	Vous leur donnez bien de la pratique, si vous voulez qu'ils se mêlent de tous les menus tracas qui occupent les Hommes.
L’ASTROLOGUE.	L'ASTROLOGUE.
Que voulez-vous dire?	Que voulez-vous dire?
Ce grand Livre du Ciel, imprimé en Caracteres de feu, ne contient-il pas les Deſtinées de tous les Hommes?	Ce grand Livre du Ciel, imprimé en Caractères de feu, ne contient-il pas les Destinées de tous les Hommes?
M DE LA FOREST.	M ME LA FOREST.
Permettez-moy de vous dire que ce grand Livre n’eſt pas fort aiſé à déchifrer, & qu’avec toutes vos Lunetes vous avez bien de la peine à en lire quelques mots.	Permettez-moi de vous dire que ce grand Livre n'est pas fort aisé à déchifrer, et qu'avec toutes vos Lunetes vous avez bien de la peine à en lire quelques mots.
L’ASTROLOGUE.	L'ASTROLOGUE.
Non, ce n’eſt pas pour vous ſansdoute qu’il eſt écrit.	Non, ce n'est pas pour vous sansdoute qu'il est écrit.
Il n’appartient qu’à nous autres Deſcendans du fameux Noſtradamus, de déveloper ces myſteres.	Il n'appartient qu'à nous autres Descends du fameux Nôtradamus, de développer ces mystères.
A quoy ſerviroient, à voſtre avis, tous ces Aſpects des Aſtres, Sextils, Trin & Quadrat?	À quoi serviraient, à votre avis, tous ces Aspects des Astres, Sextils, Trin et Quadrat?
A quoy ſerviroient ces Conjonctions, ces Oppoſitions, ces Stations, ces Directions, ces Retrogradations?	À quoi serviraient ces Conjonctions, ces Oppositions, ces Stations, ces Directions, ces Retrogradations?
MATURIN prenant ſes Tabletes.	MATURIN prenant ses Tabletes.
Mettons cecy ſur nos Tabletes.	Mettons ceci sur nos Tabletes.
La peſte, que me voila riche!	La peste, que me voilà riche!
Mr DE LA FOREST.	Mr DE LA FOREST.
Tout cela ſert à faire rouler les Planetes dans le Ciel, à les faire aller & venir.	Tout cela sert à faire rouler les Planètes dans le Ciel, à les faire aller et venir.
Elles vont leur train, & nous laiſſent aſler le noſtre.	Elles vont leur train, et nous laissent asler le nôtre.
L’ASTROLOGUE.	L'ASTROLOGUE.
Il ſuffit de vous faire regarder une Comete pour vous confondre.	Il suffit de vous faire regarder une Comète pour vous confondre.
Sa figure extraordinaire, ſa lumiere rougeâtre, cette queuë, cette barbe, cette chevelure;	Sa figure extraordinaire, sa lumière rougeâtre, cette queue, cette barbe, cette chevelure;
tout cela ne vous inſpire-t-il pas naturellement de la frayeur?	tout cela ne vous inspire-t-il pas naturellement de la frayeur?
Mr DE LA FOREST.	Mr DE LA FOREST.
A moy?	À moi?
Non.	Non.
Je trouve cela fort beau.	Je trouve cela fort beau.
C’eſt un nouvel Aſtre, dont le Ciel nous favoriſe.	C'est un nouvel Astre, dont le Ciel nous favorise.
Et pourquoy ne veut-on pas croire qu’il nous annonce par là quelque bonheur?	Et pourquoi ne veut-on pas croire qu'il nous annonce par là quelque bonheur?
N’y a-t-il pas préſentement mille Gens heureux, qui ont autant de droit de remercier la Comete de leur felicité, que les Malheureux.	N'y a-t-il pas présentement mille Gens heureux, qui ont autant de droit de remercier la Comète de leur félicité, que les Malheureux.
ont droit de ſe prendre à elle de leur infortune?	ont droit de se prendre à elle de leur infortune?
L’ASTROLOGUE.	L'ASTROLOGUE.
Pour vous, Monſieur de la Foreſt, vous n’aurez pas de remercîment à luy faire, & vous ne vous moquerez pas d’elle entre les bras de ma Fille?	Pour vous, Monsieur de la Forêt, vous n'aurez pas de remercîment à peine faire, et vous ne vous moquerez pas d'elle entre les bras de ma Fille?
Mr DE LA FOREST.	Mr DE LA FOREST.
Mais, Monſieur, écoutez-moy, je vous en conjure, & rendons nous un peu de juſtice.	Mais, Monsieur, écoutez-moi, je vous en conjure, et rendons nous un peu de justice.
Sommes-nous des Gens ſi importans, que nous puiſſions nous imaginer que le Ciel faſſe pour nous la dépenſe d’une Comete?	Sommes-nous des Gens si importants, que nous puissions nous imaginer que le Ciel fasse pour nous la dépense d'une Comète?
Si elle avoit à menacer.	Si elle avait à menacer.
quelqu’un;	quelqu'un;
au lieu que je ſuis perſuadé qu’elle ne menace perſonne, ſeroit-ce vous & moy qu’elle menaceroit?	au lieu que je suis persuadé qu'elle ne menace personne, serait-ce vous et moi qu'elle menacerait?
Voila un feu plus gros que toute la Terre qui s’allume dans le Ciel;	Voilà un feu plus gros que toute la Terre qui s'allume dans le Ciel;
& pourquoy cela?	et pourquoi cela?
pour empecher le Mariage de Mademoiſelle Florice, & de moy.	pour empêcher le Mariage de Mademoiselle Florice, et de moi.
L’ASTROLOGUE.	L'ASTROLOGUE.
Taiſez-vous petit eſprit, car je ſens que ma bile s’échaufe;	Taisez-vous petit esprit, car je sens que ma bile s'échauffe;
& ſi jainais.	et si jainais.
Mr DE LA FOREST.	Mr DE LA FOREST.
Je cede, puis qu’il le faut;	Je cède, puis qu'il le faut;
mais enfin.	mais enfin.
L’ASTROLOGUE.	L'ASTROLOGUE.
Et dites-moy.	Et dites-moi.
A-t-on jamais veu de Comete, ſans qu’il ſoit arrivé de grands malheur?	A-t-on jamais vu de Comète, sans qu'il soit arrivé de grands malheur?
Mr DE LA FOREST.	Mr DE LA FOREST.
Si vous voulez bien que je vous réponde, ne m’avoüerez-vous pas qu’il eſt bien arrivé de grands malheurs ſans Comete, ou plûtoſt qu’ils ſont preſque tous arrivez ſans Comete?	Si vous voulez bien que je vous réponde, ne m'avouerez-vous pas qu'il est bien arrivé de grands malheurs sans Comète, ou plutôt qu'ils sont presque tous arrivez sans Comète?
Pourquoy les uns ſont-ils annoncez, lors que d’autres, & meſme plus conſidérables, ne le ſont pas?	Pourquoi les uns sont-ils annoncez, lors que d'autres, et même plus considérables, ne le sont pas?
Quand il n’y a point de Comete, il faut bien que l’on s’en paſſe, & que l’on croye que tout eſt arrivé ſelon l’ordre naturel;	Quand il n'y a point de Comète, il faut bien que l'on s'en passe, et que l'on croie que tout est arrivé selon l'ordre naturel;
mais dés que le hazard veut qu’il en paroiſſe une, c’eſt juſtement elle qu’on rend reſponſable de tout le mal.	mais dès que le hasard veut qu'il en paraisse une, c'est justement elle qu'on rend responsable de tout le mal.
L’ASTROLOGUE.	L'ASTROLOGUE.
Qui pourroit ſouffrir ſans emportement.	Qui pourrait souffrir sans emportement.
GCENE V Mr DE LA FOREST, FLO.	GCENE V Mr DE LA FOREST, FLO.
RICE, L’ASTROLOGUE, Mr TAQUINET, FRANCOISE, MATURIN.	RICE, L'ASTROLOGUE, MAr TAQUINET, FRANÇOISE, MATURIN.
Mr TAQUINET.	Mr TAQUINET.
Ay bien de la joye, Monſieur, de voir entrer mon Neveu dans la.	Ai bien de la joie, Monsieur, de voir entrer mon Neveu dans la.
Famille d’un Homme auſſi illuſtre que vous;	Famille d'un Homme aussi illustre que vous;
& je viens avec beaucoup de plaiſir.	et je viens avec beaucoup de plaisir.
Mr DE LA FOREST.	Mr DE LA FOREST.
Helas, mon Oncle, il ne s’agit plus de cela, les choſes ont bien changé.	Hélas, mon Oncle, il ne s'agit plus de cela, les choses ont bien changé.
Monſieur ne veut plus me donner ſa Fille, parce qu’il paroiſt une Comete.	Monsieur ne veut plus me donner sa Fille, parce qu'il paraît une Comète.
M' TAQUINET.	M' AQUINET.
Parce qu’il paroiſt une Comete!	Parce qu'il paraît une Comète!
Et quelle raiſon eſt-ce là?	Et quelle raison est-ce là?
L’ASTROLOGUE.	L'ASTROLOGUE.
Elle eſt la meilleure du monde, & je ne mériterois pas d’eſtre Aſtrologue, ſi je n’obeïſſois pas à la défenſe que me fait le Ciel de paſſer plus outre.	Elle est la meilleure du monde, et je ne mériterais pas d'être Astrologue, si je n'obéissais pas à la défense que me fait le Ciel de passer plus outre.
Ne voudriez-vous point que pour vos beaux yeux je m’expoſaſſe à voir fondre ſur ma Maiſon les Procés, la Pauvreté, les Maladies, & tout l’attirail de la Cometez	Ne voudriez-vous point que pour vos beaux yeux je m'exposasse à voir fondre sur ma Maison les Procès, la Pauvreté, les Maladies, et tout l'attirail de la Cométez
Mr TAQUINET.	Mr TAQUINET.
En verité, je vous admire.	En vérité, je vous admire.
Ce Contract qu’on alloit ſigner, ce Mariage qu’on alloit faire, tout demeure là, à cauſe de cette Comete qui paroiſt?	Ce Contrat qu'on allait signer, ce Mariage qu'on allait faire, tout demeure là, à cause de cette Comète qui paraît?
Mr DE LA FOREST.	Mr DE LA FOREST.
Oüy aſſurément, & Monſieur s’obſtine à me refuſer l’aimable Florice.	Oui assurément, et Monsieur s'obstine à me refuser l'aimable Florice.
Mr TAQUINET.	Mr TAQUINET.
Vous vous moquez, cela ne ſe peut.	Vous vous moquez, cela ne se peut.
J’aurois cinquante Filles, que je les mariërois toutes à la barbe de la Comete.	J'aurais cinquante Filles, que je les marierais toutes à la barbe de la Comète.
L’ASTROLOGUE.	L'ASTROLOGUE.
Et moy, je n’en ay qu’une, qui ne ſera point mariée contre toutes les Regles de l’Aſtrologie.	Et moi, je n'en ai qu'une, qui ne sera point mariée contre toutes les Règles de l'Astrologie.
Mr TAQUINET.	Mr TAQUINET.
Voila de plaiſantes Regles.	Voilà de plaisantes Règles.
L’ASTROLOGUE.	L'ASTROLOGUE.
Vous eſtes bien plaiſant vous-meſme, de les attaquer.	Vous êtes bien plaisant vous-même, de les attaquer.
Mr TAQUINET.	Mr TAQUINET.
Eſtes vous tellement enteſté de vos rêveries.	Êtes vous tellement entêté de vos rêveries.
L’ASTROLOGUE.	L'ASTROLOGUE.
Eſtes-vous tellement enſevely dans voſtre ignorance.	Êtes-vous tellement enseveli dans votre ignorance.
Mr TAQUINET.	Mr TAQUINET.
Quoy, mon Neveu, vous voulez entrer dans la Famille d’un Hom	Quoi, mon Neveu, vous voulez entrer dans la Famille d'un Hom
Mr DE LA FOREST.	Mr DE LA FOREST.
Hé, mon Oncle.	Hé, mon Oncle.
L’ASTROLOGUE.	L'ASTROLOGUE.
Ne craignez point, il n’y entrera jamais.	Ne craignez point, il n'y entrera jamais.
Mr DE LA FOREST.	Mr DE LA FOREST.
Hé, Monſieur.	Hé, Monsieur.
Mr TAQUINET.	Mr TAQUINET.
Y eut-il jamais une idée plus creuſe?	Y eut-il jamais une idée plus creuse?
Mr DE LA FOREST.	Mr DE LA FOREST.
Ne vous emportez point, mon Oncle.	Ne vous emportez point, mon Oncle.
Vous mettez les choſes hors d’état de ſe racommoder.	Vous mettez les choses hors d'état de se racommoder.
Mr TAQUINET.	Mr TAQUINET.
Va, je te trouveray un meilleur Party.	Va, je te trouverai un meilleur Parti.
Tu deviendrois fou avec un Beaupere ſujet à ces viſions.	Tu deviendrais fou avec un Beaupère sujet à ces visions.
L’ASTROLOGUE.	L'ASTROLOGUE.
Non, il ne ſera point mon Gendre.	Non, il ne sera point mon Gendre.
Je m’attirerois à dos tous les Aſtres que vous revérez ſi peu.	Je m'attirerais à dos tous les Astres que vous reverez si peu.
Mr DE LA FOREST.	Mr DE LA FOREST.
Monſieur, ne prenez pas garde à ce que dit mon Oncle.	Monsieur, ne prenez pas garde à ce que dit mon Oncle.
Mon Oncle, n’aigriſſez point l’eſprit de Monſieur.	Mon Oncle, n'aigrissez point l'esprit de Monsieur.
L’ASTROLOGUE.	L'ASTROLOGUE.
Ah, je ne veux jamais entendre parler de vous.	Ah, je ne veux jamais entendre parler de vous.
Je ne ſçay qui me tient que je ne vange déja la Comete.	Je ne sais qui me tient que je ne venge déjà la Comète.
Mr TAQUINET.	Mr TAQUINET.
Je me moque de voſtre vangeance, & de la ſienne, & de toutes les Comnetes qui ont jamais eſté, & de toutes celles qui ſeront jamais, & de tous les aſpects des Planetes, & de tout le fatras de voſtre Aſtrologie.	Je me moque de votre vengeance, et de la sienne, et de toutes les Comnetes qui ont jamais été, et de toutes celles qui seront jamais, et de tous les aspects des Planètes, et de tout le fatras de votre Astrologie.
Sortons, mon Neveu.	Sortons, mon Neveu.
Mr DE LA FOREST.	Mr DE LA FOREST.
Ah, mon Oncle, vous perdez tout.	Ah, mon Oncle, vous perdez tout.
L’ASTROLOGUE.	L'ASTROLOGUE.
Sortez d’icy, Impies que vous 2 eſtes.	Sortez d'ici, Impies que vous 2 êtes.
Je vous donne ma malédiction.	Je vous donne ma malédiction.
M TAQ NET.	M MAQ NET.
Je me moque de ta malédiction.	Je me moque de ta malédiction.
vieux fou d’Aſtrologue.	vieux fou d'Astrologue.
Sortez donc, mon Neveu.	Sortez donc, mon Neveu.
Mr DE LA FOREST.	Mr DE LA FOREST.
Helas!	Hélas!
belle Florice.	belle Florice.
MATURIN.	MATURIN.
Ah, ma chere Françoiſe, adieu les Préſens.	Ah, ma chère Française, adieu les Présents.
Voila toutes nos belles eſpérances évanoüyes.	Voilà toutes nos belles espérances évanoüyes.
1 SCENE VI.	1 SCÈNE VI.
L’ASTROLOGUE, FLORICE.	L'ASTROLOGUE, FLORICE.
MATURIN, FRANCOISE.	MATURIN, FRANÇOISE.
L’ASTROLOGUE.	L'ASTROLOGUE.
’Eſt un bon Impertinent que ce Monſieur Taquinet.	’Est un bon Impertinent que ce Monsieur Taquinet.
Se moquer à mon nez de la Comete!	Se moquer à mon nez de la Comète!
Les cheveux me dreſſent à la teſte, de tous les blaſphêmes qu’il a proférez.	Les cheveux me dressent à la tête, de tous les blasphêmes qu'il a proférez.
FLORICE.	FLORICE.
Mon Pere, faut-il que l’emportement de l’Oncle faſſe tort au Neveu?	Mon Père, faut-il que l'emportement de l'Oncle fasse tort au Neveu?
L’ASTROLOGUE.	L'ASTROLOGUE.
Va, laiſſe-là cet extravagant de Neveu.	Va, laisse-là cet extravagant de Neveu.
Je veux te donner un Aſtrologue, quand la Cometé ſera paſſée.	Je veux te donner un Astrologue, quand la Comété sera passée.
FLORICE.	FLORICE.
FLORICE.	FLORICE.
Hé mon Pere, vous m’avez laiſſé prendre de l’engagement avec luy, & je ne ſuis plus en état de vous obeïr comme j’aurois fait auparavant.	Hé mon Père, vous m'avez laissé prendre de l'engagement avec lui, et je ne suis plus en état de vous obéir comme j'aurais fait auparavant.
Faut-il que vous conſultiez ſur mon Mariage vos Aſtres plus que mon cœur?	Faut-il que vous consultiez sur mon Mariage vos Astres plus que mon cœur?
Il ne m’a rien promis que d’heureux, & ſa Prédiction doit eſtre auſſi ſeûre que celle de voſtre Comete.	Il ne m'a rien promis que d'heureux, et sa Prédiction doit être aussi sûre que celle de votre Comète.
L’ASTROLOGUE.	L'ASTROLOGUE.
Bon, bon, c’eſt bien icy du cœur qu’il s’agit.	Bon, bon, c'est bien ici du cœur qu'il s'agit.
Le cœur eſt un plaiſant Aſtrologue.	Le cœur est un plaisant Astrologue.
FLORICE.	FLORICE.
le m’y fierois bien autant qu’à vos Livres.	le m'y fierais bien autant qu'à vos Livres.
L’ASTROLOGUE.	L'ASTROLOGUE.
Ho ho, tu en tiens auſſi, & ce ridicule Monſieur de la Foreſt t’a déja communiqué ſon heréſie.	Ho ho, tu en tiens aussi, et ce ridicule Monsieur de la Forêt t'a déjà communiqué son hérésie.
Quand il n’y auroit que cette raiſon, je ne voudrois pour rien d’un Gendre fait comme luy.	Quand il n'y aurait que cette raison, je ne voudrais pour rien d'un Gendre fait comme lui.
FLORICE.	FLORICE.
Mon Pere, laiſſez-vous fléchir.	Mon Père, laissez-vous fléchir.
L’ASTROLOGUE.	L'ASTROLOGUE.
Non, je n’en démordray pas.	Non, je n'en démordrai pas.
Avoir mépriſé tout le Corps des Aſtrologues dans ma Perſonne, tout le Ciel dans la Comete!	Avoir méprisé tout le Corps des Astrologues dans ma Personne, tout le Ciel dans la Comète!
C’eſt une affaire réſoluë, il ne ſera point ton Mary.	C'est une affaire résolue, il ne sera point ton Mari.
FLORICE.	FLORICE.
Souffrez que je me jette à vos pieds.	Souffrez que je me jette à vos pieds.
L’ASTROLOGUE.	L'ASTROLOGUE.
C’eſt temps perdu.	C'est temps perdu.
FRANCOISE à ſes pieds.	FRANÇOISE à ses pieds.
Hé de grace.	Hé de grâce.
L’ASTROLOGUE.	L'ASTROLOGUE.
Qu’eſt-ce que cecy!	Qu'est-ce que ceci!
FLORICE.	FLORICE.
1.	1.
Par tout ce que vous avez de plus cher.	Par tout ce que vous avez de plus cher.
FRANCOISE.	FRANÇOISE.
Au nom de vos Lunetes, & de tous vos Inſtrumens.	Au nom de vos Lunètes, et de tous vos Instruments.
MATURIN.	MATURIN.
Par la conjonction de Vénus avec Saturne.	Par la conjonction de Vénus avec Saturne.
L’ASTROLOGUE.	L'ASTROLOGUE.
Retirez-vous, Impertinens.	Retirez-vous, Impertinens.
Non je ne feray point abſolument le Mariage, tandis qu’une Comete regnera dans le Ciel.	Non je ne ferai point absolument le Mariage, tandis qu'une Comète régnera dans le Ciel.
MATURIN.	MATURIN.
Monſieur, on pourra faire le Mariage ſi ſecretement, que la Comete n’en ſçaura rien.	Monsieur, on pourra faire le Mariage si secrètement, que la Comète n'en sçaura rien.
FRANCOISE.	FRANÇOISE.
Maturin a raiſon, on fera les Nôces dans la Cave.	Maturin a raison, on fera les Nôces dans la Cave.
FLORICE.	FLORICE.
Ne déſeſperez point, mon Pere, la tendreſſe que j’ay conceuë pour Monſieur de la Foreſt.	Ne désespérez point, mon Père, la tendresse que j'ai conçue pour Monsieur de la Forêt.
MATURIN.	MATURIN.
Si c’eſtoit la Comete qui fuſt en voſtre place, & que nous la priaſſions autant que nous vous prions, je ſuis ſeûr qu’elle n’auroit pas le cœur ſi dur que vous.	Si c'était la Comète qui fût en votre place, et que nous la priassions autant que nous vous prions, je suis seûr elle auroit pas le cœur si dur que vous.
L’ASTROLOGUE.	L'ASTROLOGUE.
Retirez-vous, ne m’importunez pas davamage.	Retirez-vous, ne m'importunez pas davamage.
FLORICE.	FLORICE.
Je ſors, puis que je ne puis rien obtenir de vous.	Je sors, puis que je ne puis rien obtenir de vous.
Vous avez une dureté ſans exemple.	Vous avez une dureté sans exemple.
FRANCOISE.	FRANÇOISE.
Et moy, je ne veux plus regarder le Ciel de trois mois.	Et moi, je ne veux plus regarder le Ciel de trois mois.
Il me ſemble que la Queuë de la Comete me pend déja ſur le nez.	Il me semble que la Queue de la Comète me pend déjà sur le nez.
112 SCENE VII.	112 SENE VII.
L’ASTROLOGUE, MATURIN.	L'ASTROLOGUE, MATURIN.
MATURIN.	MATURIN.
H Monſieur.	H Monsieur.
Il faut eſtre diablement muny d’Aſtrologie pour ne vous eſtre pas rendu.	Il faut être diablement muni d'Astrologie pour ne vous être pas rendu.
L’ASTROLOGUE.	L'ASTROLOGUE.
Quand on eſt accoûtumé à la veuë de ces Corps Celeſtes, on n’eſt guére ébranlé par les Objets d’icy bas.	Quand on est accoutumé à la vue de ces Corps Clestes, on n'est guère ébranlé par les Objets d'ici bas.
MATURIN.	MATURIN.
J’en ſuis bien ébranlé, moy qui n’ay pas tant de commerce que vous avec le Belier, le Taureau, le Capricorne, & tous ces honneſtes Meſſieurs-là.	J'en suis bien ébranlé, moi qui n'ai pas tant de commerce que vous avec le Bélier, le Taureau, le Capricorne, et tous ces honnêtes Messieurs-là.
L’ASTROLOGUE.	L'ASTROLOGUE.
Maturin, tu en ſçais bien?	Maturin, tu en sais bien?
MATURIN.	MATURIN.
Monſieur, je ne laiſſe rien tomber à terre, & j’ay grand ſoin de recüeillir les miettes de voſtre Eſprit.	Monsieur, je ne laisse rien tomber à terre, et j'ai grand soin de recueillir les miettes de votre Esprit.
J- ſuis curieux naturellement, & ſi j’oſois vous faire une petite priere.	J' suis curieux naturellement, et si j'osais vous faire une petite prière.
L’ASTROLOGUE.	L'ASTROLOGUE.
Parle, Maturin.	Parle, Maturin.
Je ne demande pas mieux que de cultiver les belles diſpoſitions que tu me parois avoir aux Sciences.	Je ne demande pas mieux que de cultiver les belles dispositions que tu me parais avoir aux Sciences.
MATURIN.	MATURIN.
Ce ſeroit de me prêter vos Lunetes, pour voir deux ou trois choſes dans le Ciel.	Ce serait de me prêter vos Lunetes, pour voir deux ou trois choses dans le Ciel.
Par exemple, je voudrois bien ſçavoir, laquelle des douze Maiſons du Soleil eſt la plus logeable.	Par exemple, je voudrais bien sçavoir, laquelle des douze Maisons du Soleil est la plus logeable.
Ce ſont de petites curiotez qui me viennent quelquefois en fantaiſie.	Ce sont de petites curiotez qui me viennent quelquefois en fantaisie.
L’ASTROLOGUE.	L'ASTROLOGUE.
11 Elles ne ſont pas trop mal fondees.	11 Elles ne sont pas trop mal fondées.
MATURIN.	MATURIN.
Je voudrois bien encor voir la Lune avec vos Lunetes, quand elle en Picine.	Je voudrais bien encor voir la Lune avec vos Lunètes, quand elle en Picine.
L’ASTROLOGUE.	L'ASTROLOGUE.
Et pourquoy plutoſt, que quand elle eſt en Croiſſant?	Et pourquoi plutôt, que quand elle est en Croissant?
MATURIN.	MATURIN.
Le Croiſſant n’eſt rien;	Le Croissant n'est rien;
mais quand elle eſt Pleine, je voudrois voir dequoy elle eſt pleine.	mais quand elle est Pleine, je voudrais voir dequoy elle est pleine.
L’ASTROLOGUE.	L'ASTROLOGUE.
Vrayment, vrayment, tu y verrois bien des merveilles.	Vraiment, vraiment, tu y verrais bien des merveilles.
Elle eſt toute pleine de Villes, d’Hommes.	Elle est toute pleine de Villes, d'Hommes.
MATURIN.	MATURIN.
Bon, Monſieur, vous vous moquez.	Bon, Monsieur, vous vous moquez.
Comment ces Hommes tiendroient-ils là-haut?	Comment ces Hommes tiendraient-ils là-haut?
Ils tomberoient tous ſur nous aſſurement, & nous verrions pleuvoir ces Hommes de la Lune, qui nous caſſeroient la teſte.	Ils tomberaient tous sur nous assurément, et nous verrions pleuvoir ces Hommes de la Lune, qui nous casseraient la tête.
Mais que veulent ces Gens-cy?	Mais que veulent ces Gens-cy?
SCEME VIII.	SCE VIII.
L’ASTROLOGUE, MATURIN, DEUX VALETS DE LA COMTESSE.	L'ASTROLOGUE, MATURIN, DEUX VALETS DE LÀ COMTESSE.
I.	I.
VALET.	VALET.
Onſieur, voicy la Toilete de Madame la Comteſſe de Gouſtignan.	Onsieur, voici la Toilete de Madame la Comtesse de Goutignan.
2.	2.
VALET.	VALET.
Voicy tous les Ameublemens de ſa Chambre, juſqu’au Pot.	Voici tous les Ameublements de sa Chambre, jusqu'au Pot.
Ils jettent tout cela ſur le Theatre.	Ils jettent tout cela sur le Théâtre.
L’ASTROLOGUE.	L'ASTROLOGUE.
33 Qu’eſt-ce que cela veut dire, mes Enfans?	33 Qu'est-ce que cela veut dire, mes Enfants?
1.	1.
VALET.	VALET.
Monſieur, nous n’en ſçavons rien.	Monsieur, nous n'en savons rien.
Madame la Comteſſe eſt revenuë au Logis toute hors d’ellemeſme.	Madame la Comtesse est revenue au Logis toute hors d'ellemesme.
Elle a tout mis ſans-deſſusdeſſous.	Elle a tout mis sans-dessusdessous.
Elle a tout fait deménager promptement, & elle nous envoye icy ou ene nous juiit.	Elle a tout fait déménager promptement, et elle nous envoie ici ou ene nous juiit.
MATURIN.	MATURIN.
Eſt-ce qu’il revient des Eſprits chez vous?	Est-ce qu'il revient des Esprits chez vous?
2.	2.
VALET.	VALET.
Non aſſurément, mais voicy Madame la Comteſſe.	Non assurément, mais voici Madame la Comtesse.
SCENE IX.	SCÈNE IX.
L’ASTROLOGUE, LA COMTESSE DE GOUSTIGNAN, MATURIN.	L'ASTROLOGUE, LA COMTESSE DE GOUSTIGNAN, MATURIN.
LA COMTESSE.	LA COMTESSE.
H Monſieur, je ne ſuis point encor remiſe de ma frayeur.	H Monsieur, je ne suis point encor remise de ma frayeur.
L’ASTROLOGUÉ.	L'ASTROLOGUE.
Qu’avez-vous Madame?	Qu'avez-vous Madame?
LA COMTESSE.	LA COMTESSE.
La Comete, cette effroyable Comete, cette Queüe prodigieuſe, je ne puis encor parler.	La Comète, cette effroyable Comète, cette Que prodigieuse, je ne puis encor parler.
MATURIN.	MATURIN.
Ah, voicy encor de nos Gens à Comete.	Ah, voici encor de nos Gens à Comète.
L’ASTROLOGUE.	L'ASTROLOGUE.
Madame, je ne condamne point 35 voſtre peur.	Madame, je ne condamne point 35 votre peur.
J’en ay eſté moymeſme effrayé.	J'en ai été moymesme effrayé.
Jamais Phénomene ſi terrible n’avoit paru à mes yeux.	Jamais Phénomène si terrible n'avait paru à mes yeux.
LA COMTESSE.	LA COMTESSE.
Il n’y a perſonne qui ait tant lieu de craindre que moy.	Il n'y a personne qui ait tant lieu de craindre que moi.
J’allois paſſer le Pont-neuf, pour rentrer dans le Fauxbourg S.	J'allais passer le Pont-neuf, pour rentrer dans le Faubourg S.
Germain, où vous ſçavez que je loge.	Germain, où vous savez que je loge.
J’ay aperçeu du bout de ce Pont cette épouvontanie Comete.	J'ai aperçu du bout de ce Pont cette épouvontanie Comète.
jay fait arreſter mon Carroſſe.	jay fait arrêter mon Carrosse.
Je l’ay regardée avec ſoin.	Je l'ai regardée avec soin.
Monſieur, mon pauvre Monſieur, elle eſtoit juſtement ſur ma Maiſon.	Monsieur, mon pauvre Monsieur, elle était justement sur ma Maison.
J’y ay eſté promptement.	J'y ai été promptement.
l’en ay fait enlever mon Equipage le plus neceſſaire, & je l’ay fait tranſporter chez vous, où je viens moy-meſme chercher un azile contre la Comete, & m’éclaircir à fonds de ce que ce peut eſtre.	l'en ai fait enlever mon Équipage le plus nécessaire, et je l'ai fait transporter chez vous, où je viens moi-même chercher un asile contre la Cométe, et m'éclaircir à fond de ce que ce peut être.
Ne m’épargnez point, Monſieur, je vous en conjure, tout ce que vous ſçavez là-deſſus, vous me ferez le plus grand plaiſir du monde.	Ne m'épargnez point, Monsieur, je vous en conjure, tout ce que vous savez là-dessus, vous me ferez le plus grand plaisir du monde.
J’ay déja quelque legere teinture de ces matieres, & Dieu-mercy, je ne ſuis pas tout-à-fait Novice dans l’Aſtrologie.	J'ai déjà quelque légère teinture de ces matières, et Dieu-merci, je ne suis pas tout-à-fait Novice dans l'Astrologie.
L’ASTROLOGUE.	L'ASTROLOGUE.
Je vous propoſeray donc, Madame, les diverſes opinions des Philoſophes, & nous nous arreſterons à la plus raiſonnable.	Je vous proposerai donc, Madame, les diverses opinions des Philosophes, et nous nous arrêterons à la plus raisonnable.
Il y en a qui diſent que les Cometes ſont des feux qui s’allument dans l’air, & qui ſe nourriſſent des exhalaiſons que la Terre leur envoye.	Il y en a qui disent que les Comètes sont des feux qui s'allument dans l'air, et qui se nourrissent des exhalaisons que la Terre leur envoie.
LA COMTESSE.	LA COMTESSE.
Ah Monſieur, nous avons grand tort, de fournir nous-meſme de la nourriture par nos exhalaiſons à ces malheureuſes Cometes qui déſolent tout.	Ah Monsieur, nous avons grand tort, de fournir nous-même de la nourriture par nos exhalaisons à ces malheureuses Cometes qui désolent tout.
MATURIN.	MATURIN.
Effectivement.	Effectivement.
Ne pourroit-on point point empécher la Terre de leur fournir des exhalaiſons, & leur couper ainſi les vivres?	Ne pourrait-on point point empêcher la Terre de leur fournir des exhalaisons, et leur couper ainsi les vivres?
Elles deviendroient ſeches comme du bois.	Elles deviendraient sèches comme du bois.
& n’auroient plus le teint ſi enluminé.	et n'auraient plus le teint si enluminé.
Dame, ce ſeroit.	Dame, ce serait.
là la fineſſe.	là la finesse.
Mais, voicy Madame Fraiſier.	Mais, voici Madame Fraisier.
Ne fait-elle point auſſi aporter ſon Bagage?	Ne fait-elle point aussi apporter son Bagage?
SCENE X.	SCÈNE X.
L’ASTROLOGUE, LA COMTESSE, Mme FRAISIER, MATURIN.	L'ASTROLOGUE, LA COMTESSE, Même FRAISIER, MATURIN.
Me FRAISIER.	Me FRAISIER.
Eſt-ce point avoir, Monſieur, une indiſcretion mélée de beaucoup d’audace, que de venir troubler voſtre ſçavant entretien, pour vous conſulter touchant une Queſtion, qui s’eſt émeuë dans une Aſſemblée où j’eſtois, ſur le nouveau Méteore qui paroiſt au Ciel?	Est-ce point avoir, Monsieur, une indiscrétion mêlée de beaucoup d'audace, que de venir troubler votre sçavant entretien, pour vous consulter touchant une Question, qui s'est émue dans une Assemblée où j'étais, sur le nouveau Maître qui paraît au Ciel?
L’ASTROLOGUE.	L'ASTROLOGUE.
Madame, je faiſois tout-a-l’heure à Madame la Comteſſe un petit diſcours ſur la nature des Cometes, & vous y pouvez prendre part, ſi vous voulez.	Madame, je faisais tout-la-leure à Madame la Comtesse un petit discours sur la nature des Comètes, et vous y pouvez prendre part, si vous voulez.
Mme FRAISIER.	Mme FRAISIER.
Monſieur, ce n’eſt point de la nature des Cometes, dont il s’a, giſſoit entre-nous.	Monsieur, ce n'est point de la nature des Cometes, dont il s'a, gissait entrenous.
L’ASTROLOGUE.	L'ASTROLOGUE.
Et dequoy donc?	Et dequoy donc?
De leur mouvement?	De leur mouvement?
Mme FRAISIER.	Mme FRAISIER.
Rien moins, Monſieur.	Rien moins, Monsieur.
Ce ſont là des choſes aſſez vaines, & aſſez inutiles.	Ce sont là des choses assez vaines, et assez inutiles.
LA COMTESSE.	LA COMTESSE.
39 Comment, Madame!	39 Comment, Madame!
aſſez vaines & aſſez inutiles!	assez vaines et assez inutiles!
Une Comete compoſée de feux allumez dans l’air, nourrie des exhalaiſons de la Terre, eſt-ce donc une bagatelle?	Une Comète composée de feux allumés dans l'air, nourrie des exhalaisons de la Terre, est-ce donc une bagatelle?
Mme FRAISIER.	Mme FRAISIER.
Nous ne nous inquiétons point de cela, Madame, noſtre Queſtion eſt plus importante.	Nous ne nous inquiétons point de cela, Madame, notre Question est plus importante.
Nous avons fait une prene gageure, & nous ſommes convenus qu’il falloit un Homme du métier pour décider.	Nous avons fait une prène gageure, et nous sommes convenus qu'il fallait un Homme du métier pour décider.
L’ASTROLOGUE.	L'ASTROLOGUE.
Voyons donc cette Queſtion.	Voyons donc cette Question.
Mr FRAISIER.	Mr FRAISIER.
Ecoutez-moy donc, Monſieur, s’il vous plaiſt, attentivement.	Écoutez-moi donc, Monsieur, s'il vous plaît, attentivement.
Il y a des Gens qui diſent la Comete.	Il y a des Gens qui disent la Comète.
J’ay pris party contr’eux, & j’ay ſoútenu qu’il falloit dire, le Comete.	J'ai pris parti contre eux, et j'ai soutenu qu'il fallait dire, le Comète.
C’eſt à vous, Monſieur, à juger.	C'est à vous, Monsieur, à juger.
LA COMTESSE.	LA COMTESSE.
Vous le faites Juge d’une belle Affaire, & le cas eſt d’une grande importance.	Vous le faites Juge d'une belle Affaire, et le cas est d'une grande importance.
Mme FRAISIER.	Mme FRAISIER.
S’il eſt d’importance!	S'il est d'importance!
Ne tientil qu’à choquer la Grammaire;	Ne tientil qu'à choquer la Grammaire;
& doit-on ſouffrir patiemment les attentats que l’on fait contre la régularité de la Langue?	et doit-on souffrir patiemment les attentats que l'on fait contre la régularité de la Langue?
L’ASTROLOGUE.	L'ASTROLOGUE.
Madame, nous n’en ſommes pas aux noms prés, & il y a bien plus lieu de s’inquiéter, que de ſçavoir ſi la Comete eſt mâle ou femelle.	Madame, nous n'en sommes pas aux noms prés, et il y a bien plus lieu de s'inquiéter, que de savoir si la Comète est mâle ou femelle.
Son cours, ſon mouvement, ſa figure, ſon paralaxe, tout cela, ce ſont bien d’autres affaires.	Son cours, son mouvement, sa figure, son paralaxe, tout cela, ce sont bien d'autres affaires.
LA COMTESSE.	LA COMTESSE.
Monſieur, ne nous amuſons point à la Queſtion de Madame, renvoyons-là au Dictionnaire.	Monsieur, ne nous amusons point à la Question de Madame, renvoyons-là au Dictionnaire.
112 FRAISIER.	112 FRAISIER.
Quoy, vous parlez tous deux des choſes, ſans ſçavoir ſeulement comment elles s’appellent?	Quoi, vous parlez tous deux des choses, sans savoir seulement comment elles s'appellent?
Quelle abſurdité, Bondieu, quelle abſurdité!	Quelle absurdité, Bondieu, quelle absurdité!
LA COMTESSE.	LA COMTESSE.
Y en a-t-il une plus grande que la voſtre, de vous inquéter du genre de la Comete, & de paſſer par deſſus tous les ſujets de frayeur que Monſieur vient de nous marquer?	Y en a-t-il une plus grande que la vôtre, de vous inquêter du genre de la Comète, et de passer par -dessus tous les sujets de frayeur que Monsieur vient de nous marquer?
Mme FRAISIER.	Mme FRAISIER.
Madame, les Gens de qualité ne ſe mettent point en peine de ce que c’eſt que le Comete, mais ilsvoudroient ſeulement en ſçavoir le veritable nom.	Madame, les Gens de qualité ne se mettent point en peine de ce que c'est que le Comète, mais ilsvoudraient seulement en savoir le véritable nom.
LA COMTESSE.	LA COMTESSE.
Je veux bien que vous ſçachiez qu’il y a icy des Gens de qualité.	Je veux bien que vous sachiez qu'il y a ici des Gens de qualité.
D ii	 Di
MATURIN.	MATURIN.
Madame, c’eſt Madame la Comteſſe de Gouſtignan.	Madame, c'est Madame la Comtesse de Goûtignan.
Mme FRAISIER.	Mme FRAISIER.
Eh bien.	Eh bien.
L’ASTRO LOGUE.	L'ASTRO GUÉ.
Il paroiſt bien que vous n’avez amais étudié que les noms des hoſes, & que vous n’en connoiſſez guére la nature.	Il paraît bien que vous n'avez amais étudié que les noms des hoses, et que vous n'en connaissez guère la nature.
LA COMTESSE.	LA COMTESSE.
Monſieur, congédiez-là je vous prie.	Monsieur, congédiez-là je vous prie.
Il n’eſt pas beſoin qu’elle nous rompre la teſte.	Il n'est pas besoin qu'elle nous rompre la tête.
Mme FRAISIER.	Mme FRAISIER.
Vous eſtes icy en lieu, où l’on aplaudit vos viſions.	Vous êtes ici en lieu, où l'on applaudit vos visions.
Adieu.	Adieu.
Elle ſort.	Elle sort.
LA COMTESSE.	LA COMTESSE.
Mes viſions!	Mes visions!
MATURIN.	MATURIN.
Eh, Monfieur, que ne vuidiezvous le diférent?	Eh, Monfieur, que ne vuidiezvous le diférent?
On veut ſçavoir ſi la Comete eſt mâle ou fémelle.	On veut sçavoir si la Comète est mâle ou fémelle.
Elle a une Queuë, il faut regarder deſſous.	Elle a une Quue, il faut regarder dessous.
L’ASTROLOGUE.	L'ASTROLOGUE.
Tay-toy.	Tais-toi.
SCENE XI.	SCÈNE XI.
L’ASTROLOGUE, LA COMTESSE, MATURIN.	L'ASTROLOGUE, LA COMTESSE, MATURIN.
L’ASTROLOGUE.	L'ASTROLOGUE.
Adame, il ſeroit indigne de vous & de moy, de nous émouvoir de ce que vient de dire cette Folle.	Adame, il serait indigne de vous et de moi, de nous émouvoir de ce que vient de dire cette Folle.
LA COMTESSE.	LA COMTESSE.
je n’y prens pas garde auſſi, mais continuez, s’il vous plaiſt, voſtre Diſcours.	je n'y prends pas garde aussi, mais continuez, s'il vous plaît, votre Discours.
Où en eſtions-nous?	Où en étions-nous?
L’ASTROLOGUE.	L'ASTROLOGUE.
Ne perdez pas un ſeul mot de ce que je vais vous dire.	Ne perdez pas un seul mot de ce que je vais vous dire.
Vous allez entendre les plus belles choſes, & les plus extraordinaires du monde.	Vous allez entendre les plus belles choses, et les plus extraordinaires du monde.
Voicy, un Syſteme admirable.	Voici, un Systême admirable.
La plûpart des Philoſophes modernes, ſoûtiennent que cha que Etoile fixe eſt un Soleil comme le noſtre.	La plupart des Philosophes modernes, soutiennent que cha que Étoile fixe est un Soleil comme le nôtre.
Tous ces Soleils ont chacun leur tourbillon, c’eſt à dire, un grand eſpace dont ils occupent le centre, & de là ils éclairent des Terres & des Planetes, ſemblables à nos Planetes & à noſtre Terre.	Tous ces Soleils ont chacun leur tourbillon, c'est à dire, un grand espace dont ils occupent le centre, et de là ils éclairent des Terres et des Planètes, semblables à nos Planètes et à notre Terre.
MATURIN.	MATURIN.
Je ne me ſens pas d’aiſe en entendant tout cela.	Je ne me sens pas d'aise en entendant tout cela.
L’ASTROLOGUE.	L'ASTROLOGUE.
Ces Soleils ont des taches auſſibien que le noſtre.	Ces Soleils ont des taches aussibien que le nôtre.
Elles peuvent s’accrocher les unes avec les autres, & enfin s’épaiſſir de ſorte qu’elles forment une crouſte fort dure qui couvre tour le corps de ce Soleil.	Elles peuvent s'accrocher les unes avec les autres, et enfin s'épaissir de sorte qu'elles forment une croûte fort dure qui couvre tour le corps de ce Soleil.
LA COMTESSE.	LA COMTESSE.
3 Quoy, Monſieur, il ſe pourroit former une crouſte ſur noſtre Soleil?	3 Quoi, Monsieur, il se pourrait former une croûte sur notre Soleil?
Et ſi celà arrivoit, que deviendroit-il?	Et si cela arrivait, que deviendrait-il?
L’ASTROLOGUE.	L'ASTROLOGUE.
Il deviendroit ce que deviennent les autres en pareil cas.	Il deviendrait ce que deviennent les autres en pareil cas.
Ce pauvre Soleil ainſi encrouſté, inhabile à toute choſe, ſeroit chaſſé du touroiton, dont n’occupe le centre, & s’en iroit errant de tourbillon en tourbillon, & c’eſt ce qu’on appelle une Comete.	Ce pauvre Soleil ainsi encrousé, inhabile à toute chose, serait chassé du touraiton, dont n'occupe le centre, et s'en irait errant de tourbillon en tourbillon, et c'est ce qu'on appelle une Comète.
LA COMTESSE.	LA COMTESSE.
’ay mille fois plus de frayeur qu’auparavant.	’ay mille fois plus de frayeur qu’auparavant.
Dés que je verray les moindres taches ſur le corps du Soleil, je ne dormiray plus.	Dès que je verrai les moindres taches sur le corps du Soleil, je ne dormirai plus.
Je croiray que voila la crouſte qui ſe forme.	Je croirai que voilà la croûte qui se forme.
MATURIN.	MATURIN.
Et ſi noſtre Soleil s’en alloit, que ferions nous?	Et si notre Soleil s'en allait, que ferions -nous?
L’ASTROLOGUE.	L'ASTROLOGUE.
Nous ſerions bien embaraſſez& j’entre fort dans la peine de ces pauvres Gens dont le Soleil eſt préſentement parmy nous, ſous la fi.	Nous serions bien embarassezet j'entre fort dans la peine de ces pauvres Gens dont le Soleil est présentement parmi nous, sous la fi.
gure de Comete.	gure de Comète.
4 SCENE XII.	4 SCÈNE XII.
L’ASTROLOGUE, LA COMTESSE, FRANCOISE, MATURIN.	L'ASTROLOGUE, LA COMTESSE, FRANÇOISE, MATURIN.
FRANCOISE.	FRANÇOISE.
Onſieur, on vient de vous apporter des Lettres de Rome.	Onsieur, on vient de vous apporter des Lettres de Rome.
L’ASTROLOGUE.	L'ASTROLOGUE.
Ouvrons.	Ouvrons.
Elles viennent de la part d’un de mes Confreres, tres.	Elles viennent de la part d'un de mes Confreres, très.
habile Aſtrologue.	habile Astrologue.
Elles contiennent aſſurément quelques Obſervations curieuſes ſur la Comete.	Elles contiennent assurément quelques Observations curieuses sur la Comète.
Illit.	Illit.
LA COMTESSE.	LA COMTESSE.
Monſieur, je vois de grandes marques d’étonnement ſur voſtre viſage.	Monsieur, je vois de grandes marques d'étonnement sur votre visage.
L’ASTROLOGUE.	L'ASTROLOGUE.
Ah, Madame, quel Prodige!	Ah, Madame, quel Prodige!
LA COMTESSE.	LA COMTESSE.
Expliquez-vous donc promptement.	Expliquez-vous donc promptement.
L’ASTROLOGUE.	L'ASTROLOGUE.
Voila aſſurément ce qui ne s’eſtoit jamais vû.	Voilà assurément ce qui ne s'était jamais vu.
LA COMTESSE.	LA COMTESSE.
Qu’eſt-il donc arrivé de plus terrible à Rome qu’icy?	Qu'est-il donc arrivé de plus terrible à Rome qu'ici?
L’ASTROLOGUE.	L'ASTROLOGUE.
Une Comete.	Une Comète.
LA COMTESSE.	LA COMTESSE.
Encor une Comete!	Encor une Comète!
Vous me faites trembler.	Vous me faites trembler.
L’ASTROLOGUE.	L'ASTROLOGUE.
Vous ne devineriez jamais quelle eipecé de Comete.	Vous ne devineriez jamais quelle eipecé de Comète.
LA COMTESSE.	LA COMTESSE.
Qu’eſt-ce encor?	Qu'est-ce encor?
L’ASTROLOGUE.	L'ASTROLOGUE.
Une Comete dans un Oeuf.	Une Comète dans un Oeuf.
LA COMTESSE.	LA COMTESSE.
Une Comete dans un Oeuf!	Une Comète dans un Oeuf!
Je ne mangeray jamais d’Oeufs.	Je ne mangerai jamais d'Oeufs.
MATURIN.	MATURIN.
Ny moy non plus.	Ni -moi non plus.
Que ſeroit-ce, ſi j’allois trouver une Omelette de Cometes?	Que serait-ce, si j'allais trouver une Omelette de Comètes?
L’ASTROLOGUE.	L'ASTROLOGUE.
Que j’aurois de curioſité de voir cet Oeuf prodigieux!	Que j'aurais de curiosité de voir cet Oeuf prodigieux!
MATURIN.	MATURIN.
A ce conte, Monſieur, les Poules pondent donc des Cometes?	À ce conte, Monsieur, les Poules pondent donc des Comètes?
Voila une choſe bien merveilleuſe.	Voilà une chose bien merveilleuse.
L’ASTROLOGUE.	L'ASTROLOGUE.
Ne nous amuſons pas plus longtemps	Ne nous amusons pas plus longtemps
temps à diſcourir.	temps à discourir.
Il y a icy quelque choſe de ſurnaturel.	Il y a ici quelque chose de surnaturel.
Allons, viſte mes Lunetes, ma peau d’Ours, mon équipage, que j’aille obſerver la Comete.	Allons, vite mes Lunetes, ma peau d'Ours, mon équipage, que j'aille observer la Comete.
LA COMTESSE.	LA COMTESSE.
Monſieur, je ſuis de la partie.	Monsieur, je suis de la partie.
Le froid qu’il fait ne m’épouvante point.	Le froid qu'il fait ne m'épouvante point.
Faites-moy ſeulement donner des Lunetes.	Faites-moi seulement donner des Lunètes.
L’ASTROLOGUE.	L'ASTROLOGUE.
Tres-volontiers, Madame.	Très-volontiers, Madame.
Viſte, Maturin.	Vite, Maturin.
MATURIN.	MATURIN.
le m’en vay avant toute choſe préparer le Grenier pour l’Obſervation.	le m'en vais avant toute chose préparer le Grenier pour l'Observation.
L’ASTROLOGUE.	L'ASTROLOGUE.
Non, il vaut mieux que nous allions dans l’Hôtel voiſin, dont la Plateforme qui eſt extrémement élevée, nous ſera plus commode.	Non, il vaut mieux que nous allions dans l'Hôtel in, dont la Plateforme qui est extrêmement élevée, nous sera plus commode.
Toy, Maturin, attens-nous icy.	Toi, Maturin, attends-nous ici.
Qui que ce ſoit qui vienne, ne laiſſe parler perſonne à ma Fille.	Qui que ce soit qui vienne, ne laisse parler personne à ma Fille.
MATURIN.	MATURIN.
Monſieur, ſouffrez que.	Monsieur, souffrez que.
L’ASTROLOGUE.	L'ASTROLOGUE.
Non, demeure.	Non, demeure.
Allons, Madame.	Allons, Madame.
3.	3.
SCENE XIII M  MATURIN.	SCÈNE XIII M ATURIN.
ſeut.	seut.
’Ay ſujet de me conſoler de ce J qu’il n’a pas voulu de moy.	Ç'Ai sujet de me consoler de ce J 'il n'a pas voulu de moi.
Il fait une diable de ſaiſon pour contempler les Aſtres, & la Comete a malicieuſement choiſy pour ſe faire obſerver, un temps fort propre à donner des Rhumes à ſes Obfervateurs.	Il fait une diable de saison pour contempler les Astres, et la Comète a malicieusement choisis pour se faire observer, un temps fort propre à donner des Rhumes à ses Obervateurs.
Pour moy, qui ay la poitrine délicate, je fais bien de ne me hazarder pas à gagner des fluxions.	Pour moi, qui ai la poitrine délicate, je fais bien de ne me hasarder pas à gagner des fluxions.
K SCENE XIV.	„ SCÈNE XIV.
Mr DE LA FOREST, MATURIN.	Mr DE LA FOREST, MATURIN.
MrDE LA FOREST.	MrDE LA FOREST.
E te trouve icy à propos, mon J pauvre Maturin.	E te trouve ici à propos, mon J pauvre Maturin.
Je viens de voir fortir Mr l’Aſtrologue, car depuis noſtre diférent, je ne me ſuis pas éloigné de ce logis.	Je viens de voir sortir Mr l'Astrologue, car depuis notre diférent, je ne me suis pas éloigné de ce logis.
N’y auroit il point moyen de voir ta Maîtreſſe?	N'y aurait -il point moyen de voir ta Maîtresse?
MATURIN.	MATURIN.
6 Mais ſi mon Maître revient ſur ſes pas?	6 Mais si mon Maître revient sur ses pas?
Il m’a étably gardien de la Maiſon, & m’a défendu de laiſſer entrer perſonne.	Il m'a établi gardien de la Maison, et m'a défendu de laisser entrer personne.
Mr DE LA FORES Maturin.	Mr DE LA FORES Maturin.
I 1	I 1
MATURIN.	MATURIN.
Vous me faires pitié.	Vous me saires pitié.
Mais la voicy qui vient elle-meſme.	Mais la voici qui vient elle-même.
2	2
SCENE XX En1 Mr DE LA FOREST, FLORICE, FRANCOISE, MATURIN.	SCÈNE XX En1 Mr DE LA FOREST, FLORICE, FRANÇOISE, MATURIN.
Mr DE LA FOREST.	Mr DE LA FOREST.
E bien, belle Florice, que faites-vous, que penſezvous apres la triſte avanturé qui m’eſt arrivée par l’emportement de mon Oncle?	E bien, belle Florice, que faites-vous, que pensezvous après la triste aventuré qui m'est arrivée par l'emportement de mon Oncle?
lpiq un	liq un
2 FLORICE.	2 FLORICE.
016 Je ſonge à remedier au mal, ſi pourtant il y a quelque remede.	016 Je songe à remédier au mal, si pourtant il y a quelque remède.
3 L’eſprit de mon Pere eſt extrémement aigry contre voſtre Oncle & contre vous, & toutes les prieres.	3 L'esprit de mon Père est extrêmement aigri contre votre Oncle et contre vous, et toutes les prières.
que j’ay employées pour le fléchir	que j'ai employées pour le fléchir
Mr DE LA FOREST.	Mr DE LA FOREST.
Quoy, ſe peut-il que je vous perde, & que l’opiniâtreté de mon Oncle, & le caprice de voſtre Pere, m’arrachent à vous dans le moment que j’ay crû que j’allois vous poſſeder?	Quoi, se peut-il que je vous perde, et que l'opiniâtreté de mon Oncle, et le caprice de votre Père, m'arrachent à vous dans le moment que j'ai cru que j'allais vous posséder?
FLORICE.	FLORICE.
En verité, je ne croy pas qu’il y ait lieu de concevoir aucune eſpérance, & de l’humeur dont je le connois.	En vérité, je ne crois pas qu'il y ait lieu de concevoir aucune espérance, et de l'humeur dont je le connais.
Mr DE LA FOREST.	Mr DE LA FOREST.
Et bien, aimable Florice, il n’y a donc plus qu’un remede.	Et bien, aimable Florice, il n'y a donc plus qu'un remède.
Si vous m’aimez, je ne doute pas que vous n’y conſentiez ave joye.	Si vous m'aimez, je ne doute pas que vous n'y consentiez ave joie.
Souffrez que je vous enleve.	Souffrez que je vous enlève.
FLORICE.	FLORICE.
Que vous m’enleviez!	Que vous m'enleviez!
Mr DE LA FOREST.	Mr DE LA FOREST.
Ce n’eſt pas tant vous enlever, que me ſaiſir d’un bien qui m’appartient.	Ce n'est pas tant vous enlever, que me saisir d'un bien qui m'appartient.
Mon amour & la promeſſe de voſtre Pere, ne me donnent-ils pas aſſez de droit ſur eder	Mon amour et la promesse de votre Père, ne me donnent-ils pas assez de droit sur éder
FLORICE.	FLORICE.
Mais ſongez-vous bien quel éclat va faire l’enlevement que vous me propoſez?	Mais songez-vous bien quel éclat va faire l'enlèvement que vous me proposez?
Mr DE LA FOREST.	Mr DE LA FOREST.
Mais, belle Florice, je vous le repete encor, il n’a que le nom d’enlevement.	Mais, belle Florice, je vous le répète encor, il n'a que le nom d'enlèvement.
Je vous mets dans la Maiſon de voſtre Epoux, à l’abry de la mauvaiſe humeur de voſtre Pere.	Je vous mets dans la Maison de votre Époux, à l'abri de la mauvaise humeur de votre Père.
FLORICE.	FLORICE.
Faut-il que mon cœur fortifie vos raiſons, & que je ne puiſſe me défendre.	Faut-il que mon cœur fortifie vos raisons, et que je ne puisse me défendre.
Mr DE LA FOREST.	Mr DE LA FOREST.
55 Ne perdons point de temps, il nous eſt trop prétieux.	55 Ne perdons point de temps, il nous est trop prétieux.
MATURIN.	MATURIN.
Doucement, s’il vous plaiſt.	Doucement, s'il vous plaît.
Si Mademoiſelle Florice ſe rend, Maturin ne ſe rend pas.	Si Mademoiselle Florice se rend, Maturin ne se rend pas.
Son Pere l’a miſe ſous ma garde.	Son Père l'a mise sous ma garde.
FLORICE.	FLORICE.
Maturin, voudrois-tu t’oppoſer à nantre Bureur:	Maturin, voudrais-tu t'opposer à nantre Bureur:
MATURIN.	MATURIN.
Ah, je ſuis Valet trop zelé & trop fidele.	Ah, je suis Valet trop zélé et trop fidèle.
1	1
M' DE LA FOREST.	M' DE LA FOREST.
Seras-tu impitoyable?	Seras-tu impitoyable?
MATURIN.	MATURIN.
Mais, ſi je ne le ſuis pas, mon dos pâtira de ma pitié.	Mais, si je ne le suis pas, mon dos pâtira de ma pitié.
FRANCOISE.	FRANÇOISE.
Te voila bien empeſché.	Te voilà bien empêché.
Ne faut.	Ne faut.
il rien faire pour les Gens qui s’aiment?	il rien faire pour les Gens qui s'aiment?
Mr DE LA FOREST.	Mr DE LA FOREST.
Tien, pren cecy.	Tiens, pren ceci.
Si le cœur t’en dit pour Françoiſe, je te promets de faire voſtre fortune à l’un & à l’autre.	Si le cœur t'en dit pour Française, je te promets de faire votre fortune à l'un et à l'autre.
MATURIN.	MATURIN.
Mais quand mon Maître ſera revenu, quelles raiſons donneray-je pour la ſeûreté de mes épaules?	Mais quand mon Maître sera revenu, quelles raisons donnerai-je pour la sûreté de mes épaules?
M DE LA FOREST.	M ME LA FOREST.
Tu diras que des Gens inconnus ont enlevé Mademoiſelle Florice à force ouverte.	Tu diras que des Gens inconnus ont enlevé Mademoiselle Florice à force ouverte.
Allons, Mademoiſelle.	Allons, Mademoiselle.
MATURIN.	MATURIN.
Voila-t-il pas le Diable!	Voilà-t-il pas le Diable!
Je n’ay une Fille en garde que pour un moment, & je ne pourray jamais en rendre un bon compte.	Je n'ai une Fille en garde que pour un moment, et je ne pourrai jamais en rendre un bon compte.
5 GCENE IXVI.	5 GCENE IXVI.
2 6 MATURIN, FRANCOISE.	2 6 MATURIN, FRANÇOISE.
9040U MATURIN.	9040U MATURIN.
Rançoiſe, nous ſommes riches.	Rançoise, nous sommes riches.
Nous ne nous attendioiis pas a de ſi gros Préſens.	Nous ne nous attendioyis pas a de si gros Présents.
Noſtré Maîtreſſe vait mieux pour nous enlevée, que mariée du conſentement de ſon Pere.	Nostré Maîtresse vait mieux pour nous enlevée, que mariée du consentement de son Père.
Mais parlons un peu de ce qui nous regarde.	Mais parlons un peu de ce qui nous regarde.
Tu vieus d’entendre ce qu’a dit Monſieur de la Foreſt.	Tu vieus d'entendre ce qu'a dit Monsieur de la Forêt.
Eſt-ce une affaire faité?	Est-ce une affaire faité?
FRANCOISE.	FRANÇOISE.
Comme tu voudras, Maturin.	Comme tu voudras, Maturin.
Il n’y a qu’une difficulté qui m’arreſte.	Il n'y a qu'une difficulté qui m'arrête.
2 1	2 1
MATURIN.	MATURIN.
Quoy?	Quoi?
FRANCOISE.	FRANÇOISE.
C’eſt que tu fais des Almanachs,	C'est que tu fais des Almanachs,
MATURIN.	MATURIN.
Et que t’importe?	Et que t'importe?
FRANCOISE.	FRANÇOISE.
Tu devineras tout ce que je feray.	Tu devineras tout ce que je ferai.
Franchement, cela eſt importun.	Franchement, cela est importun.
MATURIN.	MATURIN.
Eſt-ce que tu veux faire quelque choſe qui ne ſoit pas bon à deviner?	Est-ce que tu veux faire quelque chose qui ne soit pas bon à deviner?
FRANCOISE.	FRANÇOISE.
Point du tout.	Point du tout.
Mais enfin il faut avoir une certaine liberté.	Mais enfin il faut avoir une certaine liberté.
bref, Maturin, je ne voudrois pas que tu fuſſes toûjours pendu aux trouſſes des Aſtres, à t’informer de la vie que je menerois.	bref, Maturin, je ne voudrais pas que tu fusses toujours pendu aux trousses des Astres, à t'informer de la vie que je mènerais.
MATURIN.	MATURIN.
Je voy bien que tu penſes t’en moquer.	Je vois bien que tu penses t'en moquer.
Tu ne me crois pas aſſez	Tu ne me crois pas assez
grand Aſtrologue.	grand Astrologue.
Mais tout de bon, il faudra que tu charies droit.	Mais tout de bon, il faudra que tu chariez droit.
Dame, il y a là-haut un certain Capricorne qui eſt le meilleur de mes Amis, & quui me dira ſi je luy reſſemble.	Dame, il y a là-haut un certain Capricorne qui est le meilleur de mes Amis, et quui me dira si je suis ressemble.
De plus, s’il me doit arriver de ta part quelque malheur, façon de ceux qui ſont ſi comm uns dans le menage, il ne manquera pas de venir quélque Comete pour n en avertir.	De plus, s'il me doit arriver de ta part quelque malheur, façon de ceux qui sont si comm uns dans le menage, il ne manquera pas de venir quelque Comète pour n en avertir.
FRANCOISE.	FRANÇOISE.
Ah, Maturin, cela ne ſe peut;	Ah, Maturin, cela ne se peut;
car ſi cheque Mary infortuné avoit ſa Comete, le Ciel en ſeroit ſi plein, qu’elles ne s’y pourroient pas tourner.	car si chèque Mary infortuné avait sa Comète, le Ciel en serait si plein, qu'elles ne s'y pourraient pas tourner.
MATURIN.	MATURIN.
Tay-toy.	Tais-toi.
Voicy nos Gens qui reviennent.	Voici nos Gens qui reviennent.
Songe à bien joüer ton rôle, ſi tu ne veux eſtre de moitié des coups de bâton, dont j’ay la mine d’eſtre régalé.	Songe à bien jouer ton rôle, si tu ne veux être de moitié des coups de bâton, dont j'ai la mine d'être régalé.
Diſons-bien que la Comete nous a apporté un grand malheur, & que c’eſt elle qui eſt cauſe de l’enlevement.	Disons-bien que la Comète nous a apporté un grand malheur, et que c'est elle qui est cause de l'enlèvement.
GCENE XVII.	GCENE XVII.
L’ASTROLOGUE, LA COMTESSE, MATURIN, FRANCOTSE.	L'ASTROLOGUE, LA COMTESSE, MATURIN, FRANCOTSE.
MATURIN.	MATURIN.
IH, Monſieur, la Comete.	JH, Monsieur, la Comète.
FRANCOISE.	FRANÇOISE.
La Comete, Monſieur.	La Comète, Monsieur.
L’ASTROLOGUE.	L'ASTROLOGUE.
Nous venons de l’obſerver.	Nous venons de l'observer.
Vous avez bien ſujet d’eſtre dans l’épouvante où je vous voy.	Vous avez bien sujet d'être dans l'épouvante où je vous vois.
J’ay veu.	J'ai vu.
Mais je ne ſçaurois parler.	Mais je ne saurais parler.
J’ay gagné une touë ſi violente.	J'ai gagné une toue si violente.
LA	LA
LA COMTESSE.	LA COMTESSE.
61 Monſieur, je ne ſuis pas en meilleur état que vous.	61 Monsieur, je ne suis pas en meilleur état que vous.
J’ay auſſi par devers moy une groſſe fluxion, & les fluxions de Comete ſont bien pires que les autres;	J'ai aussi par devers moi une grosse fluxion, et les fluxions de Comète sont bien pires que les autres;
mais ſans les nüages qui ſont ſurvenus, & par qui la Comete nous a eſté cachée, en euſſay-je dû créver, je l’euſſe obſervée juſqu’au bout.	mais sans les nuages qui sont survenus, et par qui la Comète nous a été cachée, en eussai-je dû créver, je l'eusse observée jusqu'au bout.
MATURIN.	MATURIN.
Monſieur, vous ne ſçavez pas quels malheurs.	Monsieur, vous ne savez pas quels malheurs.
L’ASTROLOGUE.	L'ASTROLOGUE.
Ah, je ne les ſçay que trop.	Ah, je ne les sais que trop.
J’ay lû dans la Comere tous les malheurs qu’elle annonce.	J'ai lu dans la Comère tous les malheurs qu'elle annonce.
Je vois déja la guerre dans l’Europe, la peſte dans l’Aſie, la famine dans l’Afrique.	Je vois déjà la guerre dans l'Europe, la peste dans l'Asie, la famine dans l'Afrique.
MATURIN bas.	MATURIN bas.
Il ne reſte rien pour l’Amérique.	Il ne reste rien pour l'Amérique.
Ne ſçavez vous rien davantage?	Ne savez -vous rien davantage?
L’ASTROLOGUE.	L'ASTROLOGUE.
Quoy, cela ne ſuffit-il pas?	Quoi, cela ne suffit-il pas?
Jamais Comete annonça-t-elle plus de malheurs?	Jamais Comète annonça-t-elle plus de malheurs?
MATURIN.	MATURIN.
Monſieur, nous en ſçavons plus que vous Françoiſe & moy, & ſi, nous n’avons point obſervé la Comete.	Monsieur, nous en savons plus que vous Française et moi, et si, nous n'avons point observé la Cométe.
N’auriez-vous point veu par hazard parmy les malheurs de l’Europe, de l’Aſie, & de l’Afrique.	N'auriez-vous point vu par hasard parmi les malheurs de l'Europe, de l'Asie, et de l'Afrique.
Ah, la douleur me coupe la parole.	Ah, la douleur me coupe la parole.
Toinon, apprens à Monſieur.	Toinon, apprends à Monsieur.
L’ASTROLOGUE.	L'ASTROLOGUE.
Quoy?	Quoi?
Que me veut-on dire?	Que me veut-on dire?
FRANCOISE.	FRANÇOISE.
La Comete qui vous a tant appris de choſes, devroit vous avoir appris que Monſieur de la Foreſt.	La Comète qui vous a tant appris de choses, devrait vous avoir appris que Monsieur de la Forêt.
l’eſtois avec Maturin.	l'étais avec Maturin.
Voſtre Fille dans ce meſme temps.	Votre Fille dans ce même temps.
Ah, Monſieur, quelle Comete!	Ah, Monsieur, quelle Comète!
L’ASTROLOGUE.	L'ASTROLOGUE.
Tu ne me dis rien.	Tu ne me dis rien.
Pourquoy tous deux eſtre ſi troublez?	Pourquoi tous deux amour si troublés?
MATURIN.	MATURIN.
Monſieur, c’eſt que la Comete.	Monsieur, c'est que la Comète.
Vous l’obſerviez, nous eſtions icy.	Vous l'observiez, nous étions ici.
& elle a enlevé Monſieur de la Foreſt.	et elle a enlevé Monsieur de la Forêt.
L’ASTROLOGUE.	L'ASTROLOGUE.
Je tremble.	Je tremble.
Ne ſeroit-ce point que momeur de la Foreſt auroit enlevé ma Fille?	Ne serait-ce point que moment de la Forêt aurait enlevé ma Fille?
FRANCOISE.	FRANÇOISE.
C’eſt cela, Monſieur, & aſſurément la Comete en eſt la cauſe.	C'est cela, Monsieur, et assurément la Comète en est la cause.
LA COMTESSE.	LA COMTESSE.
Mademoiſelle Florice enlevée?	Mademoiselle Florice enlevée?
MATURIN.	MATURIN.
Dix Hommes ſont entrez icy dés que vous avez eſté ſortis.	Dix Hommes sont entrez ici dès que vous avez été sortis.
Il n’y avoit que Françoiſe & moy.	Il n'y avait que Française et moi.
J’ay fait une réſiſtance aſſez vigoureuſe.	J'ai fait une résistance assez vigoureuse.
Françoiſe s’eſt ſervie de tous les Balais, & moy de toutes les Broches de la Maiſon;	Française s'est servie de tous les Balais, et moi de toutes les Broches de la Maison;
mais le nombre l’a emporté ſur noſtre valeur.	mais le nombre l'a emporté sur notre valeur.
J’ay crié inutilement au ſecours, j’ay penſé eſtre roüé des coups que l’on m’a donnez, & ces Coquins ont enlevé Mademoiſelle Florice, ſans qu’on y ait pû mettre aucun obſtacle.	J'ai crié inutilement au secours, j'ai pensé être roué des coups que l'on m'a donnez, et ces Coquins ont enlevé Mademoiselle Florice, sans qu'on y ait pu mettre aucun obstacle.
Je courois vous trouver, & vous apprendre ce deſaſtre quand vous eſtes arrivé.	Je courais vous trouver, et vous apprendre ce désastre quand vous êtes arrivé.
L’ASTROLOGUE.	L'ASTROLOGUE.
Ah Comete, Comete, je te reconnois.	Ah Comète, Comète, je te reconnais.
LA COMTESSE.	LA COMTESSE.
C’eſt-elle aſſurément qui vous fait cette piece-là.	C'est-elle assurément qui vous fait cette pièce-là.
Elle vous regardoit tantoſt d’un air auſſi déloyal.	Elle vous regardait tantôt d'un air aussi déloyal.
L’ASTROLOGUE.	L'ASTROLOGUE.
Ma Fille enlevée!	Ma Fille enlevée!
Et les Raviſſeurs, n’en a-t.	Et les Ravisseurs, n'en a-t.
on connu aucun?	on connu aucun?
MATURIN.	MATURIN.
’ay reconnu le Valet-de.	’ay reconnu le Valet-de.
Chambre de Monſieur de la Foreſt, & je l’ay vû luy-meſme à la Porte, qui a reçeu voſtre Fille, & qui luy tenoit un Carroſſe preſt.	Chambre de Monsieur de la Forêt, et je l'ai vû lui-même à la Porte, qui a reçu votre Fille, et qui lui tenait un Carrosse prêt.
L’ASTRÔLOGUE.	L'ASTRLOGUE.
Ah l’Inſolent, l’arracher d’entre mes bras!	Ah l'Insolent, l'arracher d'entre mes bras!
Quel procedé eſt-ce là?	Quel procédé est-ce là?
LA COMTESSE.	LA COMTESSE.
Vous aviez donc rompu avec luy?	Vous aviez donc rompu avec lui?
L’ASTROLOGUE.	L'ASTROLOGUE.
Aſſurément.	Assurément.
Si vous l’aviez entendu blaſphemer contre les Aſtres.	Si vous l'aviez entendu blasphémer contre les Astres.
Je le perdray.	Je le perdrai.
Je vay tout mettre en uſage pour le pourſuivre.	Je vais tout mettre en usage pour le poursuivre.
LA COMTESSE.	LA COMTESSE.
Que vous ſervira l’éclat?	Que vous servira l'éclat?
L’ASTROLOGUE.	L'ASTROLOGUE.
Quoy, il aura ma Fille en dépit de moy?	Quoi, il aura ma Fille en dépit de moi?
LA COMTESSE.	LA COMTESSE.
Vous n’en eſtes plus le Maiſtre.	Vous n'en estes plus le Maître.
Puis qu’elle eſt en ſon pouvoir, il y va de voſtre honneur de conſentir qu’il l’épouſe.	Puis qu'elle est en son pouvoir, il y va de votre honneur de consentir qu'il l'épouse.
L’ASTROLOGUE.	L'ASTROLOGUE.
Recevoir dans ma Famille un Homme qui a traité outrageuſe.	Recevoir dans ma Famille un Homme qui a traité outrageuse.
ment la Comete?	ment la Comète?
LA COMTESSE.	LA COMTESSE.
En l’état où ſont les choſes, c’eſt le ſeul party que vous puiſſiez prendre.	En l'état où sont les choses, c'est le seul parti que vous puissiez prendre.
L’ASTROLOGUE.	L'ASTROLOGUE.
Allons, Madame, j’en veux conſulter tous mes Amis.	Allons, Madame, j'en veux consulter tous mes Amis.
LA COMTESSE.	LA COMTESSE.
Songeons d’abord à nous repoſer.	Songeons d'abord à nous reposer.
Nos Rhumes ont beſoin d’une	Nos Rhumes ont besoin d'une
FIN	FIN
LA COMTESSE.	LA COMTESSE.
Vous n’en eſtes plus le Maiſtre.	Vous n'en estes plus le Maître.
Puis qu’elle eſt en ſon pouvoir, il y va de voſtre honneur de conſentir qu’il l’épouſe.	Puis qu'elle est en son pouvoir, il y va de votre honneur de consentir qu'il l'épouse.
L’ASTROLOGUE.	L'ASTROLOGUE.
Recevoir dans ma Famille un Homme qui a traité outrageuſe.	Recevoir dans ma Famille un Homme qui a traité outrageuse.
ment la Comete?	ment la Comète?
LA COMTESSE.	LA COMTESSE.
En l’état où ſont les choſes, c’eſt le ſeul party que vous puiſſiez prendre.	En l'état où sont les choses, c'est le seul parti que vous puissiez prendre.
L’ASTROLOGUE.	L'ASTROLOGUE.
Allons, Madame, j’en veux conſulter tous mes Amis.	Allons, Madame, j'en veux consulter tous mes Amis.
LA COMTESSE.	LA COMTESSE.
Songeons d’abord à nous repoſer.	Songeons d'abord à nous reposer.
Nos Rhumes ont beſoin d’une	Nos Rhumes ont besoin d'une
FIN	FIN
