AVEC PRIVILEGE DE SA MAJESTE'.	AVEC PRIVILÈGE DE SA MAJESTÉ.
A R I	À R I
Q AND ROY, c’eſt vainement qu’en t’offrant mon Ouvrage, cout ſemble à Te loüer exciter mon courage;	 QND ROY, c'est vainement qu'en t'offrant mon Ouvrage, coût semble à Te louer exciter mon courage;
Vainement mon ardeur m’en veut faire un:	Vainement mon ardeur m'en veut faire un:
1 Ma Plume ſe refuſe à ce pénible employ;	1 Ma Plume se refuse à ce pénible emploi;
La langue deſormais pour aider nôtre zéle, N’a plus de tour heureux ni de grace nouvelle.	La langue désormais pour aider notre zèle, N'a plus de tour heureux ni de grâce nouvelle.
Mille fameux Auteurs à Ta gloire ont écrit;	Mille fameux Auteurs à Ta gloire ont écrit;
Si LOUIS a tout fait, Apollon à tout dit.	Si LOUIS a tout fait, Apollon à tout dit.
De Ton Regne naiſſant, il a dit les miracles;	De Ton Règne naissant, il a dit les miracles;
Ta Valeur toûjours prête à forcer les obſtacles;	Ta Valeur toujours prête à forcer les obstacles;
Cent Peuples en courant ſubjuguez à la fois, Mais auſſi-toſt heureux que ſoûmis à Tes Loix;	Cent Peuples en courant subjuguez à la fois, Mais aussitôt heureux que soumis à Tes Lois;
La rebelle Hereſie à tes pieds terraſſée, D’un cahos tenebreux Themis débarraſſée;	La rebelle Hérésie à tes pieds terrassée, D'un cahos ténébreux Themis débarrassée;
Le Duel ſans honneur chaſſé de tes Etats, La Nobleſſe formée à de juſtes combats;	Le Duel sans honneur chassé de tes États, La Noblesse formée à de justes combats;
Les Arts Riches par toy des beautez ſouveraines Qu’ils eurent autrefois dans Rome & dans Athenes;	Les Arts Riches par toi des beautés souveraines Qu'ils eurent autrefois dans Rome et dans Athènes;
Tous Tes inſtans marquez par les Vertus d’un Roy, Et Tes Fils par Tes ſoins rendus dignes de Toy.	Tous Tes instants marqués par les Vertus d'un Roi, Et Tes Fils par Tes soins rendus dignes de Toi.
Que ces heureux Sujets ont illuſtré de Plumes!	Que ces heureux Sujets ont illustré de Plumes!
Qu’écrire à Ta loüange aprés tant de Volumes?	Qu'écrire à Ta louange après tant de Volumes?
Non qu’encore aujourd’huy Tes nouvelles Vertus De nos Ecrits pour Toy n’exigent les tributs.	Non qu'encore aujourd'hui Tes nouvelles Vertus De nos Écrits pour Toi n'exigent les tributs.
Cent Travaux tous les jours de nouveau T’éterniſent La mariére s’accroît;	Cent Travaux tous les jours de nouveau T'éternisent La marièvre s'accroût;
mais les forces s’épuiſent, Et nos Vers dépourvûs de ſel & d’agrémens N’ont pour Tes faits nouveaux que de vieux ornemens.	mais les forces s'épuisent, Et nos Vers dépourvus de sel et d'agréments N'ont pour Tes faits nouveaux que de vieux ornements.
L’Art aprés tant d’efforts, impuiſſant pour Ta Gloire, Se doit d’un ſoin ſi beau repoſer ſur l’Hiſtoire:	L'Art après tant d'efforts, impuissant pour Ta Gloire, Se doit d'un soin si beau reposer sur l'Histoire:
Qu'elle ſeule Te loüe, & que de mes Ecrits Tes plaiſirs deſormais ſoient l’objet & le prix.	Qu'elle seule Te loue, et que de mes Écrits Tes plaisirs désormais soient l'objet et le prix.
A CTEU 4 P A RS DU PROLOGUE.	À CTEU 4 P A RS DU PROLOGUE.
1 Z I RPHE’E, Enchantereſſe, ZIRENE, Enchanteur, Amy de Zirphée.	1 I RPHE’É, Enchanteresse, ZIRENE, Enchanteur, Ami de Zirphée.
TROUPE de Femmes de la ſuite de Zirphée.	TROUPE de Femmes de la suite de Zirphée.
TROUPE de Genies.	TROUPE de Génies.
TROUPE de Statuës animées.	TROUPE de Statues animées.
TROUPE d’Eſprits volants.	TROUPE d'Esprits volants.
PROLOGUE.	PROLOGUE.
Aub MOAIZIIR PoHI EE.	Aub MOAIZIR PoHI CE.
V Out célebre icy le courage D’un Vainqueur dont le Monde admira les Travaux.	V Out célèbre ici le courage D'un Vainqueur dont le Monde admira les Travaux.
Q Ce Monument eſt un bommage.	Q Ce Monument est un bommage.
Que mon Art voulut rendre au plus grãd des Héros:	Que mon Art voulut rendre au plus grand des Héros:
D'Amadis j'y traçay l'Hiſtoire, Mais on ne luy doit plus ce Titre glorieux, Ce ſejour n’eſt plus fait pour annoncer ſa gloire, D’autres Exploits vont embellir ces lieux.	D'Amadis j'y traçai l'Histoire, Mais on ne parler doit plus ce Titre glorieux, Ce jour n'est plus fait pour annoncer sa gloire, D'autres Exploits vont embellir ces lieux.
Eſprits qui me ſerveZ, rempliſſez mon attenté, Volez, volez de toutes parts, Effacez les Travaux que ce lieu repreſente, Qu’une Hiſtoire plus éclatante Etonne & charme les regards.	Esprits qui me servez, remplissez mon attenté, Volez, volés de toutes parts, Effacés les Travaux que ce lieu représente, Qu'une Histoire plus éclatante Éonne et charme les regards.
Eſprits qui me ſervez, rempliſſeZ mon attente, Volez, volez, de toutes parts.	Esprits qui me servez, remplissez mon attente, Volés, volés, de toutes parts.
Stioupuri II Pluſieurs Eſprits volent à l’ordre de Zirphée & viennent changer les Bas-reliefs qui repreſentent les Travaux du Roy au lieu de ceux d’Amadis.	Stioupuri II Plusieurs Esprits volent à l'ordre de Zirphée et viennent changer les Bas-reliefs qui représentent les Travaux du Roi au lieu de ceux d'Amadis.
Deux Eſprits enlevent l’ardente Epée du haut de la Pyramide, & deux autres y viennent poſer un Soleil.	Deux Esprits enlèvent l'ardente Épée du haut de la Pyramide, et deux autres y viennent poser un Soleil.
da	da
ZIRPHE’E.	ZIRPHÉLÉ.
1 Que tout icy s’anime, & que tout me réponde.	1 Que tout ici s'anime, et que tout me réponde.
Toutes les Statuës s’animent, ſortent de leurs Attitudes & s’uniſſent avec Zirphée pour Celebrer la gloire du Roy.	Toutes les Statues s'animent, sortent de leurs Attitudes et s'unissent avec Zirphée pour Célébrer la gloire du Roi.
ZIRPHE’E & LE CHOEUR.	ZIRPHÉL'E et LE CHOEUR.
Pour chanter ce Vainqueur élevons nos Concerts, Son Nom remplit la Terre & l’Onde, Il est l’honneur de l’Univers, Son Eloge eſt gravé dans tous les cœurs du Monde.	Pour chanter ce Vainqueur élevons nos Concerts, Son Nom remplit la Terre et l'Onde, Il est l'honneur de l'Univers, Son Éloge est gravé dans tous les cœurs du Monde.
Des	Des
Des Géniés applaudiſſent au deſſein de Zirphée par leurs Danſes, & les femmes de ſa ſuite ſe meſſent avec eux.	Des Géniés applaudissent au dessein de Zirphée par leurs Danses, et les femmes de sa suite se messent avec eux.
ZIRENE étonné de la nouvelle hiſtoire que le Monument repreſente.	ZIRENE étonné de la nouvelle histoire que le Monument représente.
Que d'Exploits éclatans s’offrent à mes regards!	Que d'Exploits éclatants s'offrent à mes regards!
Quel Héros ſur ſes pas enchaiſne la Victoire?	Quel Héros sur ses pas enchaîne la Victoire?
S uil avai a Ennemis!	 Suil avai a Ennemis!
qu'il briſe de Remparts!	qu'il brise de Remparts!
En vain tout l’Univers s’arme contre ſa gloire, Il triomphe de toutes parts.	En vain tout l'Univers s'arme contre sa gloire, Il triomphe de toutes parts.
CHOEUR.	CHOEUR.
Que d’exploits éclatans s’offrent à nos regards!	Que d'exploits éclatants s'offrent à nos regards!
Quel Héros ſur ſes pas enchaiſne la Victoire?	Quel Héros sur ses pas enchaîne la Victoire?
Qu’il abat d’Ennemis!	Qu'il abat d'Ennemis!
qu’il briſe de Remparts!	qu'il brise de Remparts!
En vain tout l’Univers s’arme contre ſa gloire, Il triomphe de toutes parts.	En vain tout l'Univers s'arme contre sa gloire, Il triomphe de toutes parts.
ZIRPHE’E.	ZIRPHÉLÉ.
Coûtez, Mortels, une Paix ſalutaire, C’eſt vn Héros qui s’en rend le ſoütien, Vous rendre heureux eſt ſa plus douce affaire;	Coûtez, Mortels, une Paix salutaire, C'est un Héros qui s'en rend le soutien, Vous rendre heureux est sa plus douce affaire;
Il bannit la Guerre, N’en craigneZ plus rien, Il prend le ſoin du bonheur de la Terre, Et c’eſt au Ciel qu’il ſe remet du ſien.	Il bannit la Guerre, N'en craignez plus rien, Il prend le soin du bonheur de la Terre, Et c'est au Ciel qu'il se remet du sien.
CHOEUR.	CHOEUR.
Coûtez, Mortels, une Paix ſalutaire, C’eſt un Héros qui s’en rend le ſoûtien, Vous rendre heureux est ſa plus douce affaire;	Coûtez, Mortels, une Paix salutaire, C'est un Héros qui s'en rend le soutien, Vous rendre heureux est sa plus douce affaire;
Il bannit la Guerre, N’en craignez plus rien, Il prend le ſoin du bonheur de la Terre, Et c’eſt au Ciel qu’il ſe remet du ſien.	Il bannit la Guerre, N'en craignez plus rien, Il prend le soin du bonheur de la Terre, Et c'est au Ciel qu'il se remet du sien.
ZIRPHE’E & ZIRENE.	ZIRPHÉL'É et ZIRENE.
Ses ſoins ont ramené le calme ſur la Terre;	Ses soins ont ramené le calme sur la Terre;
S ue par ſes ſoins il régne à jamais, 8 'il eſt le Héros de la Guerre, Il eſt encor le Héros de la Paix.	S Que par ses soins il règne à jamais, 8 'il est le Héros de la Guerre, Il est encor le Héros de la Paix.
ZIRPHE’E.	ZIRPHÉLÉ.
Volez volez, dans ſon Empire, Plaiſirs, prevenez tous ſes veux, C’eſt le plus grand Roy qui reſpire, Qu’il ſoit toûjours le plus heureux.	Volez volez, dans son Empire, Plaisirs, prévenez tous ses veux, C'est le plus grand Roi qui respire, Qu'il soit toujours le plus heureux.
CHOEUR.	CHOEUR.
Volez, volez, dans ſon Empire, Plaiſirs, prévenez tous ſes vœux, C’eſt le plus grand Roy qui reſpire, Qu'il ſoit toûjours le plus heureux.	Volez, volez, dans son Empire, Plaisirs, prévenez tous ses vœux, C'est le plus grand Roi qui respire, Qu'il soit toujours le plus heureux.
ZIRPHE’E.	ZIRPHÉLÉ.
Aprés avoir ſervi ſa gloire, Il faut pour ſes plaiſirs nous unir aujourd’huy, Qu’un ſpectacle pompeux luy retrace l’Hiſtoire D'un illustre Painqueur qui ne céde qu'a luy.	Après avoir servi sa gloire, Il faut pour ses plaisirs nous unir aujourd'hui, Qu'un spectacle pompeux-même retrace l'Histoire D'un illustre Painqueur qui ne cède qu'a tu.
lm du Troiogue.	lm du Trogue.
le ACTLURS DE LA TRAGEDIE.	le ACTLURS DE LA TRAGÉDIE.
MADIS DE GRECE.	MADIS DE GRÈCE.
LE PRINCE DE THRACE.	LE PRINCE DE -THRACE.
NIQUE’E, Fille du Soudan de Thébes.	NIQUE’-E, Fille du Soudan de Thebes.
HELISSE, Magicienne.	HELISSE, Magicienne.
ZIRPHE’E, Enchantereſſe, Tante de Niquée.	ZIRPHÉLA, Enchanteresse, Tante de Niquée.
Troupes de Bergers, de Bergeres & de Paſtres.	Troupes de Bergers, de Bergères et de Pastres.
Un Berger.	Un Berger.
Une Bergere.	Une Bergère.
On fecona Berger.	On fécona Berger.
Troupe de Chevaliers & de Princeſſes enchantées.	Troupe de Chevaliers et de Princesses enchantées.
’Un Chevalier enchanté.	Un Chevalier enchanté.
Une Princeſſe enchantée.	Une Princesse enchantée.
Troupe ut Magiciens.	Troupe ut Magiciens.
Troupe de Démons.	Troupe de Démons.
Troupe de Matelots & de Matelottes.	Troupe de Matelots et de Matelottes.
Un Maielot.	Un Maielot.
Un ſecond Matelot.	Un second Matelot.
ACTE PREMIER.	ACTE PREMIER.
Le Théatre repreſente les Jardins de Méliſſe, d’où l’on découvre dans le fonds la Tour de Niquée.	Le Théâtre représente les Jardins de Mélisse, d'où l'on découvre dans le fonds la Tour de Niquée.
La Scene ſe paſſe dans la Nuit.	La Scène se passe dans la Nuit.
SCENE PREMIERE.	SCÈNE PREMIÈRE.
AMADIS, LE PRINCE DE THRACE.	AMADIS, LE PRINCE DE -THRACE.
AMADIS.	AMADIS.
Endant que le ſommeil ferme icy tous les yeux, Allons, Prince, marchons, où m’attend la Victoire;	Endant que le sommeil ferme ici tous les yeux, Allons, Prince, marchons, où m'attend la Victoire;
Arrachons-nous aux charmes de ces lieux, Ils n’ont que trop contraint mon amour & ma gloire.	Arrachons-nous aux charmes de ces lieux, Ils n'ont que trop contraint mon amour et ma gloire.
La Gloire aſſeZ long-tems vous a vû ſous ſes Loix, Tout vous aſſure une illuſtre memoire, Amadis a luy ſeul achevé plus d’Exploits, Que l’avenir n’en pourra croire.	La Gloire assez longtemps vous a vu sous ses Lois, Tout vous assure une illustre mémoire, Amadis a m seul achevé plus d'Exploits, Que l'avenir n'en pourra croire.
Répondez, en ces lieux à de tendres deſirs, Meliſſe ſent pour vous la flame la plus belle;	Répondez, en ces lieux à de tendres désirs, Melisse sent pour vous la flamme la plus belle;
Ainuue uppus font ieſu fruil de jes ſoupirs;	Ainuve uppus font ju fruil de jes soupirs;
Quand ſon Art à vos yeux raſſemble les plaiſirs, C’eſt ſon amour qui les appelle.	Quand son Art à vos yeux rassemble les plaisirs, C'est son amour qui les appelle.
AMADIS.	AMADIS.
Ah!	Ah!
c’eſt de cet amour que je fais mon tourment.	c'est de cet amour que je fais mon tourment.
uand ce Palis s’offrit a mon paſſage, J'allois finir l’enchantement De la Princeſſe qui m’engage.	Uand ce Palis s'offrit a mon passage, J'allais finir l'enchantement De la Princesse qui m'engage.
anieiffe par ſes foins me retint dans ſa Cour, Je crus que ſon accueil naiſſoit de ſon eſtime;	anieiffe par ses foins me retint dans sa Cour, Je crus que son accueil naissait de son estime;
Mais puiſqu’il est l’effet de ſon fatal amour, Prince, je me ferois un crime De le nourrir par un plus long ſéjour.	Mais puisqu'il est l'effet de son fatal amour, Prince, je me ferais un crime De le nourrir par un plus long sujour.
PRINCE DE THRACE.	PRINCE DE -THRACE.
Pour prix d’une flame ſi tendre Vous vouleZ qu’elle meure & vous l’abandonnez C uoy!	Pour prix d'une flamme si tendre Vous voulez qu'elle meure et vous l'abandonnez Ç uoi!
ſa beaute ne peut-elle vous rendre Tout l'amour que vous luy donneZ	sa beauté ne peut-elle vous rendre Tout l'amour que vous lui avez
AMADIS.	AMADIS.
Tu ſçais l’objet à qui je rends les armes, Et tu peux me vanter de ſi foibles attraits!	Tu sais l'objet à qui je rends les armes, Et tu peux me vanter de si faibles attraits!
les yeux qui connoiſſent ſes traits, Peuvent-ils trouver d’autres charmes?	les yeux qui connaissent ses traits, Peuvent-ils trouver d'autres charmes?
Il luy montre le Portrait de Niquée.	Il te montre le Portrait de Niquée.
LE PRINCE DE THRACE à part.	LE PRINCE DE -THRACE à part.
Ah!	Ah!
que ce ſouvenir redouble mes allarmes.	que ce souvenir redouble mes alarmes.
AMADIS.	AMADIS.
Déja le bruit de ma valeur A ſçû fléchir pour moy cette auguſte Princeſſe, Il faut par mille efforts meriter mon bonheur Et justifier ſa tendreſſe.	Déjà le bruit de ma valeur A su fléchir pour moi cette auguste Princesse, Il faut par mille efforts mériter mon bonheur Et justifier sa tendresse.
Ne tardons plus, aſſûrons dés ce jour Et mes plaiſirs & ma mémoire.	Ne tardons plus. assurons dès ce jour Et mes plaisirs et ma mémoire.
Qu'il eſt doux d’accroistre ſa gloire.	Qu'il est doux d'accroître sa gloire.
De ce qu’on fait pour ſon amour.	De ce qu'on fait pour son amour.
LE PRINCE DE THRACE.	LE PRINCE DE -THRACE.
Je ne m’oppoſe plus au ſoin qui vous agite, Je combattois en vain un ſi preſſant deſir.	Je ne m'oppose plus au soin qui vous agite, Je combattais en vain un si pressant désir.
Demeurez.	Demeurez.
Je vais voir pour cacher nôtre fuite L’endroit que nous devons choiſir.	Je vais voir pour cacher notre fuite L'endroit que nous devons choisir.
Il ſort & va avertir Méliſſe.	Il sort et va avertir Mélisse.
SCENE DEOXIEME.	SCÈNE DEOXIEME.
AMADIS ſeul.	AMADIS seul.
Nuit!	Nuit!
déploye icy tes voiles les plus ſombres.	déploie ici tes voiles les plus sombres.
O Sommeil, ſous tes Pavots aſſoupi tous les yeux:	Ô Sommeil, sous tes Pavots assoupi tous les yeux:
Pour fuir de ces funeſtes lieux Prêtez-moy le ſecours du ſilence & des ombres.	Pour fuir de ces funestes lieux Prêtez-moi le secours du silence et des ombres.
Amour, obtiens pour moyqu’ils rempliſſent mes vœux;	Amour, obtiens pour moiqu'ils remplissent mes vœux;
Mon cœur a droit de le prétendre.	Mon cœur a droit de le prétendre.
Tu n’as jamais ſervi de ſi beaux feux Ni ſatisfait d’Amant ſi tendre.	Tu n'as jamais servi de si beaux feux Ni satisfait d'Amant si tendre.
O nuit!	Ô nuit!
dépleje tey res oules les peus ſombres;	dépleje te rés oules les pus sombres;
Sommeil, ſous tes Pavots aſſoupi tous les yeux;	Sommeil, sous tes Pavots assoupi tous les yeux;
Pour fuir de ces funeſtes lieux.	Pour fuir de ces funestes lieux.
meneo moy le fecours au piente & des ombres.	mène -moi le secours au piente et des ombres.
La nuit ſe diſſipe, une clarté magique éclaire les Jardins, il y naît des Berceaux, & des Fontaines, & une Troupe champêtre ſuſcitée par Méliſſe, vient s’oppoſer au départ d’Amadis.	La nuit se dissipe, une clarté magique éclaire les Jardins, il y naît des Berceaux, et des Fontaines, et une Troupe champ suscitée par Mélisse, vient s'opposer au départ d'Amadis.
Que voy-je!	Que vois-je!
quel prodige!	quel prodige!
ô Cieux!	ô Cieux!
A quel Astre la nuit céde-t-elle ces lieux?	À quel Être la nuit cède-t-elle ces lieux?
D’où vient qu’une Beauté nouvelle Eclate icy de toutes parts?	D'où vient qu'une Beauté nouvelle Éclate ici de toutes parts?
Quel ſpectacle!	Quel spectacle!
qui vous appelle?	qui vous appelle?
Et quel enchantement vous offre à mes regards?	Et quel enchantement vous offrent à mes regards?
SCENE III.	SCÈNE III.
SCENE TROISIE'ME.	SCÈNE -TROISIE'ME.
AMATDIO Troupe de Bergers, de Bergeres, & de Paſtres.	AMATDIO Troupe de Bergers, de Bergères, et de Pastres.
Un BERGER.	Un BERGER.
Vec l’amour tout peut nous plaire, Q luur nest enuimum juns jon fecours:	Vec l'amour tout peut nous plaire, Q luur nest envimum juns jon secours:
Il eſt le ſeul qui ſçait nous faire D’aimables lieux & de beaux joürs.	Il est le seul qui sait nous faire D'aimables lieux et de beaux joürs.
CHOEUR.	CHOEUR.
CedeZ a nos Chanſons, cédez à nos Muſettes, Joüiſſez en ces lieux des charmes les plus doux, Les oyſeaux, les échos de ces belles retraites, Pour vous y retenir s’uniſſent avec nous.	Cédez à nos Chansons, cédez à nos Musettes, Jouissez en ces lieux des charmes les plus doux, Les oiseaux, les échos de ces belles retraites, Pour vous y retenir s'unissent avec nous.
Deux BERGERS.	Deux BERGERS.
Tout doit icy fléchir un cœur ſauvage, Nos bois charmans Sont faits pour les amans.	Tout doit ici fléchir un cœur sauvage, Nos bois charmands Sont faits pour les amants.
Ils ſont toûjours Parez d’un vert feüillage:	Ils sont toujours Parés d'un vert feuillage:
Ah!	Ah!
que leur ombrage Est d’un doux ſecours.	que leur ombrage Est d'un doux secours.
Que de beaux jours, L’Amour nous y prépare, Heureux qui s’égare Dans leurs beaux détours:	Que de beaux jours, L'Amour nous y prépare, Heureux qui s'égare Dans leurs beaux détours:
Heureux qui s’égare Avec les amours.	Heureux qui s'égare Avec les amours.
Un BERGER.	Un BERGER.
L’amour eſt pour le bel âge;	L'amour est pour le bel âge;
Le plus tendre eſt le plus ſage:	Le plus tendre est le plus sage:
L’amour eſt pour le bel âge Livrons-nous à ſes langueurs.	L'amour est pour le bel âge Livrons-nous à ses langueurs.
LECHOEUR.	LECHOEUR.
Lamour eſi pour te bel âge;	Lamour esi pour te bel âge;
Le plus tendre eſt le plus ſage:	Le plus tendre est le plus sage:
L’amour eſt pour le bel age, Livrons-nous à ſes langueurs.	L'amour est pour le bel age, Livrons-nous à ses langueurs.
LE BERGER.	LE BERGER.
Il ſe plaist dans nos bocages Pour bleſſer les cœurs ſauvages, Il ſe cache ſous les fleurs:	Il se plaît dans nos bocages Pour blesser les cœurs sauvages, Il se cache sous les fleurs:
L’amour eſt pour le bel âge;	L'amour est pour le bel âge;
Le plus tendre est le plus ſage:	Le plus tendre est le plus sage:
L’amour eſt pour le bel âge, Livrons-nous à ſes langueurs.	L'amour est pour le bel âge, Livrons-nous à ses langueurs.
LE CHOEUR.	LE CHOEUR.
L’amour est pour le bel âge, Le plus tendre eſt le plus ſageL’amour eſt pour le bel age, Livrons-nous à ſes langueurs.	L'amour est pour le bel âge, Le plus tendre est le plus sageL'amour est pour le bel age, Livrons-nous à ses langueurs.
Trop heureux ceux qu’il engage, L’amour eſt un eſclavage Mais ſes fers ont des douceurs.	Trop heureux ceux qu'il engage, L'amour est un esclavage Mais ses fers ont des douceurs.
Une BERGERE.	Une BERGÈRE.
AAtmons vous uuns ia feuneſſe, Eh!	AAtmons vous uns ja feunesse, Eh!
que faire ſans tendreſſe!	que faire sans tendresse!
Aimons tous dans la jeuneſſe, L’amour est le bien des cœurs.	Aimons tous dans la jeunesse, L'amour est le bien des cœurs.
LE CHOEUR.	LE CHOEUR.
Aimons tous dans la jeuneſſe, Eh!	Aimons tous dans la jeunesse, Eh!
que faire ſans tendreſſe!	que faire sans tendresse!
Aimons tous dans la jeuneſſe, L’amour est le bien des cœurs.	Aimons tous dans la jeunesse, L'amour est le bien des cœurs.
LA BERGERE.	LA BERGÈRE.
Chaque tems a ſa ſageſſe, Attendons que la vieilleſſe Vienne éteindre nos ardeurs.	Chaque temps a sa sagesse, Attendons que la vieillesse Vienne éteindre nos ardeurs.
Aimons tous dans la jeuneſſe, Eh!	Aimons tous dans la jeunesse, Eh!
que faire ſans tendreſſe!	que faire sans tendresse!
Aimons tous dans la jeuneſſe, L’amour est le bien des cœurs.	Aimons tous dans la jeunesse, L'amour est le bien des cœurs.
LE CHOEUR.	LE CHOEUR.
Aimons tous dans la jenneſſe, Eh!	Aimons tous dans la jennesse, Eh!
que faire ſans tendreſſe!	que faire sans tendresse!
Aimons tous dans la jeuneſſe, L’amour eſt le bien des cœurs.	Aimons tous dans la jeunesse, L'amour est le bien des cœurs.
Qu'avec nous il ſoit ſans ceſſe, Il nous plaiſt quand il nous bleſſe, Tous ſes coups ſont des faveurs.	Qu'avec nous il soit sans cesse, Il nous plaît quand il nous blesse, Tous ses coups sont des faveurs.
AMADIS, Ceſſez, cette importune feſte, C’est vainement qu’en ces lieux on m’arreſte.	AMADIS, Cessez, cette importune fête, C'est vainement qu'en ces lieux on m'arrête.
CENE QUATRIE’ME.	CÈNE QUATRIE'ME.
AMADIS, MELISSE, LE PRINCE de Thrace.	AMADIS, MÉLISSE, LE PRINCE de Thrace.
MELISSE.	MÉLISSE.
Uoy, tout trompera mon eſpoir?	Où, tout trompera mon espoir?
Amadis, ſe peut-il que rien ne vous flêchiſſe?	Amadis, se peut-il que rien ne vous flêchisse?
Ah!	Ah!
du moins, ſi ſur vous leur voix est ſans pouvoir, Cedez à celle de Meliſſe.	du moins, si sur vous leur voix est sans pouvoir, Cédez à celle de Melisse.
AMADIS.	AMADIS.
Ce n’eſt qu’à la voix du devoir Qu’il faut qu’un grand cœur obéiſſe.	Ce n'est qu'à la voix du devoir Qu'il faut qu'un grand cœur obisse.
MELIS SE.	MELIS SE.
C’en est donc fait, tu pars, tu braves ma douleur, Je n’ay pour t’arreſter que d’inutiles charmes;	C'en est donc fait, tu pars, tu braves ma douleur, Je n'ai pour t'arrêter que d'inutiles charmes;
Ingrat, mets-tu ta gloire à mépriſer mes larmes?	Ingrat, mets-tu ta gloire à mépriser mes larmes?
Ton bonheur dépend-t’il de me percer le cœur?	Ton bonheur dépend-t-il de me percer le cœur?
Ah!	Ah!
plus je m’attendris, moins je te vois ſenſible, Tu détourne les yeux, & déja tu me fuis.	plus je m'attendris, moins je te vois sensible, Tu détourne les yeux, et déjà tu me fuis.
Tu te fais un ſuplice horrible D'estre ençor aux lieux où je ſuis.	Tu te fais un suplice horrible D'être ençor aux lieux où je suis.
AMADIS.	AMADIS.
Meliſſe, ce n’eſt qu'à la gloire.	Mélisse, ce n'est qu'à la gloire.
MELISSE.	MÉLISSE.
Non, non, ne pourſuit pas ce langage odieux, e ſçais trop ce que je dois croire, L’amour, le ſeul amour, t’arrache de ces lieux, L’image de Niquée a porté dans ton ame Des feux dont tu fais ton bonheur.	Non, non, ne poursuit pas ce langage odieux, e sçais trop ce que je dois croire, L'amour, le seul amour, t'arrache de ces lieux, L'image de Niquée a porté dans ton âme Des feux dont tu fais ton bonheur.
Son nom même, ſon nom vient d’emouvoir ton cœur, Et tes yeux trahiſſent ta flame.	Son nom même, son nom vient d'émouvoir ton cœur, Et tes yeux trahissent ta flamme.
AMADIS.	AMADIS.
Pourquoy voulez-vous m’engager uand je ſuis ſous les loix d’un autre?	Pourquoi voulez-vous m'engager uand je suis sous les lois d'un autre?
Un cœur capable de changer Ne ſeroit pas digne du vôtre.	Un cœur capable de changer Ne serait pas digne du vôtre.
MELISSE.	MÉLISSE.
uoy!	uoy!
cruel, c’eſt donc peu de le voir dans tes yeux!	cruel, c'est donc peu de le voir dans tes yeux!
Tu m’oſes faire encor un aveu ſi funeſte.	Tu m'oses faire encor un aveu si funeste.
Je ne t’ay donc offert qu’un amour odieux Et qu'un cœur que le tien déteſte?	Je ne t'ai donc offert qu'un amour odieux Et qu'un cœur que le tien déteste?
En vain j’ay raſſemblé les plaiſirs & les jeux, En vain j’ay de mon Art épuiſé la puiſſance;	En vain j'ai rassemblé les plaisirs et les jeux, En vain j'ai de mon Art épuisé la puissance;
Pour toy tout devenoit affreux, Par mes ſoûpirs & ma préſence.	Pour toi tout devenait affreux, Par mes soupirs et ma présence.
’’en eſt trop le dépit ſuccéde à mon tranſport.	’’en est trop le dépit succéde à mon transport.
Je ne te retiens plus, tu peux partir.	Je ne te retiens plus, tu peux partir.
barbare, Va braver les perils que le ſort te prépare, Cours, vole à ta Princeſſe, ou plûtoſt à la mort.	barbare, Va braver les périls que le sort te prépare, Cours, vole à ta Princesse, ou plutôt à la mort.
A la mori!	À la mory!
Quoy, ion tuur ia prefere à Meliſſe?	Quoi, ion tuur ja préfère à Melisse?
Tu me quittes pour la chercher?	Tu me quittes pour la chercher?
Mon deſeſpoir, mes pleurs, n’ont rien qui t’attendriſſe.	Mon désespoir, mes pleurs, n'ont rien qui t'attendrisse.
AMADIS.	AMADIS.
Il ne m’eſt pas permis de m’en laiſſer toucher.	Il ne m'est pas permis de m'en laisser toucher.
MELISSE.	MÉLISSE.
Suis-donc, cruel, une gloire fatale, Va perir pour d’autres appas.	Suis-donc, cruel, une gloire fatale, Va périr pour d'autres appas.
Que des monſtres ſur toy, la rage ſe ſignale, ue cent Geans affreux te li vrent cent combats, Et qu’un gouffre de flame achevant ton trépas, Te vomiſſe expirant aux pieds de ma Rivale.	Que des monstres sur toi, la rage se signale, ue cent Geans affreux te li vrent cent combats, Et un Que de flame achevant ton rés, Sur vomisse la aux age se ma Signale,
AMADIS.	AMADIS.
O Ciel!	Ô Ciel!
peut-on former des vœux ſi pleins d’horreur:	peut-on former des vœux si pleins d'horreur:
Ah!	Ah!
fuyons, ma preſence irrite ſa fureur.	fuyons, ma présence irrite sa fureur.
CENE CINQUIE’ME.	CÈNE CINQUIE'ME.
MELISSE, ſeule.	MÉLISSE, seule.
E cruel m’abandonne, il fuit, il me déteſſe, E Dieux!	E cruel m'abandonne, il fuit, il me détesse, E Dieux!
quel ſupplice il me fait éprouver!	quel supplice il me fait éprouver!
Je luy parois un objet plus funeſte, Que les monſtres qu’il va braver.	Je lui parais un objet plus funeste, Que les monstres qu'il va braver.
Eh bien, ingrat, céde au feu qui t’entraîne, Pourſuis tes amoureux projets;	Eh bien, ingrat, cède au feu qui t'entraîne, Poursuis tes amoureux projets;
Mais en vain ta valeur te répond du ſuccés, Au nes purte uunt eſptrance vaine, Les Monſtres, les Geans peuvent eſtre défaits;	Mais en vain ta valeur te répond du succès, Au nés purte uunt esptrance vaine, Les Monstres, les Geans peuvent être défaits;
Mais tu ne peux vaincre ma haine.	Mais tu ne peux vaincre ma haine.
Fin du premier Acte.	Fin du premier Acte.
ACTEII.	ACTEII.
a d.	a d.
2 TI Le I'fieatre repreſente le Perron enflâmé qui deffendoit la Gloire de Niquée.	2 TY Le J'fieâtre représente le Perron enflammé qui défendait la Gloire de Niquée.
CENE PREMIERE.	CÈNE PREMIÈRE.
AMADIS, LE PRINCE DE THRACE.	AMADIS, LE PRINCE DE -THRACE.
1	1
AMADIS.	AMADIS.
Es feux excitent mon courage, C’eſt le dernier peril qu’il me reſte à tenCent monstres vainement m'on oppoſé leur rage, Tu me les as vus ſurmonter;	Es feux excitent mon courage, C'est le dernier péril qu'il me reste à tenCent monstres vainement m'on opposé leur rage, Tu me les as vus surmonter;
Et je me ſuis fait un paſſage Teint du ſang des Geans qui vouloient m’arreſter.	Et je me suis fait un passage Teint du sang des Géants qui voulaient m'arrêter.
Mais qu’annoncent ces mots?	Mais qu'annoncent ces mots?
il faut nous en inJuallla2 Haſtons-nous de les lire,	il faut nous en inJallla2 Hâtons-nous de les lire,
LE PRINCE DE THRACE lit ces mots, qui ſont écrits ſur le Perron.	LE PRINCE DE -THRACE lit ces mots, qui sont écrits sur le Perron.
Un ſeul peut paſſer dans ces feux, On feut uon puiouuonum giune immortelle;	Un seul peut passer dans ces feux, On feut uon puiouuonum giune immortelle;
C’eſt l’Amant le plus genereux, Et le Heros le plus fidelle.	C'est l'Amant le plus généreux, Et le Héros le plus fidèle.
AMADIS.	AMADIS.
Ah!	Ah!
je connois icy ma flame & ma valeur, Le ſort va remplir ja promeſſe;	je connais ici ma flamme et ma valeur, Le sort va remplir a promesse;
Non, je n’en doute plus, je touche a mon bonheur, Je ſuis preſt de voir ma Princeſſe, Mille ſecrets plaiſirs l’annoncent à mon cœur.	Non, je n'en doute plus, je touche à mon bonheur, Je suis prêt de voir ma Princesse, Mille secrets plaisirs l'annoncent à mon cœur.
Au Prince de Thrace.	Au Prince de Thrace.
Cner Printe, ſois neureux autant que je vais l’eſtre, Puiſſe le Ciel combler tout tes deſirs;	Cner Printe, sois neureux autant que je vais l'être, Puisse le Ciel combler tout tes désirs;
Ce n’eſt plus que par tes plaiſirs, Que les miens pourront croistre.	Ce n'est plus que par tes plaisirs, Que les miens pourront croître.
Il s’avance pour traverſer les flâmes.	Il s'avance pour traverser les flammes.
LE PRINCE DE THRACE.	LE PRINCE DE -THRACE.
Arreſte, & connois-moy.	Arrête, et connais-moi.
AMADIS.	AMADIS.
Qu'entends-je?	Qu'entends-je?
je fremy.	je frémis.
LE PRINCE DE THRACE.	LE PRINCE DE -THRACE.
J'oppoſe encor ce bras à bon audace Combats dans le Prince de Thrace, Ton Rival & ton ennemy.	J'oppose encor ce bras à bon audace Combats dans le Prince de Thrace, Ton Rival et ton ennemi.
Ciel!	Ciel!
AMADIS.	AMADIS.
LE PRINCE DE THRACE.	LE PRINCE DE -THRACE.
Plus charmé que toy des trais de ta Princeſſe, Et reduit par ſon choix à n’en eſperer rien, Je voulois troubler ta tendreſſe, Tout mon bonheur estoit de traverſer le tien.	Plus charmé que toi des trais de ta Princesse, Et réduit par son choix à n'en espérer rien, Je voulais troubler ta tendresse, Tout mon bonheur était de traverser le tien.
Pour te retenir chez Méliſſe De ton départ j’ay couru l’avertir:	Pour te retenir chez Mélisse De ton départ j'ai couru l'avertir:
Mes ſoins ont esté vains, tu trouves tout propice.	Mes soins ont été vains, tu trouves tout propice.
Moy ſeul à ton bon-heur je ne puis conſentir.	Moi seul a ton bonheur je ne puis consentir.
C’eſt pour moy le dernier ſuplice, Ton trépas ou le mien ſçaura m’en garentir.	C'est pour moi le dernier suplice, Ton trépas ou le mien ceaura m'en garantir.
AMADIS.	AMADIS.
Traiſtre, perfide Amy, quelle rage te guide!	Traître, perfide Ami, quelle rage te guide!
LE PRINCE DE THRACE.	LE PRINCE DE -THRACE.
Ah!	Ah!
ne m’accable point de ces noms rigoureux, Nos vertus dépendoient du ſuccés de nos vœux, Et tu ſerois l’Amy pernde, Si tu n’eſtois l’Amant heureux.	ne m'accable point de ces noms rigoureux, Nos vertus dépendaient du succès de nos vœux, Et tu serais l'Ami pernde, Si tu n'étais l'Amant heureux.
AMADIS.	AMADIS.
En vain tu prodigues ta vie, Ton ſang me fut trop cher pour y tremper mes mains;	En vain tu prodigues ta vie, Ton sang me fut trop cher pour y tremper mes mains;
Je veux punir ta perſaté En te forçant de voir le bonheur que tu crains.	Je veux punir ta persaté En te forçant de voir le bonheur que tu crains.
Il traverſe les flâmes.	Il traverse les flammes.
SCENE TROISIE’ME.	SCÈNE -TROISIE'ME.
AMADIS NIQUEE, Troupe de Chevaliers & de Princeſſes enchantées.	AMADIS NIQUE, Troupe de Chevaliers et de Princesses enchantées.
NIQUE'E deſcend de ſon Trône.	NIQUE descend de son Trône.
U’entends-je?	U'entends-je?
de quel bruit ont retenty ces lieux?	de quel bruit ont retenti ces lieux?
OCiel!	OCiel!
est-ce mon Héros qui paroiſt à mes yeux?	est-ce mon Héros qui paraît à mes yeux?
AMADIS.	AMADIS.
Que d'attraits, quelle gloire extreme!	Que d'attraits, quelle gloire extrême!
Princeſſe, que mon cœur éprouve un ſort charmant Quand je romps vostre enchantement, Je demeure enchanté moy-meſme.	Princesse, que mon cœur éprouve un sort charmant Quand je romps votre enchantement, Je demeure enchanté moi-même.
2IdAME Un prix trop éclatant couronne mes exploits, Je vous vois, je vous aime, & je puis vous le dire;	2IdAME Un prix trop éclatant couronne mes exploits, Je vous vois, je vous aime, et je puis vous le dire;
Non, pour tous les tranſports que je ſens à la fois Tout mon cœur ne ſçauroit ſuffire.	Non, pour tous les transports que je sens à la fois Tout mon cœur ne saurait suffire.
IQUE’E.	JQUE.
Qu'il m'eſt doux d’enflamer d’une ſi vive ardeur Un Héros pour qui la Victoire.	Qu'il m'est doux d'enflammer d'une si vive ardeur Un Héros pour qui la Victoire.
Mais, n'est-ce point un ſonge, eſtes-vous ce vainqueur, Vois-je cet Amadis ſi chery de la Gloire?	Mais, n'est-ce point un songe, êtes-vous ce vainqueur, Vois-je cet Amadis si chéri de la Gloire?
Helas!	Hélas!
tout m'engage à le croire, Vos exploits, mes yeux & mon cœurQu'ay-je dit?	tout m'engage à le croire, Vos exploits, mes yeux et mon cœurQu'ai-je dit?
où m'emporte un excés de tendreſſe!	où m'emporte un excès de tendresse!
AMADIS.	AMADIS.
Craignez-vous de me faire un aveu trop charmant.	Craignez-vous de me faire un aveu trop charmant.
NIQUE’E.	NIQUE-T.
Non, vous ſçavez trop ma foibleſſe, Je la cacherois vainement.	Non, vous savez trop ma faiblesse, Je la cacherais vainement.
Mais pourquoy mon amour craindroit-il de paroître, Dois-je rougir des trais dont je me ſens bleſſer?	Mais pourquoi mon amour craindrait-il de paraître, Dois-je rougir des trais dont je me sens blesser?
La Gloire helas!	La Gloire hélas!
peut-elle s’offencer D’une flâme qu’elle a fait naiſtre.	peut-elle s'offenser D'une flamme qu'elle a fait naître.
AMADIS.	AMADIS.
Ah!	Ah!
j’éprouve en cet inſtant même Le moment le plus doux de mon plus heureux jour;	j'éprouve en cet instant même Le moment le plus doux de mon plus heureux jour;
Vous m'aimez, ma gloire eſt extrême, Et mon bonheur égale mon amour.	Vous m'aimez, ma gloire est extrême, Et mon bonheur égale mon amour.
UE’E.	UE'E.
L’éclat de vos vertus & celuy de vos armes Engageoient le Ciel meſme à couronner vos vœux, ue ne redouble-t’il mes charmes Pour vous rendre encor plus heureux.	L'éclat de vos vertus et celui de vos armes Engageaient le Ciel même à couronner vos vœux, ue ne redouble-t-il mes charmes Pour vous rendre encor plus heureux.
F IQUE’E & AMADIS.	 FQUE'E et AMADIS.
Cedons-nous l’un à l’autre une douce victoire, Uniſſons à jamais nos cœurs & nos deſirs;	Cédons-nous l'un à l'autre une douce victoire, Unissons à jamais nos cœurs et nos désirs;
Voſire eſtime eſt toute ma gloire, Et voſtre amour tous mes plaiſirs.	Vosire estime est toute ma gloire, Et votre amour tous mes plaisirs.
NIQUE’E.	NIQUE-T.
Témoins d’une ſi belle flâme, Vous qu’avec moy Zirphée enchanta dans ces lieux;	Témoins d'une si belle flamme, Vous qu'avec moi Zirphée enchanta dans ces lieux;
Par les Chans & les Sons les plus harmonieux CelebreZ l’ardeur de noſtre ame.	Par les Chans et les Sons les plus harmonieux Clébrez l'ardeur de notre âme.
Les Chevaliers & les Princeſſes de diverſes Nations qui eſtoient enchantées avec Niquée celebrent ſon bonheur & la gloire d’Amadis.	Les Chevaliers et les Princesses de diverses Nations qui étaient enchantées avec Niquée célèbrent son bonheur et la gloire d'Amadis.
Un CHEVALIER enchanté.	Un CHEVALIER enchanté.
Chantons une beauté qui charme tous les cœurs, Offrons à ſes deſirs la plus galante feſte;	Chantons une beauté qui charme tous les cœurs, Offrons à ses désirs la plus galante fête;
Ses attraits ont fait la conqueſte Du Vainqueur des Vainqueurs.	Ses attraits ont fait la conquête Du Vainqueur des Vainqueurs.
CHOEUR.	CHOEUR.
Chantons ſa Victoire, Celebrons ſa Gloire.	Chantons sa Victoire, Clébrons sa Gloire.
Une PRINCESSE enchantée.	Une PRINCESSE enchantée.
Celebrons Amadis & r’animons nos voix, Son bras & ſes vertus forcent tout à ſe rendre;	Célébrons Amadis et ranimons nos voix, Son bras et ses vertus forcent tout à se rendre;
Les charmes les plus doux & le cœur le plus tendre, Sont l’heureux prix de ſes Exploits.	Les charmes les plus doux et le cœur le plus tendre, Sont l'heureux prix de ses Exploits.
CHOEUR.	CHOEUR.
Chantons ſa Victoire, Gelebrons ſa Gloire.	Chantons sa Victoire, Gelebrons sa Gloire.
Une PRINCESSE enchantée.	Une PRINCESSE enchantée.
Suivons un doux penchant, formons d’aimables nœuds, anoidaloo sònpill povs aoomnodfonto atbioſtou Pourquoy paſſer nos jours à nous contraindre, O 100 Quand l’amour dans nos cœurs vient allumer ſes feux, m AAiu Min ne doit les ereindre, Les maux qu’on en peut craindre Sont doux à ſouffrir, Loin de nous en plaindre, Craignons d’en guérir.	Suivons un doux penchant, formons d'aimables nœuds, anoidaloo sònpill props aoomnodfonto atbiostou Pourquoi passer nos jours à nous contraindre, Ô 100 Quand l'amour dans nos cœurs vient allumer ses feux, m SEs Min ne doit les éteindre, Les maux qu'on en peut craindre Sont doux à souffrir, Loin de nous en plaindre, Craignons d'en guérir.
SECOND COUPLET.	SECOND COUPLET.
Rendons-nous à l’amour, il doit combler nos vœux, N'en craignons point les ſoins ni les allarmes, Luy Luy ſeul nous rend heureux;	Rendons-nous à l'amour, il doit combler nos vœux, N'en craignons point les soins ni les alarmes, Lu y seul nous rend heureux;
Pour les cœurs amoureux Tout eſt doux juſqu’aux larmes:	Pour les cœurs amoureux Tout est doux jusqu'aux larmes:
Amour, nos cœurs s’empreſſent De ſentir tes coups, Plus tes tratis nous pleſſent, Plus ils ſemblent coua.	Amour, nos cœurs s'empressent De sentir tes coups, Plus tes tratis nous plessent, Plus ils semblent coua.
Un nuage qui avance ſur le Théatre s’ouvre & fait voir Meliſſe ſur un Dragon.	Un nuage qui avance sur le Théâtre s'ouvre et fait voir Melisse sur un Dragon.
CENE QUATRIE’ME.	CÈNE QUATRIE'ME.
AMADIS, NIQUE’E, MELISSE.	AMADIS, NIQUE'E, MÉLISSE.
MELISSE.	MÉLISSE.
Remble, Amadis, tu vois ce qui m’ameine, Ma préſence t’annonce un ſupplice fatal.	Remble, Amadis, tu vois ce qui m'amène, Ma présence t'annonce un supplice fatal.
Démons, veneZ ſervir ma haine, Tranſportez, ſon Amante, où l’attend ſon Rival.	Démons, venez servir ma haine, Transportés, son Amante, où l'attend son Rival.
Des Démons enlevent Niquée.	Des Démons enlèvent Niquée.
Ah!	Ah!
Ciel.	Ciel.
AMADIS.	AMADIS.
MELISSE.	MÉLISSE.
Que la fureur, que la rage inhumaine Détruiſent ce Palais trop cher à tes deſirs.	Que la fureur, que la rage inhumaine Détruisent ce Palais trop cher à tes désirs.
Va, porte en d’autres lieux tes cris & tes ſoûpirs, Que ton heureux Rival joüiſſe de ta peine, Et que ton deſeſpoir croiſſe par ſes plaiſirs.	Va, porte en d'autres lieux tes cris et tes soupirs, Que ton heureux Rival jouisse de ta peine, Et que ton désespoir croisse par ses plaisirs.
AMADIS à Meliſſe qui part.	AMADIS à Mélisse qui part.
Arreſte, implacable furie, O Dieux, me livrez-vous à cette barbarie!	Arrête, implacable furie, Ô Dieux, me livrez-vous à cette barbarie!
Fin du ſecond Acte.	Fin du second Acte.
1E Le Théatre repreſente une Plaine, coupee de queiques ruiſſeaux, & au milieu la Fontaine de la Verité d’Amour, once de colonnes & de Statuës.	1E Le Théâtre représente une Plaine, coupe de queiques ruisseaux, et au milieu la Fontaine de la Vérité d'Amour, once de colonnes et de Statues.
CENE PREMIERE	CÈNE PREMIÈRE
AMADIS.	AMADIS.
Ue deviens-je!	Que deviens-je!
où m’emporte un deſeſpoir affreux!	où m'emporte un désespoir affreux!
e traverſe au hazard les Foreſts & les Plaines, Je fais tout retentir de mes cris douloureux, Et par tout mes plaintes ſont vaines.	eût traverse au hasard les Forêts et les Plaines, Je fais tout retentir de mes cris douloureux, Et par tout mes plaintes sont vaines.
Il s’appuye ſur un arbre, & le murmure des ruiſſeaux le tire de ſon abb atement.	Il s'appuie sur un arbre, et le murmure des ruisseaux le tire de son abat atement.
Vous, dont le bruit ſe mêle à mes triſtes accents, Coulez, charmans ruiſſeaux, répondez-moy ſans ceſſe, Murmurez avec moy des maux que je reſſens.	Vous, dont le bruit se mêle à mes tristes accents, Coulez, charmands ruisseaux, répondez-moi sans cesse, Murmurez avec moi des maux que je ressens.
Helas!	Hélas!
on m’a ravy l’objet de ma tendreſſe;	on m'a ravi l'objet de ma tendresse;
D’inutiles ſoûpirs, des regrets impuiſſans, Sont l’unique bien qu’on me laiſſe:	D'inutiles soupirs, des regrets impuissants, Sont l'unique bien qu'on me laisse:
Vous, dont le bruit ſe mêle à mes tristes accents, Coulez, charmans ruiſſeaux, répondez-moy ſans ceſſe, Murmurez, avec moy des maux que je reſſens.	Vous, dont le bruit se mêle à mes tristes accents, Coulez, charmands ruisseaux, répondez-moi sans cesse, Murmurez, avec moi des maux que je ressens.
Mais quoy!	Mais quoi!
je reconnois cette Grotte enchantée, Ses Eaux de leur deſtin inſtruiſent les Amans.	je reconnais cette Grotte enchantée, Ses Eaux de leur destin instruisent les Amants.
Il faut que mon ame agitée Y trouue du ſecours, ou de nouveaux tourmens.	Il faut que mon âme agitée Y trouve du secours, ou de nouveaux tourments.
Il regarde dans la Fontainc.	Il regarde dans la Fontainc.
Que vois-je!	Que vois-je!
ô coup mortel!	ô coup mortel!
Puis-je en douter encore?	Puis-je en douter encore?
Mon Rival aux genoux de l’objet que j’adore!	Mon Rival aux genoux de l'objet que j'adore!
Tous deux ſemblent contens.	Tous deux semblent contents.
Eſt-il poſſible, ô Cieux!	Est-il possible, ô Cieux!
Ainuin purjurt sah!	Ainvin purjurt sah!
l'infidellé!	l'infidellé!
Helas!	Hélas!
il eſt trop vray.	il est trop vrai.
Je le vois à ſes yeux:	Je le vois à ses yeux:
La perfide luy jure une ardeur éternelle.	La perfide amour jure une ardeur éternelle.
O ſort, je puis enfin défier ton couroux;	Ô sort, je puis enfin défier ton courroux;
Voilà le dernier de tes coups.	Voilà le dernier de tes coups.
domn dulm Il tombe évanoüy ſur un gazon	domn dulam Il tombe évanoui sur un gazon
DEUXIE’ME.	DEUXIE'ME.
AMADIS, MELISSE.	AMADIS, MÉLISSE.
MELISSE, s’approche d’Amadis.	MÉLISSE, s'approche d'Amadis.
H bien, es-tu contente, inhumaine Meliſſe?	H bien, es-tu contente, inhumaine Mélisse?
ESon cœur d’aſſez de maux ſe ſent-il déchirer?	ESon cœur d'assez de maux se sent-il déchirer?
Cruelle, aſſouvi-toy de ſon dernier ſupplice, Soule-toy du plaiſir de le voir expirer.	Cruelle, assouvi-toi de son dernier supplice, Soule-toi du plaisir de le voir expirer.
Quoy?	Quoi?
puis-je vouloir qu’il expire?	puis-je vouloir qu'il expire?
Non, non, le meſme coup me raviroit le jour:	Non, non, le même coup me ravirait le jour:
Helas!	Hélas!
plus je le vois & plus mon cœur ſoûpire:	plus je le vois et plus mon cœur soupire:
Ciel!	Ciel!
tout mourant qu’il eſt, qu’il m’inſpire d’amour!	tout mourant qu'il est, qu'il m'inspire d'amour!
Qu'il vive.	Qu'il vive.
Oppoſons-nous à ſa langueur mortelle.	Opposons-nous à sa langueur mortelle.
Amadis, Amadis, vivez, c’eſt trop ſouffrir;	Amadis, Amadis, vivez, c'est trop souffrir;
Reconnoiſſez la voix qui vous appelle Cher Prince AMADIS entr’ouvrant les yeux.	Reconnaissez la voix qui vous appelle Cher Prince AMADIS entr'ouvrant les yeux.
Ah!	Ah!
laiſſez-moy mourir.	laissez-moi mourir.
MELISSE.	MÉLISSE.
Pour un indigne cœur, faut-il tant s’attendrir?	Pour un indigne cœur, faut-il tant s'attendrir?
Vôtre Princeſſe eſt infidelle.	Votre Princesse est infidèle.
Vivez:	Vivez:
AMADIS.	AMADIS.
Fousuiffez moy mourir.	Fousuiffez -moi mourir.
MELISSE.	MÉLISSE.
Quoy?	Quoi?
vous ne perdrez point cette cruelle envie?	vous ne perdrez point cette cruelle envie?
Vous verrez, ſans pitié mes ſoûpirs & mes pleurs?	Vous verrez, sans pitié mes soupirs et mes pleurs?
Helas!	Hélas!
ſi vous mourrez, je meurs:	si vous mourrez, je meurs:
Voulez-vous m’arracher la vie.	Voulez-vous m'arracher la vie.
AMADIS ſe leve, ſans penſer à Meliſſe.	AMADIS se lève, sans penser à Melisse.
Malheureux, n’eſt-ce point quelque charme trompeur?	Malheureux, n'est-ce point quelque charme trompeur?
Mes yeux l’ont ils bien vû.	Mes yeux l'ont ils bien vu.
quelle foibleſſe extrême, Laſche, pour tromper ma douleur Je cherche à m’abuſer moy-meſme.	quelle faiblesse extrême, Lâche, pour tromper ma douleur Je cherche à m'abuser moi-même.
Quoy?	Quoi?
cet objet de mon amour Poun qurſe ſui reveut a tous tes autres charmes, Luy, pour qui Meliſſe en ce jour Ma vû braver ſa fureur & ſes larmes.	cet objet de mon amour Poun qurse su reçut à tous tes autres charmes, Lui, pour qui Melisse en ce jour Ma vu braver sa fureur et ses larmes.
MELISSE.	MÉLISSE.
Le cruel!	Le cruel!
il m’outrage, & ſçait que je l’entends.	il m'outrage, et sais que je l'entends.
AMADIS continuë, ſans penſer à elle.	AMADIS continue, sans penser à elle.
e cœur dont j’attendois le bonheur de ma vie Me livre aux plus cruels tourmens;	e cœur dont j'attendais le bonheur de ma vie Me livre aux plus cruels tourments;
Le meſme jour, témoin de ſes ſermens, L’eſt auſſi de ſa perfidie.	Le même jour, témoin de ses serments, L'est aussi de sa perfidie.
Et je vis!	Et je vis!
ma douleur n’a pas tranché mes jours!	ma douleur n'a pas tranché mes jours!
Il faut donc de ce fer emprunter le ſecours.	Il faut donc de ce fer emprunter le secours.
Il tire ſon épée pour s’en fraper Meliſſe s’en ſaiſit.	Il tire son épée pour s'en frapper Melisse s'en saisit.
MELISSE.	MÉLISSE.
Arreſtez, Amadis.	Arrêtez, Amadis.
AMADIS.	AMADIS.
Ah!	Ah!
barbare Meliſſe:	barbare Melisse:
N'eſt-ce donc pas aſſez, des maux que j’ay ſoufferts?	N'est-ce donc pas assez, des maux que j'ai soufferts?
Mes tourmens vous ſont ils ſi chers Pour ne pouvoir ſouffrir que la mort les finiſſe?	Mes tourments vous sont ils si chers Pour ne pouvoir souffrir que la mort les finisse?
MELISSE.	MÉLISSE.
Ne peux-tu ſans mourir terminer ton ſupplice?	Ne peux-tu sans mourir terminer ton supplice?
Conſens à de nouveaux ſoûpirs:	Cons à de nouveaux soupirs:
Naime pius qui te hait, & ne hais plus qui t’aime, Mes ſoins préviendront tes deſirs, J'en feray mon bonheur ſuprême, Mon amour ſur tes pas conduira les plaiſirs, C’eſt aſſez qu’avec eux tu me ſouffres moy-meſme.	Naime pius qui te hait, et ne hais plus qui t'aime, Mes soins préviendront tes désirs, J'en ferai mon bonheur suprême, Mon amour sur tes pas conduira les plaisirs, C'est assez qu'avec eux tu me souffres moi-même.
AMADIS.	AMADIS.
Non, non, vos vœux offerts, & les miens mépriſe?	Non, non, vos vœux offerts, et les miens méprise?
Ne me rendront point infidelle.	Ne me rendront point infidèle.
Gardez ces vains plaiſirs que vous me propoſez, Je ne veux rien de vous, cruelle, que le irepas que vous me refuſez.	Gardez ces vains plaisirs que vous me proposez, Je ne veux rien de vous, cruelle, que le ipas que vous me refusez.
MELISSE.	MÉLISSE.
Quuj i touſours onurme aunt ingrate, Les injustes mépris ne ceſſeront jamais.	Quuj à toujours ouvrme aunt ingrate, Les injustes mépris ne cesseront jamais.
AMADIS.	AMADIS.
En vain ſa perfidie éclatte, Je l’aime encore autant que je vous hais.	En vain sa perfidie éclatte, Je l'aime encore autant que je vous hais.
Vous me l’aveZ ravy cet objet que j’adore;	Vous me l'avez ravi cet objet que j'adore;
Vous avez ſervy mon Rival;	Vous avez servi mon Rival;
Sans vous, ſans ce ſecours fatal, L’ingrate m'aimeroit encore.	Sans vous, sans ce secours fatal, L'ingrate m'aimerait encore.
Je ne puis trop vous déteſter, Tous mes malheurs ſont vostre ouvrage.	Je ne puis trop vous détester, Tous mes malheurs sont votre ouvrage.
Inhumaine achevez.	Inhumaine achevez.
qui peut vous arreſter, N'oſeZ-vous dans mon ſang conſommer vostre Je voudrois pour vous irriter Pouvoir vous faire encor quelque nouvel outrage:	qui peut vous arrêter, N'oseZ-vous dans mon sang consommer votre Je voudrais pour vous irriter Pouvoir vous faire encor quelque nouvel outrage:
FrapeZ, vous devez vous haſter, Je ſens qu’à chaque inſtant je vous hais d’avantage,	Frappez, -vous devez -vous hâter, Je sens qu'à chaque instant je vous hais d'avantage,
MELISSE.	MÉLISSE.
MELISSE.	MÉLISSE.
Je céde enfin, c'eſt trop ſouffrir, Mon cœur à ſa rage ſe livre;	Je cède enfin, c'est trop souffrir, Mon cœur à sa rage se livre;
Mais, n’eſpere pas de mourir, Cruel, dans les tourmens je veux te faire vivre.	Mais, n'espère pas de mourir, Cruel, dans les tourments je veux te faire vivre.
iePaz Due Que l’horreur regne en ces deſerts, Qu’il devienne pour luy l’image des enfers.	iePaz Du Que l'horreur règne en ces déserts, Qu'il devienne pour lui l'image des enfers.
Des Demons volans briſent les ornemens de la Fontaine, ils déracinent les Arbres, & renverſent les Rochers;	Des Demons volants brisent les ornements de la Fontaine, ils déracinent les Arbres, et renversent les Rochers;
l’Amour effrayé s’envole, & le Théatle ſe change en un Enfer.	l'Amour effrayé s'envole, et le Thatle se change en un Enfer.
MELISSE.	MÉLISSE.
Et vous de mes fureurs, Ministres redoutables, Accourez, accourez;	Et vous de mes fureurs, Ministres redoutables, Accourez, accourez;
veneZ ſervir mes vœux.	venez servir mes vœux.
Des Magiciens viennent, à la voix de Meliſſe, & ſe préparent à ſervir ſa fureur.	Des Magiciens viennent, à la voix de Melisse, et se préparent à servir sa fureur.
MELISSE.	MÉLISSE.
Faites naistre en ces lieux des Monſtres effroyables, Qu'on n’y reſpire que des feux.	Faites naître en ces lieux des Monstres effroyables, Qu'on n'y respire que des feux.
Il ſort des Monſtres du ſein de la terre, & il tombe une pluye de feu.	Il sort des Monstres du sein de la terre, et il tombe une pluie de feu.
MELISSE.	MÉLISSE.
Qu'on ne puiſſe inventer des horreurs comparables, Et que l’Enfer ſoit moins affreux.	Qu'on ne puisse inventer des horreurs comparables, Et que l'Enfer soit moins affreux.
CHOEUR.	CHOEUR.
Nous ſommes preſts à ſervir ta fureur Exerçons à ſes yeux un funeſte ravage, Que le Barbare apprenne à redouter ta rage, puirtns dans ſes eſprits l’épouvante & l’horreur.	Nous sommes prêts à servir ta fureur Exerçons à ses yeux un funeste ravage, Que le Barbare apprenne à redouter ta rage, puirtns dans ses esprits l'épouvante et l'horreur.
Les Monſtres & les Démons s’uniſſent pour le ſupplice d’Amadis.	Les Monstres et les Démons s'unissent pour le supplice d'Amadis.
CHOEUR de Magiciens.	CHOEUR de Magiciens.
, Amadis, crains la mort, crains les fers, Cet émbraZement, ce ravage, Les rochers renverſez, les abîmes ouverts, Dom les eſſais de noſtre rage.	, Amadis, crains la mort, crains les fers, Cet émbraZement, ce ravage, Les rochers renversez, les re ouverts, Dom les essais de notre rage.
AMADIS.	AMADIS.
A quoy par ces horreurs penſez-vous me contraindre!	À quoi par ces horreurs pensez-vous me contraindre!
Amadis peut mourir, mais il ne ſçauroit craindre.	Amadis peut mourir, mais il ne saurait craindre.
MELISSE.	MÉLISSE.
Ceſſez, il doit ſentir de plus vives douleurs, je iuy reſerve une amre peine.	Cessez, il doit sentir de plus vives douleurs, je jui réserve une amre peine.
Qu'il aille en mon Palais éprouver les malheurs Qu’il vient de voir dans la Fontaine, Son deſeſpoir au mien ne ſçauroit eſtre égal, S’il ne voit ſa Princeſſe adorer ſon Rival.	Qu'il aille en mon Palais éprouver les malheurs Qu'il vient de voir dans la Fontaine, Son désespoir au mien ne saurait être égal, S'il ne voit sa Princesse adorer son Rival.
Fin du troiſiéme Acte.	Fin du troisième Acte.
A  4 TI A0 Le Theatre repreſente un endroit du Palais de Meliſſe borné de la Mer.	A 4 TY A0 Le Théâtre représente un endroit du Palais de Melisse borné de la Mer.
SCENE FREMIE’RE.	SCÈNE FREMIE'RE.
MELISSE, LE PRINCE DE THRACE.	MÉLISSE, LE PRINCE DE -THRACE.
LE PRINCE DE THRACE.	LE PRINCE DE -THRACE.
E parois, Amadis, aux yeux de la Princeſſe, Elle me jure une fidelle ardeur.	E parais, Amadis, aux yeux de la Princesse, Elle me jure une fidèle ardeur.
Mais c'eſt à mon Rival que ſon ſerment s’adreſſe, Et vous trompez ſes yeux ſans ſeduire ſon cœur.	Mais c'est à mon Rival que son serment s'adresse, Et vous trompez ses yeux sans séduire son cœur.
Que me ſert ce ſecours, elle eſt toûjours la meſme.	Que me sert ce secours, elle est toujours la même.
Rien ne briſe le nœud que ſon cœur a formé.	Rien ne brise le nœud que son cœur a formé.
Plus elle aſſûre qu'elle m’aime, Plus je connois qu'Amadis eſt aimé,	Plus elle assure qu'elle m'aime, Plus je connais qu'Amadis est aimé,
MELISSE.	MÉLISSE.
C’eſt pour voſtre Rival une tendreſſe vaine, Vous l’empeſchez d’en goûter les appas;	C'est pour votre Rival une tendresse vaine, Vous l'empêchez d'en goûter les appas;
Faites vos plaiſirs de ſa peine, Vous estes trop heureux de ce qu’il ne l’eſt pas.	Faites vos plaisirs de sa peine, Vous êtes trop heureux de ce qu'il ne l'est pas.
Demeurez en ces lieux, attendez la Princeſſe, Je veux rendre Amadis témoin de vos diſcours Pour voir l’ingrat ſenſible à ma tendreſſe, Il faut de ſon dépit emprunter le ſecburs.	Demeurez -en ces lieux, attendez la Princesse, Je veux rendre Amadis témoin de vos discours Pour voir l'ingrat sensible à ma tendresse, Il faut de son dépit emprunter le secburs.
LE PRINCE DE THRACE.	LE PRINCE DE -THRACE.
Quoy P'uc oum iu Prineeſſe Amadis va paroiſtre?	Quoi P'uc oum ju Prineesse Amadis va paraître?
MELISSE.	MÉLISSE.
Ne craigneZ rien, ſes yeux doivent le méconnoiſtre.	Ne craignez rien, ses yeux doivent le méconnaître.
SCENE DEUXIE’ME.	SCÈNE DEUXIE'ME.
LE PRINCE DE THRACE.	LE PRINCE DE -THRACE.
A	À
Elas!	Élas!
rien n’adoucit l’excés de mon malII heur.	rien n'adoucit l'excès de mon malI heur.
Vous, flots impetueux qui battez ce rivage, Non, jamais les vents en fureur N'ont excité ſur vous un plus affreux orage, Que celuy qui trouble mon cœur.	Vous, flots impétueux qui battez ce rivage, Non, jamais les vents en fureur N'ont excité sur vous un plus affreux orage, Que celui qui trouble mon cœur.
Je me ſens penetré d’une ſecrette horreur, Tout l’accroiſt, rien ne la ſoûlage;	Je me sens pénétré d'une secrète horreur, Tout l'accroît, rien ne la soulage;
Je trahis mon amy ſans ſervir mon ardeur;	Je trahis mon ami sans servir mon ardeur;
Mon innocence & mon bonheur Ont fait enſemble un funeſte naufrage.	Mon innocence et mon bonheur Ont fait ensemble un funeste naufrage.
Vous, flots impetueux qui battez ce rivage, Non, jamais les vents en fureur N'ont excité ſur vous un plus affreux orage, Que celuy qui trouble mon cœur.	Vous, flots impétueux qui battez ce rivage, Non, jamais les vents en fureur N'ont excité sur vous un plus affreux orage, Que celui qui trouble mon cœur.
Il faut ſortir de ce trouble fatal Par le trépas de mon Rival.	Il faut sortir de ce trouble fatal Par le trépas de mon Rival.
On vient;	On vient;
La Princeſſe s’avance, Contraignons-nous en ſa preſence.	La Princesse s'avance, Contraignons-nous en sa présence.
SCENE TROISIE'ME.	SCÈNE -TROISIE'ME.
ALLNIQUEE qui prend le Prince de Thrace pour Amadis.	ÀLLNIQUE qui prend le Prince de Thrace pour Amadis.
NIQUE’E.	NIQUE-T.
Madis, tout nous rit en ce charmant ſejour, Meliſſe céde à nostre amour;	Madis, tout nous rit en ce charmant séjour, Melisse cède à notre amour;
En faveur de nos feux, elle a vaineu ſa haine.	En faveur de nos feux, elle a vaine sa haine.
Une nouvelle feste, en ces lieux, dans ce jour.	Une nouvelle fête, en ces lieux, dans ce jour.
Va par ſon ordre encor celebrer noſtre chaiſne.	Va par son ordre encor célébrer notre chaîne.
Aien tuor uit doux flimea comviera nos deſirs.	Aien tuor uit doux flamimea comviera nos désirs.
Mais cet air interdit m’apprend que je m’abuſe;	Mais cet air interdit m'apprend que je m'abuse;
Quoy!	Quoi!
tout conſpire à nos plaiſirs, Et voſtre cœur ſeul s’y refuſe?	tout conspire à nos plaisirs, Et votre cœur seul s'y refuse?
LE PRINCE DE THRACE.	LE PRINCE DE -THRACE.
Ah!	Ah!
mon trouble eſt l’effet de l’excés de mes feux, Si je vous aimois moins, je ſerois plus heureux.	mon trouble est l'effet de l'excès de mes feux, Si je vous aimais moins, je serais plus heureux.
QUE’E.	QUE.
O Ciel!	Ô Ciel!
que dites-vous?	que dites-vous?
ma ſurpriſe eſt extrême, Puis-je entendre ces mots d’une bouche que j’aime!	ma surprise est extrême, Puis-je entendre ces mots d'une bouche que j'aime!
Eſt-ce ainſi qu’on doit s’enflâmer?	Est-ce ainsi qu'on doit s'enflammer?
Un cœur vraiment touché, cherit ſon eſclavage, Le mien, en vous aimant, autant qu’il peut aimer, Voudroit encor vous aimer davantage.	Un cœur vraiment touché, chérit son esclavage, Le mien, en vous aimant, autant qu'il peut aimer, Voudrait encor vous aimer davantage.
LE PRINCE DE THRACE.	LE PRINCE DE -THRACE.
Non, voſtre cœur pour moy, n'eſt pas aſſez épris.	Non, votre cœur pour moi, n'est pas assez épris.
La gloire ſeule allume voſtre flâme.	La gloire seule allume votre flamme.
Vous cédeZ à l’éclat du grand Nom d’Amadis.	Vous cédez à l'éclat du grand Nom d'Amadis.
Plûtoſt qu’à l’ardeur de mon ame.	Plutôt qu'à l'ardeur de mon âme.
UE’E.	UE'E.
Je n’entends rien à ce détour;	Je n'entends rien à ce détour;
Mais tout m’eſt cher en vous, & la gloire & l’amour.	Mais tout m'est cher en vous, et la gloire et l'amour.
Promettons-nous cent fois la plus vive tendreſſe;	Promettons-nous cent fois la plus vive tendresse;
Que rien n’en finiſſe le cours.	Que rien n'en finisse le cours.
Le plus doux ues puijue eſt de s’aimer ſans ceſſe.	Le plus doux ues puijue est de s'aimer sans cesse.
Et de ſe le dire toüjours.	Et de se le dire toüjours.
Ce Concert nous annonce une Feſte Galante, Voyons les Jeux qu’on nous preſente.	Ce Concert nous annonce une Fête Galante, Voyons les Jeux qu'on nous présente.
OA MELISSE.	ÔA MÉLISSE.
Une Troupe de Matelots vient par l’ordre de Meliſſe executer les Jeux qu’elle a fait preparer.	Une Troupe de Matelots vient par l'ordre de Melisse exécuter les Jeux qu'elle a fait préparer.
H SCENE QUATRIE’ME.	H SCÈNE QUATRIE'ME.
NIQUE’E, LE PRINCE DE THRACE,	NIQUE’-E, LE PRINCE DE -THRACE,
LE CONDUCTEUR de la Feſte.	LE CONDUCTEUR de la Fête.
Oûtez, malgré les vents, la plus charmante  paix, Ne craignez plus le naufrage, Vivez heureux, triomphez, à jamais Des écüeils & de l’orage.	Outez, malgré les vents, la plus charmante paix, Ne craignez plus le naufrage, Vivez heureux, triomphez, à jamais Des écueils et de l'orage.
CHOEUR.	CHOEUR.
Goûtez, malgré les vents, la plus charmante paix, Ne craignez plus le naufrage, ViveZ heureux, triomphez à jamais Des écüeils & de l’orage.	Goûtez, malgré les vents, la plus charmante paix, Ne craignez plus le naufrage, Vivez heureux, triomphez à jamais Des écueils et de l'orage.
Un MATELOT.	Un MATELOT.
Le vent nous appelle, La Saiſon eſt belle, Il faut y'embarquer.	Le vent nous appelle, La Saison est belle, Il faut y'embarquer.
CHOEUR.	CHOEUR.
CHOEUR.	CHOEUR.
Le vent nous appelle, La Saiſon eſt belle, Il faut s’embarquer.	Le vent nous appelle, La Saison est belle, Il faut s'embarquer.
Le MATELOT.	Le MATELOT.
Pourquoy ſe deffendre D’un commerce tendre, C’eſt perdre, qu’attendre;	Pourquoi se défendre D'un commerce tendre, C'est perdre, qu'attendre;
ue pouvons-nous riſquer.	Que pouvons-nous risquer.
Le vent nous appelle, La Saiſon est belle, Il faut s’embarquer.	Le vent nous appelle, La Saison est belle, Il faut s'embarquer.
OLOR.	OLOR.
Le vent nous appelle, La Saiſon est belle, Il faut s’embarquer.	Le vent nous appelle, La Saison est belle, Il faut s'embarquer.
e MATELOT.	Je MATELOT.
Sans verſer des larmes, Ni ſouffrir d’allarmes, Un port plein de charmes Ne peut nous manquer, uand un cœur s’engage Au temps du bel âge, Les vents ni l’orage, N'oſent l'attaquer.	Sans verser des larmes, Ni souffrir d'alarmes, Un port plein de charmes Ne peut nous manquer, uand un cœur engage Au temps du bel âge, Les vents ni orage, N'osent l'attaquer.
Le vent nous appelle, La Saiſon eſt belle, Il faut s’embarquer.	Le vent nous appelle, La Saison est belle, Il faut s'embarquer.
CHOEUR.	CHOEUR.
Le vent nous appelle, La Saiſon eſt belle, Il faut s’embarquer.	Le vent nous appelle, La Saison est belle, Il faut s'embarquer.
Pendant la Feſte, le Prince de Thrace apperçoit Amadis, & ſort pour le combatre.	Pendant la Fête, le Prince de Thrace aperçoit Amadis, et sort pour le combattre.
N IQUE’E.	 IQUE’.
Le chercheray-je en vain, que faut-il que je penſe.	Le chercherai-je en vain, que faut-il que je pense.
Qui peut me ravir ſa preſence.	Qui peut me ravir sa présence.
CeſſeZ, Jeux importuns, d’animer nos deſirs, Vous ne ſçauriez calmer l’ennuy qui me devore, C’eſt dans les yeux du Héros que j’adore, Que mon cœur cherche ſes plaiſirs.	Cessez, Jeux importuns, d'animer nos désirs, Vous ne sauriez calmer l'ennui qui me dévore, C'est dans les yeux du Héros que j'adore, Que mon cœur cherche ses plaisirs.
SCENE CINQUIE’ME.	SCÈNE CINQUIE'ME.
MELISSE, NIQUE’E.	MÉLISSE, NIQUE'E.
AESIOGL.	AÉSIOGL.
QUai-je vû, Dieux cruels!	QUai-je vu, Dieux cruels!
QUE’E.	QUE.
De quoy dois-je vous plaindre,	De quoi dois-je vous plaindre,
MELISSÉ.	MELISSÉ.
Apprend tout, je ne veux plus feindre.	Apprend tout, je ne veux plus feindre.
Sous les traits d'Amadis, je t’offrei.	Sous les traits d'Amadis, je t'offrei.
jea Rival, Ton cœur luy promettoit d’éternelles tendreſſes, ſe rendois Amadis temoin de tes promeſſes;	jea Rival, Ton cœur avait promettait d'éternelles tendresses, se rendais Amadis témoin de tes promesses;
Helas!	Hélas!
j’en eſperois un ſuccés moins fatal.	j'en espérais un succès moins fatal.
Quoy!	Quoi!
NIQUE’E.	NIQUE-T.
AiuEFooa Le Prince n’a pû ſoûtenir ſa préſence, ſe t'ay vvu à Amadis defier le couroux;	AivEFojà Le Prince n'a pu soutenir sa présence, se t'ai vu à Amadis défier le courroux;
Mais Amadis d’un fer qu’a ſaiſi ſa vengeance.	Mais Amadis d'un fer qu'a saisi sa vengeance.
L’a fait en combattant expirer ſous jes coups.	L'a fait en combattant expirer sous jes coups.
IQUE’E.	JQUE.
Pourquoy me trompieZ-vous par cette reſſemblance.	Pourquoi me trompiez-vous par cette ressemblance.
MELISSE.	MÉLISSE.
Va, ne crains plus d’erreur, tu vas voir ton Amant, Mais tu ne le verras que pour voir ſon tourment.	Va, ne crains plus d'erreur, tu vas voir ton Amant, Mais tu ne le verras que pour voir son tourment.
Fin du quatriéme Acte.	Fin du quatrième Acte.
TIO 2 T Le Ifieatre reprerente amliltre affreux, deſtiné aux enchantemens de Meliſſe.	TIO 2 T Le Jfieâtre reprerente amliltre affreux, destiné aux enchantements de Melisse.
SCENE PREMIERE.	SCÈNE PREMIÈRE.
MELISSE.	MÉLISSE.
Ieux!	Jeux!
quelle horreur s’empare de mon ame!	quelle horreur s'empare de mon âme!
Cruelle, dans quel ſang veux-je éteindre ma flame!	Cruelle, dans quel sang veux-je éteindre ma flamme!
Mais l’Ingrat m’y contraint, rien ne peut l’attendrir, Plus je l’adore & plus il me déteſte.	Mais l'Ingrat m'y contraint, rien ne peut l'attendrir, Plus je l'adore et plus il me déteste.
Ah!	Ah!
joüiſſons du moins de la douceur funeſte De m’en vanger & de mourir.	jouissons du moins de la douceur funeste De m'en venger et de mourir.
On m’ameine Amadis, & l’obiet qui l’engage:	On m'amène Amadis, et l'objet qui l'engage:
Amour, fors de mon cœur & laiſſe agir ma rage.	Amour, fors de mon cœur et laisse agir ma rage.
CENE DEUXIE'ME.	CÈNE DEUXIE'ME.
MELISSE, AMADIS enchaîné, NIQUE’E enchainée.	MÉLISSE, AMADIS enchaîné, NIQUE enchaînée.
QUEE.	QUE.
Qlel!	Qulel!
ſur qui ſa fureur va-t’elle s’exercer?	sur qui sa fureur va-t-elle s'exercer?
AMADIS.	AMADIS.
Epuiſez ſur moy ſeul voſtre haîne implacable.	Épuisez sur moi seul votre haine implacable.
TOus DEUX.	TOutOus DEUX.
Si noſtre amour a pù vous offencer, Ne frapez que mon cœur, il eſt le plus coupable.	Si notre amour a puù vous offenser, Ne frappez que mon cœur, il est le plus coupable.
AaDEloon levane le bras fur IxMladis.	AaDElon levane le bras fur IxMladis.
Barbare, c’est par toy que je vais commencer.	Barbare, c'est par toi que je vais commencer.
Ah Ciel!	Ah Ciel!
NIQUE’E s’évanoüit.	NIQUE’E s'évanouit.
niuuleo ne Mais d’où me vient cette pitié ſoudaine?	niule ne Mais d'où me vient cette pitié soudaine?
Par quel charme mon bras ſe ſent-il arreſter?	Par quel charme mon bras se sent-il arrêter?
Ah!	Ah!
ma flâme eſt encor plus forte que ma haïne, Et je ſens tous les coups que je te veux porter.	ma flamme est encor plus forte que ma haine, Et je sens tous les coups que je te veux porter.
AMADIS.	AMADIS.
Helas!	Hélas!
de quoy me ſert la pitié qui vous preſſe, Quand je tremble pour ma Princeſſe.	de quoi me sert la pitié qui vous presse, Quand je tremble pour ma Princesse.
Ah!	Ah!
voyez de quels maux elle ſent la rigueur.	voyez de quels maux elle sent la rigueur.
MELISSE.	MÉLISSE.
Quoy!	Quoi!
peux-tu te flatter que ſon ſort m’attendriſſe?	peux-tu te flatter que son sort m'attendrisse?
Non, tu la plains, ſa mort va faire ton ſuplice, Je veux te frapper dans ſon cœur.	Non, tu la plains, sa mort va faire ton supplice, Je veux te frapper dans son cœur.
Juſte Ciel!	Juste Ciel!
AMADIS.	AMADIS.
MELISSE.	MÉLISSE.
Mais c’est peu pour vanger ma tendreſſe, Je te veux avec elle enchanter en ces lieux.	Mais c'est peu pour venger ma tendresse, Je te veux avec elle enchanter en ces lieux.
Tu la verras mourir ſans ceſſe, Et le ſang ruiſſelant du ſein de ta Princeſſe, Sera l’unique objet qui frapera tes yeux.	Tu la verras mourir sans cesse, Et le sang ruisselant du sein de ta Princesse, Sera l'unique objet qui frappera tes yeux.
AMADIS.	AMADIS.
Qu'entends-je!	Qu'entends-je?
ô Ciel:	ô Ciel:
quelle furie!	quelle furie!
Dieux, qui voyez ces projets inhumains, Protégez-vous la barbarie?	Dieux, qui voyez ces projets inhumains, Protégez-vous la barbarie?
Que ſert la foudre dans vos mains?	Que sert la foudre dans vos mains?
Ah préveneZ la cruelle Meliſſe!	Ah prévenez la cruelle Mélisse!
N’attendez pas l’effet de ſon couroux, Que vos Foudres vangeurs l’écraſent ſous leurs coups, Ou que la Terre l’engloutiſſe.	N'attendez pas l'effet de son courroux, Que vos Foudres vengeurs l'écrasent sous leurs coups, Ou que la Terre l'engloutisse.
Que dis-je malheureux!	Que dis-je malheureux!
j’anime ſes fureurs.	j'anime ses fureurs.
Ah!	Ah!
je tombe à vos pieds, rendez-vous à mes pleurs, Cédez, à nostre amour, & ſurmontez le vostre.	je tombe à vos pieds, rendez-vous à mes pleurs, Cédez, à notre amour, et surmontez le vôtre.
uoy!	uoy!
voulez-vous punir nos cœurs D’avoir eſté faits l’un pour l’autre.	voulez-vous punir nos cœurs D'avoir été faits l'un pour l'autre.
MELISSE.	MÉLISSE.
Te piemrs Cles joupns jent oums Cruel, ils m’outragent encore.	Te piemrs Cles joupns jent oumés Cruel, ils m'outragent encore.
AMADIS, en ſe relevant.	AMADIS, en se relevant.
O Mort!	Ô Mort!
arrache-moy de ſes barbares mains;	arrache-moi de ses barbares mains;
Ce n'est plus que toy que j’implore.	Ce n'est plus que toi que j'implore.
Il s’abandonne à ſon deſeſpoir & s’appuye contre un Rocher.	Il s'abandonne à son désespoir et s'appuie contre un Rocher.
MELISSE.	MÉLISSE.
Manes de ſon Rival, Prince trop malheureux, Obéïs à ma voix, ſors du Royaume ſombre;	Manes de son Rival, Prince trop malheureux, Obéis à ma voix, sors du Royaume sombre;
Pour un enchantement affreux, Mon Art attend le ſecours de ton ombre:	Pour un enchantement affreux, Mon Art attend le secours de ton ombre:
Viens te joindre avec moy pour contraindre le ſort A ſervir ma fureur extréme;	Viens te joindre avec moi pour contraindre le sort A servir ma fureur extrême;
Hâte-toy, ſors des lieux où t’enchaîne la Mort, Et oiono in utuunu le oungu uoy-même.	Hâte-toi, sors des lieux où t'enchaîne la Mort, Et oiono in utuunu le oungu ois-même.
Manes de ſon Rival, Prince trop malheureux, Obéis à ma voix, ſors du Royaume ſombre;	Manes de son Rival, Prince trop malheureux, Obéis à ma voix, sors du Royaume sombre;
Pour un enchantement affreux, Mon Art attend le ſecours de ton ombre.	Pour un enchantement affreux, Mon Art attend le secours de ton ombre.
Une noire vapeur s’éléve dans les Airs;	Une noire vapeur s'élève dans les Airs;
L’Ombre vient ſeconder ma rage.	L'Ombre vient seconder ma rage.
SCENE TROISIE’ME.	SCÈNE -TROISIE'ME.
L’Ombre du Prince de Thrace.	L'Ombre du Prince de Thrace.
Acteurs de la Scene précedente.	Acteurs de la Scène précédente.
L'OMBRE.	L'OMBRE.
Es cris ont pénétré juſqu’au ſombre rivage, TEt je ſors malgré moy du ſejour des Enfers, Les Dieux vangeurs de l’injuſtice Protégent contre toy ces fideles Amans, Et m’impoſent pour mon ſuplice De venr t'annoncer la fin de leurs tourmens.	Es cris ont pénétré jusqu'au sombre rivage, TEt je sors malgré moi du séjour des Enfers, Les Dieux vengeurs de l'injustice Protégent contre toi ces fidèles Amants, Et m'imposent pour mon supplice De venr t'annoncer la fin de leurs tourments.
Il diſparoiſt.	Il disparaît.
CENE QUATRIE’ME.	CÈNE QUATRIE'ME.
MELISSE, AMADIS, NIQUE’E qui a repris ſes eſprits.	MÉLISSE, AMADIS, NIQUE'E qui a repris ses esprits.
MELISSE.	MÉLISSE.
Ciel!	Ciel!
injuſte Ciel!	injuste Ciel!
barbare violence.	barbare violence.
JQuoy?	JIguoi?
je ne puis punir des mépris odieux.	je ne puis punir des mépris odieux.
Est-ce donc pour vous ſeuls, impitoyables Dieux!	Est-ce donc pour vous seuls, impitoyables Dieux!
Que vous reſervez, la vengeance?	Que vous réservez, la vengeance?
Non,	Non.
Non, non, malgré voſtre ſecours Il faut que ma Rivale expire.	Non, non, malgré votre secours Il faut que ma Rivale expire.
Elle veut avancer vers Niquée;	Elle veut avancer vers Niquée;
& ſe ſent arreſter.	et se sent arrêter.
Mais je le veux en vain.	Mais je le veux en vain.
,.	Ç,
vous defendez ſes jours.	vous défendez ses jours.
Le Ciel & les Enfers, contre moy tout conſpire, 0I je vous emiens, granus Dieux, u jaut finir mon ſort, Et l’Arreſt de ſa vie eſt l’Arreſt de ma mort.	Le Ciel et les Enfers, contre moi tout conspire, 0I je vous emiens, granus Dieux, u jaut finir mon sort, Et l'Arrest de sa vie est l'Arrest de ma mort.
Elle ſe frape.	Elle se frappe.
C’en eſt fait, Amadis, ta flâme eſt triomphante;	C'en est fait, Amadis, ta flamme est triomphante;
Ton Ennemie expire ou plûtôt ton Amante.	Ton Ennemie expire ou plutôt ton Amante.
Mais toy, ne me hais plus, pardonne à ma fureur Les maux que je t’ay voulu faire.	Mais toi, ne me hais plus, pardonne à ma fureur Les maux que je t'ai voulu faire.
Helas!	Hélas!
tu t’attendris, tu me vois ſans horreur, Voilà le ſeul état où je pouvois te plaire, C’estoit ton unique deſir.	tu t'attendris, tu me vois sans horreur, Voilà le seul état où je pouvais te plaire, C'était ton unique désir.
Auis je muſpoious;	Auis je muspoious;
je chancelle, Un froid mortel vient me ſaiſir, Trop heureuſe en tombant uans ta nuit eternelle, Si ma mort t’arrache un ſoûpir.	je chancelle, Un froid mortel vient me saisir, Trop heureuse en tombant ans ta nuit éternelle, Si ma mort t'arrache un soupir.
Que je la plains!	Que je la plains!
NIQUE’E	NIQUE
AMADIS.	AMADIS.
Que ſon ſort eſt tragique!	Que son sort est tragique!
TOUS DEUX.	TOUS DEUX.
Mais, quel éclat!	Mais, quel éclat!
quels Sons harmonieux!	quels Sons harmonieux!
Qui peut changer ees triſtes lieux En un ſejour ſi magnifique?	Qui peut changer ces tristes lieux En un séjour si magnifique?
LAntre ſe change en un Palais eclatant, & Zirphée paroiſt ſur un nuage.	LAntre se change en un Palais éclatant, et Zirphée paraît sur un nuage.
E.	E.
Que vois-je?	Que vois-je?
eſt-ce Zirphée, en croiray-je mes yeux!	est-ce Zirphée, en croirai-je mes yeux!
SCENE CINQUIE'ME.	SCÈNE CINQUIE'ME.
ZIRPH’EE, AMADIS, & NIQUE’E.	ZIRPH'CE, AMADIS, et NIQUE'E.
ZIRPHE’E.	ZIRPHÉLÉ.
IOus vos maux ſont finis, ceſſez de vous en plaindre, Qu'un tendre Himen vienne les reparer.	JOus vos maux sont finis, cessez de vous en plaindre, Qu'un tendre Hymen vienne les réparer.
Voſtre amour n’a plus rien à craindre Qu’il n'ait plus rien à deſirer.	Votre amour n'a plus rien à craindre Qu'il n'ait plus rien à désirer.
AMADIS.	AMADIS.
An:	An:
pouvois-je eſperer une faveur ſi grande?	pouvais-je espérer une faveur si grande?
JE’E.	JE’E.
Que ne vous dois-je point pour de ſi doux bien faits.	Que ne vous dois-je point pour de si doux bien faits.
ZIRPHE’E.	ZIRPHÉLÉ.
Aimez-vous à jamais, C’eſt tout le prix que j’en demande.	Aimez-vous à jamais, C'est tout le prix que j'en demande.
Vous, qui vous empreſſez pour ſervir mes deſirs, Par mille Jeux nouveaux, celebrez leurs plaiſirs.	Vous, qui vous empressez pour servir mes désirs, Par mille Jeux nouveaux, célébrez leurs plaisirs.
SCENE DERNIERE.	SCÈNE DERNIÈRE.
NIQUE’E, AMADIS, ZIRPHE’E.	NIQUE’-E, AMADIS, ZIPHÉE.
CHOEUR.	CHOEUR.
Ue les Ris, que les Jeux regnent dans ces retraites, Formons les plus charmans Concerts, 1n dues Tumcems, que te Son der Trompettes En faſſent retentir les Airs.	Que les Ris, que les Jeux règnent dans ces retraites, Formons les plus charmants Concerts, 1n dues Tumcems, que te Son der Trompettes En fassent retentir les Airs.
Fin du cinquiéme & dernier Acte.	Fin du cinquième et dernier Acte.
SCENE DERNIERE.	SCÈNE DERNIÈRE.
NIQUE’E, AMADIS, ZIRPHE’E.	NIQUE’-E, AMADIS, ZIPHÉE.
CHOEUR.	CHOEUR.
Ue les Ris, que les Jeux regnent dans ces retraites, Formons les plus charmans Concerts, 1n dues Tumcems, que te Son der Trompettes En faſſent retentir les Airs.	Que les Ris, que les Jeux règnent dans ces retraites, Formons les plus charmants Concerts, 1n dues Tumcems, que te Son der Trompettes En fassent retentir les Airs.
Fin du cinquiéme & dernier Acte.	Fin du cinquième et dernier Acte.
