9	9
M.	M.
D'C.	D'Ç.
LXXV.	LXXV.
AVEC PRIVIEEGE DV ROY.	AVEC PRIVIEGE DU ROY.
ES grandes Conqueſtes du Roy, & les continuelles Victoires qu’il a remportées ſur ſes Ennemis, ayant mis la gloire de la France au plus haut point où elle ait jamais eſté, tout le Monde a tâché à l’envy d’en témoigner ſa joye en diférentes occaſions, ou par des Réjoüiſſances particulieres, ou par des Divertiſſemens publics.	ES grandes Conquêtes du Roi, et les continuelles Victoires qu'il a remportées sur ses Ennemis, ayant mis la gloire de la France au plus haut point où elle ait jamais été, tout le Monde a tâché à l'envi d'en témoigner sa joie en dierentes occasions, ou par des Réjouissances particulières, ou par des Divertissements publics.
C’eſt ce qui a donné lieu à ces admirables Feux d’Artifice qui ont attiré tout Paris les années dernieres;	C'est ce qui a donné lieu à ces admirables Feux d'Artifice qui ont attiré tout Paris les années dernières;
& c’eſt ce qui le donne encor aujourd’huy aux Comédiens de la Troupe du Roy, de tâcher à ſignaler leur zele par tout ce que la Scene eſt capable de produire de merveilleux.	et c'est ce qui le donne encor aujourd'hui aux Comédiens de la Troupe du Roi, de tâcher à signaler leur zèle par tout ce que la Scène est capable de produire de merveilleux.
L’honneur qu’il a plû à S.	L'honneur qu'il a plu à S.
M.	M.
de leur faire, en donnant ſes ordres pour leur rétabliſſement, les mettoit dans une continuelle impatience de faire voir qu’ils conſervent toûjours la meſme ardeur de pouvoir eſtre jugez dignes de contribuer à ſes plaiſirs;	de leur faire, en donnant ses ordres pour leur rétablissement, les mettait dans une continuelle impatience de faire voir qu'ils conservent toujours la même ardeur de pouvoir être jugez dignes de contribuer à ses plaisirs;
& c’eſt dans cette veuë qu’ils ont mis tous leurs ſoins à rendre Circé le Spéctacle le plus pompeux qui ait paru juſqu’icy ſur nos Théatres.	et c'est dans cette vue qu'ils ont mis tous leurs soins à rendre Circé le Spéctacle le plus pompeux qui ait paru jusqu'ici sur nos Théatres.
Tout y eſt grand, tout y eſt extraordinaire;	Tout y est grand, tout y est extraordinaire;
& ſi j’avois pû répondre par la force des Penſées & par la majeſté des Vers, aux ſuperbes ornemens qu’on m’a preſtez, je pourrois dire ſans trop de préſomption, qu’on n’auroit point encor veu d’Ouvrage plus achevé.	et si j'avais pu répondre par la force des Pensées et par la majesté des Vers, aux superbes ornements qu'on m'a prêtez, je pourrais dire sans trop de présomption, qu'on n'aurait point encor vu d'Ouvrage plus achevé.
La diverſité des Machines, & l’inconcevable mouvement des Vols qui ſe font danstous les Actes, ont quelque choſe de ſi ſurprenant, qu’on ſera aiſément convaincu que l’exécution n’en peut partir que du plus ſublime Génie qui ſe ſoit jamais appliqué à ces ſortes de connoiſſances.	La diversité des Machines, et l'inconcevable mouvement des Vols qui se font danstous les Actes, ont quelque chose de si surprenant, qu'on sera aisément convaincu que l'exécution n'en peut partir que du plus sublime Génie qui se soit jamais appliqué à ces sortes de connaissances.
Tout ce que j’en pourrois dire ſeroit tellement au deſſous de ce qu’on verra, que je ne diminuëray point le plaiſir de la ſurpriſe par l’inutile deſcription des Merveilles qui paroîtront dans ce magnifique Spéctacle.	Tout ce que j'en pourrais dire serait tellement au dessous de ce qu'on verra, que je ne diminuerai point le plaisir de la surprise par l'inutile description des Merveilles qui paraîtront dans ce magnifique Spéctacle.
On n’a rien épargné pourj le rendre tout-à-fait ſomptueux;	On n'a rien épargné pour le rendre tout-à-fait somptueux;
& les riches Décorations quis l’accompagnent, feront voir par dix Changemens de Théatre, la gloire que méritent Meſſieurs de la Hire, de Leſſos, & de	et les riches Décorations quis l'accompagnent, feront voir par dix Changements de Théâtre, la gloire que méritent Messieurs de la Hire, de Lessos, et de
S.	S.
Martin, pour les embelliſſemens que leur Pinceau nous a fournis.	Martin, pour les embellissements que leur Pinceau nous a fournis.
Joignez à tant de beautez la délicateſſe de la Muſique, où Monſieur Charpentier, qui s’eſt déja fait admirer dans les Airs du Maladς Imagineire, s’eſt en quelque façon ſurpaſſe ſoy-meſme tant par l’agrément de la Symphonie, que par la noble maniere dont il a relevé toutes les Paroles qui ſe chantent.	Joignez à tant de beautés la délicatesse de la Musique, où Monsieur Charpentier, qui s'est déjà fait admirer dans les Airs du Malad Ore, s'est en quelque façon surpasse soi-même tant par l'agrément de la Symphonie, que par la noble manière dont il a relevé toutes les Paroles qui se chantent.
Avec de ſi grands avantages, il eſt difficile que Circé n’en ait beaucoup à venir faire en France un nouvel eſſay de ſa Magie.	Avec de si grands avantages, il est difficile que Circé n'en ait beaucoup à venir faire en France un nouvel essay de sa Magie.
ay cuuiiy peur le Sajce de la ricce;	ai cuuiiy peur le Sajàjce de la ricce;
les Mmlous avec Glaucus, telles que nous les depemt Ovide dans le quatorziéme Livre de ſes Métamorphoſes.	les Mmlous avec Glaucus, telles que nous les depemt Ouide dans le quatorzième Livre de ses Métamorphoses.
Glaucus, de ſimple Peſcheur qu’il eſtoit, avant eſté changé en Dieu Marin, devint éperduëment amoureux de Sylla Fille de Phereus, & ne pouvant toucher ſon cœur, il alia implorer le ſecours de Circé, qui prit le party pour elle, & employa tont le pouvoir de ſes Charmes pour s’en faire aimer.	Glaucus, de simple Pêcheur qu'il était, avant été changé en Dieu Marin, devint éperdument amoureux de Sylla Fille de Phèreus, et ne pouvant toucher son cœur, il alia implorer le secours de Circé, qui prit le parti pour elle, et employa tont le pouvoir de ses Charmes pour s'en faire aimer.
Le depit de n’avoir pû en venir à bour, porta ſi loin ſon reſſentiment, que pour ſe vanger elle empoiſonna une Fontaine où Sylla avoir accoûtumé de s’aller baigner.	Le dépit de n'avoir pu en venir à bour, porta si loin son ressentiment, que pour se venger elle empoisonna une Fontaine où Sylla avoir accoutumé de s'aller baigner.
Cette malheureuſe Nymphe ne s’y fut pas ſi-toſt plongée, qu’elle vit naiſtre des Chiems, que s’attachant à ſon corps, l’effrayerent par leurs aboyemens;	Cette malheureuse Nymphe ne s'y fut pas sitôt plongée, qu'elle vit naître des Chiems, que s'attachant à son corps, l'effrayèrent par leurs aboiements;
& l'horreur qu’elle eût d’elle-meſme dans ce deplorable état, funt ſi forte, qu’elle s’alla précipiter dans la Mer, où elle fut changée en un Rocher, qui a conſervé ſon nom, & contre qui les flots ſe briſans, imitent par le bruit qu’ils font, les aboyemens des Chiens qui avoient fait ſon ſuplice.	et l'horreur qu'elle eût d'elle-même dans ce déplorable état, funt si forte, qu'elle s'alla précipiter dans la Mer, où elle fut changée en un Rocher, qui a conservé son nom, et contre qui les flots se brisans, imitent par le bruit qu'ils font, les aboiements des Chiens qui avaient fait son suplice.
Je n’ay rien adjoute à cetre Fable, que Mélicerte aimé de Sylla, & cette meſme Syllz changée en Néreïde apres tous ſes malheurs, pour avoir liea de finir la Piece par un Spectacle de réjoũiſſance.	Je n'ai rien ajoute à cetre Fable, que Mélicerte aimé de Scylla, et cette même Syls changée en Néreïde après tous ses malheurs, pour avoir liea de finir la Pièce par un Spectacle de réjouissance.
PROLOC V A Décoration du Prologue repreſente un Temple de riche Architecture, que la Gloire a fait élever pour le Roy.	PROLOC V À Décoration du Prologue représente un Temple de riche Architecture, que la Gloire a fait élever pour le Roi.
L’Ordre en eſt Compoſite, avec pluſieurs Arcades & Colomnes de Iaſpe d’Orient, dont les Baſes & Chapiteaux ſont d’or, auſſi bien que les Modillons & les Fleurs de Lys qui font les ornemens des Corniches & des Friſes.	L'Ordre en est Composite, avec plusieurs Arcades et Colomnes de Jaspe d'Orient, dont les Bases et Chapiteaux sont d'or, aussi bien que les Modillons et les Fleurs de Lys qui font les ornements des Corniches et des Frises.
Le haut du Temple eſt ſiny par un Atique, où ſe voit un Buſte de Héros directement au deſſus de chaque milieu des Chapiteaux.	Le haut du Temple est siny par un Atique, où se voit un Buste de Héros directement au dessus de chaque milieu des Chapiteaux.
Les Supoſts des Colomnes ſont des Pieds d’eſtaux qui repreſentent une partie des Conqueſtes du Roy, & les ſuperbes Baſtimens qui ſe ſont faits ou embellis ſous ſon Regne.	Les Supôts des Colomnes sont des Pieds d'étaux qui représentent une partie des Conquêtes du Roy, et les superbes Bastiments qui se sont faits ou embellis sous son Règne.
Au deſſus de chaque Pied-d’eſtal, il y a differentes Figures peintes en ſaillie & iſolées, qui toutes, ainſi que les Buſtes, repreſentent par leurs 2 attributs, ou les Vertus particulieres que poſſede cet Auguſte Monarque, ou les Arts qu’il prend ſoin de faire fleurir.	Au dessus de chaque Pied-d’étal, il y a différentes Figures peintes en saillie et isolées, qui toutes, ainsi que les Bustes, représentent par leurs 2 attributs, ou les Vertus particulières que possède cet Auguste Monarque, ou les Arts qu'il prend soin de faire fleurir.
L’effet que font ces Figures eſt d’autant plus beau, que ſe trouvant chacune entre deux Colomnes, elles forment une juſte ſimetrie qui ne ſçauroit eſtre que tres agreable à la veue.	L'effet que font ces Figures est d'autant plus beau, que se trouvant chacune entre deux Colomnes, elles forment une juste symétrie qui ne saurait être que très agréable à la vue.
Vers le milieu du Temple s’éleve une maniere d’Arc Triomphal, ſoûtenu par huit Colomnes d’Ordre Ionique, avec une eſpece d’Atique au deſſus de la Corniche, où le Roy eſt repreſenté.	Vers le milieu du Temple s'élève une manière d'Arc Triomphal, soutenu par huit Colomnes d'Ordre Ionique, avec une espèce d'Atique au dessus de la Corniche, où le Roi est représenté.
La Victoire & la Gloire ſont à ſes coſtez, dont l’une luy preſente une Couronne, & l’autre une branche de Laurier, le tout de marbre blanc.	La Victoire et la Gloire sont à ses côtés, dont l'une lui présente une Couronne, et l'autre une branche de Laurier, le tout de marbre blanc.
On voit dans le fonds du Temple un Autel de marbre ſerpentin:	On voit dans le fond du Temple un Autel de marbre serpentin:
Il eſt orné de Colomnes, Figures, Feſtons de fleurs & Trophées d’Armes.	Il est orné de Colomnes, Figures, Festons de fleurs et Trophées d'Armes.
Les yeux ſe ſont à peine arreſtez ſur toutes ces Magnificences, qu’on découvre Mars dans un Char orné de tout ce qui le peut faire connoiſtre pour le Dieu qui préſide aux Combats.	Les yeux se sont à peine arrêtez sur toutes ces Magnificences, qu'on découvre Mars dans un Char né de tout ce qui le peut faire connaître pour le Dieu qui préside aux Combats.
Il paroiſt au plus haut des nuës, & s’abaiſſant vers le Temple, il y voit arriver la Fortune portée ſur un nuage qu’elle quitte au meſme temps que Mars, deſcend de ſon Char.	Il paraît au plus haut des nues, et s'abaissant vers le Temple, il y voit arriver la Fortune portée sur un nuage qu'elle quitte au même temps que Mars, descend de son Char.
Apres avoir regardé ce Temple avec des marques d’indignation & de ſurpriſe, ils commencent le Prologue enſemble.	Après avoir regardé ce Temple avec des marques d'indignation et de surprise, ils commencent le Prologue ensemble.
SCENE PREMIERE MARS, LA FORTUNE.	SCÈNE PREMIÈRE MARS, LA FORTUNE.
MARS.	MARS.
Voy?	Vois?
la Fortune ſans bandeau?	la Fortune sans bandeau?
LA FORTUNE.	LA FORTUNE.
Ie viens de l’arracher moy-meſme, Pour voirl éclat pompeux de ce Temple houveau.	Je viens de l'arracher moi-même, Pour voirl éclat pompeux de ce Temple houveau.
Mais d’ou vient qu’à l’aſpect d’un Ouvrage ſi beau, Le Dieu Mars fait paroiſtre une douleur extréme?	Mais d'ou vient qu'à l'aspect d'un Ouvrage si beau, Le Dieu Mars fait paraître une douleur extrême?
MARS.	MARS.
Puis-je voir ſans chagrin, qu'un Mortel à mes yeux, Des honneurs qu'on me doit, emporte l’avantage?	Puis-je voir sans chagrin, qu'un Mortel à mes yeux, Des honneurs qu'on me doit, emporte l'avantage?
Ie ſçay bien que LOUI Seſt un Roy glorieux, En qui mille Uertus, par un noble aſſemblage, Ofrent à revérer le plus parfait Ouvrage Qui jamais ait marqué la puiſſance des Dieux;	Je sais bien que LOUI Sest un Roi glorieux, En qui mille Uertus, par un noble assemblage, Ofrent à révérer le plus parfait Ouvrage Qui jamais ait marqué la puissance des Dieux;
Mais parce qu'il ſe fait admirer en tous lieux, Ay-je merité qu’on m'outrage?	Mais parce qu'il se fait admirer en tous lieux, Ai-je mérité qu'on m'outrage?
Voyez ce que ce Temple adjoüte à ſon renom;	Voyez ce que ce Temple ajoute à son renom;
F 1	F 1
Voyez, ſur cent Tableaux avec quel ſoin la Gloire A tracé la brillante hiſtoire Des merveilleux Exploits qui conſacrent ſon Nom.	Voyez, sur cent Tableaux avec quel soin la Gloire A tracé la brillante histoire Des merveilleux Exploits qui consacrent son Nom.
C'eſt là que les plus grands Courages, Dun zele tout ſoumis écoutant la chaleur, Viennent par d’affidus hommages Honorer la Prudence unie à la Valeur.	C'est là que les plus grands Courages, Dun zèle tout soumis écoutant la chaleur, Viennent par d'assidus hommages Honorer la Prudence unie à la Valeur.
Cependant mes Autels, où par toute la Terre L'Encens ſe prodiguoit pour les moindres hazards, Sont negligez de toutes parts, On regarde LOUIS comme Dieu de la Guerre, Et l’on ne ſonge plus à Mars.	Cependant mes Autels, où par toute la Terre L'Encens se prodiguait pour les moindres hasards, Sont négligez de toutes parts, On regarde LOUIS comme Dieu de la Guerre, Et l'on ne songe plus à Mars.
D’un ſi honteux mépris c’eſt trop ſoufrir l’audace, Jen punira y l’injure, & ce Temple détruit Va dans le Monde entier etaler à grand bruit Ce que peut un Dieu qui menace.	D'un si honteux mépris c'est trop souffrir l'audace, Jen punira y l'injure, et ce Temple détruit Va dans le Monde entier étaler à grand bruit Ce que peut un Dieu qui menace.
LA FORTUNE.	LA FORTUNE.
Si LOUIS des Mortels vous dérobe les vœux, N’ay-je pas meſme plainte à faire?	Si LOUIS des Mortels vous dérobe les vœux, N'ai-je pas même plainte à faire?
Tout le monde à l’envy, pour devenir heureux, N'aspiroit toüjours qu'à me plaire:	Tout le monde à l'envi, pour devenir heureux, N'aspirait toujours qu'à me plaire:
Mais depuis que la Gloire a par tout l’Vnivers De cet Auguſte Roy fait briller le mérite, Pour le ſuivre chacun me quite, Et je voy mes Temples deſerts.	Mais depuis que la Gloire a par tout l'Univers De cet Auguste Roi fait briller le mérite, Pour le suivre chacun me quite, Et je vois mes Temples déserts.
Cette foule qui plaiſt, quand meſme elle importune.	Cette foule qui plaît, quand même elle importune.
Dédaignant mes faveurs, brigue ſon ſeul appuy, Il me ravit mes droits, & ce n’eſt plus qu’en luy Qu'on ſonge à chercher la Fortune.	Dédaignant mes faveurs, brigue son seul appui, Il me ravit mes droits, et ce n'est plus qu'en Ah Qu'on songe à chercher la Fortune.
Iugez à me voir ſans honneurs, Iuſqu'où va l’ennuy qui me preſſe;	Jugez à me voir sans honneurs, Jusqu'où va l'ennui qui me presse;
Car c’eſt en vain que le nom de Déeſſe Me fait attendre encor quelques Adorateurs.	Car c'est en vain que le nom de Déesse Me fait attendre encor quelques Adorateurs.
De quelque rãg qu’on ſoit, les biẽs ſeuls qu’on diſpenſe Nous attirent ces vœux preſſans Dolv inotis taonvons pev evc foroinoe y Et les Dieux qui ſont ſans puiſſance, Ne reçoivent guere d’encens.	De quelque rang qu'on soit, les biẽs seuls qu'on dispense Nous attirent ces vœux pressants Dolvis inotis taonvons pût évent foroinoe y Et les Dieux qui sont sans puissance, Ne reçoivent guère d'encens.
MARS.	MARS.
Ie voy venir l’Amour, qu’aura-t-il à nous dire?	Je vois venir l'Amour, qu'aura-t-il à nous dire?
LA FORTUNE La Renommée arcive auſ ;	LA FORTUNE La Renommée arcive aus aux
Mais lors que ſon employ de tous coſtez l’attire, D'ou vient qu’elle s’arreſte icy?	Mais lors que son emploi de tous côtés l'attire, D'ou vient qu'elle s'arrête ici?
L’Amour & la Renoniiée paronrent portez chacun ſur un Nüage.	L'Amour et la Renoniiée paronrent portez chacun sur un Nuage.
SEENE II.	SENE II.
MIRS, EATORPORE, DII FENOMMEE, L’AMOUR.	MIRS, EATORPORE, DI FENOUME, L'AMOUR.
LA RENOMMEE.	LA RENOMME.
En ſoyez point ſurpris, le pénible voyage Où juſqu au bout de l’Vnivers, Pour vanter ſes Uertus chez cent Peuples divers, Le Monarque des Lys de jour en jour m'engage, M'a déja tant de fois fait traverſer les airs, Qu'il faut qu’en m’arreſtant enfin je me ſoulage.	En soyez point surpris, le pénible voyage Où jusqu' au bout de l'Univers, Pour vanter ses Uertus chez cent Peuples divers, Le Monarque des Lys de jour en jour m'engage, M'a déjà tant de fois fait traverser les airs, Qu'il faut qu'en m'arrêtant enfin je me soulage.
Dans les Siecles paſſez j’ay bien veu des Héros, Aléxandre & Céſar m'ont donné de la peine, Mais au moins dãs leur courſe ils reprenoient haleine, Et me laiſſoient quelque repos.	Dans les Siècles passez j'ai bien vu des Héros, Alexandre et César m'ont donné de la peine, Mais au moins dans leur course ils reprenaient haleine, Et me laissaient quelque repos.
LOUIS n’en connoiſt point;	LOUIS n'en connaît point;
ſon ame toûjours preſte Aremplir de l’honneur l’avide paſſion, A peine a médité la plus haute Conqueſte, Qu'on en voit l’exécution.	son âme toujours prête Aremplir de l'honneur l'avide passion, À peine a médité la plus haute Conquête, Qu'on en voit l'exécution.
Chaque inſtant de ſa vie eſt un nouveau miracle.	Chaque instant de sa vie est un nouveau miracle.
Vingt Princes dont il fut l’appuy, Arment vainement contre luy;	Vingt Princes dont il fut l'appui, Arment vainement contre tu;
Ace qu’il entreprend rien ne peut mettre obſtacle;	Ace qu'il entreprend rien ne peut mettre obstacle;
Et ces jaloux de ſa grandeur, Forcez par tout à ceder la victoire, Ne combatent jamais que pour luy faire honneur, Et donner du luſtre à ſa gloire.	Et ces jaloux de sa grandeur, Forcez par tout à céder la victoire, Ne combattent jamais que pour lui faire honneur, Et donner du lustre à sa gloire.
Ainſy pour m'acquiter de ce que je lu y dois, I'ay beau preſſer mon vol, & me haſter de dire Ce qu’avec moy tout l’Vnivers admire, Mes cent bouches pour luy s’ouvrent tout à la fois, Et je n'y puis encor ſuffire.	Ainsi pour m'acquitter de ce que je lu y dois, J'ai beau presser mon vol, et me hâter de dire Ce qu'avec moi tout l'Univers admire, Mes cent bouches pour lui s'ouvrent tout à la fois, Et je n'y puis encor suffire.
MARS.	MARS.
S’il faut ne rien diſſimuler, La plainte me paroiſt nouvelle.	S'il faut ne rien dissimuler, La plainte me paraît nouvelle.
Quoy, vous, qui ſi ſouvent ſur des contes en l’air Redites mille fois la meſme bagatelle, Vous vous fâchez d’avoir trop à parler?	Quoi, vous, qui si souvent sur des contes en l'air Rédites mille fois la même bagatelle, Vous vous fâchez d'avoir trop à parler?
LA RENOMMEE.	LA RENOMME.
Je prens ſans murmurer tout l’employ qu’on me donne, Mais enfin j'ay peine à ſoufrir Toûjours de la meſme Perſonne.	Je prends sans murmurer tout l'emploi qu'on me donne, Mais enfin j'ai peine à soufrir Toujours de la même Personne.
Sur chaque nouveauté, comme en tout elle plaiſt, I'aime à dire ce que je penſe;	Sur chaque nouveauté, comme en tout elle plaît, J'aime à dire ce que je pense;
Et ſi je ne prens intéreſt	Et si je ne prends intérêt
Qu'à celebrer le Nom du Grand Roy de la France, Tous les Exploits que les autres feront, A ce compte demeureront Enſevelis dans le ſilence.	Qu'à célébrer le Nom du Grand Roi de la France, Tous les Exploits que les autres feront, À ce compte demeureront Ensevelis dans le silence.
Ie veux bien toutefois ne parler que de lu y:	Je veux bien toutefois ne parler que de lu y:
Mais ce qui cauſe mon ennuy, C’est de voir que quand je publie Toutes ſes grandes Actions, On les prend pour des fixions, Et l’on m'accuſe de folie.	Mais ce qui cause mon ennui, C'est de voir que quand je publie Toutes ses grandes Actions, On les prend pour des fixions, Et l'on m'accuse de folie.
Qui pourroit croire auſſy ce qu’on a veu deux fois, Que preſque en moins de rien une Province entiere A ſon triomphe ait ſervy de matiere, Et ſe ſoit ſoumiſe à ſes Loix?	Qui pourrait croire aussi ce qu'on a vu deux fois, Que presque en moins de rien une Province entière À son triomphe ait servi de matière, Et se soit soumise à ses Lois?
Ie croy le voir encor, toûjours infatigable, Courant, volant par tout, ſans jamais s’arreſter, Eſtre Chef & Soldat, réſoudre, exécuter, Et ſeul à ſoy-meſme ſemblable, Chercher dans le péril tout ce qui peut flater L'ardeur de gloire inſatiable Qui porte les Héros à s’y précipiter.	Je crois le voir encor, toujours infatigable, Courant, volant par tout, sans jamais s'arrêter, Être Chef et Soldat, résoudre, exécuter, Et seul à soi-même semblable, Chercher dans le péril tout ce qui peut flatter L'ardeur de gloire insatiable Qui porte les Héros à s'y procipiter.
Apres avoir forcé de ſuperpes Murailles, Voyez-le dans le meſme temps, Par l’effroy de ſon Nom, gagner plus de Batailles Qu'on n'en donnoit autrefois en vingt ans.	Après avoir forcé de superpes Murailles, Voyez-le dans le même temps, Par l'effroi de son Nom, gagner plus de Batailles Qu'on n'en donnait autrefois en vingt ans.
Toutes Toutes ces grandes véritez Ne ſemblent-elles pas des contes inventez, rs que je les dis, m eſlimesteon ſinceres	Toutes Toutes ces grandes vérités Ne semblent-elles pas des contes inventés, rs que je les dis, m eslimesteon sincères
L'AMOUR.	L'AMOUR.
Vous en donnez ſi ſouvent à garder, Qu'il eſt bon qu’une fois vous en ſoyez punte;	Vous en donnez si souvent à garder, Qu'il est bon qu'une fois vous en soyez punte;
Mais par LOUIS quand ma gloire eſt ternie, Moy, l'Amour, n'ay-je pas tout ſujet de gronder?	Mais par LOUIS quand ma gloire est ternie, Moi, l'Amour, n'ai-je pas tout sujet de gronder?
De puis le pouvoir qu'il me vole, CINEIM3 Je ſuis une vraye Idole Qui ne ſemble bon à rien.	De puis le pouvoir qu'il me vole, CINEIM3 Je suis une vraie Idole Qui ne semble bon à rien.
LA FORTUNE.	LA FORTUNE.
D’où ce chagrin vous peut-il naiſtre, Quand nous voyons que ce Grand Roy, En gagnãt tous les cœurs, chaque jour fait connoiſtre.	D'où ce chagrin vous peut-il naître, Quand nous voyons que ce Grand Roi, En gagnant tous les cœurs, chaque jour fait connaître.
L’AMOUR.	L'AMOUR.
Mais c'eſt par luy qu’il s’en rend maiſtre, Et ce n'eſt pas mon compte à moy, Car enfin je voudrois qu’il me duſt quelque choſe;	Mais c'est par autre qu'il s'en rend maître, Et ce n'est pas mon compte à moi, Car enfin je voudrais qu'il me dût quelque chose;
Mais j’ay beau parmy tous mes traits, Pour faire que des cœurs par mon ordre il dispoſe, En aller choiſir tout exprés:	Mais j'ai beau parmi tous mes traits, Pour faire que des cœurs par mon ordre il dispose, En aller choisir tout exprès:
D'eux-meſmes à l’envy, ſans qu’on les ſollicite, Ces cœurs tout à coup enflamez, Cecanaauous à ſon mérite, Et ſans que je m'en meſle, ils s’en trouvent charmez.	D'eux-mêmes à l'envi, sans qu'on les sollicite, Ces cœurs tout à coup enflamés, Cecanaauous à son mérite, Et sans que je m'en mêle, ils s'en trouvent charmés.
MARS.	MARS.
Et c’eſt à quoy l’Amour prend garde?	Et c'est à quoi l'Amour prend garde?
Pourven que tout vons ſoit ſoumis, Que vos traits ſoient bien affermis, Qu'importe.	Pourven que tout vons soit soumis, Que vos traits soient bien affermis, Qu'importe.
L’AMOUR.	L'AMOUR.
Paſſe encor pour ce qui le regarde;	Passe encor pour ce qui le regarde;
Mais ce qui fait tout mon reſſentiment, Et m’eſt une peine cruelle, C’eſt que lors qu'avec une Belle I’ay fait l’union d’un Amant, Et qu’elle en croit les nœuds ſerrez ſi fortement, Que rien ne ſçauroit plus l’arracher d’aupres d’elle, Si LOUIS dans ſa noble ardeur Court où l’appelle ſon grand cœur, L’Amant, quoy que plein de tendreſſe, Se reproche un honteux repos, Et quitte auſſi-tost la Maiſtreſſe, Pour ſuivre les pas du Héros.	Mais ce qui fait tout mon ressentiment, Et m'est une peine cruelle, C'est que lors qu'avec une Belle J'ai fait l'union d'un Amant, Et qu'elle en croit les nœuds serrés si fortement, Que rien ne saurait plus l'arracher d'auprès d'elle, Si LOUIS dans sa noble ardeur Court où l'appelle son grand cœur, L'Amant, quoi que plein de tendresse, Se proche un honteux repos, Et quitte aussitt la Maistresse, Au suivre les pas du Héros.
Elle s’en plaint, elle en ſoüpire, 22 Et par ſa diſgrace fait voir La jelbleſſe de inombempise.	Elle s'en plaint, elle en sourpire, 22 Et par sa disgrâce fait voir La jelblesse de inombempise.
LA RENOMMEE.	LA RENOMME.
ganujocots ttors de tout ceſert pouvoir, Pour rappeller ceux que la Guerre attire?	ganujocots tors de tout ces pouvoir, Pour rappeler ceux que la Guerre attire?
L’AMOUR.	L'AMOUR.
Il ne tient pas à le vouloir;	Il ne tient pas à le vouloir;
Mais j’ay beau faire, j’ay beau dire, Charmez de voir LOUIS, de marcher ſur ſes pas, Quelque flateur que pour eux je puiſſe estre, C’eſt un Enfant qui parle, ils ne m'écoutent pas, Et les Combats Aupres de leur Auguſte Maiſtre, Ont pour eux plus d’appas Que les plus tendres feux qu'en leurs cœurs j’ay fait Ainſy la Guerre eſt un malheur Cnaiſtre.	Mais j'ai beau faire, j'ai beau dire, Charmés de voir LOUIS, de marcher sur ses pas, Quelque flatteur que pour eux je puisse être, C'est un Enfant qui parle, ils ne m'écoutent pas, Et les Combats Auprès de leur Auguste Maître, Ont pour eux plus d'appas Que les plus tendres feux qu'en leurs cœurs j'ai fait Ainï la Guerre est un malheur Cnaistre.
Qui me rend inutile, & c’eſt dequoy j’enrage;	Qui me rend inutile, et c'est dequoy j'enrage;
Ie m'en trouve accablé de honte & de douleur, Et tandis que LOUIS fait briller ſa valeur, Ie joue un méchant perſonnage.	Je m'en trouve accablé de honte et de douleur, Et tandis que LOUIS fait briller sa valeur, Je joue un méchant personnage.
DCLEVE III.	DCLEUE III.
LA GLOIRE, MARS, LA RENOMMEE, LA FORTUNE, L’AMOUR.	LA GLOIRE, MARS, LA RENOMMÉE, LA FORTUNE, L'AMOUR.
LA GLOIRE.	LA GLOIRE.
A Gloire à qui le Ciel toujours E Donna les Héros à défendre.	À Gloire à qui le Ciel toujours E Donna les Héros à défendre.
De ce T’emple où j’ay ſoin chaque jour de me rendre, Ie viens d’entendre vos diſcours.	De ce T'emple où j'ai soin chaque jour de me rendre, Je viens d'entendre vos discours.
En vain, Dieu des Guerriers, dont la fiere puiſſance Vous fait redouter des Mortels, Vous prétendez détruire les Autels Que j’ay fait élever au Héros de la France;	En vain, Dieu des Guerriers, dont la fière puissance Vous fait redouter des Mortels, Vous prétendez détruire les Autels Que j'ai fait élever au Héros de la France;
Il mérite encor plus, & n’eſt point comme vous Inceſſamment remply d’un aveugle couroux.	Il mérite encor plus, et n'est point comme vous Incessamment rempli d'un aveugle courroux.
Lors qu'il entreprend quelque Guerre, C’eſt pour mieux maintenir de légitimes Droits, Ou pour confondre ceux, qui mépriſant les Rois, Se veulent ériger en Tyrans de la Terre.	Lors qu'il entreprend quelque Guerre, C'est pour mieux maintenir de légitimes Droits, Ou pour confondre ceux, qui méprisant les Rois, Se veulent ériger en Tyrans de la Terre.
Rendez-luy donc juſtice, & dans tous ſes Combats Vous meſme accompagnez ſes pas;	Rendez-lui donc justice, et dans tous ses Combats Vous -même accompagnés ses pas;
Ainſy de vos fureurs on ne pourra ſe plaindre, Et ſecondant LOUIS, qui par tout ſçait charmer, En meſme temps que vous vous ferez craindre, En meſme temps vous vous ferez aimer.	Ainsi de vos fureurs on ne pourra se plaindre, Et secondant LOUIS, qui par tout sait charmer, En même temps que vous vous ferez craindre, En même temps vous vous ferez aimer.
A LA FORTUNE.	À LA FORTUNE.
La Fortune, je le confeſſe, A ſujet de ſe chagriner.	La Fortune, je le confesse, A sujet de se chagriner.
Elle eſt d’un Sexe à voir avec quelque tristeſſe, Que ſes Adorateurs l’oſent abandonner;	Elle est d'un Sexe à voir avec quelque tristesse, Que ses Adorateurs l'osent abandonner;
Ses bienfaits ſont ſouvent ſuivis de trahiſon, Elle ne fait jamais de bien que par caprice, Et le Dieu des François n'en fait que par raiſon.	Ses bienfaits sont souvent suivis de trahison, Elle ne fait jamais de bien que par caprice, Et le Dieu des Français n'en fait que par raison.
Il récompenſe le mérite, Sans meſme qu'on l’en ſollicite, Et pour ſe rétablir, la Fortune aujourd’huy LIEENESE LJI On oublîra ſon inconſtance, Et par un ſurprenant effet On luy croira de la prudence, Et c'eſt ce qu'on n'a jamais fait.	Il récompense le mérite, Sans même qu'on l'en sollicite, Et pour se rétablir, la Fortune aujourd'hui LIENENSE LI On oublîra son inconstance, Et par un surprenant effet On lui croira de la prudence, Et c'est ce qu'on n'a jamais fait.
A LA RENOMMEE.	À LA RENOMME.
Pour vous répondre auſſy, Déeſſe, Le travail eſt pénible à remplir voſtre employ;	Pour vous répondre aussi, Déesse, Le travail est pénible à remplir votre emploi;
Mais le charme qu’on trouve à parler d’unGrand Roy,	Mais le charme qu'on trouve à parler d'unGrand Roi,
Ne demande-t-il pas qu’on en parle ſans ceſſe?	Ne demande-t-il pas qu'on en parle sans cesse?
Depuis que par l’ordre des Cieux Vous publiez les merveilles Et des Hommes & des Dieux, En avez-vous jamais raconté de pareilles, Ny de qui le recit vous fût ſi glorieux?	Depuis que par l'ordre des Cieux Vous publiez les merveilles Et des Hommes et des Dieux, En avez-vous jamais raconté de pareilles, Ni de qui le récit vous fut si glorieux?
Quant aux Demy-Héros qui prennent pour ofence, Que de leurs noms obſcurs vous faffiez peu d’état, A quoy bon vous charger d’actions ſans éclat, Dont jamais l’Avenir ne prendra connoiſſance?	Quant aux Demi-Héros qui prennent pour ofense, Que de leurs noms obscurs vous faffiez peu d'état, À quoi bon vous charger d'actions sans éclat, Dont jamais l'Avenir ne prendra connaissance?
Malgré le vain orgueil dont ils ſont éblouis, Laiſſez-les dans la pouſſiere, Et donnez-vous toute entiere A publier des Exploits inouis;	Malgré le vain orgueil dont ils sont éblouis, Laissez-les dans la poussière, Et donnez-vous toute entière A publier des Exploits inouïs;
Dites plus que jamais cent Héros n’ont pû faire, Vous n’aurez qu’à nommer LOUIS, Et dans tout l’Vnivers on vous croira ſincere.	Dites plus que jamais cent Héros n'ont pu faire, Vous n'aurez qu'à nommer LOUIS, Et dans tout l'Univers on vous croira sincère.
A LAMOUR.	À LAMOUR.
Vous ſoufrez, je le connois bien, I entre dans voſtre inquiétude;	Vous souffrez, je le connais bien, I entre dans votre inquiétude;
Demeurer ſans pouvoir, eſt un deſtin bien rude, Et l’Amour eſt à plaindre alors qu’il ne fait rien;	Demeurer sans pouvoir, est un destin bien rude, Et l'Amour est à plaindre alors qu'il ne fait rien;
Mais venez voir LOUIS, & tâchez de luy plaire, Attachez-vous à le conſidérer, A voir ſa gloire, à l’admirer,	Mais venez voir LOUIS, et tâchez de lui plaire, Attachez-vous à le considérer, À voir sa gloire, à l'admirer,
L’AMOUR.	L'AMOUR.
deoenx furvre voſire confeit.	deenx furvre vosire confit.
LA FORTUNE.	LA FORTUNE.
Chacun doit déférer aux avis de la Gloire.	Chacun doit déférer aux avis de la Gloire.
LA RENOMMEE.	LA RENOMME.
Ainſy que vous je la veux croire.	Aini que vous je la veux croire.
MARS.	MARS.
Voyons auparavant ce Temple ſans pareil.	Voyons auparavant ce Temple sans pareil.
LA GLOIRE.	LA GLOIRE.
Vous pouvez l’admirer enſemble, Il mérite bien vos regards;	Vous pouvez l'admirer ensemble, Il mérite bien vos regards;
Mais il faut qu'en ce lieu j’aſſemble Les Plaiſirs & les plus beaux Arts, Par mon ordre ils s'en vont paroiſtre, Et par leurs Chanſons & leurs Jeux Marquer au plus Grãd Roy que le Ciel ait fait naiſtre, Ce qu’ils doivent au ſoin qu’il daigne prendre d’eux.	Mais il faut qu'en ce lieu j'assemble Les Plaisirs et les plus beaux Arts, Par mon ordre ils s'en vont paraître, Et par leurs Chansons et leurs Jeux Marquer au plus Grand Roi que le Ciel ait fait naître, Ce qu'ils doivent au soin qu'il daigne prendre d'eux.
Dans le temps que Mars & les autres Divinitez qui ont paru dans le Prologue, s’auancent dans le Temple pour en mieux examiner les beautez, la Muſique ſort d’un des coſtez du Theatré, avec un Livre de Tablature à la main;	Dans le temps que Mars et les autres Divinités qui ont paru dans le Prologue, s'avancent dans le Temple pour en mieux examiner les beautés, la Musique sort d'un des côtés du Theatré, avec un Livre de Tablature à la main;
Elle eſt ſuivie des Arts, tant Liberaux que Mécaniques, qui ſont l’Agriculture, avec un Habit couvert d’Epys d’or, & tenant une Beſché;	Elle est suivie des Arts, tant Libéraux que Mécaniques, qui sont l'Agriculture, avec un Habit couvert d'Epys d'or, et tenant une Bêché;
la Navigation, veſtuë d’un Tafetas de la Chine, à la maniere des Matelots;	la Navigation, vêtue d'un Tafetas de la Chine, à la manière des Matelots;
l’Orfévrie, chargée de Chaînes d’or & de Pierreries;	l'Orfévrie, chargée de Chaînes d'or et de Pierreries;
la Peinture, tenant une Palete & un Pinceau;	la Peinture, tenant une Palete et un Pinceau;
la Guerre, une Epéë;	la Guerre, une Epéë;
la Géometrie, un Compas;	la Géométrie, un Compas;
l’Aſtrologie, un Globe;	L'Astrologie, un Globe;
& la Sculpture, un Ciſeau.	et la Sculpture, un Ciseau.
La Comédie paroiſt de l’autre coſté, tenant un Maſque, & accompagnée des Plaiſirs.	La Comédie paraît de l'autre côté, tenant un Masque, et accompagnée des Plaisirs.
La Chaſſe, qu’on met enſemble au nombre des Plaiſirs & des Arts, ſe fait voir la premiere veſtuë de verd & tenant un dard.	La Chasse, qu'on met ensemble au nombre des Plaisirs et des Arts, se fait voir la première vue de verd et tenant un dard.
La Maſcarade la ſuit bizarement habillée, avec un Cornet à la main.	La Mascarade la suit bizarement habillée, avec un Cornet à la main.
On voit en ſuite la Peſche qui tient une Ligne;	On voit en suite la Pêche qui tient une Ligne;
la Paume, une Raquette;	la Paume, une Raquette;
le Ieu, des Cartes;	le Jeu, des Cartes;
la Bonne-chere, un Flacon d’or;	la Bonne-chère, un Flacon d'or;
& la Danſe, une Poche.	et la Danse, une Poche.
Apres avoir par quelques figures, & par leurs diférentes actions, donné des marques de ce qu’ils repreſentent, la Comédie & la Muſique chantent enſemble le Dialogue ſuivant.	Après avoir par quelques figures, et par leurs diférentes actions, donné des marques de ce qu'ils représentent, la Comédie et la Musique chantent ensemble le Dialogue suivant.
DIALOGUE.	DIALOGUE.
DIALOGVE DE LA MVSI ET DE LA COMEDIE.	DIALOGUE DE LA MUZY ET DE LA COMÉDIE.
QVE	QUE
LA COMEDIE.	LA COMÉDIE.
Our divertir LOUIS, uniſſons-nous enſemblez T Jl eſt le plus grand des Mortels;	Our divertir LOUIS, unissons-nous ensemblez T El est le plus grand des Mortels;
Et quand pour luy la Gloire éleve des Autels, Il faut que la Muſique aſſemble Le que ſes tons les plus charmans  Peuvent à mon Theatre adjouter d’ornemens.	Et quand pour lui la Gloire élève des Autels, Il faut que la Musique assemble Le que ses tons les plus charmants Peuvent à mon Théâtre ajouter d'ornements.
LA MUSIQUE.	LA MUSIQUE.
Pour ce Grand Roy qui ſur la Scene Uoit ſi ſouvent tes charmes éclater, I'aimerois aſſez à chanter;	Pour ce Grand Roi qui sur la Scène Uait si souvent tes charmes éclater, J'aimerais assez à chanter;
Mais j’ay ſi peu de voix, qu'on ne m'entend qu’à peine,	Mais j'ai si peu de voix, qu'on ne m'entend qu'à peine,
CEUX DES COMEDIENS qui repreſentent une partie des ARTS & des PLAISIRS.	CEUX DES COMÉDIENS qui représentent une partie des ARTS et des PLAISIRS.
Si tu nous veux ſoufrir, nous pourons t'en preſter.	Si tu nous veux soufrir, nous pourrons t'en prêter.
LA COMEDIE & LA MUSIQUE enſemble.	LA COMÉDIE et LA MUSIQUE ensemble.
Vniſſons-nous pour celebrer la gloire Dont brille l’Auguſte LOUIS.	Unissons-nous pour célébrer la gloire Dont brille l'Auguste LOUIS.
D Et joniclat par tout les Peuples éblouis Conſacrent ſon grand Nom au Temple de Mémoire.	 Et Déoniclat par tout les Peuples éblouis Consacrent son grand Nom au Temple de Mémoire.
LA COMEDIE & LA MUSIQUE enſemble.	LA COMÉDIE et LA MUSIQUE ensemble.
Vniſſons-nous pour celébrer ſa gloire.	Unissons-nous pour celébrer sa gloire.
Tous enſemble.	Tous ensemble.
Y antons ce grand Nvom comme eux, Jamais Exploits ſi fameux Ne firent parler l’Hiſtoire.	Y Y ce grand Nom comme eux, Jamais Exploits si fameux Ne firent parler l'Histoire.
LA COMEDIE & LA MUSIQUE, avec UN DES ARTS.	LA COMÉDIE et LA MUSIQUE, avec UN DES ARTS.
Ils ſont tels, que nos Neveux Refuſeront de les croire.	Ils sont tels, que nos Neveux Refuseront de les croire.
Tous enſemble.	Tous ensemble.
Chantons, uniſſons-nous pour celébrer ſa gloire.	Chantons, unissons-nous pour celébrer sa gloire.
LA MUSIQUE ſeule.	LA MUSIQUE seule.
Sur des Exploits moins glorieux On a placé parmy les Dieux Les Héros dont le Nom fut grand & redoutable.	Sur des Exploits moins glorieux On a placé parmi les Dieux Les Héros dont le Nom fut grand et redoutable.
LOUIS a droit plus qu'eux à l’Immortalité;	LOUIS a droit plus qu'eux à l'Imortalité;
LOUIS qui tous les jours fait une Uerité denu euine proongos ue tanunote.	LOUIS qui tous les jours fait une Uérité den vine proongos ue tanunote.
UN DES ARTS.	UN DES ARTS.
Ses Ennemis, de ſes Armes frapez;	Ses Ennemis, de ses Armes frappés;
Sont à vanter ſon Nom eux-meſmes occupez, Luy voyant entaſſer Victoire ſur Victoire.	Sont à vanter son Nom eux-mêmes occupez, Luy voyant entasser Victoire sur Victoire.
Tous enſemble.	Tous ensemble.
Vantons ce grand Nom comme eux, Iamais Exploits ſi fameux Ne firent parler l’Hiſtoire.	Vantons ce grand Nom comme eux, Jamais Exploits si fameux Ne firent parler l'Histoire.
LA COMEDIE & LA MUSIQUE, avec ONDES ARTS.	LA COMÉDIE et LA MUSIQUE, avec ONDES ARTS.
Jls ſont tels, que nos Neveux Refuſeront de les croire.	Ils sont tels, que nos Neveux Refuseront de les croire.
Tous enſemble.	Tous ensemble.
Chantons, uniſſons-nous pour celébrer ſa gloire.	Chantons, unissons-nous pour celébrer sa gloire.
D ij	D ij
ME 1 E Theatre du Prologue fait place à une Décoration moins réguliere, mais qui dans ſon irrégularité ne laiſſe pas d’avoir des beautez qui plaiſent également a la veuë.	ME 1 E Théâtre du Prologue fait place à une Décoration moins régulière, mais qui dans son irrégularité ne laisse pas d'avoir des beautés qui plaisent également à la vue.
Elle repreſente une Plaine, où diverſes Ruines marquent les reſtes de quelques Palais démolis, & le tout dans une ſi agreable variete, qu’il n’y a aucun Chaſſis qui ne faſſe paroiſtre quelque choſe de diférent.	Elle représente une Plaine, où diverses Ruines marquent les restes de quelques Palais démolis, et le tout dans une si agréable variété, qu'il n'y a aucun Chassis qui ne fasse paraître quelque chose de difèrent.
Au bout de cette Plaine on découvre une Montagne d’uné grandeur prodigieuſe.	Au bout de cette Plaine on découvre une Montagne d'uné grandeur prodigieuse.
Elle eſt fertile dans le bas en Plantes & Fleurs bâtardes;	Elle est fertile dans le bas en Plantes et Fleurs bâtardes;
& a meſure qu’elle s’éleve, elle devient aride, formant des Rochers peu remplis de verdure.	et à mesure qu'elle s'élève, elle devient aride, formant des Rochers peu remplis de verdure.
& entrecoupez de chemins.	et entrecoupez de chemins.
Le ſommet laiſſe voir un Palais ruiné & deſert, avec un grand Horiſon tout autour, en ſorte que la Montagne eſt iſolée, & paroiſt naturelle aux yeux.	Le sommet laisse voir un Palais ruiné et désert, avec un grand Horison tout autour, en sorte que la Montagne est isolée, et paraît naturelle aux yeux.
C’eſt dans cette Plaine que Glaucus s’entretenant avec Palémon de la paſſion qu’il a pour Sylla, luy en découvre la délicateſſe, qui l’engage à vouloir eſtre aimé par luy-meſme, & ne devoir le cœur de ſa Maiſtreſſe qu’à la force de ſon amour.	C'est dans cette Plaine que Glaucus s'entretenant avec Palémon de la passion qu'il a pour Sylla, lui en découvre la délicatesse, qui l'engage à vouloir avoir aimé par lui-même, et ne devoir le cœur de sa Maîtresse qu'à la force de son amour.
Palémon luy conſeille en vain de ſe faire connoiſtre pour un Dieu, afin que le rang qu’il tient parmy ceux de la Mer, luy ſerve à vaincre les froideurs de Sylla.	Palémon lui conseille en vain de se faire connaître pour un Dieu, afin que le rang qu'il tient parmi ceux de la Mer, lui serve à vaincre les froideurs de Syllà.
Il s’obſtine à conſerver le nom de Prince de Thrace, ſous lequel il a eſté d’abord connu d’elle, & apprend avec ſurpriſe des Nymphes qui ſont dans ſa confidence, la réſolution qu’elle a priſe d’aller trouver Circe dans ſon Palais, pour ſçavoir la cauſe de la retraite de Mélicerte, qui avoit diſparu depuis quelques jours.	Il s'obstine à conserver le nom de Prince de Thrace, sous lequel il a été d'abord connu d'elle, et apprend avec surprise des Nymphes qui sont dans sa confidence, la résolution qu'elle a prise d'aller trouver Circe dans son Palais, pour savoir la cause de la retraite de Mélicerte, qui avait disparu depuis quelques jours.
Ce Prince fortement aimé de Sylla, la rendoit inſenſible pour Glaucus, qui tâche inutilement de luy faire un crime de la précipitation de ſon départ dont elle ignore les raiſons:	Ce Prince fortement aimé de Sylla, la rendait insensible pour Glaucus, qui tâche inutilement de Seigneur faire un crime de la précipitation de son départ dont elle ignore les raisons:
Il n’en obtient que de nouveaux mépris, & la ſuivant apres qu’elle s’eſt laſſée de l’entendre, il fait place aux Nymphes de Circé, qui en attendant leur Maiſtreſſe qui cüeille quelques herbes ſur la Montagne pour des Enchantemens qu’elle prépare, témoignent la crainte qu’elles ont qu ils ne ſoient employez contre Mélicerte que Cfrce avoſt enſeve, & pour qui elle avoit pris de l’amour, par la force de ce panchant qui luy faiſoit mettre ſa gloire dans le nombre de ſes Conqueſtes.	Il n'en obtient que de nouveaux mépris, et la suivant après qu'elle s'est lassée de l'entendre, il fait place aux Nymphes de Circé, qui en attendant leur Maîtresse qui cueille quelques herbes sur la Montagne pour des Enchantements qu'elle prépare, témoignent la crainte qu'elles ont qu ils ne soient employez contre Mélicerte que Cfrè avost enseve, et pour qui elle avait pris de l'amour, par la force de ce penchant qui a faisoit mettre sa gloire dans le nombre de ses Conquêtes.
Ces Nymphes ſon ſurpriſes par trois Satyres qu’elles écoutent pour ſe divertir, ſe tenant aſſurées du ſecours de Circé, s’ils oſent venir à la violence.	Ces Nymphes son surprises par trois Satyres qu'elles écoutent pour se divertir, se tenant assurées du secours de Circé, s'ils osent venir à la violence.
Ils acceptent le party qu’elles leur propoſent, que celuy des trois qui chantera le mieux, choiſira celle qui luy plaira davantage.	Ils acceptent le parti qu'elles leur proposent, que celui des trois qui chantera le mieux, choisira celle qui avait plaira davantage.
DU PREMIER SATYRE.	DU PREMIER SATYRE.
Eux beaux yeux me charment,  Leurs traits me deſarment;	Eux beaux yeux me charment, Leurs traits me désarment;
Mais s’ils ne ſont doux, Nargue de leurs coups.	Mais s'ils ne sont doux, Nargue de leurs coups.
I'aime une Maiſtreſſe Qui me tend les bras;	J'aime une Maîtresse Qui me tend les bras;
Fy de la rudeſſe;	Fi de la rudesse;
Crdee netle aippla La Beauté Tygreſſe Ne me plairoit pas,	Crédée netle aippla La Beauté Tigresse Ne me plairait pas,
CHANSON DU SECOND SATYRE.	CHANSON DU SECOND SATYRE.
N jour la jeune Lyſette Couchée à l’ombre d’un Bois, Diſoit d’une triſte voix, Helas!	 jour la jeune Lysette Couchée à l'ombre d'un Bois, Disait d'une triste voix, Hélas!
helas!	hélas!
faut-il reſver ſeulete, Et ne pourroit-on quelquefois Se trouver deux à rire ſur l’herbete?	faut-il rêver seule, Et ne pourrait-on quelquefois Se trouver deux à rire sur l'herbete?
Vn Berger ſurvint, Qui luy tint Bonne & douce compagnie.	Un Berger survint, Qui Seigneur tint Bonne et douce compagnie.
Sur la rencontre au Bois, dés qu’on en eut le vent, On fit jazer la Calomnie, Qui mit cent contes en avant;	Sur la rencontre au Bois, dès qu'on en eut le vent, On fit jaser la Calomnie, Qui mit cent contes en avant;
Mais Lyſette laiſſa médire, Lt Derger l'avois fait rire, Elle y retourna ſouvent.	Mais Lysette laissa médire, Lt Derger l'avais fait rire, Elle y retourna souvent.
Dans l’inſtant que le troiſiéme Satyre s’appreſte à chanter, deux autres Satyres ſurviennent, qui voulant partager le bonheur de la rencontre, forment une conteſtation qui ſe termine par l’arrivee de Circé deſcenduë de la Montagne.	Dans l'instant que le troisième Satire s'apprête à chanter, deux autres Satyres surviennent, qui voulant partager le bonheur de la rencontre, forment une contestation qui se termine par l'arrive de Circe descenduë de la Montagne.
Ils quittent les Nymphes ſi-toſt qu’ils l’aperçoivent;	Ils quittent les Nymphes sitôt qu'ils l'aperçoivent;
& pour les punir de leur inſolence, elle commande à cinq Eſprits de les emporter.	et pour les punir de leur insolence, elle commande à cinq Esprits de les emporter.
Ce Vol de dix Perſonnes qui s’enlevent des quatre coins & du milieu du Theatre, fait un effet auſſy ſurprenant qu’agreable, & donne lieu à Glaucus, qui a veu de loin la promptitũde de cette vangeance, d’en venir congratuler Circé, qu’il reconnoiſt par cette grande marque pour eſtre la Fille du Soleil.	Ce Vol de dix Personnes qui s'enlèvent des quatre coins et du milieu du Théâtre, fait un effet aussi surprenant qu'agréable, et donne lieu à Glaucus, qui a vu de loin la promptitũde de cette vengeance, d'en venir congratuler Circé, qu'il reconnaît par cette grande marque pour être la Fille du Soleil.
Les plaintes qu’il luy fait de l’injuſtice de Sylla, luy découvrent qu’il eſt ce meſme Prince de Thrace dont Mélicerte l’avoit entretenuë comme d’un Rival à qui il a cedé toutes ſes prétentions, Elle ſe ſent touchée d’amour pour luy;	Les plaintes qu'il avait fait de l'injustice de Scylla, Seigneur découvrent qu'il est ce même Prince de Thrace dont Mélicerte l'avait entretenue comme d'un Rival à qui il a cédé toutes ses prétentions, Elle se sent touchée d'amour pour lui;
& luy promettant de le rendre heureux par ſes Charmes, ſans luy expliquer ſi c’eſt en l’aimant, ou en le faiſant aimer de Sylla, elle l’oblige a prendre place dans ſon Char qui deſcend de l’Air, traîné par des Dragons, & qui les emporte l’un & l’autre dans ſon Palais.	et même promettant de le rendre heureux par ses Charmes, sans lui expliquer si c'est en l'aimant, ou en le faisant aimer de Sylla, elle l'oblige a prendre place dans son Char qui descend de l'Air, traîné par des Dragons, et qui les emporte l'un et l'autre dans son Palais.
ACTE	ACTE
Source gallica.	Source galica.
bntfr (Bibliothèque nationale de France 26 eſme dans ce Iardin, & découvre à Dorine ſa onfidente, le déplaiſir ou elle eſt d’avoir eſſayé uelques Charmes pour ſe faire aimer de Glaucus, u’elle ne connoiſt que comme Prince de Thrace, ns qu’ils ayent produit ſur luy le meſme effet qu’ils nt produit ſur Mélicerte, à qui elle n’a eu beſoin ue de ſe faire voir pour luy faire oublier Sylla.	bntfr (Bibliothèque nationale de France 26 esmé dans ce Jardin, et découvre à Dorine sa onfidente, le déplaisir ou elle est d'avoir essayé uelques Charmes pour se faire aimer de Glaucus, uelle ne connaît que comme Prince de Thrace, ns qu'ils aient produit sur lui le même effet qu'ils nt nuit sur Mélicerte, à qui elle n'a eu besoin de se se faire voir pour lui faire oublier Scylla.
élicerte, que ſon abſence du Palais avoit alarmé, uy vient témoigner la joye qu’il a de ſon retour, & n'eſt reçeu avec une froideur qui luy fait conoiſtre le changement qui eſt arrivé dans la paſſion u’elle avoit pour luy.	élicerte, que son absence du Palais avait alarmé, U vient témoigner la joie qu'il a de son retour, et n'est reçu avec une froideur qui avait fait conoistre le changement qui est arrivé dans la passion uelle avait pour lui.
Il eſt obligé de la quitter ans qu’elle s’en ſoit expliquée;	Il est obligé de la quitter ans qu'elle s'en soit expliquée;
& apres avoir aſſuré orine qu’elle ne ſonge plus à s’acquerir le cœur de laucus, qu’aſin de ſe vanger du mépris qu’il ſemble aire de ſon amour, elle voit arriver ce Dieu qui luy ſt toûjours inconnu, & luy ofre tous les divertiſſenens qui le peuvent empeſcher de s’ennuyer dans on Palais.	et après avoir assuré orine qu'elle ne songe plus à s'acquérir le cœur de laucus, qu'asin de se venger du mépris qu'il semble aire de son amour, elle voit arriver ce Dieu qui tu st toujours inconnu, et Seigneur offre tous les divertissenens qui le peuvent empêcher de s'ennuyer dans on Palais.
Glaucus averty que Sylla s’y doit rendre ar l’impatience qu’elle a de ſçavoir ce qu’eſtdevenu élicerte, répond à Circé qu’un ſeul bien eſt caable de ſatisfaire tous ſes deſirs;	Glaucus averti que Syma s'y doit rendre ar l'impatience qu'elle a de savoir ce qu'estdevenu élicerte, répond à Circé qu'un seul bien est caable de satisfaire tous ses désirs;
& l’aſſurant que out ce qu’il eſpere dépend d’elle, & qu’il peut vivre parfaitement heureux dans ſon Palais, il luy donne lieu de ne point douter que ſon Charme n’ait reüſſy, & que ce ne ſoit elle qui ſoit devenuë l’objet de ſa paſſion:	et l'assurant que out ce qu'il espère dépend d'elle, et qu'il peut vivre parfaitement heureux dans son Palais, il lui donne lieu de ne point douter que son Charme n'ait reüssy, et que ce ne soit elle qui soit devenue l'objet de sa passion:
mais quand en la priant de retenir Syll qu’il a ſçeu qui devoit arriver, il luy fait connoiſti qu’il n’a point changé de ſentimens, Circé ſe trou ble, & pour cacher ſon deſordre, ſe ſervant du pr texte de quelques Voix qu’elle eſt bien aiſe d’e tendre, elſe laiſſe chanter le Dialogue ſuivant.	mais quand en la priant de retenir Scy qu'il a su qui devait arriver, il lui fait connoisti qu'il n'a point changé de sentiments, Circé se trou blé, et pour cacher son désordre, se servant du pr texte de quelques Voix qu'elle est bien aise d'e tendre, else laisse chanter le Dialogue suivant.
DIALOGVEDE MIRCIS ET DE SYLVIE.	DIALOGUEDE MIRCIS ET DE SYLVIE.
TYRCIS.	TYRCIS.
JOurquoy me fuyez-vous, ô Beauté trop ſevere, T Quand d’un ſi tendre amour j’ay le cœur enflâme	JOurquoy me fuyez-vous, ô Beauté trop sévère, T Quand d'un si tendre amour j'ai le cœur enflamme
SIEVIE.	SIEUIE.
Ie fuis ce que je ſens qui commence à me plaire;	Je fuis ce que je sens qui commence à me plaire;
Si je vous écoutois, vous pourriez eſtre aimé.	Si je vous écoutais, vous pourriez être aimé.
TYRCIS.	TYRCIS.
Quoy, toûjours, aimable Inhumaine, Reſuſer ue memenarts endt grace, deux mots.	Quoi, toujours, aimable Inhumaine, Ressuser ue méménarts end grâce, deux mots.
SYLVIE.	SYLVIE.
L’Amour cauſe de la peine, Et je veux vivre en repos.	L'Amour cause de la peine, Et je veux vivre en repos.
TYRCIS.	TYRCIS.
Eſt-il des Plaiſirs ſans tendreſſe?	Est-il des Plaisirs sans tendresse?
E ij	E ij
SYLVIE.	SYLVIE.
Eſtent de l Amour fans chagrins	Estent de l Amour sans chagrins
TYRCIS.	TYRCIS.
Par l’Amour tout chagrin ceſſe.	Par l'Amour tout chagrin cesse.
SYLVIE.	SYLVIE.
Tous les Plaiſirs par l’Amour prennent fin.	Tous les Plaisirs par l'Amour prennent fin.
TYRCIS.	TYRCIS.
C’eſt une erreur;	C'est une erreur;
dans le bel âge, Il faut aimer pour vivre heureux.	dans le bel âge, Il faut aimer pour vivre heureux.
SYLVIE.	SYLVIE.
Ne me dites rien davantage.	Ne me dites rien davantage.
TYRCIS.	TYRCIS.
Soulagez, 1& ennuis de mon cœur amoureux.	Soulagez, 16 ennuis de mon cœur amoureux.
SYLVIE.	SYLVIE.
Que vous ſert que le mien ſoûpire?	Que vous sert que le mien soupire?
Ah Sylvie!	Ah Sylvie!
TYRCIS.	TYRCIS.
SYLVIE.	SYLVIE.
Ah Tyrcis!	Ah Tircis!
Tous deux enſemble.	Tous deux ensemble.
Uniſſons nos ſoûpirs.	Unissons nos soupirs.
Aimons-nous.	Aimons-nous.
TYRCIS.	TYRCIS.
SYLVIE.	SYLVIE.
Douce peine!	Douce peine!
TYRCIS.	TYRCIS.
Agreable martyre!	Agréable martyre!
SYLVIE.	SYLVIE.
Il fait tout mon bonheur.	Il fait tout mon bonheur.
TYRCIS.	TYRCIS.
Jl fait tous mes deſirs.	Il fait tous mes désirs.
Tous deux enſemble.	Tous deux ensemble.
Pour goûter les plus doux Plaiſirs, Ne nous laſſons jamais de nous le dire;	Pour goûter les plus doux Plaisirs, Ne nous lassons jamais de nous le dire;
Aimons-nous;	Aimons-nous;
douce peine!	douce peine!
agreable mart yre!	agréable mart ire!
SYLVIE.	SYLVIE.
La liberté m’eſtoit un bien ſi doux!	La liberté m'était un bien si doux!
TYRCIS.	TYRCIS.
Vaut-il ceux que l’Amourofre dans ſon Empire?	Vaut-il ceux que l'Amourofre dans son Empire?
YLVIE.	YLVIE.
Ie la pers, ç’en eſt fait.	Je la pers, ç'en est fait.
TYRCIS.	TYRCIS.
Vous en repentez-vous?	Vous en repentez-vous?
YLVIE.	YLVIE.
Ce n'eſt pas dequoy je ſoûpire.	Ce n'est pas dequoy je soupire.
Ah Sylvie!	Ah Sylvie!
ITRCIS.	ITRCIS.
2IIBe Ah Tyrcis!	2IBe Ah Tircis!
Tous deux enſemble.	Tous deux ensemble.
Vniſſons nos ſoûpirs.	Unissons nos soupirs.
Aimons-nous.	Aimons-nous.
TYRCIS.	TYRCIS.
SYLVIE.	SYLVIE.
Mente Pelile,	Mente Pelile,
TYRCIS.	TYRCIS.
Agreable martyre!	Agréable martyre!
SYLVIE.	SYLVIE.
Il fait tout mon bonheur.	Il fait tout mon bonheur.
Il fait tous mes deſirs.	Il fait tous mes désirs.
Tous deux enſemble.	Tous deux ensemble.
Pour goûter les plus doux Plaiſirs, Ne nous laſſons jamais de nous le dire;	Pour goûter les plus doux Plaisirs, Ne nous lassons jamais de nous le dire;
Qarimons nolte Juonce pomles engreuobe nuuxjre.	Qarimons nolte Juonce pomles engreuobe nuuxjre.
Ce Dialogue qui exprime les douceurs qu’une parfaite union fait goûter en aimant, donhe occaſion à Glaucus de redoubler ſes prieres pour obtenir de Circé qu’elle daigne changer le cœur de Sylla.	Ce Dialogue qui exprime les douceurs qu'une parfaite union fait goûter en aimant, donce occasion à Glaucus de redoubler ses prières pour obtenir de Circé qu'elle daigne changer le cœur de Sylla.
Circè luy oppoſe le peu d’avantage qu’il auroit à ne devoir qu’à ſes Charmes la récompenſe de ſon amour;	Circè le oppose le peu d'avantage qu'il aurait à ne devoir qu'à ses Charmes la récompense de son amour;
& en l’aſſurant qu’il trouveroit des Nymphes qui ne ſeroient pas inſenſibles pour luy, elle va ſi loin, qu’il ne peut plus ſe deguiſer qu’elle parle pour elle-meſme.	et en l'assurant qu'il trouverait des Nymphes qui ne seraient pas insensibles pour venir, elle va si loin, qu'il ne peut plus se déguiser qu'elle parle pour elle-même.
Glaucus luy avouë qu’il eſt de ſa deſtinée de ne prendre de l’attachement que pour Sylla ſeule;	Glaucus lui avoue qu'il est de sa destinée de ne prendre de l'attachement que pour Scylla seule;
& cette déclaration irrite tellement Circé, que faiſant ſucceder la menace à la douceur, elle cherche à l’intimider, & d’un coup de Baguete fait paroiſtre des Serpens, des Lyons, des Tygres, & divers autres Animaux, comme autant d’Amans qu’elle a métamorphoſez pour de moindres outrages que celuy qu’il oſe luy faire, en dédaignant de répondre à ſa paſſion.	et cette déclaration irrite tellement Circé, que faisant succéder la menace à la douceur, elle cherche à l'intimider, et d'un coup de Baguette fait paraître des Serpents, des Lyons, des Tigres, et divers autres Animaux, comme autant d'Amands qu'elle a métamorphosez pour de moindres outrages que celui qu'il ose lui faire, en dédaignant de répondre à sa passion.
Glaucus qui, comme Dieu, n’a rien à craindre de ſes emportemens, écoute ſes menaces avec froideur.	Glaucus qui, comme Dieu, n'a rien à craindre de ses emportements, écoute ses menaces avec froideur.
Circé en redouble ſa colere, & donnant ordre à ces Animaux de fondre ſur luy, dans le meſme inſtant qu’ils s’approchent, Glaucus leur défend de ſe montrer davantage.	Circé en redouble sa colère, et donnant ordre à ces Animaux de fondre sur Ah, dans le même instant qu'ils s'approchent, Glaucus leur défend de se montrer davantage.
La Terre s’ouvre, ils y ſont engloutis;	La Terre s'ouvre, ils y sont engloutis;
& cet effet du pouvoir de Glaucus ne laiſſant plus de bornes à la fureur de Circé, elle commande aux Statuës qui ſoûtiennent le Berceau du lardin, de s’animer pour prendre ſa querelle.	et cet effet du pouvoir de Glaucus ne laissant plus de bornes à la fureur de Circé, elle commande aux Statues qui soutiennent le Berceau du lardin, de s'animer pour prendre sa querelle.
On eſt ſurpris de la promptitude de leur mouvement, qui ne ſert qu’à relever la gloire de Glaucus.	On est surpris de la promptitude de leur mouvement, qui ne sert qu'à relever la gloire de Glaucus.
Il ne leur a pas plutoſt ordonné de ſe perdre en l’air, que toutes ces Statuës s’envolent dans tous les coſtez du Theatre.	Il ne leur a pas plutôt ordonné de se perdre en l'air, que toutes ces Statues s'envolent dans tous les côtés du Théâtre.
Les Grenoüilles ſautent hors du Baſſin où on les a veuës.	Les Grenouilles sautent hors du Bassin où on les a vues.
& s’enfonçant dans la terre, laiſſent Circé dans une telle confuſion d’avoir trouvé un pouvoir plus fort que le ſien, que pour ſe vanger de Glaucus, elle ſe réſout de ne plus rien epargner, & ſort dans le deſſein de ſe porter contre luy aux dernieres extré	et s'enfonçant dans la terre, laissent Circé dans une telle confusion d'avoir trouvé un pouvoir plus fort que le sien, que pour se venger de Glaucus, elle se résout de ne plus rien épargner, et sort dans le dessein de se porter contre lui aux dernières extré
Xx Q RE ERE	Xx Q RE ÈRE
A 8 E magnifique lardin qui a ſervy de Décoration à l’Acte précedent, fait place à un ſuperbe Palais, dont l’Architecture eſt d’Ordre Corintien avec les Friſes & Corniches.	À 8 E magnifique lardin qui a servi de Décoration à l'Acte précédent, fait place à un superbe Palais, dont l'Architecture est d'Ordre Corintien avec les Frises et Corniches.
Les Pilaſtres ſont de lapis veine d’or.	Les Pilastres sont de lapis veine d'or.
Une Baluſtrade regne au deſſus en forme d’Atique.	Une Balustrade règne au dessus en forme d'Atique.
La maſſe du Palais eſt toute de marbre blanc, avec les chapiteaux des Pilaſtres & les baſes dor On voit ſur des Pieds-d’eſtaux qui ſortent en ſaillie, des Vaſes d’or, de lapis, & de marbre;	La masse du Palais est toute de marbre blanc, avec les chapiteaux des Pilastres et les bases dor On voit sur des Pieds-d'étaux qui sortent en saillie, des Vases d'or, de lapis, et de marbre;
& au bout de ce Palais, on découvre un lardin, avec ſes ornemens d’Arbres, de Fleurs, de lets d’eau, & de Fontaines.	et au bout de ce Palais, on découvre un lardin, avec ses ornements d'Arbres, de Fleurs, de lets d'eau, et de Fontaines.
Mélicerte déplore ſon infortune ſur le changeallorie de Giee en prerenco dixiceries ia plusjeune;	Mélicerte déplore son infortune sur le changealorie de Giène en prenco dixiceries ja plusjeune;
de ſes Nymphes, qui ſuivant ſon caractere enjoüé, 34 dans la paſſion qui luy fait préferer Sylla à la gloire d’eſtre aimé de Circé.	de ses Nymphes, qui suivant son caractère enjoué, 34 dans la passion qui avait fait préférer Sylla à la gloire d'être aimé de Circé.
Palémon porte ſi loin le mépris qu’il fait de ſes menaces, qu’Aſtérie ne peut s’empeſcher de luy dire qu’il doit prendre garde qu’on ne l’outrage pas impunement.	Palémon porte si loin le mépris qu'il fait de ses menaces, qu'Astérie ne peut s'empêcher de seule dire qu'il doit prendre garde qu'on ne l'outrage pas impunément.
Elle luy en donne pour exemple un de ſes Amans, qui paroiſt ſous la figure d’un Singe, & qu’elle luy dit n’avoir eſte ainſi metamorphoſé que parce qu’il l’avoit aimée au préjudice de Circé, qui s’en eſtant apperçeuë, luy avoit impoſé cette peine, auſſi-bien qu’à quelques Pages qu’il avoit amenez avec luy, pour le punird’une paſſi ondont elle s’eſt oit offencée.	Elle avait en donne pour exemple un de ses Amants, qui paraît sous la figure d'un Singe, et qu'elle avait dit n'avoir este ainsi métamorphosé que parce qu'il l'avait aimée au préjudice de Circé, qui s'en étant aperçue, lui avait imposé cette peine, aussi-bien qu'à quelques Pages qu'il avait amenez avec lui, pour le punird'une passy ondont elle s'est ait offensée.
Aſtérie adjoüte que ces Singes prenoient ſoin tous les jours de la venir divertir par divers ſauts où ils s’eſtoient etudiez pour luy plaire, & elle en donne le plaiſir à Palémon, qui ſe retire voyant arriver Circé.	Astérie ajoute que ces Singes prenaient soin tous les jours de la venir divertir par divers sauts où ils s'étaient étudiés pour lui plaire, et elle en donne le plaisir à Palémon, qui se retire voyant arriver Circé.
Cette Amante indignée de la maniere dont elle a eſté bravée par Glaucus, ſe réſout de le perdre par la force du Poiſon, puis que ſes Charmes ne peuvent rien pour changer ſon cœur;	Cette Amante indignée de la manière dont elle a été bravée par Glaucus, se résout de le perdre par la force du Poison, puis que ses Charmes ne peuvent rien pour changer son cœur;
& afin de n’eſtre plus expoſée aux importunes plaintes de Mélicerte, elle donne à Aſtérie un Anneau enchanté à luy porter, par le moyen duquel il doit oublier qu’il s’eſt veu aimé d’elle, & reprendre ſon premier amour pour Sylla.	et afin de n'être plus exposée aux importunes plaintes de Mélicerte, elle donne à Astérie un Anneau enchanté à lui porter, par le moyen duquel il doit oublier qu'il s'est vu aimé d'elle, et reprendre son premier amour pour Scylla.
On reçoit en meſme temps la nouvelle que cette malheureuſe Rivale demande a non ſeulement elle l’aſſure de la fidelité de Méli certe, mais elle s’ofre à le luy faire voir.	On reçoit en même temps la nouvelle que cette malheureuse Rivale demande a non seulement elle l'assure de la fidélité de Meli certe, mais elle s'ofre à le lui faire voir.
Dans l’inſ tant qu’elles ſe préparent à ſortir pour l’aller cher cher, Glaucus arreſte Sylla, qui toute ſurpriſe de l voir dans un lieu où elle ne l’attendoit point, n ſçait que répondre aux tendres proteſtations qu’i luy renouvelle de ſon amour.	Dans l'ins tant qu'elles se préparent à sortir pour l'aller cher cher, Glaucus arrête Scylla, qui toute surprise de l voir dans un lieu où elle ne l'attendait point, n sçait que répondre aux tendres protestations qu'y nous renouvelle de son amour.
C’eſt là que Circé qui ſe voit entierement bravée, s’abandonne à tou ce que la fureur luy peut inſpirer;	C'est là que Circé qui se voit entièrement bravée, s'abandonne à tou ce que la fureur homme peut inspirer;
& apres quelque inutiles ſouhaits qu’elle fait pour la perte de l’Aman de ſa Rivale, elle voit deſcendre pluſieurs Nuages qui s’eſtant ramaſſez pour l’enfermêr avec Svlla leur donne lieu à l’une & à l’autre de ſe dérober au;	et après quelque inutiles souhaits qu'elle fait pour la perte de l'Aman de sa Rivale, elle voit descendre plusieurs Nuages qui s'étant ramassez pour l'enfermêtr avec Sulla leur donne lieu à l'une et à l'autre de se dérober au;
yeux de Glaucus.	yeux de Glaucus.
Le Nuage s’ouvre apres qu’elle ſe ſont échapées, & ſe diſſipant des deux coſtez di Theatre, laiſſe Glaucus dans une extréme ſurpriſ de ce qui vient d’arriver.	Le Nuage s'ouvre après qu'elle se sont échappées, et se dissipant des deux côtés di Theatre, laisse Glaucus dans une extrême surpris de ce qui vient d'arriver.
Il ne doute point que c ne ſoit un ſecours que le Soleil a bien voulu preſte à Circé;	Il ne doute point que ç ne soit un secours que le Soleil a bien voulu prête à Circé;
& pour en eſtre entierement éclaircy,  s’adreſſe à Vénus qui paroiſt dans ſon Palais, don l’Architecture eſt compoſée, & ornée de quantit d’Amours qui ſoûtiennent la Corniche.	et pour en être entièrement éclairci, s'adresse à Venus qui paraît dans son Palais, donc l'Architecture est composée, et ornée de quantit d'Amours qui soutiennent la Corniche.
Ils ſont d marbre blanc juſqu’au milieu du corps, dont le ba ſe forme en Fleurons der, ce le teriie ch Con ſoles enrichies d’ornemens auſſi d’or.	Ils sont d marbre blanc jusqu'au milieu du corps, dont le ba se forme en Fleurons der, ce le teriie ch On soles enrichies d'ornements aussi d'or.
Ils porten ſur leurs teſtes des Paniers de Fleurs d’où penden de grands Feſtons qu’ils retiemſent avee ſeurs mains 30 den ſorte qu’ils retombent entre les feüillages de deurs queuës, & font une chute ſur la Conſole.	Ils porten sur leurs têtes des Paniers de Fleurs d'où penden de grands Festons qu'ils retiemsent ave sûrs mains 30 den sorte qu'ils retombent entre les feuillages de urs queus, et font une chute sur la Console.
Le mPied d’eſtal ſe trouve directement deſſous, orné de pPaneaux d’azur veiné d’or.	Le mPied d'étal se trouve directement dessous, orné de pPaneaux d'azur veiné d'or.
De grands Feſtons de gFleurs tombent du milieu des Friſes, dans leſquelles lid’eſpace en eſpace ſont peints des Cœurs percez de pFleches, avec des Carquois & d’autres ornemens.	De grands Festons de gLeurs tombent du milieu des Frises, dans lesquelles lidace en espace sont peints des Cœurs percés de pLeches, avec des Carquois et d'autres ornements.
nL’Optique repreſente deux Amours de meſme ſyl’metrie que les autres, avec un Berceau ſoütenu par aquatre Amours en forme de Termes qui le ſuporqtent.	nL’Optique représente deux Amours de même syl'metrie que les autres, avec un Berceau soutenu par aquatre Amours en forme de Termes qui le suporquetent.
Il eſt forme de Feüillages & de Iaſmins, au ponilieu deſquels on voit une Table de marbre blanc.	Il est forme de Feüillages et de Jasmins, au ponieu desquels on voit une Table de marbre blanc.
ceemplie de Corbeilles de Fleurs & de Vaſes.	ceemplie de Corbeilles de Fleurs et de Vases.
lno	Ino
to Venus n’a pas plutoſt ouvert ce magnifique opalais, que Glaucus la conjure de luy découvrir où dCircé peut avoir enlevé Sylla Vénus luy promet ride le tirer au plutoſt de l’inquiétude qui le tourdenente;	to Venus n'a pas plutôt ouvert ce magnifique opalais, que Glaucus la conjure de lui découvrir où dCircé peut avoir enlevé Scylla Venus avait promet de l' tirer au plutôt de l'inquiétude qui le tourdenente;
& pour en venir à bout, elle commande à pelouze Amours de ſe ſéparer, & d’épier ſi bien tout nete que fera Circé, qu’ils puiſſent venir rendre comn’ote à Glaucus du lieu où elle aura caché Sylla.	et pour en venir à bout, elle commande à pelouze Amours de se séparer, et d'épier si bien tout nette que fera Circé, qu'ils puissent venir rendre comn'ote à Glaucus du lieu où elle aura caché Sylla.
Ces licA mours partent dans le meſme inſtant;	Ces licA mours partent dans le Seigneur instant;
& la plûà bart d’eux ayant volé preſque juſque ſur terre, ſe u’elevent tout d’un coup par un mouvement extraamrdinaire, pour ſe perdre dans les airs.	et la pluà bart d'eux ayant volé presque jusque sur terre, se dansélèvent tout d'un coup par un mouvement extraamrdinaire, pour se perdre dans les airs.
LI EE	LI CE
L 2 ET Acte qui ſe paſſe dans le lieu le plus deſert du Palais de Circé, a pour Décoration de grands Arbres toufus qui forment un Bois dont l’épaiſſeur ſemble eſtre impénetrable à la clarté du Soleil.	 2 ET Acte qui se passe dans le lieu le plus désert du Palais de Circé, a pour Décoration de grands Arbres toufus qui forment un Bois dont l'épaisseur semble était impénétrable à la clarté du Soleil.
C’eſt là que Palémon fait une Scene d’enjoüement avec Aſtérie, qui vient y chercher Mélicerte, qu’elle n’a pû trouver ailleurs, pour luy donner l’Anneau qu’elle a reçeu de Circé.	C'est là que Palémon fait une Scène d'enjouement avec Astérie, qui vient y chercher Mélicerte, qu'elle n'a pu trouver ailleurs, pour lui donner l'Anneau qu'elle a reçu de Circé.
Cet Amant qui eſtoit venu déplorer ſon infortune dans ce Bois, touche à peine cet Anneau enchanté, qu’il retombe dans ſa premiere paſſion pour Sylla, ſans ſe ſouvenir qu’il ait jamais offert des vœux à Circe;	Cet Amant qui était venu déplorer son infortune dans ce Bois, touche à peine cet Anneau enchanté, qu'il retombe dans sa première passion pour Sylla, sans se souvenir qu'il ait jamais offert des vœux à Circe;
& dans l’empreſſement qu’il a de la voir, ſur ce qu’il a ſçeu qu’elle devoit arriver au Palais;	et dans l'empressement qu'il a de la voir, sur ce qu'il a su qu'elle devait arriver au Palais;
il quitte Aſtérie qui raille Floriſe, autre Nymphe de Cirée, rur fon fiumeur prude, qui luy fait condamner l’entretien qu’elle vient d’avoir avec Mélicerte dans un lieu auſſy inhabité que le Bois où elle l’a ſurpriſe avec luy.	il quitte Astérie qui raille Florise, autre Nymphe de Cirée, rur son fiumeur prude, qui avait fait condamner l'entretien qu'elle vient d'avoir avec Mélicerte dans un lieu aussi inhabité que le Bois où elle l'a surprise avec lui.
Toutes les deux recoivent ordre de Circé d’amener cet Amant à Svlla, qui conſent à la propoſition que luy fait Circé de demeurer quelque temps dans ce lieu deſert, pour ſe cacher à Glaucus, avec aſſurance qu’elle y ſera la maiſtreſſe des divertiſſemens qu’elle voudra choiſir.	Toutes les deux reçoivent ordre de Circé d'amener cet Amant à Sulla, qui consent à la proposition que sans fait Circé de demeurer quelque temps dans ce lieu désert, pour se cacher à Glaucus, avec assurance qu'elle y sera la maîtresse des divertissements qu'elle voudra choisir.
On entend dans le meſme temps la voix d’une Dryade, que Circé convie, auſſi-bien que deux Faunes qui l’accompagnent, de domter a Syna uir chay du piaiſli qu’eſle ſe peue promettre de leurs Concerts.	On entend dans le même temps la voix d'une Dryade, que Circé convie, aussi-bien que deux Faunes qui l'accompagnent, de dompter à Syna uir chai du piaisli qu'esle se peue promettre de leurs Concerts.
CHANSON DE LA DRYADE.	CHANSON DE LA DRYADE.
TOus étonnez-vous 7 D'un peu de martyre?	TOut étonnez-vous 7 D'un peu de martyre?
C’eſt quand on ſoûpire.	C'est quand on soupire.
Que l'amour eſt doux.	Que l'amour est doux.
Eu prus uone omnnne Ne ſçauroit charmer, Si l’on n'a de la peine A ſe faire aimer.	Eu prus one omnne Ne saurait charmer, Si l'on n'a de la peine A se faire aimer.
I’aime les plaiſirs Qu'on me fait attendre;	J'aime les plaisirs Qu'on me fait attendre;
Un Objet trop tendre Eteint les deſirs.	Un Objet trop tendre Éteint les désirs.
La plus grande gloire Qu'on trouve en aimant, C’eſt lors que la Uictoire Coûte un long tourment.	La plus grande gloire Qu'on trouve en aimant, C'est lors que la Uictoire Coute un long tourment.
4 Cette Chanſon eſt ſuivie de ces partuts, qui ſont chantées par deux Faunes, & par la meſme Dryade.	4 Cette Chanson est suivie de ces partuts, qui sont chantées par deux Faunes, et par la même Dryade.
I.	I.
FAUNE.	FAUNE.
Il n'eſt rien de ſi doux que de changer ſans ceſſe;	Il n'est rien de si doux que de changer sans cesse;
L Amour pour les cœurs inconſtans Ne peut avoir que d’heureux temps;	L Amour pour les cœurs inconstants Ne peut avoir que d'heureux temps;
Toûjours plaiſirs nouveaux, & jamais de triſteſſe, Jl n’eſt rien de ſi doux que de changer ſans ceſſe.	Toujours plaisirs nouveaux, et jamais de tristesse, Il n'est rien de si doux que de changer sans cesse.
LA DRIADE L’inconſtance détruit les douceurs de l’Amour;	LA DRYADE L'inconstance détruit les douceurs de l'Amour;
Pour eſtimer un bien, il faut qu'il ſoit durable.	Pour estimer un bien, il faut qu'il soit durable.
2.	2.
FAUNE.	FAUNE.
L'Amour qui dure trop, eſt un mat Oeritable;	L'Amour qui dure trop, est un mat Ôéritable;
Pour aimer ſans chagrin, il faut n’aimer qu’un jour.	Pour aimer sans chagrin, il faut n'aimer qu'un jour.
Ridicule folie!	Ridicule folie!
LA DRYADE.	LA DRYADE.
I.	I.
FAUNE.	FAUNE.
Incommode ſageſſe!	Incommode sagesse!
Il n’eſt rien de ſi doux que de changer ſans ceſſe.	Il n'est rien de si doux que de changer sans cesse.
Ridicule folie!	Ridicule folie!
I.	I.
FAUNE.	FAUNE.
Incommode ſageſſe!	Incommode sagesse!
LA DRYADE.	LA DRYADE.
Il n’eſt rien de ſi doux qu’une longué tendreſſe.	Il n'est rien de si doux qu'une longué tendresse.
2.	2.
FAUNE.	FAUNE.
A cent Objets divers on doit faire ſa cour:	À cent Objets divers on doit faire sa cour:
LES DEVX FAUNES.	LES DEUX FAUNES.
Incommode ſageſſe!	Incommode sagesse!
Les deux Faunes.	Les deux Faunes.
Tous les trois enſemble.	Tous les trois ensemble.
Il n’eſt rien de ſi doux que de changer ſans ceſſe.	Il n'est rien de si doux que de changer sans cesse.
La Dryade.	La Dryade.
Il n'eſt rien de ſi doux qu’une longue tendreſſe.	Il n'est rien de si doux qu'une longue tendresse.
Les deux Faunes & la Dryade ont à peine ceſſé de chanter, que Circé ſe trouve expoſée à de nouvelles alarmes du pouvoir de Glaucus, qu’elle ne connoiſt pas encor pour un Dieu.	Les deux Faunes et la Dryade ont à peine cessé de chanter, que Circé se trouve exposée à de nouvelles alarmes du pouvoir de Glaucus, qu'elle ne connaît pas encor pour un Dieu.
Elle apprend de Dorine 41 Dorine qu’il a eſté averty par les Amours du lie où elle tient Sylla cachée, & que l’un d’eux s’eſt chargé du ſoin de l’y conduire.	Elle apprend de Dorine 41 Dorine qu'il a été averti par les Amours du lie où elle tient Syra cachée, et que l'un d'eux s'est chargé du soin de l'y conduire.
Sylla ſe trouble à cette nouvelle;	Sylla se trouble à cette nouvelle;
& Circé qui en prend un nouveau ſujet d’indignation, luy propoſe de ſoufrir qu’elle la faſſe porter par les airs juſques dans Thebes, où Mélicerte qui en eſt Prince, la pourra aiſément garantir des importunes pourſuites d’un Amant qui ne luy plaiſt pas.	et Circé qui en prend un nouveau sujet d'indignation, tu propose de soufrir qu'elle la fasse porter par les airs jusqu ' Hebes, où Mélicerte qui en est Prince, la pourra aisément garantir des importunes poursuites d'un Amant qui ne lui plaît pas.
Sylla y conſent, & elle n’eſt pas ſi-toſt au milieu de l’air, ſoûtenue de quatre Eſprits qui l’emportent par l’ordre de Circé, que quatre des Amours que Vénus a diſperſez autour du Palais, viennent a ſa rencontre, & apres un combat en l’air où les Eſprits ſont forcez de ceder, ils font changer de route à Sylla, & l’enlevent aux yeux de Circé.	Sylla y consent, et elle n'est pas sitôt au milieu de l'air, soutenue de quatre Esprits qui l'emportent par l'ordre de Circé, que quatre des Amours que Venus a dispersez autour du Palais, viennent à sa rencontre, et après un combat en l'air où les Esprits sont forcés de céder, ils font changer de route à Scylla, et l'enlèvent aux yeux de Circé.
C’eſt dans ce combat, où l’on ne ſçauroit aſſez admirer l’incomparable Génie de celuy qui a daigné donner ſes ſoins à trouver les moyens de l’executer:	C'est dans ce combat, où l'on ne saurait assez admirer l'incomparable Génie de celui qui a daigné donner ses soins à trouver les moyens de l'exécuter:
on l’avoit propoſé d’abord comme impoſſible, & il a fait voir que rien ne le ſçauroit eſtre à ſes moindres applications.	on l'avait proposé d'abord comme impossible, et il a fait voir que rien ne le saurait été à ses moindres applications.
Circé ſur priſe de ce qu’elle voit, entre dans une nouvelle fureur, qui luy fait évoquer des Enfers la Terreur, la Rage, le Deſeſpoir, & tout ce qu’ils renferment de plus ennemy des Hommes.	Circé sur prise de ce qu'elle voit, entre dans une nouvelle fureur, qui lui fait évoquer des Enfers la Terreur, la Rage, le Désespoir, et tout ce qu'ils renferment de plus ennemi des Hommes.
Il ſe fait icy une Scene toute extraordinaire:	Il se fait ici une Scène toute extraordinaire:
Ces noires Divinitez paroiſſent, & par leurs diférentes actions elles font voir qu’elles entrent dans tous les ſentimens de Circé;	Ces noires Divinités paraissent, et par leurs diférentes actions elles font voir qu'elles entrent dans tous les sentiments de Circé;
mais quand elle leur commande d’aller répandre leurs plus mortels poiſons dans le cœur du Prince de Thrace, elles demeurent immobiles, & luy font connoiſtre que le Ciel ne leur permet pas de l’en vanger.	mais quand elle leur commande d'aller répandre leurs plus mortels poisons dans le cœur du Prince de Thrace, elles demeurent immobiles, et lui font connaître que le Ciel ne leur permet pas de l'en venger.
Circé, que cette impuiſſance irrite, ne ſçauroit plus ſoufrir leur preſence;	Circé, que cette impuissance irrite, ne saurait plus souffrir leur présence;
& dans le meſme temps qu’elle les chaſſe, elle voit le Soleil qui ſe montre dans ſon Palais.	et dans le même temps qu'elle les chasse, elle voit le Soleil qui se montre dans son Palais.
Il eſt d’or, compoſé, avec des Colomnes torſes d’or poly;	Il est d'or, composé, avec des Colomnes torses d'or poli;
elles ſont reveſtuës de branches de Laurier qui les environnent, de couleur naturelle.	elles sont revêtues de branches de Laurier qui les environnent, de couleur naturelle.
Les chapiteaux ſont d’or fin cizelè, & les baſes des Colomnes de meſme maniere, auſſi bien que la friſe & la corniche.	Les chapiteaux sont d'or fin cizelè, et les bases des Colomnes de même manière, aussi bien que la frise et la corniche.
Le corps du maſſif de ce Palais eſt de Pierres prétieuſes, & tous les Pieds-d’eſtaux de marbre blanc, au milieu deſquels on voit de gros Rubis;	Le corps du massif de ce Palais est de Pierres prétieuses, et tous les Pieds-d'étaux de marbre blanc, au milieu desquels on voit de gros Rubis;
Les Paneaux ſont enrichis de veines d’or ſur un fond de lapis.	Les Paneaux sont enrichis de veines d'or sur un fond de lapis.
Au deſſus de la Corniche on voit, dans une eſpece de petit Attique d’où naiſſent les Cintres, des Lyres d’or, avec pluſieurs ornemens;	Au dessus de la Corniche on voit, dans une espèce de petit Attique d'où naissent les Cintres, des Lyres d'or, avec plusieurs ornements;
& dans le milieu des Voûtes ſont peints de grands Soleils d’or poly, avec quantité d’autres ornemens.	et dans le milieu des Voûtes sont peints de grands Soleils d'or poli, avec quantité d'autres ornements.
L’Optique de ce Palais eſt toute tranſparante, & jette un éclat qui ébloüit.	L'Optique de ce Palais est toute transparante, et jette un éclat qui éblouit.
Circé écoute le Soleil, & apprend de luy que 43 c’eſt en vain qu’elle luy reproche de n’eſtre point ſenſible aux outragés qu’elle reçoit, puis que celuy dont elle voudroit eſtre vangee eſt Glaucus, qui s’eſt caché ſous le viſage & le nom du Prince de Thrace.	Circé écoute le Soleil, et apprend de Seigneur que 43 c'est en vain qu'elle avait reproche de n'être point sensible aux outragés qu'elle reçoit, puis que celui dont elle voudrait être venge est Glaucus, qui s'est caché sous le visage et le nom du Prince de Thrace.
Cette nouvelle fait prendre d’autres meſures à Circé, qui déguiſe ſon reſſentiment, & ſe contente de ſe plaindre à Glaucus qui ſurvient, amenẽ par un des Amours qui s’envole en ſuite, de ce qu’il ne l’a pas aſſez eſtimée pour luy dècouvrir luy-meſme ce qu’il a falu que le Soleil luy ait appris.	Cette nouvelle fait prendre d'autres mesures à Circé, qui déguise son ressentiment, et se contente de se plaindre à Glaucus qui survient, amenẽ par un des Amours qui s'envole en suite, de ce qu'il ne l'a pas assez estimée pour M dècouvrir avoir-même ce qu'il a fallu que le Soleil luitaît appris.
Les excuſes qu’il luy en fait ſont interrompuës par l’arrivée de Palemon, qui luy vient dire que les Amours ont ramené Sylla dans le Palais, & qu’ils retiennent Mélicerte qui fait tous ſes efforts pour s’approcher d’elle.	Les excuses qu'il lui en fait sont interrompues par l'arrivée de Palemon, qui luitaît dire que les Amours ont ramené Sylla dans le Palais, et qu'ils retiennent Mélicerte qui fait tous ses efforts pour s'approcher d'elle.
Glaucus y court apres que Circé luy a promis d’employer tous ſes Charmes pour ſe faire aimer de cette Nymphe.	Glaucus y court après que Circé lui a promis d'employer tous ses Charmes pour se faire aimer de cette Nymphe.
Dorine s’étonne de ce changement, qui luy paroiſt trop prompt pour ne luy eſtre pas ſuſpect.	Dorine s'étonne de ce changement, qui lui paraît trop prompt pour ne par estre pas suspect.
Circe s’explique, & luy découvre que ne pouvant faire ſoufrir Glaucus en luy-meſme, parce qu’il eſt Dieu, elle vetit le faire ſoufrir en ce qu’il aime;	Circe s'explique, et lui découvre que ne pouvant faire souffrir Glaucus en lui-même, parce qu'il est Dieu, elle vetit le faire soufrir en ce qu'il aime;
& que la vangeance qu’elle prépare, ne le toucheroit pas aſſez, ſi elle ne le faiſoit aimer de Sylla avant que de la réduire dans l’état épouvantable où elle doit la faire paroiſtre.	et que la vengeance qu'elle prépare, ne le toucherait pas assez, si elle ne le faisait aimer de Scylla avant que de la réduire dans l'état épouvantable où elle doit la faire paraître.
A L ECEAI A Décoration de cet Acte repreſente une longue Allée de Cypres fort hauts, dont la perſpective eſt tres-agreable à la veuë Sylla s’y trouve avec Floriſe & Aſtérie;	À LY ECEAI AI Décoration de cet Acte représente une longue Allée de Cypres fort hauts, dont la perspective est très -agréable à la vue Sylla s'y trouve avec Florise et Astérie;
& par l’effet du Charme que Circe vient d’employer pour la rendre favorable à Glaucus, elle leur fait connoiſtre l’impatience qu’elle a de trevoir ce nouvel Amant à qui elle a déja découvert le changement qui eſt arrivé pour luy dans ſon cœur.	et par l'effet du Charme que Circe vient d'employer pour la rendre favorable à Glaucus, elle leur fait connaître l'impatience qu'elle a de trévoir ce nouvel Amant à qui elle a déjà découvert le changement qui est arrivé pour lui dans son cœur.
Mélicerte ſurvient, qui tâche inutilement, par ſes reproches, à l’obliger de ſe repentir de ſon infidelite:	Mélicerte survient, qui tâche inutilement, par ses reproches, à l'obliger de se repentir de son infidélité:
Elle s’en juſtifie ſur le conſeil que luy ont donnè les Amours de renoncer à ſa premiere paſſion;	Elle s'en justifie sur le conseil que deux ont donné les Amours de renoncer à sa première passion;
& ayant appris de Palémon que Glaucus entretient Circé dans celuy de ſes lardins dont les murs ſont batus des flots de la Mer, elle ſort avec.	et ayant appris de Palémon que Glaucus entretient Circé dans celui de ses lardins dont les murs sont batus des flots de la Mer, elle sort avec.
précipitation pour l’aller rejoindre.	précipitation pour l'aller rejoindre.
Mélicerte la ſuit, & laiſſe Floriſe & Aſtérie raiſonner avec Palémon ſur la prètenduë Magie de ſon Maiſtre, dont 45 elles ne ſçauroient aſſez admirer le pouvoir qui a toujours eſté plus fort que tous les Charmes que Circé a mis en uſage contre luy.	Mélicerte la suit, et laisse Florise et Astérie raisonner avec Palémon sur la prétendue Magie de son Maître, dont 45 elles ne sauraient assez admirer le pouvoir qui a toujours été plus fort que tous les Charmes que Circé a mis en usage contre tu.
Palémon s’élance tout-a coup dans les airs, & par ce vol inopiné ſe derobant à leurs yeux, les confirme dans la penſée où elles eſtoient déja qu’il y avoit de la Divinité dans cette avanture.	Palémon s'élance tout-a coup dans les airs, et par ce vol inopiné se dérobant à leurs yeux, les confirme dans la pensée où elles étaient déjà qu'il y avait de la Divinité dans cette aventure.
Dorine leur en vient expliquer le ſecret, & apres leur avoir appris le déguiſement de Glaucus, elle leur raconte la vangeance que Circé a priſe de ſes dédains par le changement effroyable qui vient d’arriver dans la perſonne de Sylla, apres qu’elle a métamorphoſé Mélicerte en Arbre, pour le punir des plaintes qu’il oſoit luy faire de ſes injuſtices.	Dorine leur en vient expliquer le secret, et après leur avoir appris le déguisement de Glaucus, elle leur raconte la vengeance que Circé a prise de ses dédains par le changement effroyable qui vient d'arriver dans la personne de Sylla, après qu'elle a métamorphosé Mélicerte en Arbre, pour le punir des plaintes qu'il osait lui même de ses injustices.
La Fable nous repreſente cette Sylla environnée de Chiens qui l’effrayoient par des aboyemens épouvantables:	La Fable nous représente cette Sylla environnée de Chiens qui l'effrayaient par des aboiements épouvantables:
Ce terme de Chien, eſt ſi rude & ſi mal-propre à noſtre Poëſie, que j’ay crû le pouvoir changer en celuy de Monſtres.	Ce terme de Chien, est si rude et si mal-propre à notre Poésie, que j'ai cru le pouvoir changer en celui de Monstres.
Circé s’applaudit avec Dorine du triomphe qu’elle a enfin remporte ſur Glaucus, qui fait d’inutiles efforts pour adoucir la colere de Circe en faveur de cette déplorable Nymphe dont le changement luy fait horreur.	Circé s'applaudit avec Dorine du triomphe qu'elle a enfin remporte sur Glaucus, qui fait d'inutiles efforts pour adoucir la colère de Circe en faveur de cette déplorable Nymphe dont le changement lui fait horreur.
Circé demeure inéxorable;	Circé demeure inéxorable;
& ravie d’avoir trouve les moyens de faire ſoufrir Glaucus, elle ſent redoubler ſa joye par le plaiſir qu’elle a de joüir de la peine de ce Dieu, uand Palémon leur vient apprendre le deſeſpoir de Sylla, qui l’a portée à ſe précipiter dans la Mer pour ſe delivrer d’un ſuplice qui luy eſtoit inſuportable.	et ravie d'avoir trouve les moyens de faire souffrir Glaucus, elle sent redoubler sa joie par le plaisir qu'elle a de jouir de la peine de ce Dieu, and Palémon leur vient apprendre le désespoir de Sylla, qui l'a portée à se précipiter dans la Mer pour se délivrer d'un suplice qui lui était insupportable.
Circé ne peut cacher la douleur qu’elle a de voir ſi-toſt finir ſa vangeance;	Circé ne peut cacher la douleur qu'elle a de voir sitôt finir sa vengeance;
& faiſant diſparoiſtre ſon Palais, elle diſparoiſt elle-meſme aux yeux de Glaucus.	et faisant disparaître son Palais, elle disparaît elle-même aux yeux de Glaucus.
La Decoration du Theatre change en cet endroit, & on en voit une nouvelle qui repreſente la Mer & ſon rivage.	La Décoration du Théâtre change en cet endroit, et on en voit une nouvelle qui représente la Mer et son rivage.
Il y a quelques Arbres peints ſur les Chaſſis du devant, & des Rochers ſur les derniers.	Il y a quelques Arbres peints sur les Chassis du devant, et des Rochers sur les derniers.
Glaucus touché ſenſiblement de la diſgrace de Sylla, s’adreſſe a Neptune pour le prier de la luy rendre.	Glaucus touché sensiblement de la disgrâce de Sylla, s'adresse a Neptune pour le prier de la lui même.
Ce Dieu paroiſt ſur les Flots accompagne de Tritons, de Nereïdes, & d’autres Divinitez de la Mer;	Ce Dieu paraît sur les Flots accompagne de Tritons, de Nereïdes, et d'autres Divinités de la Mer;
& apres avoir fait voir à Glaucus un Rocher qui s’éleve pour marque eternelle de la métamorphoſe de Sylla, il l’aſſure qu’il eſt preſt de la changer en Nereïde, pourveu que Iupiter luy faſſe connoiſtre que le Deſtin en eſt d’accord.	et après avoir fait voir à Glaucus un Rocher qui s'élève pour marque éternelle de la métamorphose de Sylla, il l'assure qu'il est prêt de la changer en Nereïde, pourvu que Jupiter Se Se connaître que le Destin en est d'accord.
Le Ciel s’ouvre à la priere de Glaucus, & Iupiter paroiſt dans ſon Palais, qui eſt d’une Architecture compoſée.	Le Ciel s'ouvre à la prière de Glaucus, et Jupiter paraît dans son Palais, qui est d'une Architecture composée.
Elle forme de grands Pieds-d’eſtaux, ſur leſquels ſont en ſaillie des Aigles tous rehauſſez d’or fin, qui ſuportent une Corniche ſolide, dans 4 des Cintres ſurbaiſſez, enrichis de quantité d’ornemens, avec des Feſtons d’or qui pendent au deſſous des Cintres, & s’attachent au milieu & aux angles.	Elle forme de grands Pieds-d'étaux, sur lesquels sont en saillie des Aigles tous rehaussés d'or fin, qui suportent une Corniche solide, dans 4 des Cintres surbaissez, enrichis de quantité d'ornements, avec des Festons d'or qui pendent au des des Cintres, et s'attachent au milieu et aux angles.
Toute la maſſe du Palais eſt peinte de deux manieres diférentes, auſſi-bien que les Corniches & les Pieds-d’eſtaux;	Toute la masse du Palais est peinte de deux manières diférentes, aussi-bien que les Corniches et les Pieds-d’étaux;
l’une eſt de Porphyre, & l’autre de Lapis.	l'une est de Porphyre, et l'autre de Lapis.
Au milieu des Pieds-d’eſtaux ſont de gros Feſtons de feüilles de Cheſne d’or fin cizelé, On voit dans le fonds du Palais un Trône tout d’or, & orné de Pierres prétieuſes.	Au milieu des Pieds-d'étaux sont de gros Fêtons de feuilles de Chesne d'or fin cizélé, On voit dans le fond du Palais un Trône tout d'or, et orné de Pierres prétieuses.
Iupiter accorde à Glaucus le changement de Sylla en Nereïde, mais à condition qu’il ne l’accablera plus des témoignages d’un amour qu’elle a toûjours rejetté:	Jupiter accorde à Glaucus le changement de Sylla en Nereïde, mais à condition qu'il ne l'accablera plus des témoignages d'un amour qu'elle a toujours rejeté:
En meſme temps elle ſort des flots pour aller prendre place aupres de la Nymphe Galatée par l’ordre de Neptune, qui invite les Faunes, les Sylvains, les Dryades, & les autres Divinitez Champeſtres, auſſi-bien que celles de la Mer, à former quelque grand Spectacle digne de la ſolemnitè de ce jour.	En même temps elle sort des flots pour aller prendre place auprès de la Nymphe Galatée par l'ordre de Neptune, qui invite les Faunes, les Sylvains, les Dryades, et les autres Divinités Champtres, aussi-bien que celles de la Mer, à former quelque grand Spectacle digne de la solemnitè de ce jour.
Ce qu’ils font en ſe meſlant enſemble par diférentes figures qui ſont accompagnées des Chanſons ſuivantes, dont la premiere fait voir, par l’exemple de Glaucus, que la froideur des eaux eſt un vain obſtacle contre les feux de l’Amour.	Ce qu'ils font en se mêlant ensemble par diférentes figures qui sont accompagnées des Chansons suivantes, dont la première fait voir, par l'exemple de Glaucus, que la froideur des eaux est un vain obstacle contre les feux de l'Amour.
Out aime Sur la Terre & dans les Cieux;	Out aime Sur la Terre et dans les Cieux;
L’Amour par un pouvoir ſupréme Aſſervit Hommes & Dieux, Tout aime.	L'Amour par un pouvoir suprême Asservit Hommes et Dieux, Tout aime.
I Iuſque dans les eaux il échauffe les cœurs, Et malgré leur froideur extréme (Il y fait reſſentir ſes plus vives ardeurs, Rien n'échape à ſes douces langueurs, Tout aime.	I Jusque dans les eaux il échauffe les cœurs, Et malgré leur froideur extrême (Il y fait ressentir ses plus vives ardeurs, Rien n'échappe à ses douces langueurs, Tout aime.
CHOEUR DE DIVINITEZ.	CHOEUR DE DIVINITÉ.
Les Plaiſirs ſont de tous les âges, Les Plaiſirs ſont de toutes les ſaiſons;	Les Plaisirs sont de tous les âges, Les Plaisirs sont de toutes les saisons;
Pour les rendre permis, on ſçait que les plus ſages Ont ſouvent trouvé des raiſons.	Pour les rendre permis, on sait que les plus sages Ont souvent trouvé des raisons.
Rions, chantons, Folâtrons, ſautons, Les Plaiſirs ſont de tous les âges, Les Plaiſirs ſont de toutes les ſaiſons.	Rions, chantons, Folâtrons, sautons, Les Plaisirs sont de tous les âges, Les Plaisirs sont de toutes les saisons.
Ce Chœur eſtant finy, les Faunes & les Sylvains témoignent leur joye par des ſauts ſurprenans;	Ce Chœur étant fini, les Faunes et les Sylvains témoignent leur joie par des sauts surprenants;
& les Divinitez de la Mer, accompagnées de pluſieurs Fleuves, donnent pareillement des marques de leur allégreſſe par pluſieurs figures extraordinaires;	et les Divinités de la Mer, accompagnées de plusieurs Fleuves, donnent pareillement des marques de leur allégresse par plusieurs figures extraordinaires;
ce qu’ils font à diférentes repriſes, & meſme apres les deux premiers Couplets de la Chanſon ſuivante.	ce qu'ils font à diférentes reprises, et même après les deux premiers Couplets de la Chanson suivante.
CHANSON DVN SYLVAIN ET D'UNE DRYADE enſemble.	CHANSON DUN SYLVAIN ET D'UNE DRYADE ensemble.
L n’eſt point de Plaiſir véritable, ISi l’Amour ne l’aſſaiſonne pas.	 L'est point de Plaisir véritable, ISi l'Amour ne l'assaisonne pas.
On a beau dans le bien le plus ſtable Rechercher de ſenſibles appas, Il n’eſt point de Plaiſir véritable, Si l’Amour ne l’aſſaiſonne pas.	On a beau dans le bien le plus stable Rechercher de sensibles appas, Il n'est point de Plaisir véritable, Si l'Amour ne l'assaisonne pas.
Ses langueurs n’ont rien que d’agreable, Un ſe perd dans ſes tendres helas;	Ses langueurs n'ont rien que d'agréable, Un se perd dans ses tendres hélas;
Il n’eſt point de Plaiſir agreable, Si l’Amour ne l’aſſaiſonne pas.	Il n'est point de Plaisir agréable, Si l'Amour ne l'assaisonne pas.
A l’Amour il faut rendre les armes;	À l'Amour il faut rendre les armes;
Toſt ou tard il triomphe de nous.	Tôt ou tard il triomphe de nous.
Plus on veut reſiſter à ſes charmes, Plus on doit redouter ſon couroux;	Plus on veut résister à ses charmes, Plus on doit redouter son courroux;
A l’Amour il faut rendre les armes, Toſt ou tard il triomphe de nous.	À l'Amour il faut rendre les armes, Tôt ou tard il triomphe de nous.
De ſes maux ne prenons point d’alarmes;	De ses maux ne prenons point d'alarmes;
S’ils ſont grands, le remede en eſt doux.	S'ils sont grands, le remède en est doux.
A l Amour il faut rendre les armes, Toſt ou tard il triomphe de nous.	À l Amour il faut rendre les armes, Tôt ou tard il triomphe de nous.
Les Faunes & les Sylvains recommençent leurs ſauts, qui ſont accompagnez de poſtures ſurprenantes;	Les Faunes et les Sylvains recommencient leurs sauts, qui sont accompagnés de postures surprenantes;
& pendant qu’un Chœur de Divinitez chante les Vers ſuivans, les Fleuves & les Divinitez de la Mer font pluſieurs figures diférentes, en ſe meſlant avec le Chœur.	et pendant qu'un Chœur de Divinités chante les Vers suivants, les Fleuves et les Divinités de la Mer font plusieurs figures difèrentes, en se mêlant avec le Chœur.
CHOEUR DE DIVINITEZ.	CHOEUR DE DIVINITÉ.
Les Plaiſirs ſont de tous les âges, Les Plaiſirs ſont de toutes les ſaiſons;	Les Plaisirs sont de tous les âges, Les Plaisirs sont de toutes les saisons;
Pour les rendre permis, on ſçait que les plus ſages Ont ſouvent trouvé des raiſons.	Pour les rendre permis, on sait que les plus sages Ont souvent trouvé des raisons.
Rions, chantons, Folâtrons, ſautons;	Rions, chantons, Folâtrons, sautons;
Les Plaiſirs ſont de tous les âges, Les Plaiſirs ſont de toutes les ſaiſons.	Les Plaisirs sont de tous les âges, Les Plaisirs sont de toutes les saisons.
FIN.	FIN.
Ar Grace & Privilege du Roy, Donné à S.	Ar Grâce et Privilège du Roi, Donné à S.
Germain en Laye T le 28.	Germain en Laye T le 28.
jour de Fevrier 1675.	jour de Février 1675.
Signé, Par le Roy en ſon Conſeil, DESVIEUX.	Signé, Par le Roi en son Conseil, DESVIEUX.
Il eſt permis à T.	Il est permis à T.
de Corneille, Eſcuyer, Sieur de l’Iſle, de faire imprimer, vendre & debiter une Piece de Theatre de ſa compoſition, intitulée CIRCE’, avec le Deſſein, & ce pendant le temps & eſpace de vingt années entieres & accomplies, à compter du jour que leſdits Ouvrages ſeront achevez d’imprimer pour la premiere fois:	de Corneille, Escuyer, Sieur de l'Isle, de faire imprimer, vendre et débiter une Pièce de Théâtre de sa composition, intitulée CIRCE', avec le Dessein, et ce pendant le temps et espace de vingt années entières et accomplies, à compter du jour que lesdits Ouvrages seront achevez d'imprimer pour la première fois:
Pendant lequel temps defences ſont faites à tous Imprimeurs & Libraires, autres que ceux choiſis par ledit Expoſant, & à toutes autres Perſonnes de quelque qualité & condition qu’elles ſoient, d’imprimer, faire imprimer, vendre, ny debiter leſdies Ouvrages, lalis le confentemene de l’Expoſant, ou de ceux qui auront droit de luy, à peine de mil livres d’amende, confiſcation des Exemplaires contrefaits, & de tous deſpens, dommages & intereſts, ainſi que plus au long il eſt porté aud.	Pendant lequel temps défenses sont faites à tous Imprimeurs et Libraires, autres que ceux choisis par ledit Exposant, et à toutes autres Personnes de quelque qualité et condition qu'elles soient, d'imprimer, faire imprimer, vendre, ni débiter lesdies Ouvrages, lalis le consentements de l'Exposant, ou de ceux qui auront droit de peine, à peine de mille livres d'amende, confiscation des Exemplaires contrefaits, et de tous dépens, dommages et intérêts, ainsi que plus au long il est porté aud.
Privilege.	Privilège.
