A PARIS, Chez IEANRIBOV, au Palais, vis à vis la porte de l’Egliſe de la Sainté Chapelle, à l’Image S.	À PARIS, Chez JÉANRIBOU, au Palais, vis -à -vis la porte de l'Église de la Sainté Chapelle, à l'Image S.
Louys.	Louis.
M DC.	M MCC.
LXVI.	LXVI.
AVEC PRIVILEGE DV ROY.	AVEC PRIVILÈGE DU ROY.
ACTEVRS.	ACTEURS.
GORGIBVS, Bourgeois de Paris.	GORGIBUS, Bourgeois de Paris.
CLLTE, ſa fille.	CLTE, sa fille.
LELIE, Amant de Celie.	LELIE, Amant de Celie.
GROS RENE', Valet de Lelie:	GROS RENE', Valet de Lélie:
SGANARELLE, Bourgeois de Pa11e, ce documaguaire.	SGANARELLE, Bourgeois de Pa11E, ce documaguaire.
VILLEBREQVIN, Pere de Valere.	VILEBREQUIN, Père de Valère.
LA SVIVANTE de Celie.	LA SVIVANTE de Celie.
VN PARENT de Sganarelle.	UN PARENT de Séganarelle.
La Scene eſt à Paris.	La Scène est à Paris.
A ij	À ij
Extraict de Priuilege du Roy.	Extrait de Privilège du Roi.
AR grace & Priuilege du Roy, donné à Paris Tle 26.	AR grâce et Privilège du Roi, donné à Paris Tle 26.
Iuillet 1660.	Juillet 1660.
ſigné, par le Roy en ſon Conſeil, LABORY:	signé, par le Roi en son Conseil, LABORY:
Il eſt permis au vieur de NeufVillenaine, de faire imprimer par tel Imprimeur & Libraire qu’il voudra, vne Comedie intitulée Sganar elle ou le Cocu Imaginaire, auec les Argumens ſur chaque Scene, pendant l’eſpace de cinq ans;	Il est permis au vieur de NeufVillenaine, de faire imprimer par tel Imprimeur et Libraire qu'il voudra, une Comédie intitulée Sganar elle ou le Cocu Imaginaire, avec les Arguments sur chaque Scène, pendant l'espace de cinq ans;
& deffenſes ſont faites à tous autres de l’imprimer ny vendre d’autre Edition que celle de I’Expoſant, à peine de quinze cens liures d’amende, de tous deſpens, dommages & intereſts, comme il eſt porté plus amplement par leſdites Lettres.	et défenses sont faites à tous autres de l'imprimer ni vendre d'autre Édition que celle de J'Exposant, à peine de quinze cens livres d'amende, de tous dépens, dommages et intérêts, comme il est porté plus amplement par lesdites Lettres.
Et ledit Sieur de Neuf-Villenaine a cedé ſon droict de Priuilege à Iean Ribou, Marchand à Paris, pour en joüyr ſuiuant l’accord fait entr’eux.	Et ledit Sieur de Neuf-Villenaine a cédé son droit de Privilège à Jean Ribou, Marchand à Paris, pour en joüyr suivant l'accord fait entr'eux.
Enregiſtre ſur le Liure de la Communanté, ſuiuan t'Arreſt aeta Cour.	Enregistre sur le Livre de la Communanté, suivan t'Arrêt ajéta Cour.
IOSSE, Syndic.	JOSSE, Syndic.
Acheué d’imprimer le 30.	Achevé d'imprimer le 30.
Septembre 1666.	Septembre 1666.
Les Exemplaires ont eſté fournis.	Les Exemplaires ont été fournis.
SGANARELLE LE COCV IMAGINAIRE.	SGANARELLE LE COCU IMAGINAIRE.
COMEDIE.	COMÉDIE.
SCENE PREMIERE.	SCÈNE PREMIÈRE.
GORGIBVS, CELIE, SA SVIVANTE.	GORGIBUS, CÉLIE, SA SVIVANTE.
GORGIBVS.	GORGIBUS.
Que marmottez vous la petite impertinente, Vous pretendez choquer ce que i’ay reſolu, Ie n’auray pas ſur vous vn pouuoir abſolu, Et par ſottes raiſons voſtre ieune ceruelle Voudroit regler icy la raiſon paternelle.	Que marmottez -vous la petite impertinente, Vous prétendez choquer ce que j'ai résolu, Je n'aurai pas sur vous un pouvoir absolu, Et par sottes raisons votre jeune cervelle Voudrait régler ici la raison paternelle.
Qui de nous deux à l’autre a droit de faire loy, A voſtre aduis, qui mieux, ou de vous, on de moy O ſotte, peut iuger ce qui vous eſt vtille !	Qui de nous deux à l'autre a droit de faire loi, À votre avis, qui mieux, ou de vous, on de moi Ô sotte, peut juger ce qui vous est utille !
Par la corbleu, gardez d’eſchauffer trop ma bille, Vous pouriez éprouuer ſans beaucoup de lõgueur Si mon bras ſçait encor mõtrer quelque vigueur, Voſtre plus court ſera Madame la mutine, D’accepter sãs façõs l’époux qu’on vous deſtine, I’ignore, dites-vous, de quelle humeur il eſt, Et dois auparauant conſulter s’il vous plaiſt.	Par la corbleu, gardez d'échauffer trop ma bille, Vous pourriez éprouver sans beaucoup de lõgueur Si mon bras sait encor montrer quelque vigueur, Votre plus court sera Madame la mutine, D'accepter sãs façõs l'époux qu'on vous destine, J'ignore, dites-vous, de quelle humeur il est, Et dois auparavant consulter s'il vous plaît.
Informé du grãd bien qui luy tombe en partage, Dois-je prendre le ſoin d’en ſçauoir dauantage, Et cét eſpoux ayant vingt mille bons Ducats, Pour eſtre aymé de vous doit-il manquer d’appas.	Informé du grand bien qui lui tombe en partage, Dois-je prendre le soin d'en savoir davantage, Et cet époux ayant vingt mille bons Ducats, Pour ç aymé de vous doit-il manquer d'appas.
Allez tel qu’il puiſſe eſtre auecque cette ſomme, Ie vous iuis caution qu'ieit tres nonente home.	Allez tel qu'il puisse être auecque cette somme, Je vous juis caution qu'ieit très non home.
Helas!	Hélas!
CELIE.	CELIE.
GORGIBVS.	GORGIBUS.
Et bien helas!	Et bien hélas!
que veut dire cecy, Voyez le bel,helas!	que veut dire ceci, Voyez le bel,hélas!
quelle nous donne icy.	quelle nous donne ici.
Hé!	Hé!
que ſi la colere vne fois me tranſporte, Ie vous feray chanter helas!	que si la colère homme me transporte, Je vous ferai chanter hélas!
de belle ſorte.	de belle sorte.
Voila, voila, le fruit de ces empreſſemens Qu’on vous voit nuit & iour à lire vos Romans, De colibets d’amour voſtre teſte eſt remplie, Et vous parlez de Dieu, bien moins que de Clelie.	Voilà, voilà, le fruit de ces empressements Qu'on vous voit nuit et jour à lire vos Romans, De colibets d'amour votre tête est remplie, Et vous parlez de Dieu, bien moins que de Clélie.
Iettez-moy dans le feu tous ces méchans écrits Qui gaſtent tous les iours tant de ieunes eſprits, Lilez-moy comme il faut au lieu de ces ſornettes Les quatrains de Pibrac, & les doctes tablettes Du Conſeiller Mathieu, ouurage de valeur Et plein de beaux dictons à reciter par cœur.	Jettez-moi dans le feu tous ces méchants écrits Qui gâtent tous les jours tant de jeunes esprits, Lilez-moi comme il faut au lieu de ces sornettes Les quatrains de Pibrac, et les doctes tablettes Du Conseiller Mathieu, ouvrage de valeur Et plein de beaux dictons à réciter par cœur.
La guide des pecheurs eſt encore vn bon liure;	La guide des pécheurs est encore un bon livre;
C’eſt là qu’en peu de tẽps on apprẽd à bien viure, Et ſi vous n’auez leu que ces Moralitez, Vous ſçauriez vn pea mieux ſuiure mes volontez.	C'est là qu'en peu de temps on apprends à bien vivre, Et si vous n'avez leu que ces Moralités, Vous sauriez un pea mieux suivre mes volontés.
CELIE.	CELIE.
Quoy vous pretẽdez donc mon pere, que i’oublie La conſtante amitié que ie dois à Lelie, Paurois tort iians vous ie diſpoſois de moy;	Quoi vous prétendez donc mon père, que j'oublie La constante amitié que ici dois à Lelie, Paurais tort jiants vous me disposais de moi;
Mais vous meſme à ſes vœux engageâtes ma foy,	Mais vous -même à ses vœux engageâtes ma foi,
ORGIBVS.	ORGIBUS.
Luy fut-elle engagée encore dauantage, Vn autre eſt ſuruenu dont le bien l’en dégage.	Lui fut-elle engagée encore davantage, Un autre est survenu dont le bien l'en dégage.
Lelie eſtfort bien fait;	Lélie estfort bien fait;
mais aprẽds qu’il n’eſt rien.	mais apprends qu'il n'est rien.
Qui ne doiue ceder au ſoin d’auoir du bien, Que l’or donne aux plus laids certain charme pour plaire, Et que ſans luy le reſte eſt vne triſte affaire.	Qui ne doive céder au soin d'avoir du bien, Que l'or donne aux plus laids certain charme pour plaire, Et que sans lui le reste est une triste affaire.
Valere, ie croy bien n’eſt pas de toy chery;	Valère, Seigneur crois bien n'est pas de toi chéri;
Mais s’il ne l’eſt amant, il le ſera mary Puiſque l’on ne le croit, ce nom d’eſpoux engage Et l’amour eſt ſouuent vn fruit du mariage.	Mais s'il ne l'est amant, il le sera mari Puisque l'on ne le croit, ce nom d'époux engage Et l'amour est souvent un fruit du mariage.
2 Mais ſuis ie pas bien fat de vouloir raiſonner, Ou de droit abſolu i’ay pouuoir d’ordonner, Treue donc ie vous prie à vos impertinences, Que ie n’entende plus vos ſottes doleances, Ce gendre doit venir vous vilitel ce loir, munquez vn peu, manquez, à le bien receuoir, Si ie ne vous luy vois faire fort bon viſage Ie vous.	2 Mais suis -même pas bien fat de vouloir raisonner, Ou de droit absolu j'ai pouvoir d'ordonner, Treve donc ie vous prie à vos impertinences, Que ie n'entende plus vos sottes doléances, Ce gendre doit venir vous vilitel ce loir, munquez un peu, manquez, à le bien recevoir, Si ie ne ou lui vois faire fort bon visage Je vous.
ie ne veux pas en dire dauantage.	aires ne veux pas en dire davantage.
SCENE II.	SCÈNE II.
CELIE, SA SVIVANTE.	CELIE, SA SUIVANTE.
LA SVIVANTE.	LA SVIVANTE.
Voy refuſer Madame, auec cette rigueur O Ce que tant d’autres gens voudroient de tout leur cœur, A iiij A des offres d’himen reſpondre par des larmes Et tarder tant à dire vn oüy ſi plein de charmes.	Vois refuser Madame, avec cette rigueur Ô Ce que tant d'autres gens voudraient de tout leur cœur, A iiij À des offres d'hymen répondre par des larmes Et tarder tant à dire un oui si plein de charmes.
Helas!	Hélas!
que ne veut-on auſſi me marier, Ce ne ſeroit pas moy qui ſe feroit prier, Et loings qu’vn pareil oüy me donna de la peine Croyez que i’en dirois bien viſte vne douzaine.	que ne veut-on aussi me marier, Ce ne serait pas moi qui se ferait prier, Et loings qu'un pareil oui me donna de la peine Croyez que j'en dirais bien vite une douzaine.
Le Precepteur qui fait repeter la leçon A voſtre ieune frere, a fort bonne raiſon, Lors que nous diſcourant des choſes de la terre, Il dit que la femelle eſt ainſi que le lierre, Qui croiſt beau tãt qu’à l’arbre il ſe tiẽt bien ſerré Et ne profite point s’il en eſt ſeparé.	Le Précepteur qui fait répéter la leçon A Fort jeune frère, a fort bonne raison, Lors que nous discourant des choses de la terre, Il dit que la femelle est ainsi que le lierre, Qui crois beau tãt qu'à l'arbre il se tiẽt bien serré Et ne profite point s'il en est séparé.
Il n’eſt riẽ de plus vray, ma tres-chere maiſtreſſe, Et ie l’eſprouue en moy chetiue pechereſſe.	Il n'est rien de plus vrai, ma très-chère maîtresse, Et personne l'éprouve en moi chétive pécheresse.
Le bon Dieu faſſe paix à mon pauure Martin, Mais i’auois, luy viuant le tein d’vn Cherubin, L’embonpoint merueilleux, l'œil guay, l’ame contente, Et ie ſuis maintenant ma commere dolente.	Le bon Dieu fasse paix à mon pauvre Martin, Mais j'avais, Seigneur vivant le tein d' Cherubin, L'embonpoint merveilleux, l'œil guai, l'âme contente, Et un suis maintenant ma commere dolente.
Pendant cét heureux temps, paſſé cõme vn eſclair, Ie me couchois ſans feu dans le fort de l’Hyuer, Seicher meſme les draps me ſembloit ridicule, Et ie tremble à preſent dedans la Canicule.	Pendant cet heureux temps, passé comme un éclair, Je me couchais sans feu dans le fort de l'Hiver, Sicher votre les draps me semblait ridicule, Et ainsi tremble à présent dedans la Canule.
Enfin il n’eſt rien tel, Madame, croyez moy, Que d’auoir vn mary la nuit auprés de ſoy, Ne ruſſe que pour l'heur d’auon qui vous ſaluë D’vn Dieu vous ſoit en aide alors qu’on eſternuë.	Enfin il n'est rien tel, Madame, croyez moi, Que d'avoir un mari la nuit auprès de soi, Ne russe que pour l'heur d'avon qui vous salue D'un Dieu vous soit en aide alors qu'on éternue.
CELIE.	CELIE.
Peux-tu me conſeiller de commettre vn forfait, D’abandonner Lelie, & prendre ce mal fait.	Peux-tu me conseiller de commettre un forfait, D'abandonner Lélie, et prendre ce mal fait.
LA SVIVANTE.	LA SVIVANTE.
Voſtre Lelie auſſi n’eſt ma foy qu’vne beſte, Puiſque ſi hors de temps ſon vovage l’arreſte, Et la grande longueur de ſon eſloignement Me le fait louoçonner de quelque changement.	Votre Lélie aussi n'est ma foi qu'une bête, Puisque si hors de temps son vovage l'arrête, Et la grande longueur de son éloignement Me le fait louoçonner de quelque changement.
CELIE.	CELIE.
Ah!	Ah!
ne m’accable point par ce triſte preſage, Luy montrant le portraict de Lelie.	ne m'accable point par ce triste présage, Lui montrant le portrait de Lelieu.
Vois attentiuement les traits de ce viſage, Ils iurent à mon cœur d’eternelles ardeurs, Ie veux croire apres tout qu’ils ne ſont pas menteurs, Et comme c’eſt celuy que l’art y repreſente Il conſerue à mes feux vne amitié conſtante.	Vois attentivement les traits de ce visage, Ils jurent à mon cœur d'éternelles ardeurs, Je veux croire après tout qu'ils ne sont pas menteurs, Et comme c'est celui que l'art y représente Il conserve à mes feux une amitié constante.
Il eſt vray que ces traits marquẽt vn digne amant, Et que vous auez lieu de l’aimer tendrement.	Il est vrai que ces traits marquẽt un digne amant, Et que vous avez lieu de l'aimer tendrement.
EETG.	ÉTG.
Et cependant il faut.	Et cependant il faut.
ah!	ah!
ſouſtiens-moy.	soutiens-moi.
Laiſſant tomber le portraict de Lelie.	Laissant tomber le portrait de Lelie.
LA SVIVANTE.	LA SVIVANTE.
Madame, mrou vous pourront venir.	Madame, mrou vous pourront venir.
an.	an.
bon Djeux elle Hé!	bon Déjeux elle Hé!
viſte, hola, quelqu’vn.	vite, holà, quelqu'amour.
paſme	pâme
SCENE III.	SCÈNE III.
CELIE, LA SVIVANTE, SGANARELLE.	CELIE, LA SVIVANTE, SGANARELLE.
LA SVIVANTE.	LA SVIVANTE.
Ma maiſtreſſe ſe meurt.	Ma maîtresse se meurt.
A v	À v
SGANARELLE.	SGANARELLE.
Quoy ce n’eſt que cela, Ie croyois tout perdu de crier de la ſorte;	Quoi ce n'est que cela, Je croyais tout perdu de crier de la sorte;
Mais approchons pourtant.	Mais approchons pourtant.
Madame eſtes-vous nidlies hays, elle ne dit mot.	Madame êtes-vous nidélies hais, elle ne dit mot.
LA SVIVANTE.	LA SVIVANTE.
Ie vais faire venir Quelqu’vn pour l’emporter, vueillez la ſouſtenir.	Je vais faire venir Quelqu'un pour l'emporter, veuillez la soutenir.
SCENE IV.	SCÈNE IV.
CELIE, SGANARELLE, SA FEMME.	CELIE, SGANARELLE, SA FEMME.
SGANARELLE, En luy paſſant la main ſur le ſein.	SGANARELLE, En lui passant la main sur le sein.
Lle eſt froide par tout & ie ne ſçais qu’en dire T'Approchons-nous pour voir ſi ſa bouche reſpire.	Lle est froide par tout et ie ne sais qu'en dire T'Approchons-nous pour voir si sa bouche respire.
Ma foy ie ne ſçay pas;	Ma foi ici ne sais pas;
mais i’y trouue encor moy Quelque ſigne de vie.	mais j'y trouve encor moi Quelque signe de vie.
LA FEMME de Sganarelle regardant par la feneſtre.	LA FEMME de Séganarelle regardant par la fenêtre.
Ah!	Ah!
qu’eſt-ce que ie oy, Mon mary dans ſes bras.	qu'est-ce que ie cy, Mon mari dans ses bras.
mais ie m’en vais deſcendre, Il me trahit ſans doute, & ie veux le ſurprendre,	mais ici m'en vais descendre, Il me trahit sans doute, et tu veux le surprendre,
SGANARELLE.	SGANARELLE.
Il faut ſe dépeſcher de l’aller ſecourir, Certes elle auroit tort de ſe laiſſer mourir, Aller en l’autre monde eſt tres grande ſottiſe Tant que dans celuy-cy l’on peut eſtre de miſe.	Il faut se dépêcher de l'aller secourir, Certes elle aurait tort de se laisser mourir, Aller en l'autre monde est très grande sottise Tant que dans celui-cy l'on peut avoir de mise.
Il l’emporte auec vn homme que la ſuiuante ameine.	Il l'emporte toujours un homme que la suivante âme.
SCENEV.	SCENEU.
LA FEMME DE SGANARELLE ſeule.	LA FEMME DE SGANARELLE seule.
L s’eſt ſubitement eſloigné de ces lieux, I Et ſa fuite a trompé mon deſir curieux, Mais de ſa trahiſon ie ne fais plus de doute, Et le peu que i’ay veu me la deſcouure toute.	 L'est subitement éloigné de ces lieux, I Et sa fuite a trompé mon désir curieux, Mais de sa trahison ici ne fais plus de doute, Et le peu que j'ai vu me la découvre toute.
Ie ne m’eſtonne plus de l’eſtrange froideur Dont ie le vois reſpondre à ma pudique ardeur, Il reſerue l’ingrat ſes careſſes à d’autres, Et nourit leurs plaiſirs par le ieune des noſtres.	Je ne m'étonne plus de l'étrange froideur Dont ie le vois répondre à ma pudique ardeur, Il réserve l'ingrat ses caresses à d'autres, Et nourit leurs plaisirs par le jeune des nôtres.
Voila de nos maris, le procedé commun, Ce qui leur eſt permis, leur deuient importun, Dans les cõmencemens ſe ſont toutes merueilles Ils témoignẽt pour nous des ardeurs nõpareilles, Mais les traiſtres bien-toſt ſe laſſent de nos feux, Et portent autre-patt ce qu’ils doiuent chez eux.	Voilà de nos maris, le procédé commun, Ce qui leur est permis, leur devient importun, Dans les cõmencemens se sont toutes merveilles Ils témoignent pour nous des ardeurs nõpareilles, Mais les traîtres bientôt se lassent de nos feux, Et portent autre-patt ce qu'ils doivent chez eux.
Ah!	Ah!
que i'ay de deſpit, que la loy n’authoriſe A changer de mary comme on fait de chemiſe:	que j'ai dé dépit, que la loi n'autorise A changer de mari comme on fait de chemise:
Cela ſeroit commode, & i’en ſçay tel icy Qui comme moy ma foy le voudroit bien auſſi, En ramaſſant le portraict que Celie auoit laiſſétõber.	Cela serait commode, et j'en sais tel ici Qui comme m a foi le voudrait bien aussi, En ramassant le portrait que Celie avait laissétõber.
Mais quel eſt ce bijou que le ſort me preſente, L'aimailen eſt fort beau, la graueüre charmante, Quurons.	Mais quel est ce bijou que le sort me présente, L'aimailen est fort beau, la graveure charmante, Quurons.
SCENE VI.	SCÈNE VI.
SGANARELLE, ET SA FEMME.	SGANARELLE, ET SA FEMME.
SGANARELLE.	SGANARELLE.
UN la croyoit morte & ce n’eſtoit rieu.	UN la croyait morte et ce n'était rieu.
Il n’en faut plus qu’autant, elle ſe porte bien.	Il n'en faut plus qu'autant, elle se porte bien.
Mais i’aperçois ma femme.	Mais j'aperçois ma femme.
SGANARELLE à part & regardant ſur L'Upante ue ja femme.	SGANARELLE à part et regardant sur L'Upante ue ja femme.
Que conſidere t’elle auec attention, Ce portraict mon hõneur ne nous dit rien de bon, D’vn fort vilain ſoubçon ie me ſens l’ame eſmeuë.	Que considère -t-elle avec attention, Ce portrait mon honneur ne nous dit rien de bon, D'un fort vilain soubçon ie me sens l'âme émue.
SA FEMME Sans l’apperceuoir continuë Iamais tien de plus beau ne s’offrit à ma veuë.	SA FEMME Sans l'apercevoir continue Jamais tien de plus beau ne s'offrit à ma vue.
Le traran plus queror sen doit encor piiler.	Le traran plus quéror sen doit encor piiler.
Hon que cela ſent bon.	Hon que cela sent bon.
SGANARELLE à part.	SGANARELLE à part.
Ah!	Ah!
i’en tiens.	j'en tiens.
Quoy peſte le baiſer.	Quoi peste le baiser.
SA FEMME tourſuit.	SA FEMME toursuit.
Auoüons qu’on doit eſtre rauie Quand d’vn hõme ainſi fait on ſe peut voir ſeruie, Et qus Et que s’il en contoit auec attention, Le penchant ſeroit grand à la tentation.	Auoüons qu'on doit être ravie Quand d'un homme ainsi fait on se peut voir servie, Et qu Et que 'il en contait a attention, Le penchant serait grand à la tentation.
Ah!	Ah!
que n’ay-ie vn mary d’vne auſſi bonne mine, Au lieu de mon pelé, de mon ruſtre.	que n'ai-je un mari d'une aussi bonne mine, Au lieu de mon pelé, de mon rustre.
SGANARELLE luy ar achant le portraict.	SGANARELLE était ar achant le portrait.
Ah!	Ah!
matine, Nous vous y ſurprenons en faute contre nous, En diffamant l’honneur de voſtre cher eſpoux:	matine, Nous vous y surprenons en faute contre nous, En diffamant l'honneur de votre cher époux:
Donc à voſtre calcul, ô ma trop digne ſemme !	Donc à votre calcul, ô ma trop digne semme !
Mõſieur, tout bien cõté, ne vaut pas biẽ Madame, Et de par Belzebut qui vous puiſſe emporter Quel plus rare party pourriez-vous ſouhaitter:	Monssieur, tout bien compté, ne vaut pas bien Madame, Et de par Belzebut qui vous puisse emporter Quel plus rare parti pourriez-vous souhaiter:
Peut-on trouuer en moy quelque choſe à redire, Cette taille, ce port, que tout le monde admire, Ce viſage ſi propre à donner de l’amour, Pour qui mille beautez ſoûpirent nuit & iour;	Peut-on trouver en moi quelque chose à redire, Cette taille, ce port, que tout le monde admire, Ce visage si propre à donner de l'amour, Pour qui mille beautés soupirent nuit et jour;
Bref en tout & par tout ma perſonne charmante, N'eſt dõc pas vn morceau dõt vous ſoyez cõtente:	Bref en tout et par tout ma personne charmante, N'est dõc pas un morceau dont vous soyez consente:
Et pour raſſaſier voſtre appetit gourmand, Ilaut a ton maiylelescana vn guana.	Et pour rassasier votre appétit gourmand, Ilaut a ton maiylelescana un guana.
SA FEMME.	SA FEMME.
I’entends à demy mot où va la raillerie, Tu crois par ce moyen.	J'entends à demi mot où va la raillerie, Tu crois par ce moyen.
SGANARELLE.	SGANARELLE.
1 A d’autres ie vous prie, La choſe eſt auerée, & ie tiens dans mes mains Vn bon certificat du mal dont ie me plains.	1 À d'autres Dieux vous prie, La chose est auerée, et personne tiens dans mes mains Un bon certificat du mal dont votre me plains.
SA TEMME.	SA TEMME.
Mon courtoux n’a deſia que trop de violence, Sans le charger encor d’vne nouuelle offence;	Mon courtoux n'a déjà que trop de violence, Sans le charger encor d'une nouvelle offense;
Eſcoute ne crois pas retenir mon bijou, Et ſonge vn peu.	Écoute ne crois pas retenir mon bijou, Et songe un peu.
SGANARELLE.	SGANARELLE.
Ie ſonge à te romore le cou.	Je songe à te romore le cou.
Que ne puis-ie auſſi bien que ie tiens la coppie Tenir l’original.	Que ne puis-je aussi bien que . Tiens la coppie Tenir l'original.
SA FEMME.	SA FEMME.
Pourquoy ?	Pourquoi ?
SGANARELLE.	SGANARELLE.
Pour rien mamie, Doux objet de mes vœux l’ay grana tort de crier, Et mon front de vos dons vous doit remercier.	Pour rien mamie, Doux objet de mes vœux l'ai grana tort de crier, Et mon front de vos dons vous doit remercier.
Regardant le portraict de Lelie.	Regardant le portrait de Lélie.
Le voila le beau fils, le mignon de couchette, Le malheureux tiſon de ta flame ſecrette, Le diole aute iequer.	Le voilà le beau fils, le mignon de couchette, Le malheureux tison de ta flamme secrète, Le diole aute llquer.
*	*
SA FEMME.	SA FEMME.
Auec fequer, pourſuiuis?	Avec féquer, poursuivis?
SGANARELLE.	SGANARELLE.
Auec lequel te dis-ie.	Avec lequel te dis-je.
& i’en creue d’ennuis.	et j'en crève d'ennuis.
SA FEMME.	SA FEMME.
Que me veux donc par là conter ce maiſtre yuro	Que me veux donc par là conter ce maître yuro
SGANARELLE.	SGANARELLE.
gne.	gne.
Tu ne m’entends que trop Madame la carogne;	Tu ne m'entends que trop Madame la carogne;
Sganarelle eſt vn nom qu’on ne me dira plus, Et l’on va m’appeller Seigneur Corneillius:	Séganarelle est un nom qu'on ne me dira plus, Et l'on va m'appeler Seigneur Corneillius:
I’en ſuis pour mon honneur;	J'en suis pour mon honneur;
mais à toy qui me l'oſtes, tet citray du moins pour vn bras ou deux coſtes.	mais à toi qui me l'ôtes, toi citrai du moins pour un bras ou deux côtes.
SA FEMME.	SA FEMME.
Et tu m’oles tenn de fenibrables diicours.	Et tu m'oles tenn de fenibrables diicours.
SGANARELLE.	SGANARELLE.
Et tu m’oſes ioüer de ces diables de tours.	Et tu m'oses ioüer de ces diables de tours.
SA FEMME.	SA FEMME.
2 Et quels diables de tours, parles donc ſans rien	2 Et quels diables de tours, parles donc sans rien
SGANARELLE.	SGANARELLE.
feindre?	feindre?
Ah!	Ah!
cela ne vaut pas la peine de ſe plaindre, D’vn panache de Cerf ſur le front me pouruoir, Helas !	cela ne vaut pas la peine de se plaindre, D'un panache de Cerf sur le front me pourvoir, Hélas !
voila vrayment vn beau venez-y voir.	voilà vraiment un beau venez-y voir.
SA FEMME.	SA FEMME.
Donc apres m’auoir fait la plus ſenſible offence Qui puiſſe d’vne femme exciter la vengeance, Tu prends d’vn feint couroux le vain amuſement, Pour preuenir l’effect de mon reſſentiment :	Donc après m'avoir fait la plus sensible offense Qui puisse d'une femme exciter la vengeance, Tu prends d'un feint courroux le vain amusement, Pour prévenir l'effet de mon ressentiment :
Dvn pareil procedc i’imolence eſt houuelle, Celuy qui fait l’offence eſt celuy qui querelle.	Dune pareil procedc j'imolence est houvelle, Celui qui fait l'offense est celui qui querelle.
SGANARELLE.	SGANARELLE.
Eh!	Eh!
la bonne effrontée, à voir ce fier maintien Ne la croiroit-on pas vne femme de bien.	la bonne effrontée, à voir ce fier maintien Ne la croirait-on pas une femme de bien.
SA FEMME.	SA FEMME.
Va, pourſuis ton chemin, cajolle tes maiſtreſſes, nudrene leurs tes vœux & rais leurs des careſſes;	Va, poursuis ton chemin, cajolle tes maîtresses, nudrène leurs tes vœux et rais leurs des caresses;
Elle luy arrache le portraict & s’enfuit.	Elle avait arrache le portrait et s'enfuit.
Mais rẽds moy mõ portraict ſans te joüer de moy.	Mais rends moi mon portrait sans te jouer de moi.
SGANARELLE courant apres elle.	SGANARELLE courant après elle.
Ouy, iu erois frerenapper, le Pauray malgré toy.	Oui, ju erais frerenapper, le Paurai malgré toi.
CENE VII.	CÈNE VII.
LELIE, GROSRENE’.	LELIE, GROSRENE.
GROSRENE'.	GROSRENE.
Nfin nous y voicy;	Nfin nous y voici;
mais Monſieur, ſi ie l'oſeL Ie voudrois vous prier de me dire vne choſe.	mais Monsieur, si grande l'oseL Je voudrais vous prier de me dire une chose.
Hé bien, parle?	Hé bien, parle?
LELIE.	LELIE.
GROSRENE'.	GROSRENE.
Auez-vous le diable dans le corps Pour ne pas ſuccomber à de pareils efforts, Depuis huit iours entiers auec vos longues traites Nous ſommes à picquer de chiennes de mazettes, De qui le train maudit nous a tant ſecoüez, Que ie m’en ſens pour moy tous les mẽbres roüez, Sans preiudice encor d’vn accident bien pire, Qui m’afflige vn endroit que ie ne veux pas dire, Cependant arriué vous ſortez bien & beau Sans prendre de repos, ny manger vn morceau.	Avez-vous le diable dans le corps Pour ne pas succomber à de pareils efforts, Depuis huit jours entiers avec vos longues traites Nous sommes à piquer de chiennes de mazettes, De qui le train maudit nous a tant secouez, Que ie ain si pour moi tous les menses roüez, Sans priudice encor d'un accident bien pire, Qui m'afflige un endroit que je ne veux pas dire, Cependant arrivé vous sortez bien et beau Sans prendre de repos, ni manger un morceau.
Ce grand empreſſemẽt n’eſt point digne de blâme De l’himen de Celie, on allarme mon ame;	Ce grand empressemment n'est point digne de blâme De l'hymen de Célie, on alarme mon âme;
Tu ſçais que ie l’adore, & ie veux eſtre iuſtruit Auant tout autre ſoin de ce funeſte bruit.	Tu sais que personne l'adore, et et veux estre justruit Avant tout autre soin de ce funeste bruit.
GROSRENE'.	GROSRENE.
Ouy;	Oui;
mais vn bon repas vous ſeroit neceſlaire Pour s’aller eſclaircir, Monſieur, de cette affaire, Et voſtre cœur ſans doute en deuiendroit plus fort Pour pouuoir reſiſter aux attaques du ſort.	mais un bon repas vous serait neceslaire Pour s'aller éclaircir, Monsieur, de cette affaire, Et votre cœur sans doute en deviendrait plus fort Pour pouvoir résister aux attaques du sort.
I’en iuge par moy meſme, & la moindre diſgrace Lors que ie ſuis à ieun, me ſaiſiſt, me terrace;	J'en juge par moi -même, et la moindre disgrâce Lors que je suis à jeun, me saisît, me terrace;
Mais quand i’ay bien mangé, mon ame éſt ferme à tout, Et les plus grãds reuers n’en viẽdroiẽt pas à bout.	Mais quand j'ai bien mangé, mon âme ést ferme à tout, Et les plus grands revers n'en viendraient pas à bout.
Croyez moy, bourez vous & ſans reſerue aucune, Contre les coups que peut vous porter la fortune, Et pour fermer chez vous l’entrée à la douleur, De vingt verres de vin entourez voſtre cœur.	Croyez moi, bourez -vous et sans réserve aucune, Contre les coups que peut vous porter la fortune, Et pour fermer chez vous l'entrée à la douleur, De vingt verres de vin entourez votre cœur.
LELIE.	LELIE.
Ie ne ſçaurois manger.	Je ne saurais manger.
GROSRENE’ à part ce demy vers.	GROSRENE' à part ce demi vers.
Si feray bien moy, ie meure.	Si ferai bien moi, Seigneur meure.
Voſtre diſné pourtant ſeroit preſt tout all’heure.	Votre dîné pourtant serait prêt tout alleure.
LELIE.	LELIE.
Tay toy, ie te l'ordonne.	Tais -toi, Seigneur te l'ordonne.
GROSRENE'.	GROSRENE.
Ah!	Ah!
quel ordre inhumain.	quel ordre inhumain.
LELIE.	LELIE.
I’ay de l’inquietude & non pas de la faim.	J'ai de l'inquiétude et non pas de la faim.
GROSRENE’.	GROSRENE.
Et moy i’ay de la faim, & de l’inquietude De voir qu’vn ſot amour fait toute voſtre eſtude.	Et moi j'ai de la faim, et de l'inquiétude De voir qu'un sot amour fait toute votre étude.
Larle-moy m’informer de l’objet dé mes vœux, Et ſans m’importuner, va manger ſi tu veux.	Larle-moi m'informer de l'objet de mes vœux, Et sans m'importuner, va manger si tu veux.
GROSRENE’.	GROSRENE.
Ie ne replique point à ce qu’vn Maiſtre ordonne.	Je ne replique point à ce qu'un Maître ordonne.
SCENE VIII.	SCÈNE VIII.
LELIE ſeul.	LELIE seul.
On non, a trop de peur mon ame s’abanYY donne, Le pere m’a promis & la fille a fait voir Des preuues d'vil amiour qui louitiet mon eſpoir.	On non, a trop de peur mon âme s'abanY donne, Le père m'a promis et la fille a fait voir Des preuves d'une amiour qui louitiét mon espoir.
SCENE IX.	SCÈNE IX.
SGANARELLE, LELIE.	SGANARELLE, LELIE.
SGANARELLE.	SGANARELLE.
Ous l’auons, & ie puis voir à l’aiſe la trogne N Du malheureux pendart qui cauſe ma verB iij gogne.	Ous l'avons, et ainsi puis voir à l'aise la trogne N Du malheureux pendard qui cause ma verB iij ougne.
Il ne m’eſt point connu.	Il ne m'est point connu.
LELIE à part.	LELIE à part.
Dieux!	Dieux!
qu’apperçoy-ie icy, Et ſi c’eſt mon portraict, que dois-ſe croire auſſi,	qu'aperçois-je ici, Et si c'est mon portrait, que dois-se croire aussi,
SGANARELLE continuë.	SGANARELLE continue.
Ah!	Ah!
pauure Sganarelle, a qu’elle deſtinée Ta reputation eſt-elle condamnée, Apperceuant Lelie qui le regarde, il ſe retourne d’vn autre coſté.	pauvre Sganarelle, a qu'elle destinée Ta réputation est-elle condamnée, Apercevant Lelie qui le regarde, il se retourne d'un autre côté.
Faut.	Faut.
LELIE d pair.	LELIE d air.
Ce gage ne peut ſans allarmer ma foy, Eſtre ſortiſt des mains qui le tenoit de moy.	Ce gage ne peut sans alarmer ma foi, Être sortît des mains qui le tenait de moi.
SGANARELLE.	SGANARELLE.
Faut-il que deſormais à deux doigts l’on te mõtre, & oite metteen chanſons, & qu’en toute rencontre, On te reſette au nez le Icanldaieux antone Qu'vne femme mal née imprime ſur ton front.	Faut-il que désormais à deux doigts l'on te montre, et oite metteen chansons, et qu'en toute rencontre, On te résette au nez le Icanldaieux antone Qu'une femme mal née imprime sur ton front.
LELIE à part.	LELIE à part.
Me trompay-ie.	Me trompé-je.
SGANARELLE.	SGANARELLE.
Ah!	Ah!
truande, as- tu bien le courage De m’auoir fait cocu dans la fleur de mon aage, Et femme d’vn mary qui peut paſſer pour beau, Faut-il qu’vn Marmoulet, vn maudit Eitourneau.	truande, as- tu bien le courage De m'avoir fait cocu dans la fleur de mon âge, Et femme d'un mari qui peut passer pour beau, Faut-il qu'un Marmoulet, un maudit Éitourneau.
LELIE à part & regardant encore ſon portraict.	LELIE à part et regardant encore son portrait.
Ie ne m’abuſe point, c’eſt mon portraict luymeſme.	Je ne m'abuse point, c'est mon portrait luymesme.
SGANARELLE luy retourne le dos.	SGANARELLE était retourne le dos.
Cét homme eſt curieux.	Cet homme est curieux.
LELIE à part.	LELIE à part.
Ma ſurpriſe eſt extreſme.	Ma surprise est extrême.
SGANARELLE.	SGANARELLE.
A qui donc en a t’il	À qui donc en a -t-il
haut.	haut.
LELIE à part.	LELIE à part.
le le veux accoſter.	le le veux accoster.
Puis-ie.	Puis-je.
hé!	hé!
de grace vn mot.	de grâce un mot.
SGANARELLE te fuit encore.	SGANARELLE te fuit encore.
Que me veut-il conter.	Que me veut-il conter.
LELIE.	LELIE.
Puis-ie obtenir de vous, de ſçauoir l’auanture, Qui fait dedans vos mains trouuer cette peinture.	Puis-je obtenir de vous, de savoir l'aventure, Qui fait dedans vos mains trouver cette peinture.
SGANARELLE à part, & examinant le portraict qu’il tient & Lelie.	SGANARELLE à part, et examinant le portrait qu'il tient et Lelieu.
D’où luy vient ce deſir;	D'où lui vient ce désir;
mais ie m’auiſe icy.	mais ici m'avise ici.
Ah!	Ah!
ma foy me voila de ſon trouble eſclaircy, Sa ſurpriſe à preſent n’eſtonne plus mon âme, C’eſt mon homme, ou plutoſt c’eſt celuy de ma femme.	ma foi me voilà de son trouble éclairci, Sa surprise à présent n'étonne plus mon âme, C'est mon homme, ou plutôt c'est celui de ma femme.
LELIE.	LELIE.
Retirez-moy de peine & dites d’où vous vient,.	Retirez-moi de peine et dites d'où vous vient,.
SGANARELLE Nous ſçauons Dieu mercy le ſoucy qui vous tiẽt, Ce portrait qui vous faſche eſt voſtre reſſẽblance, Il eſtoit en des mains de voſtre connoiſſance, Et ce n’eſt pas vn faict qui ſoit ſecret pour nous Que les douces ardeurs de la Dame & de vous :	SGANARELLE Nous sçauons Dieu merci le souci qui vous tiẽt, Ce portrait qui vous fâche est votre ressẽblance, Il était en des mains de votre connaissance, Et ce n'est pas un fait qui soit secret pour nous Que les douces ardeurs de la Dame et de vous :
Je ne ſçay pas ſi i ay dans ſa galanterie L’honneur d’eſtre connu de voſtre ſeigneurie, Mais faites moy celuy de ceſſer deſormais Vn amour qu’vn mary peut trouuer fort mauuais, Et ſongez que les nœuds du ſacré mariage.	Je ne sais pas si j' ai dans sa galanterie L'honneur d'être connu de votre seigneurie, Mais faites moi celui de cesser désormais Un amour qu'un mari peut trouver fort mauvais, Et songez que les nœuds du sacré mariage.
LELIE.	LELIE.
Quoy, celle dites-vous dont vous tenez ce gage.	Quoi, celle dites-vous dont vous tenez ce gage.
B iiij	 Bijà
SGANARELLE.	SGANARELLE.
Eſt ma femme, & ie ſuis ſon mary.	Est ma femme, et ie suis son mari.
LELIE.	LELIE.
Son mary.	Son mari.
SGANARELLE.	SGANARELLE.
Ouy, ſon mary, vous dis-je, & mary tres marry, Vous en ſçauez la cauſe & ie m’en vais l’apprẽdre Sur l’heure à ſes parens.	Oui, son mari, vous dis-je, et mari très marri, Vous en savez la cause et quelque m'en vais l'apprendre Sur l'heure à ses parents.
SCENE X.	SCÈNE X.
LELIE ſeule.	LELIE seule.
AH!	AH!
que vien-ie d’entendre.	que viens-je d'entendre.
L’on me l’auoit bien dit, & que c’eſtoit de tous L’hõme le plus mal fait qu’elle auoit pour époux.	L'on me l'avait bien dit, et que c'était de tous L'homme le plus mal fait qu'elle avait pour époux.
Ah!	Ah!
quand mille ſermens de ta bouche infidelle Ne m’auroient pas promis vne flame eternelle, Le ſeul mépris d’vn choix ſi bas & ſi honteux Deuoit bien ſoûtenir l’intereſt de mes feux Ingrate, & quelque bien.	quand mille serments de ta bouche infidèle Ne m'auraient pas promis une flamme éternelle, Le seul mépris d'un choix si bas et si honteux Deuait bien soutenir l'intérêt de mes feux Ingrate, et quelque bien.
mais ce ſenſible outrage Se meſlant aua tiauaur d'ri aſſez long voyage, Me donne tout à coup vn choc ſi violent, Que mon cœur deuient foible & mon corps chancelant.	mais ce sensible outrage Se mêlant aua tiavaur d'ri assez long voyage, Me donne tout à coup un choc si violent, Que mon cœur devient faible et mon corps chancelant.
t && 4&& 10	t et 4etet 10
SCENE XI.	SCÈNE XI.
LELIE, LA FEMME DE SGANARELLE.	LELIE, LA FEMME DE SGANARELLE.
LA FEMME de Sganarelle ſe tournant vers Lelie.	LA FEMME de Séganarelle se tournant vers Lelie.
Aigre nioy mon pernde.	Aigre nioi mon pernde.
helas!	hélas!
quel M malvous preſſe, Ie vous vois pteſt Monſieur à tomber en foibleſſe.	quel M malvous presse, Je vous vois ptest Monsieur à tomber en faiblesse.
LELIE.	LELIE.
C’eſt vn mal qui m’a pris aſſez ſubitement.	C'est un mal qui m'a pris assez subitement.
LA FEMME de Sganarelle.	LA FEMME de Séganarelle.
Ie crains icy pour vous l’éuanoüiſſement, Entrez dans cette lalle en attendant qu’il paſſe.	Je crains ici pour vous l'évanouissement, Entrez dans cette lalle en attendant qu'il passe.
LELIE.	LELIE.
Pour vn moment ou deux, i’accepte cette grace.	Pour un moment ou deux, j'accepte cette grâce.
CENE XII.	CÈNE XII.
SGANARELLE ET LE PARENT DE SA FEMME.	SGANARELLE ET LE PARENT DE SA FEMME.
LE PARENT.	LE PARENT.
Vn mary ſur ce point i’approuue le ſoucy DMais c’eſt prendre la chevre vn peu bien viſte auſſi, Et tout ce que de vous ie viens d’oüir contre elle, Ne conclut point parent, qu’elle ſoit criminelle:	Un mari sur ce point j'approuve le souci DMais c'est prendre la chèvre un peu bien vite aussi, Et tout ce que de vous sans viens d'ouïr contre elle, Ne conclut point parent, qu'elle soit criminelle:
C’eſt vn point delicat & de pareils forfaits, Sans les bien auerer ne s’imputent iamais.	C'est un point délicat et de pareils forfaits, Sans les bien avérer ne s'imputent jamais.
SGANARELLE.	SGANARELLE.
C’eſt à dire qu’il faut toucher au doigt la choſe.	C'est -à -dire qu'il faut toucher au doigt la chose.
LE PARENT.	LE PARENT.
Le trop de promptitude à l’erreur nous expoſe.	Le trop de promptitude à l'erreur nous expose.
Qui ſçait cõme en ſes mains ce portraict eſt venu, Et ſi l’homme apres tout luy peut eſtre connu.	Qui sçait comme en ses mains ce portrait est venu, Et si l'homme après tout lui peut être connu.
Amtomien toug en done, cene ent et qu'un penſe, Nous ſerons les premiers à punir ſon offence.	Amtomien toug en donce, cène ent et qu'un pense, Nous serons les premiers à punir son offense.
SCENE XIII.	SCÈNE XIII.
SGANARELLE ſeul.	SGANARELLE seul.
SGANARELLE.	SGANARELLE.
N ne peut pas mieux dire, en effect, il eſt D bon D'aller tout doucement.	N ne peut pas mieux dire, en effet, il est D bon D'aller tout doucement.
Peut-eſtre ſans raiſon Me ſuis ie en teſte mis ces viſions cornuës, Et les ſueurs au front, m’en ſont trop toſt venuës.	Peut-être sans raison Me suis -tu en tête mis ces visions cornues, Et les sueurs au front, m'en sont trop tôt venues.
Par ce portraict enfin dont ie ſuis allarmé, Mon des-honneur n’eſt pas tout à fait confirmé, Taſchons donc par nos ſoins.	Par ce portrait enfin dont votre suis alarmé, Mon des-honneur n'est pas tout à fait confirmé, Tâchons donc par nos soins.
SCENE XIV.	SCÈNE XIV.
SGANARELLE, SAFEMME, LELIE ſur la porte de Sganarelle, en parlant à ſa femme.	SGANARELLE, SAFEMME, LELIE sur la porte de Séganarelle, en parlant à sa femme.
SGANARELLE pourſuit.	SGANARELLE poursuit.
H!	H!
que vois-ie meure, Il n’eſt plus queſtion de portraict à cette heure, Voicy ma foy la choſe en propre original.	que vois-je meure, Il n'est plus question de portrait à cette heure, Voici ma foi la chose en propre original.
LA FEMME.	LA FEMME.
de Sganarelle à Lelie.	de Séganarelle à Lélie.
C'eſt par trop vous haſter Monſieur, & voſtre mal Si vous ſortez ſi-toſt poura bien vous reprendre.	C'est par trop vous hâter Monsieur, et votre mal Si vous sortez si-tôt pourra bien vous reprendre.
CLLIE.	CLLIE.
Non non, ie vous rends grace autant qu’on puiſſe rendre, De l’obligeant ſecours que vous m’auez preſté.	Non non, je vous rends grâce autant qu'on puisse rendre, De l'obligeant secours que vous m'avez prêté.
SGANARELLE à part.	SGANARELLE à part.
La maſque encore apres luy fait ciuilité.	La masque encore après avoir fait civilité.
CENE XV.	CÈNE XV.
SGANARELLE, LELIE.	SGANARELLE, LELIE.
SGANARELLE à part.	SGANARELLE à part.
IL m’apperçoit, voyons ce qu’il me pourra dire.	IL m'aperçoit, voyons ce qu'il me pourra dire.
à part.	à part.
LELIE.	LELIE.
Ah!	Ah!
mon ame s’eſmeut & cét object m'inſpire.	mon âme s'émut et cet object m'inspire.
Mais ie dois condamner cét injuſte tranſport, Et n’imputer mes maux qu’aux rigueurs de mon ſort.	Mais ici dois condamner cet injuste transport, Et n'imputer mes maux qu'aux rigueurs de mon sort.
Enuions ſeuſenient ie bonvneur de la hame.	Enuions seuenient ici bonvneur de la hame.
O!	Ô!
trop heureux d’auoir vne ſi belle femme.	trop heureux d'avoir une si belle femme.
Paſſant aupres de luy & le regardant.	Passant auprès de jours et le regardant.
SCENE XVI.	SCÈNE XVI.
SGANARELLE, CELIE.	SGANARELLE, CÉLIE.
regardant aller Lelis.	regardant aller Lélis.
SGANARELLE ſans voir Celie.	SGANARELLE sans voir Celie.
E n’eſt point s’expliquer en terme ambigus &Cét eſtrange propos me rend auſn confus Que s’il m’eſtoit venu des cornes à la teſte.	E n'est point s'expliquer en terme ambigus etCét étrange propos me rend auxîn confus Que s'il m'était venu des cornes à la tête.
Aliez, ce procedé n’eſt point du tout honneſte.	Aliez, ce procédé n'est point du tout honnête.
Il ſetourne du coſté que belie s’en vient d’en aller.	Il setourne du côté que belie s'en vient d'en aller.
CELIE à part Quoy, Lelie a parû tout à l’heure à mes yeux, Qui pourroit me cacher ſon retour en ces lieux.	CELIE à part Quoi, Lelie a paru tout à l'heure à mes yeux, Qui pourrait me cacher son retour en ces lieux.
SGANARELLE vaurſuit.	SGANARELLE vaursuit.
O!	Ô!
trop heureux, d’auoir vne ſi belle femme, Malheureux bien plutoſt de l’auoir cette infame, Dont le coupable feu trop bien verifié, Sans teſpect ny demy tous a cocufié;	trop heureux, d'avoir une si belle femme, Malheureux bien plutôt de l'avoir cette infâme, Dont le coupable feu trop bien vérifié, Sans tespect quelque demi tous a cocufié;
Celie approche peu à peu Mais ie le laiſſe aller apres vn tel indice.	Celie approche peu à peu Mais je le laisse aller après un tel indice.
Et demeure les bras croiſez comme vn Iocrice, Ah!	Et demeure les bras croissez comme un Jocrice, Ah!
ie deuois du moins luy jetter ſon chapeau, Luy rüer quelque pierre, ou crotter ſon manteau.	Ce devais du moins vertu jeter son chapeau, Lui ruer quelque pierre, ou crotter son manteau.
Et ſur luy hautement pour contenter ma rage Faire au larron d’honneur crier le voiſinage.	Et sur grands hautement pour contenter ma rage Faire au larron d'honneur crier le voisinage.
de tay;	de tai;
Qruiiem que jois transpont jou finy pour luy parler.	Qruiiem que jois transpont jou fini pour lui parler.
CELIE.	CELIE.
Celuy qui maintenant deuers vous eſt venu Et qui vous a parlé, d’où vous eſt-il connu?	Celui qui maintenant devers vous est venu Et qui vous a parlé, d'où vous est-il connu?
SGANAREEEL.	SGANAREEEL.
Helas!	Hélas!
ce n’eſt pas moy qui le connoiſt Madame, C et ma lemnle.	ce n'est pas moi qui le connaît Madame, Ç et ma lemnle.
CELIE.	CELIE.
Quel trouble agite ainſi voſtre ame?	Quel trouble agite ainsi votre âme?
SGANARELLE.	SGANARELLE.
Neme condamnez point d’vn deüil hors de ſaiſon Et laiſſez moy pouſſer des ſoûpirs à foiſon.	Neme condamnez point d'une deuil hors de saison Et laissez moi pousser des soupirs à foison.
CELIE.	CELIE.
D’où vous peuuent venir ces douleurs non communes ?	D'où vous peuvent venir ces douleurs non communes ?
SGANARELLE.	SGANARELLE.
Si ie ſuis affligé, ce n’eſt pas pour des prunes Et ie le donnerois à bien d’autre qu’à moy De ſe voir ſans chagrin au point où ie me voy.	Si je suis affligé, ce n'est pas pour des prunes Et tu le donnerais à bien d'autre qu'à moi De se voir sans chagrin au point où je me vois.
Des maris mal Heureux, vous voyer le modele, On deſrobe l’honneur au pauure Sganarelle;	Des maris mal Heureux, vous voyer le modèle, On dérobe l'honneur au pauvre Séganarelle;
Mais c’eſt peu que l’honneur dans mon affliction L’on me dérobe encor la reputation.	Mais c'est peu que l'honneur dans mon affliction L'on me dérobe encor la réputation.
CELIE.	CELIE.
Comment?	Comment?
SGANARELLE.	SGANARELLE.
Ce Damoiſeau, parlant par reuerence Me fait cocu Madame, auec toute licence, Et i'ay ſçeu par mes yeux auerer aujourd’huy Le commerce lecret de ma femme & de luy.	Ce Damoiseau, parlant par révérence Me fait cocu Madame, avec toute licence, Et j'ai su par mes yeux au jourd'hui Le commerce lecret de ma femme et de lui.
CELIE.	CELIE.
Celuy qui maintenant.	Celui qui maintenant.
SGANARELLE.	SGANARELLE.
Ouy;	Oui;
ouj yucucenennore, Il adore ma femme, & ma femme l’adore.	ouj yucucenennore, Il adore ma femme, et ma femme l'adore.
CELIE.	CELIE.
Ah!	Ah!
i’auois bien jugé que ce ſecret retour Ne pouuoit me couurir que quelque laſche tour, Et i’ay tremblé d’abord en le voyant paroiſtre, Par vn preſſentiment de ce qui deuoit eſtre.	j'avais bien jugé que ce secret retour Ne pouvait me couvrir que quelque lâche tour, Et j'ai tremblé d'abord en le voyant paraître, Par un pressentiment de ce qui devait avoir.
SGANARELLE.	SGANARELLE.
Vous prenez ma deffence auec trop de bonté, Tout le monde n’a pas la meſme charité Et pluſieurs qui tantoſt ont appris mon martire, Bien loin d’y prendre part, n’en ont rien fait que rire.	Vous prenez ma défense avec trop de bonté, Tout le monde n'a pas la même charité Et plusieurs qui tantôt ont appris mon martyre, Bien loin d'y prendre part, n'en ont rien fait que rire.
CELIE.	CELIE.
Eſt-il rien de plus noire que ta laſche action, Et peut-on iuy trouuer ene panition:	Est-il rien de plus noire que ta lâche action, Et peut-on jui trouver ene panition:
Dois-tu ne te pas croire indigne de la vie, Apres t’eſtre ſouiſlé de cette perndie.	Dois-tu ne te pas croire indigne de la vie, Après t'être souislé de cette perndie.
O Ciel!	Ô Ciel!
eſt il poſſible?	est il possible?
SGANARELLE.	SGANARELLE.
Freit trop vray pour moy.	Fréit trop vrai pour moi.
CELIE.	CELIE.
Ah!	Ah!
traiſtre, ſcelerat, ame double & ſans foy.	traître, scélérat, âme double et sans foi.
SGANARELLE.	SGANARELLE.
La bonne ame.	La bonne âme.
CELIE.	CELIE.
Non, non, l’Enfer n’a point de geſne Qui ne ſoit pour ton crime vne trop douce peine.	Non, non, l'Enfer n'a point de gêne Qui ne soit pour ton crime une trop douce peine.
SGANARELLE.	SGANARELLE.
Que voila bien parler.	Que voilà bien parler.
CELIE.	CELIE.
Auoir ainſi traitté Et la meſme innocence & la meſme bonté.	Avoir ainsi traité Et la même innocence et la même bonté.
Hay.	Hais.
SGANARELLE.	SGANARELLE.
il ſoupire haut.	il soupire haut.
CELIE.	CELIE.
vntteur, qui jamais n'a fait la moindre choſe A merité l’affront où ton meſpris l’expoſe.	Unteur, qui jamais n'a fait la moindre chose A mérité l'affront où ton mépris l'expose.
Il eſt vray.	Il est vrai.
SGANARELLE.	SGANARELLE.
CELIE.	CELIE.
Qui bien loins.	Qui bien loins.
mais c’eſt trop, & ce cœur Ne ſçauroit y ſonger ſans mourir de douleur.	mais c'est trop, et ce cœur Ne saurait y songer sans mourir de douleur.
GANARELLE.	GANARELLE.
Iye vous falchez pas tat ma tres chere Madame, Mon mal vous touche trop & vous me percez l’ame.	Iye vous fallchez pas tat ma très chère Madame, Mon mal vous touche trop et vous me percez l'âme.
CELIE.	CELIE.
Mais ne t’abuſe pas iuſqu’à te figurer Qu’à des plaintes ſans fruit j’en vueille demeurer Mon cœur pour ſe vanger ſçait ce qu’il te faut faire Et j’y cours de ce pas, rien ne m’en peut diſtraire.	Mais ne t'abuse pas jusqu'à te figurer Qu'à des plaintes sans fruit j'en veuille demeurer Mon cœur pour se venger ait ce qu'il te faut faire Et j'y cours de ce pas, rien ne m'en peut distraire.
SCENE NVTI.	SCÈNE NUTI.
SGANARELLE ſeul, Ve le Ciel l’a preſerue à jamais de danger, O Voyez quelle bonté de vouloir me vanger:	SGANARELLE seul, Ve le Ciel l'a preserve à jamais de danger, Ô Voyez quelle bonté de vouloir me venger:
En effet, ſon çouroux qu’excite ma diſgrace M’enſeigne hautement ce qu’il faut que ie faſſe, Et l’on ne doit iamais ſouffrir ſans dire mot De ſemblables affronts à moins qu’eſtre vn vray ſot.	En effet, son çouroux qu'excite ma disgrâce M'enseigne hautement ce qu'il faut que . fasse, Et l'on ne doit jamais souffrir sans dire mot De semblables affronts à moins qu'être un vrai sot.
Courons donc le chercher cependant qui m’affronte, Monſtrons noſtre courage à vanger noſtre honte.	Courons donc le chercher cependant qui m'affronte, Monstrons notre courage à venger notre honte.
Vous apprendrez, maroufle, à rire à nos deſpens Et ſans aucun reſpect faire cocu les gens.	Vous apprendrez, maroufle, à rire à nos dépens Et sans aucun respect faire cocu les gens.
Il ſe retourne ayant fait trois ou quatre pas, Doucement, s’il vous plaiſt, cét homme a bien la mine D'auoir le ſang boüillant & l’ame vn peu mutine, Il pourroit bien mettant affront deſſus affront Charger de bois mon dos, cõme il a fait mõ frõt.	Il se retourne ayant fait trois ou quatre pas, Doucement, s'il vous plaît, cet homme a bien la mine D'avoir le sang bouillant et l'âme un peu mutine, Il pourrait bien mettant affront dessus affront Charger de bois mon dos, comme il a fait montre non.
Ie hay de tout mon cœur les Eſprits coleriques Et porte grand amour aux hommes pacifiques:	Je hais de tout mon cœur les Esprits colériques Et porte grand amour aux hommes pacifiques:
Ie ne ſuis point battant de peu d’eſtre battu	Je ne suis point battant de peu d'être battu
Et l’humeur debonaire eſt ma grande vertu.	Et l'humeur débonaire est ma grande vertu.
29 Mais mon honneur me dit que d’vne telle offence Il faut abſolument que je prenne vengeance.	29 Mais mon honneur me dit que d'une telle offense Il faut absolument que je prenne vengeance.
Ma foy laiſſons le dire autant qu’il luy plaira, Au diantre qui pourtant rien du tout en fera:	Ma foi laissons le dire autant qu'il lui plaira, Au diantre qui pourtant rien du tout en fera:
Quand j’auray fait le braue, & qu’vn fer pour ma peine M’aura d’vn vilain coup tranſpercé la bedaine, Que par la ville ira le bruit de mon treſpas, Dites-moy mon honneur en ſerez vous plus gras?	Quand j'aurai fait le brave, et qu'un fer pour ma peine M'aura d'un vilain coup transpercé la bedaine, Que par la ville ira le bruit de mon trépas, Dites-moi mon honneur en serez -vous plus gras?
La Bierre eſt vn ſejour par trop melancholique Et trop mal ſein pour ceux qui craignent la colique, Et quant à moy je trouue, ayant tout compaſſé, Qu’il vaut mieux eſtre encor Cocu que Treſpaſſé Quel mal cela fait-il?	La Bierre est un séjour par trop mélancolique Et trop mal sein pour ceux qui craignent la colique, Et quant à moi je trouve, ayant tout compassé, Qu'il vaut mieux notre encor Cocu que Trépassé Quel mal cela fait-il?
la jambe en deuient elle Plus tortuë apres tout, & la taille moins belle.	la jambe en devient elle Plus tortue après tout, et la taille moins belle.
Peſte ſoit qui premier trouua l’inuention De s’affliger l’eſprit de cette viſion, Et d’attacher l’honneur de l’homme le plus ſage Aux choſes que peut faire vne femme volage;	Peste soit qui premier trouva l'invention De s'affliger l'esprit de cette vision, Et d'attacher l'honneur de l'homme le plus sage Aux choses que peut faire une femme volage;
Puis qu’on tient à bon droit tout crime perſonel!	Puis qu'on tient à bon droit tout crime personel!
Que fait là noſtre honneur pour eſtre criminel, Des actions d’autruy l’on nous donne le blaſme, Si nos femmes ſans nous ont vn commerce infame, Il faut que tout le mal tombe ſur noſtre dos, Elles font la ſottiſe, & nous ſommes les ſots, C’eſt vn vilain abus & les gens de Police Nous deuroient bien regler vne telle injuſtice.	Que fait là notre honneur pour être criminel, Des actions d'autrui l'on nous donne le blâme, Si nos femmes sans nous ont un commerce infâme, Il faut que tout le mal tombe sur notre dos, Elles font la sottise, et nous sommes les sots, C'est un vilain abus et les gens de Police Nous devraient bien régler une telle injustice.
N’auons nous pas aſſez des autres accidents Qui nous viennent happer en deſpit de nos dents, Les querelles, procez, faim, ſoif, & maladie, Troublent-ils pas aſſez le repos de la vie C iij.	N'avons nous pas assez des autres accidents Qui nous viennent happer en dépit de nos dents, Les querelles, procès, faim, soif, et maladie, Troublent-ils pas assez le repos de la vie Ç iij.
Sans s’aller de ſurcroiſt auiſer ſottement De ſe faire vn chagrin qui n’a nul fondement.	Sans s'aller de surcroît aviser sottement De se faire un chagrin qui n'a nul fondement.
Mocquons-nous de cela, meſpriſons les allarmes, Et mettõs ſur nos pieds les ſoûpirs & les larmes, Si ma femme a failly, qu’elle pleure bien fort;	Moquons-nous de cela, méprisons les alarmes, Et metts sur nos pieds les soupirs et les larmes, Si ma femme a failly, qu'elle pleure bien fort;
Mais pourquoy moy pleurer puiſque ie n’ay point tort :	Mais pourquoi moi pleurer puisque ici n'ai point tort :
En tout cas ce qui peut m’oſter ma faſcherie, C’eſt que ie ne ſuis pas ſeul de ma Confrairie, Voir cajoler ſa femme & n’en teſmoigner rien Se pratique aujourd’huy par force de gẽs de bien:	En tout cas ce qui peut m'ôter ma fâcherie, C'est que je ne suis pas seul de ma Confrairie, Voir cajoler sa femme et n'en témoigner rien Se pratique aujourd'hui par force de gens de bien:
N’allons donc point chercher à faire vne querelle Pour vn affront qui n’eſt que pure bagatelle.	N'allons donc point chercher à faire une querelle Pour affront qui n'est que pure bagatelle.
L’on m’appellera ſot de ne me vanger pas;	L'on m'appellera sot de ne me venger pas;
Mais ie le ſerois fort de courir au treſpas.	Mais ie le serais fort de courir au trépas.
Mettant la main ſur ſon eſtomach.	Mettant la main sur son estomac.
Ie me ſens là, pourtant remüer vne bille Qui veut me conſeiller quelque action virille:	Je me sens là, pourtant remuer une bille Qui veut me conseiller quelque action virille:
Oüy le courroux me prend, c’eſt trop eſtre poltron, Ie veux reſolument me vanger du Larron:	Oui le courroux me prend, c'est trop être poltron, Je veux résolument me venger du Larron:
Desja pour commencer dans l’ardeur qui m’enflame, Ie vais dire par tout qu’il couche auec ma femme.	Déjà pour commencer dans l'ardeur qui m'enflamme, Je vais dire par tout qu'il couche avec ma femme.
SCENE XVIII.	SCÈNE XVIII.
CORGIBVS, CELIE, LA SVIVANTE.	CORGIBUS, CÉLIE, LA SVIVANTE.
CELIE.	CELIE.
Ty, ie veux bien ſubir vne ſi juſte Loy O Mon pere, diſpoſez de mes vœux & de moy, Faites quand vous voudrez ſigner cette himenée, A iuidte mon deuon je lais detciannee, Ie pretends gourmander mes propres ſentiments Et me ſoumettre en tout à vos commandements.	Ty, Seigneur veux bien subir ainsi si juste Loi Ô Mon père, disposez de mes vœux et de moi, Faites quand vous voudrez signer cette himenée, A juite mon dévon je lais detciannee, Je prétends gourmander mes propres sentiments Et me soumettre en tout à vos commandements.
GORGIBVS.	GORGIBUS.
Ah!	Ah!
voila qui me plaiſt de parler de la ſorte, Parbleu, ſi grande joye à l’heure me tranſporte, Que mes jambes ſur l’heure en cabrioleroient Si nous n’eſtions point veus de gens qui s’en riroient.	voilà qui me plaît de parler de la sorte, Parbleu, si grande joie à l'heure me transporte, Que mes jambes sur l'heure en cabrioleraient Si nous n'étions point vus de gens qui s'en riraient.
Approche toy de moy, viens-ça que ie t’embraſſe?	Approche toi de moi, viens-ce que sans t'embrasse?
Vne belle action n’a pas mauuaiſe grace, Vn pere, quand il veut peut ſa fille baiſer Sans que l’on ait ſujet de s’en ſcandaliſer.	Une belle action n'a pas mauvaise grâce, Un père, quand il veut peut sa fille baiser Sans que l'on ait sujet de s'en scandaliser.
Va le contentement de te voir ſi bien née Me fera rajeunir de dix fois vne année.	Va le contentement de te voir si bien née Me fera rajeunir de dix fois une année.
SCENE XIX.	SCÈNE XIX.
CELIE, LA SVIVANTE,	CELIE, LA SVIVANTE,
LA SVIVANTE.	LA SVIVANTE.
CEchangement m’eſtonne.	CÉchangement m'étonne.
ELIE.	ÉLIE.
Et lors que tu ſçauras Par quel motif i’agis tu m’en eſtimeras.	Et lors que tu sauras Par quel motif j'agis tu m'en estimeras.
LA SVIVANTE.	LA SVIVANTE.
Cela pouroit bien eſtre.	Cela pourrait bien être.
ELIE.	ÉLIE.
Apprends done que Lelie, A pû bleſſer mon cœur par vne perfidie, Qu’il eſtoit en ces lieux ſans.	Apprends done que Lélie, A pu blesser mon cœur par une perfidie, Qu'il était en ces lieux sans.
LA SVIVANTE.	LA SVIVANTE.
Mais il vient à nous.	Mais il vient à nous.
SCENE XX.	SCÈNE XX.
CELIE, LELIE, LA SVIVANTE.	CELIE, LELIE, LA SVIVANTE.
LELIE.	LELIE.
Vant que pour iamais ie m'enoigne de vous, AIe veux vous reprocher au moins en cette place.	Vant que pour jamais grande m'enoigne de vous, AIe veux vous reprocher au moins en cette place.
CELIE.	CELIE.
Quoy me parler encor, auez vous cette audace?	Quoi me parler encor, avez -vous cette audace?
LELIE.	LELIE.
Il eſt vray qu'elle eſt grade d voitre enoix eſt tel Qu’a vous rien reprocher ie ſerois criminel, Viuez, viuez contente & brauez ma memoire Auec le digne Eſpoux qui vous comble de gloire.	Il est vrai qu'elle est grade d ès enoix est tel Qu'a vous rien reprocher ie serois criminel, Vivez, vivez contente et bravez ma mémoire Avec le digne Époux qui vous comble de gloire.
CELIE.	CELIE.
Ouy tantie ry veux tiure;	Oui tantie ri veux tivre;
& mon plus grand deſir Ce ſeroit que ton cœur en euſt du deſplaiſir.	et mon plus grand désir Ce serait que ton cœur en eût du déplaisir.
LELIE.	LELIE.
Qui rends donc contre moy ce couroux legitime?	Qui rends donc contre moi ce courroux légitime?
CELIE.	CELIE.
Quoy tu fais le ſurpris, & demande ton crime?	Quoi tu fais le surpris, et demande ton crime?
SCENE XXI.	SCÈNE XXI.
CELIE, LELIE, SGHIACÉLLE, LA SVIVANTE.	CELIE, LELIE, SGHIACELLE, LA SVIVANTE.
SGANARELLE entre armé.	SGANARELLE entre armé.
Verre, guerre mortelle, à ce larron d’honneur Qui ſans miſericorde a ſoüillé noſtre honneur.	Verre, guerre mortelle, à ce larron d'honneur Qui sans miséricorde a souillé notre honneur.
CLETEAELEIH.	CLETEALEIH.
Tourne?	Tourne?
tourne les yeux?	tourne les yeux?
ſans me faire reſpondre,	sans me faire répondre,
LELIE.	LELIE.
Ah!	Ah!
ie vois.	On vois.
CELIE.	CELIE.
Cet objet ſuffit pour te confondre.	Cet objet suffit pour te confondre.
LELIE.	LELIE.
Mais pour vous obliger bien plûtoſt à rougir.	Mais pour vous obliger bien plutôt à rougir.
SGANARELLE.	SGANARELLE.
Ma colere à preſent eſt en eſtat d’agir, Deſſus ſes grands cheuaux eſt monté mon courage Et ſi ie le rencontre on verra du carnage:	Ma colère à présent est en état d'agir, Dessus ses grands chevaux est monté mon courage Et si grande le rencontre on verra du carnage:
Oüy i’ay iuré ſa mort, rien ne peut l’empeſcher Od ie le trouueray, ie le veux depeſcher, Au beau mineu du cœur il faut que ie luy donne.	Oui j'ai juré sa mort, rien ne peut l'empêcher Odgli le trouverai, ie le veux dépêcher, Au beau minu du cœur il faut que pers luy donne.
LELIE.	LELIE.
A qui donc en veut-on?	À qui donc en veut-on?
SGANARELLE.	SGANARELLE.
Ie n’en veux à perſonne.	Je n'en veux à personne.
EEEISE Pourquoy ces armes là?	EEEISE Pourquoi ces armes -là?
SGANARELLE.	SGANARELLE.
C’eſt vn habillement à part.	C'est un habillement à part.
Que i’ay pris pour la pluye.	Que j'ai pris pour la pluie.
Ah!	Ah!
quel contentement Paurois a letuel, prenonsrenle coulage:	quel contentement Paurais à letuel, prenonsrenle coulage:
Hay?	Hai?
LELIE.	LELIE.
SGANARELLE ſe donnant des coups de poings ſur l’eſtomath, & à part.	SGANARELLE se donnant des coups de poings sur l'estomh, et à part.
des ſoufflets pour s’exciter.	des soufflets pour s'exciter.
Ie ne parle pas.	Je ne parle pas.
Ah!	Ah!
poltron dont i’enrage, falenle, tiay cuardepoule;	poltron dont j'enrage, falenle, tiai cuardepoule;
CELIE.	CELIE.
Il t’en doit dire aſſez Cét object dont tes yeux nous paroiſſent bleſſez.	Il t'en doit dire assez Cet object dont tes yeux nous paraissent blessés.
LELIE.	LELIE.
Ouy, ie connois par là que vous eſtes coupable De l’infidelité la plus inexcuſable, Qui iamais d’vn amant puiſſe outrager la foy.	Oui, Seigneur connais par là que vous êtes coupable De l'infidélité la plus inexcusable, Qui jamais d'un amant puisse outrager la foi.
SGANARELLE apart.	SGANARELLE appart.
Que n’ay-ie vn peu de cœur.	Que n'ai-je un peu de cœur.
CELIE.	CELIE.
Ah!	Ah!
ceſſe deuant moy Traiſtre, de ce diſcours l’inſolence cruelle.	cesse devant moi Traître, de ce discours l'insolence cruelle.
SGANARELLE.	SGANARELLE.
Sganarelle, tu vois qu’elle prend ta querelle, Courage mon enfant, ſoit vn peu vigoureux, Là, hardy, taſche à faire vn effort genereux, En le tuant, tandis qu’il tourne le dermere.	Séganarelle, tu vois qu'elle prend ta querelle, Courage mon enfant, soit un peu vigoureux, Là, hardi, tâche à faire un effort généreux, En le tuant, tandis qu'il tourne le dermère.
LELIE faiſant deux ou trois pas ſans deſſein, fait retourner Sganarelle qui s’approchoit pour le tuer.	LELIE faisant deux ou trois pas sans dessein, fait retourner Séganarelle qui s'approchait pour le tuer.
Puis qu’vn pareil diſcours eſmeut voſtre colere, Ie dois de voſtre cœur me monſtrer ſatisfait, Et l’applaudir icy du beau choix qu’il a fait.	Puis qu'un pareil discours émut votre colère, Je dois de votre cœur me montrer satisfait, Et l'applaudir ici du beau choix qu'il a fait.
CELIE.	CELIE.
Ouy ouy, mon choix eſt tel qu’on n’y peut rien reprendre.	Oui oui, mon choix est tel qu'on n'y peut rien reprendre.
LELIE.	LELIE.
Allez, vous faites bien de le vouloir deffendre.	Allez, vous faites bien de le vouloir défendre.
SGANARELLE.	SGANARELLE.
4 Sans doute elle fait bien de deffendre mes droits Cette action Monſieur, n’eſt point ſelon les loix, I’ay raiſon de me plaindre, & ſi ie n’eſtois ſage, On verroit arfiuer vn eitrangecamnage.	4 Sans doute elle fait bien dé fendre mes droits Cette action Monsieur, n'est point selon les lois, J'ai raison de me plaindre, et si personne n'étais sage, On verrait arfiver un eitrangecamnage.
LELIE.	LELIE.
D’où vous naiſt cette plainte?	D'où vous naît cette plainte?
& quel chagrin brutal.	et quel chagrin brutal.
SGANARELLE.	SGANARELLE.
Suffit, vous ſçauez bien ou le bois me fait mal;	Suffit, vous savez bien ou le bois me fait mal;
Nrais voitrecarferenee ce leronn de vorrt ame Vous deuroient mettre aux yeux que ma femme, eſt ma femme, Et vouloir à ma barbe en faire voſtre bien, Que ce n’eſt pas du tout agir en bon Chreſtien.	Nrais voitrecarferenee ce leronn de vorrt âme Vous devraient mettre aux yeux que ma femme, est ma femme, Et vouloir à ma barbe en faire quelque bien, Que ce n'est pas du tout agir en bon Chrétien.
LELIE.	LELIE.
Vn ſemblable ſoubçon eſt bas & ridicule, Allez deſſus ce point n’ayez aucun ſcrupule, Ie ſçay qu’elle eſt à vous, & bien loin de brûler.	Un semblable soubçon est bas et ridicule, Allez dessus ce point n'ayez aucun scrupule, Je sais qu'elle est à vous, et bien loin de brûler.
CELIE.	CELIE.
CELIE.	CELIE.
Ah qu’icy ſi tu Içais bien traiſtre, dillimuler	Ah qu'ici si tu Içais bien traître, dillimuler
LELIE.	LELIE.
Quoy me ſoubçonnez-vous d’auoir vne penſée De qui ſon ame ait lieu de ſe croire offencée, De cette laſcheté voulez vous me noircir.	Quoi me soubçonnez-vous d'avoir une pensée De qui son âme ait lieu de se croire offensée, De cette lâcheté voulez -vous me noircir.
CELTE.	CELTE.
Parle?	Parle?
parle à luy-meſme?	parle à lui-même?
il poura t’eſclaircir.	il pourra -t-éclaircir.
GANARELLE.	GANARELLE.
Vous me deffendez mieux que ie ne ſçaurois faire, Et du biais qu’il faut vous prenez cette affaire.	Vous me défendez mieux que ici ne saurais faire, Et du biais qu'il faut vous prenez cette affaire.
SCENE XXII.	SCÈNE XXII.
OiDin, DIDID, SGANARELLE, SAFEMME, LA SVIVANTE.	OiDin, DIDID, SGANARELLE, SAFEMME, LA SVIVANTE.
LA FEMME de Sganarelle à Celie.	LA FEMME de Séganarelle à Célie.
E ne ſuis point d’humeur à vouloir contre vous IFaire eſclater Madame, vn eſprit trop ialoux, Mais ie ne ſuis point duppe & voy ce qui ſe paſſe:	E ne suis point d'humeur à vouloir contre vous IFaire éclater Madame, un esprit trop jaloux, Mais je ne suis point dupe et vois ce qui se passe:
Il eſt de certains feux de fort mauuaiſe grace, Et voſtre ame deuroit prendre vn meilleur employ, Que de ſeduire vn cœur qui doit n’eſtre qu’à moy.	Il est de certains feux de fort mauvaise grâce, Et votre âme devrait prendre un meilleur emploi, Que de séduire un cœur qui doit n'être qu'à moi.
CELIE.	CELIE.
La declaration eſt aſſez ingenuë.	La déclaration est assez ingénue.
SGANARELLE à ſa femme.	SGANARELLE à sa femme.
L’on ne demandoit pas carogne ta venuë, Tu la viens quereller lors qu’elle me deffend, Et tu tremble de peur qu’on t’oſte ton galand.	L'on ne demandait pas carogne ta venue, Tu la viens quereller lors qu'elle me défend, Et tu tremble de peur qu'on t'ôte ton galant.
CELIE.	CELIE.
Allez ne croyez pas que l’on en ait l’ennie.	Allez ne croyez pas que l'on en ait l'ennie.
Tu vois ſi c’eſt menſonge, & i’en ſuis fort rauie.	Tu vois si c'est mensonge, et j'en suis fort ravie.
Se tournant vers Lelie.	Se tournant vers Lélie.
LELIE.	LELIE.
Que me veut-on conter ?	Que me veut-on conter ?
LA SVIVANTE.	LA SVIVANTE.
Ma foy, ie ne ſçay pas.	Ma foi, Seigneur ne sais pas.
Quand on verra finir ce galimatias, Deſia depuis long-temps ie taſche à le comprendre, Et ſi plus ie l’eſcoute & moins ie puis l’entendre, Ie vois bien à la fin que ie m’en dois meſſer.	Quand on verra finir ce galimatias, Déjà depuis long-tempsrit tâche à le comprendre, Et si plus ie espécoute et moins personne puis l'entendre, Je vois bien à la fin que sans m'en dois messer.
Allant ſe mettre entre Lelie & ſa maiſtreſſe.	Allant se mettre entre Lélie et sa maîtresse.
acerpondez moj parorure de me lainez parler.	acerpondez moj parorure de me lainez parler.
Vous, qu’eſt-ce qu’à ſon cœur peut reprocher le voſtre?	Vous, qu'est-ce qu'à son cœur peut reprocher le vôtre?
A Lelie.	À Lélie.
LELIE.	LELIE.
Que l’infidelle a pû me quitter pour autre;	Que l'infidèle a pu me quitter pour autre;
Que lors que ſur le bruit de ſon himen fatal, l’accours tout tranſporté d’vn amour ſans égal, Dont l’ardeur reſiſtoit à ſe croire oubliée, Mon abord en ces ſieux l’a trouue mariée.	Que lors que sur le bruit de son hymen fatal, l'accours tout transporté d'un amour sans égal, Dont l'ardeur résistait à se croire oubliée, Mon abord en ces sieux l'a trouve mariée.
EA SVAVANIE.	EA SVAVANIE.
Mariée, à qui donc?	Mariée, à qui donc?
LELIE monſtrant Sganarelle, A Iuy.	LELIE montrant Sganarelle, A Ui.
LA SVIVANTE.	LA SVIVANTE.
Comment à luy.	Comment à Seigneur.
Oüy-da.	Oui-dà.
LELIE.	LELIE.
LA SVIVANTE.	LA SVIVANTE.
Qui vous l’a dit?	Qui vous l'a dit?
LELIE.	LELIE.
C’eſt luy-meſme auiourd’huy.	C'est notre-même aujourd'hui.
I ij	I ij
LA SVIVANTE à Sganarelle.	LA SVIVANTE à Sganarelle.
Eſt-il vray?	Est-il vrai?
SGANARELLE.	SGANARELLE.
Moy, i’ay dit que c’eſtoit à ma femme Que i’eſtois marié.	Moi, j'ai dit que c'était à ma femme Que j'étais marié.
LELIE.	LELIE.
Dans vn grand trouble d’ame;	Dans un grand trouble d'âme;
Tantoſt de mon portraict ie vous ay veu ſaiſi,	Tantôt de mon portrait ici vous ai vu saisi,
SGANARELLE.	SGANARELLE.
Il eſt vray, le voila.	Il est vrai, le voilà.
LELIE.	LELIE.
Vous m’auez dit auſſi, Que celle aux mams de qui vons adiez pris ce 4 Eſtoit liée à vous des nœuds du mariage.	Vous m'avez dit aussi, Que celle aux mams de qui vons adiez pris ce 4 Était liée à vous des nœuds du mariage.
SGANARBLLE Monſtrant ſa femme, Sans doute, & ie l’auois de ſes mains arraché, Et n’euſſe pas ſans luy deſcouuert ſon peché.	SGANARBLE Monstrant sa femme, Sans doute, et je l'avais de ses mains arraché, Et n'eusse pas sans lui découvert son péché.
LA FEMME de Sganarelle.	LA FEMME de Séganarelle.
Que me viens-tu conter par ta plainte importune, Ie l’auois ſous mes pieds rencontré par fortune, Et meſme quant apres ton iniuſte couroux I’ay fait dans ſa foibleſſe entrer Monſieur, chez nous, Ie ii ay pas reconnu les traits de la peifſture.	Que me viens-tu conter par ta plainte importune, Je l'avais sous mes pieds rencontré par fortune, Et même quant après ton injuste courroux J'ai fait dans sa faiblesse entrer Monsieur, chez nous, Je y ai pas reconnu les traits de la péifsture.
Monſtrant Lelie.	Monstrant Lélie.
CELIE.	CELIE.
C’eſt moy qui du portraict ay cauſé l’auenture Et ie l’ay laiſſé cheoir en cette paſmoiſon Qui m’a fait par vos ſoins remettre à la maiſon.	C'est moi qui du portrait ai causé l'aventure Et tu l'ai laissé choir en cette pâmoison Qui m'a fait par vos soins remettre à la maison.
A Sganarelle LA SVIVANTE.	À Sganarelle LA SVIVANTE.
Vous voyez que ſans moy vous y ſeriez encore, Et vous auiez beſoin de mon peu d’Elebore.	Vous voyez que sans moi vous y seriez encore, Et vous aviez besoin de mon peu d'Élébore.
SGANARELLE.	SGANARELLE.
Frendrons nous tout cecy pour de l’argent content :	Frendrons nous tout ceci pour de l'argent content :
Mon front la ſur mon ame eu bien chaude pourtant.	Mon front la sur mon âme eu bien chaude pourtant.
SA FEMME.	SA FEMME.
Ma cramte touterois n’eit pas trop diſſipée.	Ma cramte touterais n'éit pas trop dissipée.
Et doux que ſoit le mal ie crains d’eſtre trompée.	Et doux que soit le mal ie crains d'être trompée.
SGANARELLE Hé!	SGANARELLE Hé!
mutuellement croyons-nous gens de bien, Ie riſque plus du mien que tu ne fais du tien:	mutuellement croyons-nous gens de bien, Je risque plus du mien que tu ne fais du tien:
Accepte ſans façon le marché qu’on propoſe,	Accepte sans façon le marché qu'on propose,
SA FEMME.	SA FEMME.
Soit, mais gare le bois ſi i’apprends quelque	Soit, mais gare le bois si j'apprends quelque
choſe.	chose.
CELIE à Lelie apres auoir parlé bas enſemble.	CELIE à Lélie après avoir parlé bas ensemble.
A!	À!
Dieux!	Dieux!
s’il eſt ainſi, qu’eſt-ce donc que i’ay fait, Ie dois de mon couroux apprehender l’effect:	s'il est ainsi, qu'est-ce donc que j'ai fait, Je dois de mon courroux appréhender l'effet:
Ouy, vous croyant ſans foy, i’ay pris pour ma vengeance Le malheur eux ſecours de mon obeïſſance Et depuis vn moment mon cœur vient d’acceptet Vn himen que touſiours i'eus lieu de febuter, I’ay promis à fion pere, & te qui me deſole.	Oui, vous croyant sans foi, j'ai pris pour ma vengeance Le malheur eux secours de mon obéissance Et depuis un moment mon cœur vient d'acceptet Un hymen que toujours j'eus lieu de febuter, J'ai promis à fion père, et te qui me désole.
Mais ie le vois venir.	Mais ie le vois venir.
LELIE.	LELIE.
Il me tiendra parole.	Il me tiendra parole.
D iij	 Dijà
SCENE XXIII.	SCÈNE XXIII.
CELIE, LELIE, GORGIBVS, SGANARELLE SA FEMME, LA SVIVANTE.	CELIE, LELIE, GORGIBUS, SGANARELLE SA FEMME, LA SVIVANTE.
LELIE.	LELIE.
Onſieur, vous me voyez en ces lieux de Mr resour Bruſſant des meſmes feux, & mon ardente amour Verra comme ie croy la promeſſe accomplie Qui me donna l’eſpoir de l’himen de Celie.	Onsieur, vous me voyez en ces lieux de Mr résour Brussant des mêmes feux, et mon ardente amour Verra comme mie croy la promesse accomplie Qui me donna l'espoir de l'hymen de Célie.
GORGIBVS.	GORGIBUS.
Monſieur, que ie reuois en ces lieux de retour Bruſlant des meſmes feux, & dont l’ardente amour Verra que vous croyez la promeſſe accomplie Qui vous donna l’eſpoir de l’himen de Celie, Tres-humble ſeruiteur à voſtre Seigneurie.	Monsieur, que je rêvais en ces lieux de retour Brûlant des mêmes feux, et dont l'ardente amour Verra que vous croyez la promesse accomplie Qui vous donna l'espoir de l'hymen de Célie, Très-humble serviteur à votre Seigneurie.
LELIE.	LELIE.
Quoy?	Quoi?
Monſieur, eſt-ce ainſi qu’on trahit mon eſpoir?	Monsieur, est-ce ainsi qu'on trahit mon espoir?
Ouy Monſieur, c’eſt ainſi que ie fais mon deuoir, Ma fille en ſuit les loix.	Oui Monsieur, c'est ainsi que sans fais mon devoir, Ma fille en suit les lois.
CELIE.	CELIE.
non denon mintereſſe.	non denon mintéresse.
Mon pere a deſgager vers luy voſtre promeſſe.	Mon père a dégager vers lui taît promesse.
ORGIBV S.	ORGIBU S.
Eſt ce reſpondre en fille à mes commandemens?	Est ce répondre en fille à mes commandements?
ru te démens bien-toſt de tes bons ſentimens, Pour Valere tantoſt.	ru te déments bientôt de tes bons sentiments, Pour Valère tantôt.
mais i’apperçois ſon pere, Il vient aſſeurément pour conclure l’affaire.	mais j'aperçois son père, Il vient assurément pour conclure l'affaire.
SCENE DERNIERE.	SCÈNE DERNIÈRE.
CELIE, LELIE, GORGIBVS, SGANARELLE, SA FEMME, VILLEBREQVIN, LA SVIVANTE.	CELIE, LELIE, GORGIBUS, SGANARELLE, SA FEMME, VILLEBREQUIN, LA SVIVANTE.
GORGIBVS.	GORGIBUS.
QVi vous ameine icy, Seigneur Villebrequin,	QUi vous âme ici, Seigneur Villebrequin,
VILLEBREQVIN.	VILEBREQUIN.
Vn ſegret important que i’ay ſçeu ce matin, Qui rompt abſolument ma parole donnée.	Un ségret important que j'ai su ce matin, Qui rompt absolument ma parole donnée.
Mon fils, dont voſtre fille acceptoit l’himenée, bous des nelis cachez tronipans les yeux de tous Viſt depuis quatre mois auec liſe en Eſpoux, Et comme des parens le bien & la naiſſance M’oſtent tout le pouuoir d’en caſſer l’alliance, Ie vous viens.	Mon fils, dont votre fille acceptait l'hyménée, bous des nélis cachez tronipants les yeux de tous Vît depuis quatre mois était lise en Époux, Et comme des parents le bien et la naissance M'ôtent tout le pouvoir d'en casser l'alliance, Je vous viens.
GORGIBVS.	GORGIBUS.
Briſons là, ſi ſans voſtre congé, Valere voſtre fils ailleurs s’eſt engagé, Ie ne vous puis celer que ma fille Celie, Dés long-temps par moy-meſme eſt promiſe à Lelie, Et que riche en vertus ſon retour aujourd’huy M’empeſche d’agréer vn autre Eſpoux que luy.	Brisons là, si sans votre congé, Valère votre fils ailleurs s'est engagé, Je ne vous puis celer que ma fille Celie, Dès longtemps par moi-même est promise à Lélie, Et que riche en vertus son retour aujourd'hui M'empêche d'agréer un autre Époux que tu.
VIREEHREQM.	VIREEHRÊQM.
Vn tel choix me plaiſt fort.	Un tel choix me plaît fort.
LELIE.	LELIE.
Et cette iuſte enuie, D’vn bon heur eternel va couronner ma vie.	Et cette juste envie, D'un bon heur éternel va couronner ma vie.
GORGIBVS.	GORGIBUS.
Allons choiſir le iour pour ſe donner la foy.	Allons choisir le jour pour se donner la foi.
SGANARELLE.	SGANARELLE.
A-t’on mieux crû iamais eſtre cocu que moy.	A-t-on mieux cru jamais être cocu que moi.
Vous voyez qu’en ce faict la plus forte apparence Peut jetter dans l’eſprit vne fauſſe creance :	Vous voyez qu'en ce fait la plus forte apparence Peut jeter dans l'esprit une fausse créance :
De cét exemple-cy, reſſouuenez-vous bien, Et quand vous verriez tout ne croyet iſmais rien.	De cet exemple-cy, ressouuenez-vous bien, Et quand vous verriez tout ne croiset ismais rien.
FIN.	FIN.
France	France
rance	rance
rance	rance
rance	rance
