A PARIS, Chez IEAN RIBOV, au Palais, vis a vis la Porte de l’Egliſe de la Sainte Chapelle, à l’Image S.	À PARIS, Chez JÉAN RIBOU, au Palais, vis a vis la Porte de l'Église de la Sainte Chapelle, à l'Image S.
Louis.	Louis.
M.	M.
DC.	DC.
LXVIII.	LXVIII.
AVEC PRIVILEGE DV ROY.	AVEC PRIVILÈGE DU ROY.
Extrait du Priuilege du Roy.	Extrait du Privilège du Roi.
JAR Grace & Priuilege du Roy, donné à Saint T Germain en Laye, le 20.	JAR Grâce et Privilège du Roi, donné à Saint T Germain en Laye, le 20.
jour de Fevrier 1668.	jour de Février 1668.
Signé, Par le Roy en ſon Conſeil, MARGERET:	Signé, Par le Roi en son Conseil, MARGERET:
Il eſt permis à I.	Il est permis à I.
B.	B.
P.	P.
DE MOLIERE, de faire imprimer par tel Libraire ou Imprimeur qu’il voudra choiſir, vne Piece de Theatre de ſa compoſition, intitulée, LE MARIAGE FORCE', pendant le temps & eſpace de cinq années entieres & accomplies, à commencer du jour qu’elle ſera acheuée d’imprimer:	DE MOLIÈRE, de faire imprimer par tel Libraire ou Imprimeur qu'il voudra choisir, une Pièce de Théâtre de sa composition, intitulée, LE MARIAGE FORCE', pendant le temps et espace de cinq années entières et accomplies, à commencer du jour qu'elle sera achevée d'imprimer:
Et defenſes ſont faites à tous autres Libraires & Imprimeurs, d’imprimer, ou faire imprimer, vendre & debiter ladite Piece, ſans le conſentement de l’Expoſant, ou de ceux qui auront droict de luy;	Et défenses sont faites à tous autres Libraires et Imprimeurs, d'imprimer, ou faire imprimer, vendre et débiter ladite Pièce, sans le consentement de l'Exposant, ou de ceux qui auront droit de Se;
à peine aux contreuenans, de trois mille fures d’amende, conication des Lxemplaires contrefaits, & de tous deſpens, dommages & intereſts, ainſi que plus au long il eſt porté par leſdites Lettres de Priuilege.	à peine aux contrevenants, de trois mille fures d'amende, convication des Lxemplaires contrefaits, et de tous dépens, dommages et intérêts, ainsi que plus au long il est porté par lesdites Lettres de Privilège.
Et ledit Sieur DE MOLIERE a cedé & tranſporté ſon droict de Priuilege, à IEAN RIBOV Marchand Libraire à Paris, pour en joüir, ſuiuant l’accord fait entt'eux.	Et ledit Sieur DE MOLIERE a cédé et transporté son droit de Privilège, à JEAN RIBOU Marchand Libraire à Paris, pour en jouir, suivant l'accord fait entt-eux.
Regiſtré ſur le Liure de la Communauté, ſuiuant l’Arreſt de la Cour de Parlement.	Registré sur le Livre de la Communauté, suivant l'Arrest de la Cour de Parlement.
Acheué d’imprimer pour la premiere fois le 9.	Achevé d'imprimer pour la première fois le 9.
Mars 1668.	Mars 1668.
LYCASTE, Amant de Dorimene.	LYCASTE, Amant de Dorimène.
.	.
MARPHVRIVS, Docteur Pyrrhonien.	MARPHURIUS, Docteur Pyrrhonien.
LE MARIAGE FORCE COMIEDIL.	LE MARIAGE FORCE COMIEDIL.
– SGANARELLE.	 SGANARELLE.
E ſuis de retour dans vn moment.	E suis de retour dans un moment.
Que * l’on ait bien ſoin du Logis;	Que * l'on ait bien soin du Logis;
& que tout aille comA	et que tout aille comA
SCENE I.	SCÈNE I.
SGANARELLE, GERONIMO.	SGANARELLE, GERONIMO.
2LE MARIAGE FONCE, me il faut.	2LE MARIAGE FONCE, me il faut.
Si l’on m’apporte de l’argent, que l’on me vienne querir viſte chez le Seigneur Geronimo;	Si l'on m'apporte de l'argent, que l'on me vienne quérir vite chez le Seigneur Geronimo;
& ſi l’on vient m’en demander, qu’on diſe que ie ſuis ſorty, de que do nuule pou Mir de toute la journée.	et si l'on vient m'en demander, qu'on dise que tu suis sorti, de que do nule pou Mir de toute la journée.
GERONIMO.	GERONIMO.
Voila vn Ordre fort prudent.	Voilà un Ordre fort prudent.
SGANARELLE.	SGANARELLE.
Ah!	Ah!
Seigneur Geronimo, Ravouscroaded propos5 & i’allois chez vous vous chercher.	Seigneur Geronimo, Ravoucroaded propos5 et j'allais chez vous vous chercher.
GERONIMO.	GERONIMO.
Et pour quel ſujet, s’il vous plaiſt?	Et pour quel sujet, s'il vous plaît?
SGANARELLE.	SGANARELLE.
Pour vous communiquer vne Affaire, que i’ay en teſte;	Pour vous communiquer une Affaire, que j'ai en tête;
& vous prier de m’en dire voſtre auis.	et vous prier de m'en dire votre avis.
GERONIMO.	GERONIMO.
Tres-volontiers.	Très-volontiers.
Ie ſuis bien aiſe de cette rencontre;	Je suis bien aise de cette rencontre;
& nous pouuons parſer icy en toute liberté.	et nous pouvons parser ici en toute liberté.
SGANARELLE.	SGANARELLE.
Mettez donc deſſus, s’il vous plaiſt.	Mettez donc dessus, s'il vous plaît.
Il s’agit d’vne choſe de conſequence, que lon fi a proporée;	Il s'agit d'une chose de conséquence, que lon fi a proporée;
& il eſt bon de ne rien faire, ſans le conſeil de ſes Amis.	et il est bon de ne rien faire, sans le conseil de ses Amis.
GERONIMO.	GERONIMO.
Ie vous ſuis oblige, de A I m’auoir choiſy pour cela.	Je vous suis oblige, de À I m'avoir choisi pour cela.
Vous n’auez qu’à me dire ce que celt.	Vous n'avez qu'à me dire ce que celaît.
SGANARELLE.	SGANARELLE.
Mais auparauant, ie vous conjure de ne me point flater du tout;	Mais auparavant, Madame vous conjure de ne me point flatter du tout;
& de me dire nettement voſtre penſée.	et de me dire nettement votre pensée.
GERONIMO.	GERONIMO.
le le feray, puis que vous le voulez.	le le ferai, puis que vous le voulez.
SGANARELLE.	SGANARELLE.
Ie ne vois rien de plus colidarirliabie qu'vn Amy, qui ne nous parle pas franchement.	Je ne vois rien de plus colidarirliabie qu'un Ami, qui ne nous parle pas franchement.
GERONIMO.	GERONIMO.
Vous auez raiſon.	Vous avez raison.
COMEDIE.	COMÉDIE.
SGANARELLE.	SGANARELLE.
Et dans ce Siecle, on trouue	Et dans ce Siècle, on trouve
GERONIMO.	GERONIMO.
Cela eſt vray.	Cela est vrai.
SGANARELLE.	SGANARELLE.
Promettez-moy donc, Seigneur Geronimo, de me parler auec toute ſorte de franchiſe.	Promettez-moi donc, Seigneur Geronimo, de me parler avec toute sorte de franchise.
GERONIMO.	GERONIMO.
Ie vous le promois.	Je vous le promais.
SGANARELLE.	SGANARELLE.
Iurez-en voſtre foy.	Jurez-en votre foi.
GERONIMO.	GERONIMO.
Oüy, foy d’Amy.	Oui, foi d'Ami.
Dites- moy ſeulement voſtre Affaire.	Dites- moi seulement votre Affaire.
SGANARELLE.	SGANARELLE.
C’eſt que ie veux ſçauoir de vous, ſi ie feray bien de me marier.	C'est que personne veux savoir de vous, si ici ferai bien de me marier.
GERONIMO.	GERONIMO.
Qui, vous?	Qui, vous?
SGANARELLE.	SGANARELLE.
Oüy, moy-meſme en propre Perronne.	Oui, moi-même en propre Perronne.
Quer eit voſtre auis là-deſſus?	Quer eit votre avis là-dessus?
GERONIMO.	GERONIMO.
Ie vous prie auparauant, de me dire vne choſe.	Je vous prie auparavant, de me dire une chose.
SGANARELLE.	SGANARELLE.
Et quoy?	Et quoi?
GERONIMO.	GERONIMO.
Quel âge pouuez-vous vous bien auoir maintenant?	Quel âge pouvez-vous vous bien avoir maintenant?
SGANARELLE.	SGANARELLE.
Nuu noj gue me ruy y mnais ie me porte bien.	Nu noj gué me rui y menais ici me porte bien.
GERONIMO.	GERONIMO.
Quoy!	Quoi!
vous ne ſçauez pas, à peu pres, voſtre âge?	vous ne savez pas, à peu pres, votre âge?
SGANARELLE.	SGANARELLE.
Non.	Non.
Eſt-ce qu’on ſonge à cela?	Est-ce qu'on songe à cela?
GERONIMO.	GERONIMO.
Hé, dites-moy vn peu, s’il vous plaiſt:	Hé, dites-moi un peu, s'il vous plaît:
Combien auiezvous d’années, lors que nous fiſmes connoiſſance?	Combien auiezvous d'années, lors que nous fîmes connaissance?
SGANARELLE.	SGANARELLE.
Ma foy, ie n’auois que viligt ans dlors	Ma foi, Seigneur n'avais que viligt ans dlors
GERONIMO.	GERONIMO.
Combien fûmes nous enſemble à Rome?	Combien fûmes nous ensemble à Rome?
SGANARELLE.	SGANARELLE.
Huit ans.	Huit ans.
GERONIMO.	GERONIMO.
Quel temps auez-vous demeuré en Angleterre?	Quel temps avez-vous demeuré en Angleterre?
SGANARELLE.	SGANARELLE.
Sept ans.	Sept ans.
CLRONTIVIU.	CLRONTIVIU.
Et en Hollande, où vous fûtes en ſuite?	Et en Hollande, où vous fûtes en suite?
SGANARELLE.	SGANARELLE.
Cinq ans, & demy.	Cinq ans, et demi.
GERONIMO.	GERONIMO.
Combien y a-t-il, que vous eſtes reuenu Icy?	Combien y a-t-il, que vous êtes revenu Ici?
SGANARELLE.	SGANARELLE.
Ie reuins en cinquante ſix.	Je revins en cinquante six.
GERONIMO.	GERONIMO.
De cinquante-ſix, à ſoixante-huit, il y a douze ans, ce me ſemble.	De cinquante-six, à soixante-huit, il y a douze ans, ce me semble.
Cinq ans en Hollande, font dix-ſept.	Cinq ans en Hollande, font dix-sept.
Sept ans en Angleterre, font vingt-quatre.	Sept ans en Angleterre, font vingt-quatre.
Huit dans noſtre ſejour à Rome, font trente-deux:	Huit dans notre séjour à Rome, font trente-deux:
Et vingt que vous auiez lors que nous nous connûmes, cela fait juſtement cinquante-deux.	Et vingt que vous aviez lors que nous nous connûmes, cela fait justement cinquante-deux.
Si bien, Seigneur Sganarelle, que ſur voſtre propre confeſſion, vous eſtes, enuiron, à voſtre cinquante-deuxiéme, où cinquante-troiſiéme annéc.	Si bien, Seigneur Séanarelle, que sur votre propre confession, vous êtes, environ, à votre cinquante-deuxième, où cinquante-troisième annéc.
pas.	pas.
SGANARELLE.	SGANARELLE.
ui, moy?	Oui, moi?
Cela ne ſe peut	Cela ne se peut
GERONIMO.	GERONIMO.
Mon Dieu, le calcul eſt juſte.	Mon Dieu, le calcul est juste.
Et là-deſſus ie vous diray franchement, & en Amy, comme vous m’auez fait promettre de vous parler, que le Mariage n’eſt guëres voſtre fait.	Et là-dessus je vous dirai franchement, et en Ami, comme vous m'avez fait promettre de vous parler, que le Mariage n'est guère votre fait.
C’eſt vne choſe à laquelle il faut que les jeunes Gens penſent bien meurement auant que de la faire:	C'est assez chose à laquelle il faut que les jeunes Gens pensent bien meurement avant que de la faire:
mais les Gens de voſtre âge n’y doiuent point penſer du tout.	mais les Gens de votre âge n'y doivent point penser du tout.
Et ſi l’on dit, que la plus grande de toutes les folies, eſt celle de ſe marier, ie ne voy rien de plus mal à propos, que de la faire, cette folie, dans la Saiſon où nous deuons eſtre plus ſages.	Et si l'on dit, que la plus grande de toutes les folies, est celle de se marier, pleins ne vois rien de plus mal à propos, que de la faire, cette folie, dans la Saison où nous devons être plus sages.
Enfin ie vous en dis nettement ma penſée.	Enfin ici vous en dis nettement ma pensée.
Ie ne vous conſeille point de ſonger au Mariage;	Je ne vous conseille point de songer au Mariage;
& ie vous trouuerois le plus ridicule du Monde, ſi ayant eſté libre juſqua cecce leure, vous aiſſez vous charger maintenant de la plus peſante des chaiſnes.	et petit vous trouverais le plus ridicule du Monde, si ayant été libre jusqua cecce lèvre, vous aissez vous charger maintenant de la plus pesante des chaînes.
SGANARELLE.	SGANARELLE.
Et moy, ie vous dis que ie ſuis réſolu de me marier;	Et moi, Seigneur vous dis que ici suis résolu de me marier;
& que ie ne ſeray point ridicule en épouſant la Fille, que ie recherchẽ.	et que ici ne serai point ridicule en épousant la Fille, que ici recherchence.
GERONIMO.	GERONIMO.
Ah!	Ah!
c’eſt vne autre choſe.	c'est autre chose.
Vous ne m’auiez pas dit cela.	Vous ne m'aviez pas dit cela.
2101 SGANARELLE.	2101 SGANARELLE.
C’eſt vne Fille, qui me plaiſt;	C'est une Fille, qui me plaît;
& que i’aime de tout mon cœur.	et que j'aime de tout mon cœur.
LHIRU SIISL	LHIRU SIISL
GERONIMO.	GERONIMO.
Vous l’aimez de tout voſtre cœur?	Vous l'aimez de tout votre cœur?
SCANANILLLO Sans doute;	SACANILLLO Sans doute;
& ie l’ay demandée à ſon Pere.	et ici l'ai demandée à son Père.
GERONIMO.	GERONIMO.
Vous l’auez demandée?	Vous l'avez demandée?
SUANARLELE.	SUANARLELE.
Oüy, c’eſt vn Mariage, qui ſe doit conclure ce ſoir;	Oui, c'est un Mariage, qui se doit conclure ce soir;
& i’ay donné parole.	et j'ai donné parole.
GERONIMO.	GERONIMO.
Oh!	Oh!
mariez-vous donc.	mariez-vous donc.
Ie ne dis plus mot.	Je ne dis plus mot.
SGANARELLE.	SGANARELLE.
Ie quitterois le deſſein que i’ay fait?	Je quitterais le dessein que j'ai fait?
Vous ſemble-t-il.	Vous semble-t-il.
Seigneur Geronimo, que ie ne ſois plus propre à ſonger à vne Femme?	Seigneur Geronimo, que ici ne sois plus propre à songer à une Femme?
Ne parlons point de l’âge que ie puis auoir;	Ne parlons point de l'âge que je puis avoir;
mais regardons ſeulement les choſes, Y a-t-il Homme de trente ans, qui paroiſſe plus frais, & plus vigoureux, que vous me voyez?	mais regardons seulement les choses, Y a-t-il Homme de trente ans, qui paraisse plus frais, et plus vigoureux, que vous me voyez?
N’ay-je pas tous les mouuemens de mon Corps auſſi bons que iamais?	N'ai-je pas tous les mouvements de mon Corps aussi bons que jamais?
Et voit-on que i’aye beſoin de Caroſſe, ou de Chaiſe, pour cheminer?	Et voit-on que j'aie besoin de Carosse, ou de Chaise, pour cheminer?
N’ay-je pas encore toutes mes dents les meilleures du Monde?	N'ai-je pas encore toutes mes dents les meilleures du Monde?
Ne fais-je pas vigoureuſement mes quatre Repas par jour?	Ne fais-je pas vigoureusement mes quatre Repas par jour?
Et peut-on voir vn Eſtomach qui ait plus de force que le mien:	Et peut-on voir un Estomach qui ait plus de force que le mien:
Prem, ilem, nen.	Prem, ilem, nen.
Eh?	Eh?
qu’en dites-vous?	qu'en dites-vous?
GERONIMO.	GERONIMO.
Vous auez raiſon :	Vous avez raison :
ie m’eſtois trompé.	Elle m'étais trompé.
Vous ferez bien de vous marier.	Vous ferez bien de vous marier.
I’y ay repugné autrefois:	J'y ai répugné autrefois:
mais i’ay maintenant de puiſſantes raiſons pour cela.	mais j'ai maintenant de puissantes raisons pour cela.
Outre la joye que i’auray de poſſeder vne belle Femme, qui me fera mille careſſes;	Outre la joie que j'aurai de posséder une belle Femme, qui me fera mille caresses;
qui me dorlotera, & me viendra froter, lors que ie ſeray las:	qui me dorlotera, et me viendra frotter, lors que je serai las:
outre cette joye, dis-je, ie conſidere, qu’en demeurant comme ie ſuis, ie laiſſe périr dans le Monde la Race des Sganarelles;	outre cette joie, dis-je, on considère, qu'en demeurant comme tu suis, toujours laisse périr dans le Monde la Race des Séganarelles;
& qu’en me mariant, ie pourray me voir reuiure en d’autres moy- meſmes;	et qu'en me mariant, Seigneur pourrai me voir revivre en d'autres moi- mêmes;
que i’auray re pauiſir de voir des Creatures, qui ſeront ſorties de moy;	que j'aurai re pavisir de voir des Créatures, qui seront sorties de moi;
de petites Figures qui me reſſembleront comme deux goutes d’eau;	de petites Figures qui me ressembleront comme deux goutes d'eau;
qui ſe joüeront continuellement dans la Maiſon;	qui se joueront continuellement dans la Maison;
qui m’appelleront leur Papa, quand ie reuiendray de la Ville, & me diront de petites folies les plus agreables du Monde.	qui m'appelleront leur Papa, quand on reviendrai de la Ville, et me diront de petites folies les plus agréables du Monde.
Tenez, il me ſemble déja que i’y ſuis, & que i’en vois vne demie-douzaine autour de moy.	Tenez, il me semble déjà que j'y suis, et que j'en vois une demie-douzaine autour de moi.
GERONIMO.	GERONIMO.
Il n’y a rien de plus agreaDle que cela, & le vous coſſeille de vous marier, le plus viſte que vous pourrez.	Il n'y a rien de plus agréaDle que cela, et le vous côseille de vous marier, le plus vite que vous pourrez.
SGANA RELLE.	SGANA RELLE.
Tout de bon;	Tout de bon;
vous me le conſeillez?	vous me le conseillez?
COMEDIE.	COMÉDIE.
GERONIMO.	GERONIMO.
Aſſurément.	Assurément.
Vous ne Igaullel Ihicux Ialle.	Vous ne Igaullel Ihicux Jalle.
SGANARELLE.	SGANARELLE.
Vrayment, ie ſuis rauy que vous me donniez ce conſeil en veritable Amy.	Vraiment, Seigneur suis ravi que vous me donniez ce conseil en véritable Ami.
GERONIMO.	GERONIMO.
Hé!	Hé!
quelle eſt la Perſonne, s’il vous plaiſt, auec qui vous vous allez marier?	quelle est la Personne, s'il vous plaît, avec qui vous vous allez marier?
SGANARELLE.	SGANARELLE.
Dorimene.	Dorimène.
GERONIMO.	GERONIMO.
Cette jeune Dorimene, ſi galante, & ſi bien parée?	Cette jeune Dorimène, si galante, et si bien parée?
B iij 18 LE MARIAGE FORCE'.	 Bij 18 LE MARIAGE FORCE.
GERONIMO.	GERONIMO.
Fille du Seigneur Alcantor?	Fille du Seigneur Alcantor?
SGANARELLE.	SGANARELLE.
Iuſtement.	Justement.
GERONIMO.	GERONIMO.
Et Sœur d’vn certain Alcidas, qui le mene de porter l’Epée?	Et Sœur d'un certain Alcidas, qui le mène de porter l'Épée?
SGANARELLE.	SGANARELLE.
C’eſt cela.	C'est cela.
GERONIMO.	GERONIMO.
v oreu de ia vroe	v oreu de ja vroe
SGANARELLE.	SGANARELLE.
Qu’en dites-vous?	Qu'en dites-vous?
GERONIMO.	GERONIMO.
Bon Party!	Bon Parti!
Mariez-vous promptement.	Mariez-vous promptement.
SGANARELLE.	SGANARELLE.
N’ay-je pas raiſon, d’auoir fait ce ciiois :	N'ai-je pas raison, d'avoir fait ce ciais :
GERONIMO.	GERONIMO.
Sans doute.	Sans doute.
Ah!	Ah!
que vous roreupion marié!	que vous roreupion marié!
Dépeſchezvous de l’eſtre.	Dépeschezvous de l'être.
SGANARELLE.	SGANARELLE.
Vous me comblez de joye, de me dire cela.	Vous me comblez de joie, de me dire cela.
Ie vous remercie de voſtre conſeil;	Je vous remercie de votre conseil;
& ie vous inuite ce ſoir à mes Nopces.	et petit vous inuite ce soir à mes Noces.
GERONIMO.	GERONIMO.
le n’y manqueray pas;	le n'y manquerai pas;
& ie veux y aller en Maſque, afin de les mieux honorer.	et et deux y aller en Masque, afin de les mieux honorer.
SGANARELLE.	SGANARELLE.
Seruiteur.	Serviteur.
GERONIMO.	GERONIMO.
La jeune Dorimene, Fille du Seigneur Alcantor, auec le Seigneur Sganarelle, qui n’a que cinquante trois ans?	La jeune Dorimène, Fille du Seigneur Alcantor, avec le Seigneur Séganarelle, qui n'a que cinquante trois ans?
ô le beau Mariage!	ô le beau Mariage!
ô le beau Mariage!	ô le beau Mariage!
SGANARELLE.	SGANARELLE.
Ce Mariage doit eſtre heureux;	Ce Mariage doit être heureux;
car il donne de la joye à tout le Monde;	car il donne de la joie à tout le Monde;
& ie fais rire tous ceux à qui i’en parle.	et petit fais rire tous ceux à qui j'en parle.
Me voila fharfitenant le plus content des Hommes.	Me voilà fharfitenant le plus content des Hommes.
SCENE II.	SCÈNE II.
CORIMENE, SGANARLELE.	CORIMENE, SGANARLELE.
DORIMENE.	DORIMENE.
Lons, petit Garçon, u’on tienne bien ma Queuë;	Lons, petit Garçon, on tienne bien ma Queuë;
& qu’on ne s’amuſe pas à badiner.	et qu'on ne s'amuse pas à badiner.
SGANARELLE.	SGANARELLE.
Voicy ma Maiſtreſſe, qui vient.	Voici ma Maîtresse, qui vient.
Ah!	Ah!
qu’elle eſt agreable!	qu'elle est agréable!
quel air!	quel air!
& quelle taille!	et quelle taille!
Peut-il y auoir vn Homme, qui n’ait, en la voyant, des démangeaiſons de ſe marier?	Peut-il y avoir un Homme, qui n'ait, en la voyant, des démangeaisons de se marier?
Où allez-vous, belle Mignonne, chere Epouſe future de voſtre Epous futur?	Où allez-vous, belle Mignonne, chère Épouse future de votre Épous futur?
DORIMENE.	DORIMENE.
Ie vais faire quelques Emplettes.	Je vais faire quelques Emplettes.
SGANARELLE.	SGANARELLE.
Hé bien, ma Belle, c’eſt maintenant que nous allons eſtre heureux l’vn, & l’autre.	Hé bien, ma Belle, c'est maintenant que nous allons être heureux l'un, et l'autre.
Vous ne ſerez plus en droict de me rien refuſer;	Vous ne serez plus en droit de me rien refuser;
& ie pourray faire auec vous tout ce qu’il me plaira, ſans que perſonne s’en ſcandaliſe.	et ie pourrai faire avec vous tout ce qu'il me plaira, sans que personne s'en scandalise.
Vous allez eſtre à moy depuis la teſte juſqu’aux piez;	Vous allez être à moi depuis la tête jusqu'aux pieds;
& ie ſeray Maiſtre de tout :	et ici serai Maître de tout :
De vos petits yeux éueillez;	De vos petits yeux éveillez;
de voſtre petit nez fripon;	de votre petit nez fripon;
de vos levres appétiſſantes;	de vos lèvres appétissantes;
de vos oreilles amoureuſes;	de vos oreilles amoureuses;
de voſtre petit menton joly;	de votre petit menton joli;
de vos petits tétons rondelets;	de vos petits tétons rondelets;
de voſtre.	de votre.
Enfin toute voſtre Perſonne ſera à ma diſcretion;	Enfin toute votre Personne sera à ma discrétion;
& ie ſeray à meſme, pour vous careſſer, comme ie voudray.	et ici serai à même, pour vous caresser, comme ie voudrai.
N’eſtes-vous pas bien aiſe de ce Mariage, mon aimable Pouponne?	N'êtes-vous pas bien aise de ce Mariage, mon aimable Pouponne?
DORIMENE.	DORIMENE.
Tout à fait aiſe, ie vous jure:	Tout à fait aise, Seigneur vous jure:
car enfin la ſeuerité de mon Pere m’a tenuë juſques icy dans vne ſujettion la plus fâcheuſe du Monde.	car enfin la sévérité de mon Père m'a tenue jusques ici dans une sujettion la plus fâcheuse du Monde.
Il y a ie ne ſçay combien que i’en24.	Il y a ici ne sais combien que j'en24.
LE MANIAGETONCE rage du peu de liberté, qu’il me donne;	LE MANIAGETONCE rage du peu de liberté, qu'il me donne;
& i’ay cent fois ſouhaité qu’il me mariaſt pour ſortir promptement de la contrainte, où i’eſtois auec luy, & me voir en état de faire ce que ie voudray.	et j'ai cent fois souhaité qu'il me mariât pour sortir promptement de la contrainte, où j'étais auecjours, et me voir en état de faire ce que ie voudrai.
Dieu mercy, vous eſtes venu heureuſement pour cela, & ie me prepare deſormais à me donner du diuertiſſement, & à reparer comme il faut le temps que i’ay perdu.	Dieu merci, vous êtes venu heureusement pour cela, et ieare prépare désormais à me donner du divertissement, et à réparer comme il faut le temps que j'ai perdu.
Comme vous eſtes vn fort galant Homme, & que vous ſçauez comme il faut viure;	Comme vous êtes un fort galant Homme, et que vous savez comme il faut vivre;
ie croy que nous ferons le meilleur ménage du Monde enſemble, & que vous ne ſerez point de ces Maris incommodes, qui veulent que leurs Femmes viuent comme des Loup-garous.	Les crois que nous ferons le meilleur ménage du Monde ensemble, et que vous ne serez point de ces Maris incommodes, qui veulent que leurs Femmes vivent comme des Loup-garous.
Ie vous auouë que ie ne m’accommoderois pas de cela;	Je vous avoue que Madame ne m'accommodérais pas de cela;
& que la Solitude me de ſeſpere.	et que la Solitude me de sespère.
I’aime le Ieu;	J'aime le Jeu;
les Viſites;	les Visites;
les Aſſemblées;	les Assemblées;
les Cadeaux, & les Promenades;	les Cadeaux, et les Promenades;
en vn mot toutes les choſes de plaiſir;	en un mot toutes les choses de plaisir;
& vous deuez eſtre rauy, d’auoir vne Femme de mon humeur.	et vous devez être ravi, d'avoir une Femme de mon humeur.
Nous n’aurons iamais aucun démeſlé enſemble;	Nous n'aurons jamais aucun démêlé ensemble;
& ie ne vous contraindray point dans vos actions;	et ici ne vous contraindrai point dans vos actions;
comme i’eſpere que de voſtre coſté vous ne me contraindrez point dans les miennes:	comme j'espère que de votre côté vous ne me contraindrez point dans les miennes:
car pour moy, ie tiens qu’il faut auoir vne complaiſance mutuelle;	car pour moi, vou tiens qu'il faut avoir une complaisance mutuelle;
& qu’on ne ſe doit point marier, pour ſe faire enrager l’vn l’autre.	et qu'on ne se doit point marier, pour se faire enrager l'autre l'autre.
Enfin nous viurons, eſtant mariez, comme deux Perſonnes qui ſçauent leur monde.	Enfin nous vivrons, étant mariés, comme deux Personnes qui savent leur monde.
Aucun ſoupçon jalous ne nous troublera la cervelle;	Aucun soupçon jalous ne nous troublera la cervelle;
& c’eſt aſſez que vous ſerez aſſuré de ma fidelité, comme ie ſeray perſuadee de la vorcres lrdio quauez-vous?	et c'est assez que vous serez assuré de ma fidélité, comme tu serai persuadée de la vorcres lrdio quavez-vous?
ie vous voy tout changé de viſage.	Elle vous vois tout changé de visage.
SGANARELLE.	SGANARELLE.
Ce ſont quelques vapeurs, qui me viennent de monter à la teſte.	Ce sont quelques vapeurs, qui me viennent de monter à la tête.
DORIMENE.	DORIMENE.
C’eſt vn mal aujourd’huy, qui attaque beaucoup de Gens:	C'est un mal aujourd'hui, qui attaque beaucoup de Gens:
mais noſtre Mariage vous diſſipera tout cela.	mais notre Mariage vous dissipera tout cela.
Adieu, il me tarde déja que ie n’aye des Habits raiſonnables, pour quitter viſte ces guenilles.	Adieu, il me tarde déjà que je n'aie des Habits raisonnables, pour quitter vite cette guenilles.
Ie m’en vais de ce pas acheuer d’acheter toutes les choſes qu’il me faut;	Je m'en vais de ce pas achever d'acheter toutes les choses qu'il me faut;
& ie vous enuoyray les Mar chands.	et ici vous enuoyray les Mar chands.
SCENE III.	SCÈNE III.
GERONIMO, SGANARELLE.	GERONIMO, SGANARELLE.
GERONIMO.	GERONIMO.
H!	H!
Seigneur Sganarelle, ie ſuis rauy de vous trouuer encor icy;	Seigneur Séganarelle, votre suis ravi de vous trouver encor ici;
& i ay rencontré vn Orfevre, qui ſur le bruit que vous cherchiez quelque beau Diamant en Bague, pour faire vn Préſent à voſtre Epouſe, m’a fort prié de yous venir parler pour luy;	et y ai rencontré un Orfevre, qui sur le bruit que vous cherchiez quelque beau Diamant en Bague, pour faire un Présent à votre Épouse, m'a fort prié de yous venir parler pour lui;
& de vous dire qu’il en a vn à vendre, Ie plus parfait du Monde.	et de vous dire qu'il en a un à vendre, Je plus parfait du Monde.
SGANARELLE.	SGANARELLE.
Mon Dieu, cela n’eſt pas preſſé.	Mon Dieu, cela n'est pas pressé.
GERONIMO.	GERONIMO.
Comment!	Comment!
que veut dire celdleuelt Pardva quious montriez tout à l’heure?	que veut dire celdleuelt Pardva quious montriez tout à l'heure?
SGANARELLE.	SGANARELLE.
Il m’eſt venu, depuis vn moment, de petits ſcrupules ſur le Mariage.	Il m'est venu, depuis un moment, de petits scrupules sur le Mariage.
Auant que de paſſer plus auant, ie voudrois bien agiter à fond cette matière;	Avant que de passer plus avant, tu voudrais bien agiter à fond cette matière;
& que l’on m’expliquaſt vn Songe que i’ay fait cette Nuit, & qui vient tout à l’heure de me reuenir dans l’Eſprit.	et que l'on m'expliquât un Songe que j'ai fait cette Nuit, et qui vient tout à l'heure de me revenir dans l'Esprit.
Vous ſçauez que C iij les Songes ſont comme des Miroirs, où l’on découure quelquefois tout ce qui nous doit arriuer.	Vous savez que Ç iij quelque Songes sont comme des Miroirs, où l'on découvre quelquefois tout ce qui nous doit arriver.
Il me ſembloit que i’eſtois dans vn Vaiſſeau, ſur vne Mer bien agitée;	Il me semblait que j'étais dans un Vaisseau, sur une Mer bien agitée;
& que.	et que.
GERONIMO.	GERONIMO.
Seigneur Sganarelle, i’ay maintenant quelque pe tite Affaire, qui m’empeſche de vous oüyr.	Seigneur Séganarelle, j'ai maintenant quelque pé tite Affaire, qui m'empêche de vous ouïr.
Ie n’entens rien du tout aux Songes;	Je n'entends rien du tout aux Songes;
& quand au raiſonnement du Mariage, vous auez deux Sçauans;	et quand au raisonnement du Mariage, vous avez deux Savants;
deux Philoſophes vos Voiſins, qui ſont Gens à vous debiter tout ce qu’on peut dire ſur ce ſujet.	deux Philosophes vos Voisins, qui sont Gens à vous débiter tout ce qu'on peut dire sur ce sujet.
Comme ils ſont de Sectes diferentes, vous pouuez examiner leurs diuerſes opinions là-deſſus.	Comme ils sont de Sectes diferentes, vous pouvez examiner leurs diverses opinions là-dessus.
Pour moy, ie me contente de ce que ie vous ay dit tancort;	Pour moi, Seigneur me contente de ce que je vous ai dit tancort;
te tmeure voſtre Seruiteur.	te tmeure votre Serviteur.
SGANARELLE.	SGANARELLE.
Il a raiſon.	Il a raison.
Il faut que ie conſulte vn peu ces Gens-là ſur l’incertitude où ie ſuis.	Il faut que ici consulte un peu ces Gens-là sur l'incertitude où tu suis.
SCENE IV.	SCÈNE IV.
PANCRACE, A SGANARELLE.	PANCRACE, À SGANARELLE.
PANCRACE.	PANCRACE.
Llez, vous eſtes vn A Aimpertinent, mon Amy;	Llez, vous êtes un A Ympertinent, mon Ami;
vn Homme banniſſable de la Republique des Lettres.	Ah Homme bannissable de la République des Lettres.
MLATAVAACEELM.	MLATAVAACEELM.
Ah!	Ah!
bon, en voicy vn fort a propos.	bon, en voici un fort a propos.
PANCRACE.	PANCRACE.
Oüy, ie te ſoûtiendray par viues raiſons, que tu es vn Ignorant, ignorantiſſime, ignorantifiant, & ignorantifié par tous les cas, & mo des imaginables.	Oui, Seigneur te soutiendrai par vives raisons, que tu es un Ignorant, ignorantissime, ignorantifiant, et ignorantifié par tous les cas, et mo des imaginables.
SGANARELLE.	SGANARELLE.
Il a pris querelle contre quelqu’vn.	Il a pris querelle contre quelqu'amour.
Seigneur.	Seigneur.
PANCRACE.	PANCRACE.
Tu veux te meſler de raiſonner, & tu ne ſçais pas ſeulement les Elemens de la Raiſon.	Tu veux te mêler de raisonner, et tu ne sais pas seulement les Éléments de la Raison.
SGANARELLE.	SGANARELLE.
La colere l’empeſche de me voir.	La colère l'empêche de me voir.
Seigneur.	Seigneur.
PANCRACE.	PANCRACE.
C’eſt vne Propoſition condamnable dans toutes les Terres de la Philoſophie.	C'est assez Proposition condamnable dans toutes les Terres de la Philosophie.
SGANARELLE.	SGANARELLE.
Il faut qu’on l’ait fort irfitc.	Il faut qu'on l'ait fort irfitc.
Ic.	Ic.
PANCRACE.	PANCRACE.
Toto Cœlo, tota via aberras.	Toto Cœlo, tota via aberras.
SGANARELLE.	SGANARELLE.
Ie baile les ihailis à Monſieur le Docteur.	Je baile les jhailis à Monsieur le Docteur.
YANCRACE.	YANCRACE.
Seruiteur.	Serviteur.
SGANARELLE.	SGANARELLE.
Peut-on.	Peut-on.
PANCRAUE.	PANCRAUE.
Sçais-tu bien ce que tu as Tarc ivnohogiiſie in bâlordô.	Sais-tu bien ce que tu as Tarc ivnohogiisie in bâlordô.
SGANARELLE.	SGANARELLE.
Ie vous.	Je vous.
PANCRACE.	PANCRACE.
La Majeure en eſt inepte, la Mineure impertinente, & la Conciunon ridicule.	La Majeure en est inepte, la Mineure impertinente, et la Conciunon ridicule.
SGANARELLE.	SGANARELLE.
Ie.	Je.
PANCRACE.	PANCRACE.
Ie créuerois plutoſt que d’auoüer ce que tu dis;	Je crois plutôt que d'auoüer ce que tu dis;
& ie ſoûtiendray mon opinion jurqu’à la derſiere goute de mon Encre.	et ici soutiendrai mon opinion jurqu'à la dersile goute de mon Encre.
SGANARELLE.	SGANARELLE.
Puis-je.	Puis-je.
PANCRACE.	PANCRACE.
Muſ yure derontira y cette Propoſition, pugnis & calcibus, vnguibus & roſtro.	Mus y derontira y cette Proposition, pugnis et calcibus, unguibus et rostro.
SGANARELLE.	SGANARELLE.
Seigneur Ariſtote, peuton ſçauoir ce qui vous met	Seigneur Aristote, peuton savoir ce qui vous met
SGANARELLE.	SGANARELLE.
Puis-je demander ce que c’eſt?	Puis-je demander ce que c'est?
PANCRACE.	PANCRACE.
Ah!	Ah!
Seigneur Sganarelle, tout eſt renuerſé aujourd’huy;	Seigneur Séganarelle, tout est renversé aujourd'hui;
& le Monde eſt tombé tombé dans vne corruption generale.	et le Monde est tombé tombé dans une corruption générale.
Vne licence épouuantable regne par tout;	Une licence épouvantable règne par tout;
& les Magiſtrats, qui ſont établis, pour maintenir l’ordre dans cet Etat, déuroient rougir de honte, en ſouffrant vn ſcandale auſſi intolérable, que celuy dont le veux parler.	et les Magistrats, qui sont établis, pour maintenir l'ordre dans cet État, devraient rougir de honte, en souffrant un scandale aussi intolérable, que celui dont le veux parler.
SGANARELLE.	SGANARELLE.
Quoy donc?	Quoi donc?
Comment?	Comment?
PANCRACE.	PANCRACE.
Ie ſoûtiens qu’il faut dire la Figure d’vn Chapeau, & non pas la Forme.	Je soutiens qu'il faut dire la Figure d'un Chapeau, et non pas la Forme.
D’autant qu’il y a cette diference entre la Forme, & la Figure;	D'autant qu'il y a cette diérence entre la Forme, et la Figure;
que la Forme eſt la diſpoſition exterieure des Corps qui ſont animez;	que la Forme est la disposition extérieure des Corps qui sont animés;
& la Figure, la diſpoſition exterieure des Corps qui ſont inanimez:	et la Figure, la disposition extérieure des Corps qui sont inanimés:
& puis que le Chapeau eſt vn Corps inanimé, il faut dire la Figure d’vn Chapeau, & non pas la Forme.	et puis que le Chapeau est un Corps inanimé, il faut dire la Figure d'un Chapeau, et non pas la Forme.
Oüy, Ignorant que vous eſtes, c’eſt comme il faut parler;	Oui, Ignorant que vous êtes, c'est comme il faut parler;
& ce ſont les termes exprés d’Ariſtote dans le Chlapitle de la Quallce.	et ce sont les termes exprès d'Aristote dans le Chlapitle de la Qualce.
SGANARELLE.	SGANARELLE.
Ie penſois que tout fuſt perdu.	Je pensais que tout fût perdu.
Seigneur Docteur, ne ſongez plus à tout cela.	Seigneur Docteur, ne songez plus à tout cela.
Ie.	Je.
PANCRACE.	PANCRACE.
le ruis daris vne corcre, que ie ne me ſens pas.	le ruis daris Ah corcre, que Seigneur ne me sens pas.
SGANARELLE.	SGANARELLE.
Laiſſez la Forme, & le Chapeau en paix;	Laissez la Forme, et le Chapeau en paix;
i’ay que que choſe à vous communiquer.	j'ai que que chose à vous communiquer.
Ie.	Je.
PANCRACE.	PANCRACE.
Me vouloir ſoûtenir vne Propoſition de la ſorte?	Me vouloir soutenir une Proposition de la sorte?
PANCRACE.	PANCRACE.
Vne Propoſition condamnée par Ariſtote?	Une Proposition condamnée par Aristote?
pudent, de vouloir diſputer contre vn Docteur, qui ſçait lire, & écrire.	pudent, de vouloir disputer contre un Docteur, qui sait lire, et écrire.
Voila qui eſt fait, ie vous prie de m’écouLe ter.	Voilà qui est fait, je vous prie de m'écouLe ter.
Ie viens vous conſulter ſur vne Affaire qui m’embaraſſe.	Je viens vous consulter sur une Affaire qui m'embarrasse.
I’ay deſſein de prendre vne Femme, pour me tenir compagnie dans mon Ménage.	J'ai dessein de prendre une Femme, pour me tenir compagnie dans mon Ménage.
La Perſonne eſt belle.	La Personne est belle.
& bien faite:	et bien faite:
elle me plaiſt beaucoup, & eſt rauie de m’épouſer.	elle me plaît beaucoup, et est ravie de m'épouser.
Son Pere me l’a accordée;	Son Père me l'a accordée;
mais ie crains vn peu ce que vous ſçauez, la diſgrace dont on ne plaint Perſonne;	mais ainsi crains un peu ce que vous savez, la disgrâce dont on ne plaint Personne;
& ie voudrois bien vous prier, comme Philoſophe, de me dire voſtre	et beau voudrais bien vous prier, comme Philosophe, de me dire votre
PANCRACE.	PANCRACE.
Plutoſt que d’accorder qu’il faille dire la Forme d’vn Chapeau, i’accorderois que datur vacuum in rerum natura, & que le ne luis qu'vne Beſte.	Plutôt que d'accorder qu'il faille dire la Forme d'un Chapeau, j'accorderais que datur vacuum in rerhum natura, et que le ne luis qu'une Bête.
i V 2	y V 2
PANCRACE.	PANCRACE.
Ie vous demande pardon.	Je vous demande pardon.
Vne juſte colere m’occupe l’Eſprit.	Une juste colère m'occupe l'Esprit.
SGANARELLE.	SGANARELLE.
La peſte ſoit de l’Homme.	La peste soit de l'Homme.
Eh!	Eh!
Monſieur le Docteur, écoutez vn peu les Gens.	Monsieur le Docteur, écoutez un peu les Gens.
On vous parre vi neure durant;	On vous parre vi neure durant;
& vous ne répondez point à ce qu’on vous dit.	et vous ne répondez point à ce qu'on vous dit.
SGANARELLE.	SGANARELLE.
Eh!	Eh!
laiſſez tout cela;	laissez tout cela;
& prenez la peine de m’écouter.	et prenez la peine de m'écouter.
C.	Ç.
*PANCRACE.	PANCRACE.
Soit.	Soit.
Que voulez-vous me dire?	Que voulez-vous me dire?
SGANARELLE.	SGANARELLE.
Ie veux vous parier de quelque choſe.	Je veux vous parier de quelque chose.
PANCRACE.	PANCRACE.
Et de quelle Langue voulez-vous vous ſeruir auec mey.	Et de quelle Langue voulez-vous vous servir avec mey.
I PANCRACE.	I PANCRACE.
oüy.	oui.
SGANARELLE.	SGANARELLE.
Parbleu, de la Langue que i’ay dans la bouche;	Parbleu, de la Langue que j'ai dans la bouche;
ie croy que ie n’iray pas emprunter celle de mon Voiſin.	Ne crois que ici n'irai pas emprunter celle de mon Voisin.
PANCRACE.	PANCRACE.
Ie vous dis de quel Idiome;	Je vous dis de quel Idiome;
de quel Langage.	de quel Langage.
DONNANLLEL.	DONNANLLEL.
Ah!	Ah!
c’eſt vne autre affaire.	c'est autre affaire.
PANCRACE.	PANCRACE.
Voulez-vous me parler	Voulez-vous me parler
SGANARELLE.	SGANARELLE.
A coilo	À coilo
SGANARELLE.	SGANARELLE.
Non.	Non.
22	22
SGANARELLE.	SGANARELLE.
Non.	Non.
SCANVARLLLE, Non.	SCANVARLLLE, Non.
TANCRACE.	TANCRACE.
Latin?	Latin?
SGANARELLE.	SGANARELLE.
Non.	Non.
PANCRACE.	PANCRACE.
CICC.	CICC.
SGANARELLE.	SGANARELLE.
Non.	Non.
PANCRACE.	PANCRACE.
Hebreu?	Hébreu?
PANCRACE.	PANCRACE.
Siriaque?	Siriaque?
SGANARELLE.	SGANARELLE.
Non.	Non.
PIXIVORAICE.	PIXIVORAICE.
Turc?	Turc?
SGANARELLE.	SGANARELLE.
Non.	Non.
PANCRACE.	PANCRACE.
tirabe?	tirabe?
SGANARELLE.	SGANARELLE.
Nvon, Ilon, PlAIIQUis.	Névon, Ilon, PlAIQUis.
PANCRACE.	PANCRACE.
Ah François!	Ah Français!
SGANARELLE.	SGANARELLE.
Fort-bien.	Fort-bien.
PANCRACE.	PANCRACE.
Paſſez donc de l’autre côté:	Passez donc de l'autre côté:
car cette oreille-cy eſt deſtinée pour les Langues ſcientifiques, & étrangeres;	car cette oreille-cy est destinée pour les Langues scientifiques, et étrangères;
& l’autre eſt pour la maternelle.	et l'autre est pour la maternelle.
SGANARELLE.	SGANARELLE.
Ir lauebiendes ceremonies auec ces ſortes de Gens-cy!	Ir laubiendes cérémonies avec ces sortes de Gens-cy!
YANCMCE.	YANCE.
Que voulez-vous?	Que voulez-vous?
SGANARELLE.	SGANARELLE.
Vous conſulter ſur vne petite difficulté.	Vous consulter sur une petite difficulté.
PANORIIOL.	PANORIIOL.
Sur vne difficulté de Philoſophie, ſans dout?	Sur une difficulté de Philosophie, sans dout?
SGANARELLE.	SGANARELLE.
Pardonnez-moy.	Pardonnez-moi.
Ie.	Je.
PANCRACE.	PANCRACE.
Vous voulez peut-eſtre ſçauoir, ſi la ſubſtance, & l’accident, ſont termes ſinonimes, ou équiuoques, à l’égard de l’Eſtre.	Vous voulez peut-être savoir, si la substance, et l'accident, sont termes synonymes, ou équivoques, à l'égard de l'Être.
PANCRACE.	PANCRACE.
5l la Logique eſt vn Art, ou vne Science?	5l la Logique est un Art, ou une Science?
SGANARELLE.	SGANARELLE.
Ce n'eſt pas cela.	Ce n'est pas cela.
Ie.	Je.
PANCRACE.	PANCRACE.
onene a pour objet les trois operations de l’Eſprit, ou la troiſiéme ſeulement?	onène a pour objet les trois opérations de l'Esprit, ou la troisième seulement?
SGANARELLE.	SGANARELLE.
Non.	Non.
je.	je.
SGANARELLE, Point.	SGANARELLE, Point.
Ie.	Je.
SGANARELLE.	SGANARELLE.
Nenny.	Nenni.
Ie.	Je.
PANCRACE.	PANCRACE.
Si l’eſſence du Bien eſt miſe dans l’appétibilité, ou dans la conderance:	Si l'essence du Bien est mise dans l'appétibilité, ou dans la condérance:
4	4
SGANARELLE.	SGANARELLE.
Non.	Non.
Ie.	Je.
PANCRACE.	PANCRACE.
Si le Bien ſe réciproque auec la fin?	Si le Bien se réciproque auec la fin?
50 LE MARIAGE FORCE' SGANARELLE.	50 LE MARIAGE FORCE SGANARELLE.
Eh!	Eh!
non.	non.
Ie.	Je.
PANCRACE.	PANCRACE.
Si la Fin nous peut émouuoir par ſon Eſtre réel, ou par ſon Eſtre intentionel?	Si la Fin nous peut émouvoir par son Être réel, ou par son Être intentionel?
SGANARELLE.	SGANARELLE.
NOn, flolly Aori, troir, Hoſ, de par tous les Diables, non.	NOn, flolli Aori, troir, Hos, de par tous les Diables, non.
PANCRACE.	PANCRACE.
Expliquez donc voſtre penſée:	Expliquez donc votre pensée:
car ie ne puis pas la deuiner.	car ici ne puis pas la deviner.
dire, c’eſt que i’ay enuie de me marier auec vne Fille, qui eſt jeune, & belle.	dire, c'est que j'ai envie de me marier avec une Fille, qui est jeune, et belle.
Ie l’aime fort, & l’ay demandée à ſon Pere:	Je l'aime fort, et l'ai demandée à son Père:
mais comme i’apréhende.	mais comme j'appréhende.
PANCRACE en meſme temps que Sganarelle.	PANCRACE en même temps que Séganarelle.
La Parole a eſté donnée à l’Homme, pour expliquer ſa Penſée;	La Parole a été donnée à l'Homme, pour expliquer sa Pensée;
& tout ainſi que les Penſées ſont les Portraits des Choſes, de meſme nos Paroles ſont-elles les Portraits de nos Penſées:	et tout ainsi que les Pensées sont les Portraits des Choses, de même nos Paroles sont-elles les Portraits de nos Pensées:
mais ces Portraits diferent des autres Portraits, en ce que les autres Portraits ſont diſtinguez par tout de leurs Originaux, & que la Parole enferme en ſoy ſon Original, puis qu’elle n’eſt autre choſe que la Penſée expliquée par vn Signe extérieur:	mais ces Portraits difèrent des autres Portraits, en ce que les autres Portraits sont distingués par tout de leurs Originaux, et que la Parole enferme en soi son Original, puis qu'elle n'est autre chose que la Pensée expliquée par un Signe extérieur:
d’où vient que ceux qui penſent bien, ſont auſſi ceux qui parlent le mieux.	d'où vient que ceux qui pensent bien, sont aussi ceux qui parlent le mieux.
Expliquez-moy donc voſtre Penſée par la Parole, qui eſt le pius incemig iie de tous les Signes.	Expliquez-moi donc votre Pensée par la Parole, qui est le pius incemig jie de tous les Signes.
SGANARELLE.	SGANARELLE.
Il repouſſe le Docteur dans ſa Maiſon, & tire la Porte pour l’empeſcher de ſortir.	Il repousse le Docteur dans sa Maison, et tire la Porte pour l'empêcher de sortir.
Au Diable les Sçauans, qui ne veulent point écouter les Gens.	Au Diable les Savants, qui ne veulent point écouter les Gens.
On me l’auoit bien dit, que ſon Maiſtre Ariſtote n’eſtoit rien qu’vn Bauard.	On me l'avait bien dit, que son Maître Aristote n'était rien qu'un Bavard.
Il faut que i’aille trouuer l’autre;	Il faut que j'aille trouver l'autre;
il eſt plus poſé, & plus raiſonnable.	il est plus posé, et plus raisonnable.
Hola.	Holà.
SCENE V.	SCÈNE V.
MARPHVRIVS, SGANARELLE.	MARPHURIUS, SGANARELLE.
MARPHVRIVS.	MARPHURIUS.
Ve voulez-vous de moy, Seigneur Sganarelle?	Ve voulez-vous de moi, Seigneur Séganarelle?
SGANARELLE.	SGANARELLE.
Seigneur Docteur, i’aurois beſoin de voſtre Conſeil ſur vne petite Affaire dont il s’agit;	Seigneur Docteur, j'aurais besoin de votre Conseil sur une petite Affaire dont il s'agit;
& ie ſuis venu icy E iij 54 LE MARIAGE FORCE', pour cela.	et ici suis venu ici E j 54 LE MARIAGE FORCE, pour cela.
Ah!	Ah!
voila qui va bien.	voilà qui va bien.
Il écoute le monde.	Il écoute le monde.
celuy-cy.	celui-cy.
MARPHVRIVS.	MARPHURIUS.
Seigneur Sganarelle, changez, s’il vous plaiſt, cette façon de parler.	Seigneur Séganarelle, changez, s'il vous plaît, cette façon de parler.
Noſtre Philoſophie ordonne de ne point énoncer de Propoſition déciſiue;	Notre Philosophie ordonne de ne point énoncer de Proposition décisive;
de parler de tout auec incertitude;	de parler de tout avec incertitude;
de ſuſpendre toujours ſon jugement:	de suspendre toujours son jugement:
& par cette raiſon vous ne deuez pas dtre, ie ſuis venu;	et par cette raison vous ne devez pas dtre, je suis venu;
mais il me ſemble que ie ſuis venu.	mais il me semble que personne suis venu.
SGANARELLE.	SGANARELLE.
Il me ſemble!	Il me semble!
MARPHVRIVS.	MARPHURIUS.
Ce n’eſt pas vne conſequence;	Ce n'est pas une conséquence;
& il peut vous ſembler, ſans que la choſe ſoit veritable.	et il peut vous sembler, sans que la chose soit véritable.
SGANARELLE.	SGANARELLE.
Comment, il n’eſt pas vray que ie ſuis venu?	Comment, il n'est pas vrai que je suis venu?
MIARIIVREVJ.	MIARIVREU.
Cela eſt incertain;	Cela est incertain;
& nous deuons douter de tout.	et nous devons douter de tout.
SGANARELLE.	SGANARELLE.
oy!	oy!
ie ne ſuis pas icy;	On ne suis pas ici;
56 LE MARIAGE FORCE', & vous ne me parlez pas?	56 LE MARIAGE FORCE', et vous ne me parlez pas?
MARPHVRIVS.	MARPHURIUS.
Il m’aparoiſt que vous eſtes là, & il me ſemble que ie vous parle:	Il m'apparaît que vous êtes là, et il me semble que je vous parle:
mais il n’eſt pas aſſuré que cela ſoit.	mais il n'est pas assuré que cela soit.
2	2
SGANARELLE.	SGANARELLE.
Eh!	Eh!
que Diable, vous vous moquez.	que Diable, vous vous moquez.
Me voila, & vous voila bien nettement;	Me voilà, et vous voilà bien nettement;
& il n’y a point de me ſemble à tout cela.	et il n'y a point de me semble à tout cela.
Laiſſons ces ſubtilitez ie vous prie;	Laissons ces subtilités Prince vous prie;
& parlons de mon Affaire.	et parlons de mon Affaire.
Ie viens vous dire que i’ay enuie de me marier.	Je viens vous dire que j'ai envie de me marier.
COMEDIE.	COMÉDIE.
SGANARELLE.	SGANARELLE.
Ie vous le dy.	Je vous le dis.
MARPHVRIVS.	MARPHURIUS.
Il ſe peut faire.	Il se peut faire.
SGANARELLE.	SGANARELLE.
La Fille, que ie veux prendie, ulorujon;	La Fille, que Seigneur veux prendie, ulorujon;
& fort belle.	et fort belle.
MARMVRVS.	MARMURUS.
Il n’eſt pas impoſſible.	Il n'est pas impossible.
SGANARELLE.	SGANARELLE.
Feray-je bien, ou mal, de l'épouſer?	Ferai-je bien, ou mal, de l'épouser?
MARPHVRIVS.	MARPHURIUS.
L’vn, ou l’autre.	L'un, ou l'autre.
SGANARELLE.	SGANARELLE.
Ah!	Ah!
ah!	ah!
voicy vne autre Muſique.	voic y autre Musique.
Ie vous demande, ſi ie feray bien d’épouſer la	Je vous demande, si ici ferai bien d'épouser la
VRIVS.	VRIUS.
La choſe eſt faiſable.	La chose est faisable.
Dio dnds AlRBhus Qu'en penſez-vous?	Dio dînds AlRBhus Qu'en pensez-vous?
MARPHVRIVS.	MARPHURIUS.
Il n’y a pas d’impoſſibilité.	Il n'y a pas d'impossibilité.
MARPHVRIVS.	MARPHURIUS.
Ie ne ſçay.	Je ne sais.
SGANARELLE.	SGANARELLE.
Que me conſeillez-vous de faire?	Que me conseillez-vous de faire?
SGANARELLE.	SGANARELLE.
Tru Diabie foit ie vieux reſveur.	Tru Diabie soit ici vieux rêveur.
MARTIIVNVS.	MARTIVNUS.
Il en ſera ce qui pourra.	Il en sera ce qui pourra.
SGANARELLE.	SGANARELLE.
La peſte du Bourreau.	La peste du Bourreau.
Ie te feray changer de notte, Chien de limiolopne enrage.	Je te ferai changer de notte, Chien de limioloppne enrage.
MARPHVRIVS.	MARPHURIUS.
Ah, ah, ah.	Ah, ah, ah.
SGANARELLE.	SGANARELLE.
Te voila payé de ton gali mathias, inariauy de ine vonu content.	Te voilà payé de ton gali mathias, inariaui de ine vonu content.
MARPHVRIVS, Comment?	MARPHURIUS, Comment?
quelle inſolence!	quelle insolence!
m’outrager de la ſorte!	m'outrager de la sorte!
auoir eu l’audace de battre vn Philoſophe comme moy!	avoir eu l'audace de battre un Philosophe comme moi!
SGANARELLE.	SGANARELLE.
Corrigez, s’il vous plaiſt, cette maniere de parler.	Corrigez, s'il vous plaît, cette manière de parler.
Il faut douter de toutes choſes;	Il faut douter de toutes choses;
& vous ne deuez pas dire que ie vous ay battu;	et vous ne devez pas dire que ici vous ai battu;
mais qu’il vous ſemble que ie vous ay battu.	mais qu'il vous semble que je vous ai battu.
MARPHVRIVS.	MARPHURIUS.
Ah!	Ah!
ie m’en vais faire ma plainte, au Commiſſaire du Quartier, des coups que i’ay receus.	Elle m'en vais faire ma plainte, au Commissaire du Quartier, des coups que j'ai reçus.
MARPHVRIVS.	MARPHURIUS.
C’eſt toy, qui m’as traité ainſy.	C'est toi, qui m'as traité ainsi.
SGANARELLE.	SGANARELLE.
Ie n’en ſçay rien.	Je n'en sais rien.
MARPHVRIVS.	MARPHURIUS.
Et tu ſeras condamné en Iuſtice.	Et tu seras condamné en Justice.
SGANARELLE.	SGANARELLE.
Comment, on ne ſçauroit tirer vne Parole poſitiue de ce chien d’Homme là!	Comment, on ne saurait tirer une Parole positive de ce chien d'Homme là!
& l’on eſt auſſi ſçauant à la fin, qu’au commencement!	et l'on est aussi savant à la fin, qu'au commencement!
Que dois-je faire dans l’incertitude des fuites de mon Mariage?	Que dois-je faire dans l'incertitude des fuites de mon Mariage?
lamais Homme ne fut plus embarraſſé que ie ſuis.	lamais Homme ne fut plus embarrassé que sans suis.
Ah!	Ah!
voicy des Egyptiennes.	voici des Égyptiennes.
Il faut que ie me faſſe dire par elles ma bonne Auanture.	Il faut que ici me fasse dire par elles ma bonne Aventure.
nous donner ta main, auec la Croix dedans;	nous donner ta main, avec la Croix dedans;
& nous te dirons quelque choſe pour ton bon profit.	et nous te dirons quelque chose pour ton bon profit.
SGANARELLE.	SGANARELLE.
Tenez, les voila toutes deun yaaude deque vousdes mandez.	Tenez, les voilà toutes deun yaaude de vousdes mandez.
I.	I.
EGYPTIENNE.	ÉGYPTIENNE.
Tu as vne bonne phyſionomie, mon bon Monſieur, vne bonne phyſionomie.	Tu as notre bonne physionomie, mon bon Monsieur, une bonne physionomie.
2.	2.
EGYPTIENNE.	ÉGYPTIENNE.
Oüy, bonne phyſionomie.	Oui, bonne physionomie.
Tayironomie dvn Proiſie qui ſera vn jour quelque choſe.	Taisironomie dieux Proisie qui sera un jour quelque chose.
1.	1.
EGYPTIENNE.	ÉGYPTIENNE.
Tu ſeras marié auant qu’il	Tu seras marié avant qu'il
95 66 LE MARIAGE FORCE', ſoit peu, mon bon Monſieur;	95 66 LE MARIAGE FORCE', soit peu, mon bon Monsieur;
tu ſeras marié auant qu’il ſoit peu.	tu seras marié avant qu'il soit peu.
2.	2.
EGYPTIENNE.	ÉGYPTIENNE.
Tu épouſeras vne Femme gentille;	Tu épouseras une Femme gentille;
vne Femme gentille.	une Femme gentille.
1.	1.
EGYPTIENNE.	ÉGYPTIENNE.
Oüy, vne Femme qui ſera chérie, & aimée de tout le Monde.	Oui, une Femme qui sera chérie, et aimée de tout le Monde.
2.	2.
EGYPTIENNE.	ÉGYPTIENNE.
Vne Femme qui te fera beaucoup d’Amis, mon bon Monſieur;	Une Femme qui te fera beaucoup d'Amis, mon bon Monsieur;
qui te fera beaucoup d’Amis.	qui te fera beaucoup d'Amis.
I.	I.
EGYPTIENNE.	ÉGYPTIENNE.
Vne Femme qui fera venir l’abondance chez toy.	Une Femme qui fera venir l'abondance chez toi.
2.	2.
EGYPTIENNE.	ÉGYPTIENNE.
Vne Femme qui te donllera vnle grande reputacions	Une Femme qui te donllera un grande réputacions
1.	1.
EGYPTIENNE.	ÉGYPTIENNE.
Tu ſeras conſideré par elle, mon bon Monſieur;	Tu seras considéré par elle, mon bon Monsieur;
tu ſeras conſideré par elle.	tu seras considéré par elle.
SGANARELLE.	SGANARELLE.
Voila qui eſt bien:	Voilà qui est bien:
mais, dites-moy vn peu, ſuis-je menacé d’eſtre Cocu?	mais, dites-moi un peu, suis-je menacé d'être Cocu?
2.	2.
EGYPTIENNE.	ÉGYPTIENNE.
ebet.	ébet.
SGANARELLE.	SGANARELLE.
Oüy.	Oui.
1.	1.
EGYPTIENNE.	ÉGYPTIENNE.
Cocu?	Cocu?
68 LE MARIAGE FORCE', SGANARELLE.	68 LE MARIAGE FORCE', SGANARELLE.
Oüy, ſi ie ſuis menacé d’eſtre Cocu?	Oui, si belle suis menacé d'être Cocu?
Toutes deux chantent, & danſent.	Toutes deux chantent, et dansent.
La, la, la, la.	La, la, la, la.
SGANARELLE.	SGANARELLE.
Que Diable, ce n’eſt pas là me répondre.	Que Diable, ce n'est pas là me répondre.
Venez-ça.	Venez-ça.
Ie vous demande à toutes deux, ſi ie ſeray Cocu?	Je vous demande à toutes deux, si ici serai Cocu?
2.	2.
EGYPTIENNE.	ÉGYPTIENNE.
Cocu, vous?	Cocu, vous?
SGANARELLE.	SGANARELLE.
Oüy, ſi ie ſeray Cocu?	Oui, si belle serai Cocu?
Toutes deux chantent, & danſent, La, la, la, id.	Toutes deux chantent, et dansent, La, la, la, id.
SGANARELLE.	SGANARELLE.
Peſte ſoit des Carognes.	Peste soit des Carognes.
qui me laiſſent dans l’inquiétude!	qui me laissent dans l'inquiétude!
Il faut abſolument que ie ſçache la deſtinée de mon Mariage:	Il faut absolument que ici sache la destinée de mon Mariage:
& pour cela, ie veux aller trouuer ce grand Magicien, dont tout le Monde parle tant, & qui par ſon art admirable fait voir tout ce que l’on ſouhaite.	et pour cela, je veux aller trouver ce grand Magicien, dont tout le Monde parle tant, et qui par son art admirable fait voir tout ce que l'on souhaite.
Ma foy, ie croy que ie n’ay que faire d’aller au Magicien, & voicy qui me montre tout ce que ie puis demander.	Ma foi, Seigneur crois que ici n'ai que faire d'aller au Magicien, et voici qui me montre tout ce que tu puis demander.
LYCASTE.	LYCASTE.
Voy, belle Dorimene, ceit fans faillerie que vous parlez?	Vois, belle Dorimène, ceit fa illerie que vous parlez?
SCENE VII.	SCÈNE VII.
DORIMENE, LYCASTE, SGANARELLE.	DORIMENE, LYCASTE, SGANARELLE.
DORIMENE.	DORIMENE.
Sans raillerie.	Sans raillerie.
LYCASTE.	LYCASTE.
Et vos Nopces ſe feront dés ce ſoir!	Et vos Noces se feront dès ce soir!
LYCASTE.	LYCASTE.
Et vous pouuez, Cruelle que vous eſtes, oublier de la ſorte l’amour que i’ay pour vous;	Et vous pouvez, Cruelle que vous êtes, oublier de la sorte l'amour que j'ai pour vous;
& les obligeantes pa1oies que vous Maulez données?	et les obligeantes pa1oies que vous Maulez données?
DORIMENE.	DORIMENE.
Moy, point du tout.	Moi, point du tout.
Ie vous conſidere toüjours de meſme;	Je vous considère toujours de même;
& ce Mariage ne doit point vous inquiéter.	et ce Mariage ne doit point vous inquiéter.
C’eſt vn Homme que ie n’epouſe boint par amour;	C'est un Homme que ici n'épouse boint par amour;
& ſa ſeule richeſſe me fait réſoudre a l’accepter.	et sa seule richesse me fait résoudre à l'accepter.
Ie n’ay point de bien.	Je n'ai point de bien.
Vous n’en auez point auſſi;	Vous n'en avez point aussi;
& vous ſçauez que ſans cela on paſſe mal le temps au Monde;	et vous savez que sans cela on passe mal le temps au Monde;
& qu’à quelque prix que ce ſoit, il faut tâcher d’en auoir.	et qu'à quelque prix que ce soit, il faut tâcher d'en avoir.
I’ay embraſſé cette occaſion-cy de me mettre à mon aiſe;	J'ai embrassé cette occasion-cy de me mettre à mon aise;
& ie l’ay fait ſur l’eſperance de me voir bientoſt déliurée du Barbon, que ie prens.	et petit l'ai fait sur l'espérance de me voir bientôt délivrée du Barbon, que quelque prends.
C’eſt vn Homme, qui mourra auant qu’il ſoit peu;	C'est un Homme, qui mourra avant qu'il soit peu;
& qui n’a tout au plus que ſix mois dans le ventre.	et qui n'a tout au plus que six mois dans le ventre.
le vous le garantis défunt dans le temps que ie dis;	le vous le garantis défunt dans le temps que ie dis;
& ie n’auray pas longuement à demander pour moy au Ciel, l’heureux état de Veuue.	et ie n'aurai pas longuement à demander pour moi au Ciel, l'heureux état de Veuve.
Ah!	Ah!
nous parlions de vous, & nous en diſions tout le bien qu’on chigaurolt dic.	nous parlions de vous, et nous en disions tout le bien qu'on chigaurolt dic.
LYCASTE.	LYCASTE.
Eſt-ce la Monſieur.	Est-ce la Monsieur.
DORIMENE.	DORIMENE.
Oüy, c’eſt Momneur;	Oui, c'est Momneur;
qui me prend pour Femme.	qui me prend pour Femme.
LYCASTE.	LYCASTE.
Agréez, Monſieur, que ie vous félicite de voſtre Mariage, & vous preſente en meſme temps mes tres-humbles ſeruices.	Agréez, Monsieur, que ici vous félicite de votre Mariage, et vous présente en même temps mes très-humbles services.
Ie vous aſſure que vous épouſez là vne treshonneſte Perſonne.	Je vous assure que vous épousez là une treshonneste Personne.
Et vous.	Et vous.
Mademoiſelle, ie me réjoüis auec vous auſſi de l’heureux choix que vous auez fait.	Mademoiselle, Seigneur me réjouis sez vous aussi de l'heureux choix que vous avez fait.
Vous ne pouuiez pas mieux trouuer;	Vous ne pouviez pas mieux trouver;
& Monſieur a toute la mine d’eſtre vn fort bon Mary.	et Monsieur a toute la mine d'être un fort bon Mari.
Oüy, Monſieur, ie veux faire amitié auec vous;	Oui, Monsieur, ie veux faire amitié avec vous;
& lier enſemble vn petit commers.	et lier ensemble un petit commers.
uoviſites & de diuertiſſemens.	Ouvisites et de divertissements.
DORIMENE.	DORIMENE.
C’eſt trop d’honneur que vous nous faites à tous deux.	C'est trop d'honneur que vous nous faites à tous deux.
Mais allons, le temps me preſſe;	Mais allons, le temps me presse;
& nous aurons tout le loiſir de nous entretenir enſemble.	et nous aurons tout le loisir de nous entretenir ensemble.
SGANARELLE.	SGANARELLE.
Me voila tout à fait dégoûté de mon Mariage;	Me voilà tout à fait dégoûté de mon Mariage;
& ie croy que ie ne feray pas maſ de m’aller dégager de ma Parole.	et petit crois que je ne ferai pas mas de m'aller dégager de ma Parole.
Il m’en a coûté quelque argent:	Il m'en a coûté quelque argent:
mais il vaut mieux encor perdre cela, que de m’expoſer à quelque choſe de pis.	mais il vaut mieux encor perdre cela, que de m'exposer à quelque chose de pis.
Tâchons adroitement de tious débarraſſer de cette Affaire.	Tâchons adroitement de tious débarrasser de cette Affaire.
Hola.	Holà.
ALCANTOR.	ÀLCANTOR.
H!	H!
mon Gendre, ſoyez LA le bien venu!	mon Gendre, soyez LA le bien venu!
SGANARELLE.	SGANARELLE.
Monſieur, voſtre Seruiteur.	Monsieur, votre Serviteur.
SCENE VIII.	SCÈNE VIII.
ALCANTOR, SGANARELLE.	ÀLCANTOR, SGANARELLE.
O	Ô
ALCANTOR.	ÀLCANTOR.
Vous venez pour conclure le Marlagc:	Vous venez pour conclure le Marlagc:
SGANARELLE.	SGANARELLE.
Excuſez-moy.	Excusez-moi.
ALCANTOR.	ÀLCANTOR.
443 1 Ie vous promets que i’en ay autane dimpatrence que vous.	443 1 Je vous promets que j'en ai autane dimpatrence que vous.
SGANARELLE.	SGANARELLE.
le viens icy pour autre ſujet.	le viens ici pour autre sujet.
ALCANTOR.	ÀLCANTOR.
Maj donne brurey toutes les choſes neceſſaires pour cette Feſte.	Maj donne brurei toutes les choses nécessaires pour cette Fête.
SGANARELLE.	SGANARELLE.
Il n’eſt pas queſtion de cela.	Il n'est pas question de cela.
COMEDIE.	COMÉDIE.
ALCANTOR.	ÀLCANTOR.
77 Les Violons ſont retenus;	77 Les Violons sont retenus;
le Feſtin eſt commandé;	le Festin est commandé;
& ma Fille eſt parẽe, pour vous feccuoir.	et ma Fille est parmée, pour vous feccuoir.
SGANARELLE.	SGANARELLE.
Cormen pae ce quiin ameine.	Cormen paye ce quiin âmeine.
ALCANTOR.	ÀLCANTOR.
Enſin vous allez eſtre ſatisfait;	Ensin vous allez être satisfait;
& rien ne peut retarder voſtre contentement.	et rien ne peut retarder votre contentement.
ACTRAMAIAAEEUHO Mon Dieu, c’eſt autre choſe.	ACTRAMAIAAEEUHO Mon Dieu, c'est autre chose.
ALCANTOR.	ÀLCANTOR.
Allons, entrez donc, mon Gendre.	Allons, entrez donc, mon Gendre.
SGANARELLE.	SGANARELLE.
I’ay vn petit mot à vous dire.	J'ai un petit mot à vous dire.
ALCANTOR.	ÀLCANTOR.
Ah!	Ah!
mon Dieu, ne faiſons point de cerémonie:	mon Dieu, ne faisons point de cerémonie:
entrez viſte, s’il vous plaiſt.	entrez vite, s'il vous plaît.
SGANARELLE.	SGANARELLE.
Non, vous dis-je.	Non, vous dis-je.
Ie vous veux parler auparauant.	Je vous veux parler auparavant.
ALCANTOR.	ÀLCANTOR.
Vous voulez me dire quelque choſe?	Vous voulez me dire quelque chose?
SGANARELLE.	SGANARELLE.
Oüy.	Oui.
ALCANTOR.	ÀLCANTOR.
Et quoy?	Et quoi?
demandé voſtre Fille en mariage, il eſt vray;	demandé votre Fille en mariage, il est vrai;
& vous me l’auez accordée:	et vous me l'avez accordée:
mais ie me trouue vn peu auancé en âge pour elle;	mais ici me trouve un peu avancé en âge pour elle;
& ie conſidere, queie ne ſuis point du tout ion fait.	et petit considère, queie ne suis point du tout ion fait.
ALCANTOR.	ÀLCANTOR.
Pardonnez-moy.	Pardonnez-moi.
Ma Fille vous trouue bien, comme vous eſtes;	Ma Fille vous trouve bien, comme vous êtes;
& ie ſuis feur qu’elle viura fort contente auec vous.	et ici suis seur qu'elle vivra fort contente auec -vous.
2	2
SGANARELLE.	SGANARELLE.
Point;	Point;
i’ay par fois des bizarreries épouuantables;	j'ai par fois des bizarreries épouvantables;
& elle auroit trop à ſouffrir de ma mauuaiſe humeur.	et elle aurait trop à souffrir de ma mauvaise humeur.
80 LE MARIAGE FORCE’, ALCANTOR.	80 LE MARIAGE FORCE’, ALCANTOR.
ſance;	sance;
& vous verrez qu’elle s’accommodera entierement à vous.	et vous verrez qu'elle s'accommodera entièrement à vous.
SGANARELLE.	SGANARELLE.
I’ay quelques infirmitez rul ion Soips, qui pourroient la dégoûter.	J'ai quelques infirmités rul ion Soips, qui pourraient la dégoûter.
ALCANTOR.	ÀLCANTOR.
Cela n'eſt rien.	Cela n'est rien.
Vne honneſte Femme ne ſe dégoûte iamais de ſon Mary.	Une honnête Femme ne se dégoûte jamais de son Mari.
SGANARELLE.	SGANARELLE.
Eliin, voulez-vous que ie vous diſe, ie ne vous conſeille pas de me la donner.	Éliin, voulez-vous que je vous dise, où ne vous conseille pas de me la donner.
ALCANTOR.	ÀLCANTOR.
Vous moquez-vous?	Vous moquez-vous?
l’aimerois mieux mourir, que d’auoir manqué à ma Parole.	l'aimerais mieux mourir, que d'avoir manqué à ma Parole.
SGANARELLE.	SGANARELLE.
2 Mon Dieu, ie vous en diſpenſe, & ie.	2 Mon Dieu, Madame vous en dispense, et notre.
421 ALCANTOR.	421 ALCANTOR.
Point du tout.	Point du tout.
Ie vous l’ay promiſe;	Je vous l'ai promise;
& vous l’aurez en dépit de tous ceux quiy prétendent.	et vous l'aurez en dépit de tous ceux qui prétendent.
SGANARELLE.	SGANARELLE.
Que Diable!	Que Diable!
ALCANTOR.	ÀLCANTOR.
Voyez-vous, i’ay vne eſtime, & vne amitié pour vous, toute particuliere;	Voyez-vous, j'ai une estime, et une amitié pour vous, toute particulière;
& ie refuſerois ma Fille à vn Prince, pour vous la donner.	et Elle refuserais ma Fille à un Prince, pour vous la donner.
SGANARELLE.	SGANARELLE.
Seigneur Alcantor, ie vous ſuis obligé de l’honneur que vous me faites;	Seigneur Alcantor, votre vous suis obligé de l'honneur que vous me faites;
mais ie vous declare que ie ne me veux point marier.	mais ici vous déclare que ici ne me veux point marier.
ALCANTOR.	ÀLCANTOR.
Ecoutez, les volontez ſont libres;	Écoutez, les volontés sont libres;
& ie ſuis Homme à ne contraindre iamais Perſonne.	et ie suis Homme à ne contraindre jamais Personne.
Vous vous eſtes engagé auec moy, pour épouſer ma Fille;	Vous vous êtes engagé avec moi, pour épouser ma Fille;
& tout eſt preparé pour cela.	et tout est préparé pour cela.
Mais puis que vous voulez retirer voſtre Parole, ie vais voir ce qu’il y a à faire;	Mais puis que vous voulez retirer votre Parole, il vais voir ce qu'il y a à faire;
& vous aurez bientoſt de mes nouuelles.	et vous aurez bientôt de mes nouvelles.
SGANARELLE.	SGANARELLE.
Encor eſt-il plus raiſonnable que ie ne penſois;	Encor est-il plus raisonnable que je ne pensais;
& ie croyois auoir bien plus de peine à m’en dégager.	et grands croyais avoir bien plus de peine à m'en dégager.
Ma foy, quand i’y ſonge, i’ay fait fort ſagement, de me tirer de cette Affaire;	Ma foi, quand j'y songe, j'ai fait fort sagement, de me tirer de cette Affaire;
& i’allois faire vn pas, dont ie me ſerois peuteſtre long-temps repenty.	et j'allais faire un pas, dont tu me serais peutestre longtemps repenti.
Mais voicy le Fils qui me v fent rendre le poie.	Mais voici le Fils qui me sent rendre le poie.
SCENE IX.	SCÈNE IX.
ALCIDAS SGANARELLE.	ÀLCIDAS SGANARELLE.
ALCIDAS.	ÀLCIDAS.
Mon Pere m’a dit, Monſieur, que vous vous eſtiez venu dégager de la Parole que vous auiez donnée.	Mon Père m'a dit, Monsieur, que vous vous étiez venu dégager de la Parole que vous aviez donnée.
SGANARELLE.	SGANARELLE.
Ouy, Monneur, cent auec regret:	Oui, Monneur, cent avec regret:
mais.	mais.
ALCIDAS.	ÀLCIDAS.
Oh!	Oh!
Monſieur, il n’y a pas de mal à cela.	Monsieur, il n'y a pas de mal à cela.
SUAIMITRDEBE.	SUAIMITRDEBE.
I’en ſuis fâché, ie vous aſſure;	J'en suis fâché, Elle vous assure;
& ie ſouhaiterois.	et beau souhaiterais.
ALCIDAS, Cela n’eſt rien, vous dis-je.	ÀLCIDAS, Cela n'est rien, vous dis-je.
Luy preſentant deux Epées.	Lui présentant deux Épées.
Monſieur, prenez la peine de choiſir de ces deux Epées, laquelle vous voulez.	Monsieur, prenez la peine de choisir de ces deux Épées, laquelle vous voulez.
SGANARELLE.	SGANARELLE.
De ces deux Epées?	De ces deux Épées?
H	H
SGANARELLE.	SGANARELLE.
A quoy bon?	À quoi bon?
ALCIDAS.	ÀLCIDAS.
Monſieur, comme vous refuſez d’épouſer ma Sœur, apres la Parole donnée;	Monsieur, comme vous refusez d'épouser ma Sœur, après la Parole donnée;
ie croy que vous ne trouuerez pas mauuais le petit Compliment, que ie viens vous dalas	Les crois que vous ne trouverez pas mauvais le petit Compliment, que je viens vous dalas
SGANARELLE.	SGANARELLE.
Comment?	Comment?
ALCIDAS.	ÀLCIDAS.
D’autres Gens feroient du bruit, & s’emporteroient contre vous:	D'autres Gens feraient du bruit, et s'emporteraient contre vous:
mais nous ſommes Perſonnes à traiter les choſes dans la douceur;	mais nous sommes Personnes à traiter les choses dans la douceur;
& ie viens vous dire ciuilement, qu’il faut, ſi vous le trouuez bon, que nous nous coupions la gorge enſemble.	et petit viens vous dire civilement, qu'il faut, si vous le trouvez bon, que nous nous coupions la gorge ensemble.
SGANARELLE.	SGANARELLE.
Voila vn Compliment fort mal tourne.	Voilà un Compliment fort mal tourne.
ALCIDAS.	ÀLCIDAS.
Allons, Monſieur, choiſiſſez, ie vous prie.	Allons, Monsieur, choisissez, je vous prie.
SGANARELLE.	SGANARELLE.
Ie ſuis voſtre Valet:	Je suis votre Valet:
ie n’ay point de gorge à me couper.	Elle n'ai point de gorge à me couper.
La vilaine façon de parler que voila!	La vilaine façon de parler que voilà!
ALCIDAS.	ÀLCIDAS.
Monſieur, il faut que cela ſoit, s’il vous plaiſt.	Monsieur, il faut que cela soit, s'il vous plaît.
Du llRdlRes BEde Eh!	Du llRdlRes BEde Eh!
Monſieur, rengaînez ce Compliment, ie vous prie.	Monsieur, rengaînez ce Compliment, je vous prie.
ALCIDAS.	ÀLCIDAS.
Dépeſchons viſte, Monſieur.	Dépêchons vite, Monsieur.
I’ay vne petite Affaire, qui m’at2ouxd.	J'ai une petite Affaire, qui m'at2ouxd.
SGANARE LLE.	SGANARE LLE.
Ie ne veux point de cela, vous dy je.	Je ne veux point de cela, vous dis -je.
11 1j	11 1j
ALCIDAS.	ÀLCIDAS.
vous ne vouiez pas vous battre?	vous ne vouiez pas vous battre?
SGANARELLE.	SGANARELLE.
Nenny, ma foy.	Nenni, ma foi.
ALCIDAS.	ÀLCIDAS.
Tout de bon?	Tout de bon?
SClAvAleneEs Tout de bon.	SClAvAlèneEs Tout de bon.
ALCIDAS.	ÀLCIDAS.
Au moins, Monſieur, vous n’auez pas lieu de vous plaindre;	Au moins, Monsieur, vous n'avez pas lieu de vous plaindre;
& vous voyez que ie fais, les choſes dans l’ordre.	et vous voyez que personne fais, les choses dans l'ordre.
Vous nous manquez de Parole:	Vous nous manquez de Parole:
Ie me veux battre contre vous, vous refuſez de vous battre:	Je me veux battre contre vous, vous refusez de vous battre:
ie vous donne des coups de Baſton, tout cela eſt dans les formes;	Ne vous donne des coups de Bâton, tout cela est dans les formes;
& vous eſtes trop honneſte Homme, pour ne pas approuuer mon procedé.	et vous êtes trop honnête Homme, pour ne pas approuver mon procédé.
SGANARELLE.	SGANARELLE.
Quel Diable d’Homme eſt-ce cy?	Quel Diable d'Homme est-ce cy?
ALCIDAS.	ÀLCIDAS.
Allons, Monſieur, faites les choſes galamment, & ſans vous ſaire tirer l’oreiſſe.	Allons, Monsieur, faites les choses galamment, et sans vous zaïre tirer l'ore.
SGANARELLE.	SGANARELLE.
Encor!	Encor!
ALCIDAS.	ÀLCIDAS.
Monſieur, ie ne contrains Perſonne;	Monsieur, Seigneur ne contrains Personne;
mais il faut que vous vous battiez, ou que vous épouſiez ma Sœur.	mais il faut que vous vous battiez, ou que vous épousiez ma Sœur.
SGANARELLE.	SGANARELLE.
Monſieur, ie ne puis faire ny Ivn, lly l'atitre, le vous aſſure.	Monsieur, Seigneur ne puis faire ici Ivn, l 'atitre, le vous assure.
ALCIDAS.	ÀLCIDAS.
Aſſurément?	Assurément?
SGANARELLE, Aſſurément.	SGANARELLE, Assurément.
ALCIDAS.	ÀLCIDAS.
Auec voſtre permiſſion donc.	Avec votre permission donc.
SGANARELLE.	SGANARELLE.
Ah, ah, ah, ah.	Ah, ah, ah, ah.
ALCIDAS.	ÀLCIDAS.
Monſieur, i’ay tous les regrets du monde d’eſtre obligé d’en vſer ainſi auec vous;	Monsieur, j'ai tous les regrets du monde d'être obligé d'en user ainsi auec vous;
mais ie ne ceſſe.	mais ici ne cesse.
ray point, s’il vous plaiſt, que vous n’ayez promis de vous battre, ou d’épouſer ma Sœur.	Mais point, s'il vous plaît, que vous n'ayez promis de vous battre, ou d'épouser ma Sœur.
SGANARELLE.	SGANARELLE.
He bien, rcpouleray, repouſeray.	He bien, roulerai, repouserai.
ALCIDAS.	ÀLCIDAS.
Ah!	Ah!
Monſieur, ie ſuis rauy que vous vous mettiez à la raiſon;	Monsieur, Seigneur suis ravi que vous vous mettiez à la raison;
& que les choſes ſe paſſent douce.	et que les choses se passent douce.
ment:	ment:
car enfin vous eſtes l’Homme du Monde, que i’eſtime le plus, ie vous.	car enfin vous êtes l'Homme du Monde, que j'estime le plus, je vous.
jure;	jure;
& i’aurois eſté au deſeſpoir, que vous m’euſſiez contraint à vous mal-traiter.	et j'aurais été au désespoir, que vous m'eussiez contraint à vous maltraiter.
Ie vais appeller mon Pere, pour luy dire que tout eſt d’accord.	Je vais appeler mon Père, pour lui dire que tout est d'accord.
SCENE X.	SCÈNE X.
ALCANTOR, ALCIDAS, SGANARELLE.	ÀLCANTOR, ALCIDAS, SGANARELLE.
ALCIDAS.	ÀLCIDAS.
On Pere, voila Monſieur, IVTqui eſt tout à fait raiſonnable.	On Père, voilà Monsieur, IVTqui est tout à fait raisonnable.
Il a voulu faire les choſes de bonne grace;	Il a voulu faire les choses de bonne grâce;
& vous pouuez luy donner ma Sœur.	et vous pouvez homme donner ma Sœur.
ALCANTOR.	ÀLCANTOR.
Monſieur, voila ſa main:	Monsieur, voilà sa main:
vous n’auez qu’à donner la voſtre.	vous n'avez qu'à donner la vôtre.
Loüé ſoit le Ciel!	Loué soit le Ciel!
m’en voila déchargé;	m'en voilà déchargé;
& c’eſt vous deſormais que regarde le loin de ſa conduite.	et c'est vous désormais que regarde le loin de sa conduite.
Allons nous réjoüir, & celebrer cet heureux Mariage.	Allons nous réjouir, et célébrer cet heureux Mariage.
FIN.	FIN.
