TRAGI-COMEDIE PLAISANTE ET FACETIEVSE.	TRAGI-COMÉDIE PLAISANTE ET FACÉTIEUSE.
INTITVLEE LA SVBTILITE' DR Fanfreluche & Gaudichon & comme il ſui tiporse par le Diable.	INTITULÉE LA SVBTILITE DR Fanfreluche et Gaudichon et comme il zvi viporse par le Diable.
ROVEN, Sçez Abrabám Couſturier, ruë de la groſſe Horloge seuant les deux Cigoignes, YN chacun cognoiſtra par ceſte preſente hiſtoires Y combien eſt grande & perilleuſe la tentation du diable, combien ſes lacs ſont cauteriſez, pource que ce miſerable duquel nous faiſons mention à l’ouuerture de ceſte Tragi-comedie, eſtant pouſsé de l’enne my diabolique, lequel ne l’a iamais laiſſé iuſqu’au bout de ſa vie, lequel nous monſtre vn ſanglant & deplorable adieu:	ROUEN, Sez AbrabrabI Couturier, rue de la grosse Horloge seuant les deux Cigoignes, IN chacun connaîtra par cette présente histoires Y combien est grande et périlleuse la tentation du diable, combien ses lacs sont cautérisez, pource que ce misérable duquel nous faisons mention à l'ouverture de cette Tragi-comédie, étant poussé de l'enne mi diabolique, lequel ne l'a jamais laissé jusqu'au bout de sa vie, lequel nous montre un sanglant et déplorable adieu:
car ceſt aueuglé, ayant trouué le moyen de ſedoire vne ieune fille par ſes diſcours & flatteries, auec la ſubtilité d’vn certain docteur.	car cet aveuglé, ayant trouvé le moyen de sédoire une jeune fille par ses discours et flatteries, avec la subtilité d'unité certain docteur.
Ce miſerable contrefaiſant le docteur, abuſa le vieillard pere de Gaudichon, lequel luy donna la fille en mariage, pour monſtrer la ſpacioſité du lac de ceſt eſprit diabolique, leque!	Ce misérable contrefaisant le docteur, abusa le vieillard père de Gaudichon, lequel lui donna la fille en mariage, pour montrer la spaciosité du lac de cet esprit diabolique, leque!
tenoit ce malheureux grandement enlacé:	tenait ce malheureux grandement enlacé:
Arriué qu’eſtant marié, & ne pouuant de quel artifice vaincre le temps;	Arrivé qu'étant marié, et ne pouvant de quel artifice vaincre le temps;
trouue ceſt ennemy en ſa voye, auquel il demande l’eſpoir ou le ſetret de viure heureuſement;	trouve cet ennemi en sa voie, auquel il demande l'espoir ou le set de vivre heureusement;
auſſi toſt ceſt eſprit preſtant l’oreille, ne dormãt iamais prés de l’homme incenſé, luy reſpond, que s’il luy vouloit donner vn poil de ſes cheueux, qu’il le feroit iouyr de grande finance, laquelle choſe il luy octroya, & auſſi toſt cogneut que ſa legereté luy cauſoit la perdition de ſon ame:	aussi tôt cet esprit prêtant l'oreille, ne dormant jamais près de l'homme incensé, Seigneur répond, que s'il lui voulait donner un poil de ses cheveux, qu'il le ferait jouir de grande finance, laquelle chose il lui octroya, et aussi tôt connut que sa légèreté lui causait la perdition de son âme:
car eſtant au lict malade & abregeant ſa vie, fut emporté furieuſement par ceſtennemy en l’infernal	car étant au lit malade et abrégeant sa vie, fut emporté furieusement par cestennemy en l'infernal
AVX LECTEVRS,	AUX LECTEURS,
ONNET.	ONNNET.
Ecteurs gardez-vous bien en liſant ceſte hiſtoire Gaye ce qui ce peut de rire vn peu trop fort De peur qu’en trop riant la meurtriere mort Ne vous faſſe du Stix paſſer la riue noire.	Ecteurs gardez-vous bien en lisant cette histoire Gaie ce qui ce peut de rire un peu trop fort De peur qu'en trop riant la meurtrière mort Ne vous fasse du Stix passer la rive noire.
Ie ne ſuis plus des vieux, mais i’ay bonne memoire D’auoir veu vn rieux nommé Iobin du Nort A rire & à goſſer mettant trop ſon effort, Mourir & deuenir außi blanc que l’yuoire.	Je ne suis plus des vieux, mais j'ai bonne mémoire D'avoir vu un rieux nommé Jobin du Nort A rire et à gosser mettant trop son effort, Mourir et devenir aussi blanc que l'yvoire.
CraigneZ c’eſt accident, donc puiſqu’en trop riant L’on decede außi bien que par trop ſe fachant Encor que ces ſentiers ne tendent à meſme empire, Et qu’il y ayt vn peu trop de diuerſité Car i’ay touſiours ouy dire en l’vniuerſité Qu'on meurt de deſplaiſir außi bien que de rire.	Craignez c'est accident, donc puisqu'en trop riant L'on décède aussi bien que par trop se fâchant Encor que ces sentiers ne tendent à même empire, Et qu'il y ait un peu trop de diversité Car j'ai toujours ouï dire en l'université Qu'on meurt de déplaisir aussi bien que de rire.
Fanfreluche.	Fanfreluche.
Gaudichon.	Gaudichon.
Le vieillard.	Le vieillard.
La vieille.	La vieille.
Le Docteur, Biſtory valet de Panfierache.	Le Docteur, Bistori valet de Panfierache.
Le Diable.	Le Diable.
La Mort	La Mort
TRAGI-COMEDIE PLAISANTE ET FACETIEVSE.	TRAGI-COMÉDIE PLAISANTE ET FACÉTIEUSE.
ACTE PREMIER.	ACTE PREMIER.
FANFRELVCHE.	FANFRELUCHE.
{ 8 F.	{ 8 F.
e DYG M uelle, E!	 EYG M uelle, E!
que ie ſuis heureux d’eſtre ſi commencé Et que par mon ſçauoir ie ſuis tant aduancé, I’eſtois vn ignorant par ma creuſe ceruelle,  C Maintenant l’on me voit dire choſe nou(Eo quod video) vn tas de Damoiſelles Qui ſont icy venus comme des arondelles, Pour prendre leur plaiſir pour me voir triompher, (Sub bonum Theatrum) où ie viens le premier:	que je suis heureux d'être si commencé Et que par mon savoir ie suivi tant avancé, J'étais un ignorant par ma creuse cervelle, Ç Ré on me voit dire chose nouirsEo quod vidéo) un tas de Damoiselles Qui sont ici venus comme des arondelles, Pour prendre leur plaisir pour me voir triompher, (Sub bonum Théatrum) où ie viens le premier:
Ie ris auſſi bien qu’eux ſans monſtrer mes machoires (Sine pecunia) chacun m’apporte à boire, Commençons à riſer, non eſt tempus fleud',	Je ris aussi bien qu'eux sans montrer mes mâchoires (Sine punia) chacun m'apporte à boire, Commençons à riser, non est tempus fleud',
A iij	À jijà
Tragi-tomedie Ceux qui viennent icy n’ont point le cœur marri Au temps que ſuis mal ſain deſidero potum Vn iambon ou leuraut atque bonner vinum Iettant (ſoleſsimos) me gardant de tomber Quand yure ie ſerois me faudroit releuer, Que veut dire cela que perſonne ne chante Harangant mon Latin qui les demons enchante (Venter cautat vire virga) veut remüer Voila ce qui ſouuent diffame vn eſcolier, Semper cum inſtibus ludere pillijs Prouendo vaginem viceribus illis.	Tragi-tomédie Ceux qui viennent ici n'ont point le cœur marri Au temps que suis mal saur desidero potum Que jambon ou leuraut atque bonner vinum Ietant (solessimos) me gardant de tomber Quand ivre Se serais me faudrait relever, Que veut dire cela que personne ne chante Harangant mon Latin qui les démons enchante (Vent cautat vire virga) veut remuer Voilà ce qui souvent diffame femme écolier, Semper cum instibus ludere illis Pro vaginem viceribus illis.
Hé bien mes bonnes gens voulez vous diſputer De Metamorphoſis, ou vos noms decliner, Ou le Dieu Cuiſſe-ne qui ſur le vin domine Puis qu’on ne ſonnez mot de la langue Latine.	Hé bien mes bonnes gens voulez -vous disputer De Métamorphosis, ou vos noms décliner, Ou le Dieu Cuisse-ne qui sur le vin domine Puis qu'on ne sonnez mot de la langue Latine.
Venite ſi vultjeparma parata ſunt Vous eſtes des frelaux meurtriers de chapons:	Venite si vultjeparma parata sunt Vous êtes des frèrelaux meurtriers de chapons:
Vos dents font plus de mal que du moulin là meulle Lors qu’ils ſont aiguiſez tenant à voſtre gueule.	Vos dents font plus de mal que du moulin là meulle Lors qu'ils sont aiguisez tenant à votre gueule.
Et toy frere Thibaut ſubtil chartreur de puces Veux-tu gay batailler ainſi qu’vn fier autruche?	Et toi frère Thibaut subtil chartreur de puces Veux-tu gay tailler ainsi qu'un fier autruche?
Laiſſons là ce plaiſant parlons des Damoiſelles, De ces ieunes cadets, & de tous ces pucelles (Qui aymant amoren) trois iours de leur folie Apres vous les voyez declarer leur partie, 147 « Bannir les cœurs changeans, car ils ſont trop laſſez D’embraſſer bras à bras par leurs ſubtilitez Ces vieilles edentez, ces ſalles lipandieres, Ces noires Alectons, Trigones & Megeres:	Laissons là ce plaisant parlons des Damoiselles, De ces jeunes cadets, et de tous ces pucelles (Qui aimant amoren) trois jours de leur folie Après vous les voyez déclarer leur partie, 147 " Bannir les cœurs changéants, car ils sont trop lassez D'embrasser bras à bras par leurs subtilités Ces vieilles édentez, ces salles lipandières, Ces noires Alectons, Trigones et Mères:
Si i’eſtois marié ie ferois par police Qu’on les euſt à ietter dedans vn precipice, Bien que ie ſois orné d’vn piteux équipage.	Si j'étais marié Dieu ferais par police Qu'on les eût à jeter dedans un précipice, Bien que je sois orné d'un piteux équipage.
Vn pauure Freluchon veſtu groſſo modo Deſirant iour & nuict le plaiſant gobelot Et du flacon coulant l’agreable rouzée Dans le grand entonnoir de ma gorge alterée.	Un pauvre Frêluchon vêtu grosso modo Désirant jour et nuit le plaisant gobelot Et du flacon coulant l'agréable rouzée Dans le grand entonnoir de ma gorge altérée.
SLENEII.	SLENEII.
Le Vieillard, la Vieille, & Gaudichon.	Le Vieillard, la Vieille, et Gaudichon.
A Le Vieillard.	À Le Vieillard.
Vel ſera le ſouſpir & la triſte amertume Que ie dois regretter malheureuſe fortune?	Vel sera le soupir et la triste amertume Que personne dois regretter malheureuse fortune?
quel ſera le ſentier qui me pourta mener Au fleuue Yberien, au gouffre de la mer?	quel sera le sentier qui me pourta mener Au fleuve Ybérien, au gouffre de la mer?
Ou ſur le dos aigu d’vn chameau ſauuagin Ou au dur Elephant qui eſt doux & benin Sans lequel d’eſiſter de ſa veuë effroyable Tout droit me conduira au vray lieu deſirable Encor qu’vn animal reputé par nature Eſt capable & benin cerchant ſon aduanture Aduiſant l’innocent prés d’vn lieu d’angereux Il le retirera de peril odieux:	Ou sur le dos aigu d' Hameau sauvagin Ou au dur Élephant qui est doux et bénin Sans lequel d'éister de sa vue effroyable Tout droit me conduira au vrai lieu désirable Encor qu'à animal réputé par nature Est capable et bénin cerchant son aventure Aduisant l'innocent prés d'H lieu d'reux Il le retirera de péril odieux:
Grande benignité, amitié naturelle Qui guides l’innocent d’adreſſer fraternelle, Guides donc maintenant le vieillard refroigné 2	Grande bénignité, amitié naturelle Qui guides l'innocent d'adresser fraternelle, Guides donc maintenant le vieillard refroigné 2
Qui c’eſt aueuglé ment maintenant eſloigné A l’infernal profond faute d’vne conduite Ne voyant le chemin de la voye predite, Voyant l’aſpect malin de mes vieillardes dents, Voyant mon poil grifard & mon nez degoutant, Mon maintien vacillant, mes membres demeurez, Mes os hors de leurs joincts, mes nerfs tous deſſeiMon ſens jà pertroublé, ma parole foiblette (chez, Ne pouuant plus patir ſur ma force foiblette Car voulant cheminer ie n’ay tendrons ne veines Qui n’aille ſupportant vne cruelle peine:	Qui c'est aveuglé ment maintenant éloigné À l'infernal profond faute d'une conduite Ne voyant le chemin de la voie prédite, Voyant l'aspect malin de mes vieillardes dents, Voyant mon poil grisard et mon nez dégoûtant, Mon maintien vacillant, mes membres demeurez, Mes os hors de leurs joints, mes nerfs toujours desseiMon sens jà pertroublé, ma parole faiblette (chez, Ne pouvant plus pâtir sur ma force foiblette Car voulant cheminer ger àay tendrons ne veines Qui n'aille supportant cruelle peine:
Que pourrois-ie apporter donc pour dõpter ce mal Et mon cœur reſiouyt contre le ſort fatal, Qui fier & rigoureux eruellement m’oppreſſe auappeuune au tomocau qla treneurante vieilleſſe, Si voyois Gaudichon richement mariée.	Que pourrais-je apporter donc pour donner ce mal Et mon cœur resiouyt contre le sort fatal, Qui fier et rigoureux ervellement m'oppresse au au tomocau qla treneurante vieillesse, Si voyais Gaudichon richement mariée.
Mes veines reprendroient leur ſorce accouſtumée.	Mes veines reprendraient leur sotce accoutumée,
La Jieille.	La Jieille.
Ment Eſt-ce ce qui vous tient, cé n’eſt grand maladie Il la faut marier à voſtre fantaſié?	Ment Est-ce ce qui vous tient, cé n'est grand maladie Il la faut marier à votre fantaisié?
eni dea i.	eni dea y.
Le Vieillard mu mie appruenez vous, etttoraniez toſtre pere Qui deſire vous voir ainſi que voſtre mere, N’obeyrez vos pas à mon commandement n fole telray mibun aduancement?	Le Vieillard m ie approuvenez vous, ettoraniez totre père Qui désire vous voir ainsi que votre mère, N'obéiriez vos pas à mon commandement n ole telrai mibun avancement?
A	À
Gaudichon.	Gaudichon.
Cenent ma volonte, laictes voite mmnaite	Cenent ma volonté, laites te mennaite
Le Vieillard.	Le Vieillard.
Hé!	Hé!
que ie ſuis ioyeux ſçauoir voſtre ſecret.	que ici suis joyeux sçauoir avoir secret.
Fanfreluche.	Fanfreluche.
Ie ſuis tout enragé.	Je suis tout enragé.
Le Vieillard.	Le Vieillard.
Qu'auez-vous mon amy, he!	Qu'avez-vous mon ami, hé!
qu’auez.	qu'avez.
vous mangé?	vous mangé?
Qui vous roülle, tempeſte & fait ce mal au ventre, auez-vous veu le Stix ou bien l’auernal centre Que vous eſtes attainct de relle maladie.	Qui vous roulle, tempête et fait ce mal au ventre, avez-vous vu le Stix ou bien l'avernal centre Que vous êtes attaint de relle maladie.
Fanfreluche.	Fanfreluche.
Ie viens faire mon cours en la Theologie, Ie ſuis docteur paſſé ainſi que l’Aretin, Pour ſçauoir le Gregeois, l’Hebreu, & le Laain, Et iuis yenu veis vous pouruuon vortre mie, Le louure de beautez pour ſa grace gentille.	Je viens faire mon cours en la Théologie, Je suis docteur passé ainsi que l'Aretin, Pour sçauoir le Grégeois, l'Hebreu, et le La, Et juis yen vis vous pourvon vortre mie, Le louvre de beautés pour sa grâce gentille.
La Vieille.	La Vieille.
Qu’entendez-vous parler, eſt-ce vne moquerie, Eſtes vous incenſé, dites moy ie vous prie?	Qu'entendez-vous parler, est-ce une moquerie, Êtes -vous incendsé, dites mo ie vous prie!
Fanfreluche.	Fanfreluche.
Non, i’ay touſiours ayme ma chere Gaudichon, Pant leunct ay jeentc amirqu vle Drdon, Elle eſt tout mon ſoulas, c’eſt ma vraye amoureuſe, Car mon ame ne fat d’autre aymer deſireuſe.	Non, j'ai toujours aime ma chère Gaudichon, Pant leunct ai -je amirqu' elle Drdon, Elle est tout mon soûlas, c'est ma vraie amoureuse, Car mon âme ne fat d'autre aimer désireuse.
Le Vieillard.	Le Vieillard.
Que veut dire cela, approchez Gaudichon nefecognomen touapour vn bon compagnon?	Que veut dire cela, approchez Gaudichon nefecgnomen touapour un bon compagnon?
Gaudichon.	Gaudichon.
Il m’a porté touſiours vne amour enragée Eſperant qu’en bref temps ſerois ſon eſpouſée.	Il m'a porté toujours une amour enragée Espérant qu'en bref temps serais son épousée.
Allons deliberer.	Allons délibérer.
La Pieille.	La Pieille.
ACTE II.	ACTE II.
Le vieillard, la vieille, Gauat.	Le vieillard, la vieille, Gavat.
le Dueteur, Fanfra	le Dueteur, Fanfra
9 Le Vieillard.	9 Le Vieillard.
E cachot deſcouuert de la chere amitié lEEt leurs cœurs en vn vœu ſi chaſtement lié, Quel deſir chatoüilleux va eſclairant mes iours;	E cachot découvert de la chère amitié lEEt leurs cœurs en un vœu si chastement lié, Quel désir chatoüilleux va éclairant mes jours;
Alors que ie cognois ces fideles amours:	Alors que ici connais ces fidèles amours:
Ce ſera Gaudichon qui ſeule appaiſera L’orage & le malheur qui or m’attaquera:	Ce sera Gaudichon qui seule apaisera L'orage et le malheur qui or m'attaquera:
Puiſqu’à ma volonté elle ce vient offrir Cognoiſſant que ie ſuis ioyeux de ſon deſir Pour voir en ſon Printemps ſon ame priſonniere Au cachot amoureux de la belle lumiere, Au flambeau tenebreux qui me ſoulloit mener Dedans l’obſcurité captif & priſonnier, Puis que tout exempté de la priſon obſcure Qui detenoit mon ſens & meſme ma nature, Mon cœur à de couuertie vray pomnt demenn, Auſſi toſt que i’ay veu ce loyal amoureux, Lequel bien ſagement c’eſt venu addreſſeron A mon cœur que voila afin de l’eſpouſer.	Puisqu'à ma volonté elle ce vient offrir Cognaissant que je suis joyeux de son désir Pour voir en son Printemps son âme prisonnière Au cachot amoureux de la belle lumière, Au flambeau ténébreux qui me soullait mener Dans l'obscurité captif et prisonnier, Puis que tout exempté de la prison obscure Qui détenait mon sens et m a nature, Mon cœur à de couvertie vrai pomnt démenn, Aussi tôt que j'ai vu ce loyal amoureux, Lequel bien sagement c'est venu adresseron A mon cœur que voilà afin de l'épouser.
La Vieille.	La Vieille.
Puiſque nous cognoiſſons ceſt excellent Docteux Trnous taut ens em ou eſt homme d’honneur, Et s’il a le ſçauoir comme il lefait entendre Auant que d’accorder le poinct qui veut pretendre, De peur d’eſtre trompez & meſme noſtre fille Qui eſt de la cité la plus belle & gentille.	Puisque nous connaissons cette excellent Docteux Trnous tauts ens d' ou est Et s'il a Le s'il a le savoir comme il lésait entendre Avant que d'accorder le point qui veut prétendre, De peur d'être trompez et même notre fille Qui est de la cité la plus belle et gentille.
Le vieillard.	Le vieillard.
Allons nous enquelcenr.	Allons nous enquelcenr.
Le Docteur.	Le Docteur.
Incredulitas attius beſtijs, ita vt non ſum beſtia, Doctrina attius aſinis, Doctor non eſt aſinus.	Incredulitas attius bestijsà vita vît non sum bétia, Doctrina attius asinis, Doctor non est asinus.
Oarde ioocrbribus.	Oarde ioocrbribus.
Fanfreluche.	Fanfreluche.
Le Docteur.	Le Docteur.
Quid petis.	Qui petis.
Fanfreluche.	Fanfreluche.
Vellerem, auon vne amoueule, Et non poſſum habere ſine doctrina.	Vellerem, avon une amoule, Et non possum habère sine doctrina.
Le Docteur.	Le Docteur.
Srort ta teferas-tu tout ce que te diray?	Srort ta teferas-tu tout ce que te dirai?
Fanfreluche.	Fanfreluche.
eltuoracieique onidise.	eltuoracieique onidise.
Le Docteur.	Le Docteur.
d̀i ne tient qu'a ma prelence tu l’auras.	di ne tient qu'à ma prélence tu l'auras.
Fanfreluche.	Fanfreluche.
Quando interroges, interroga leuiter.	Quando interroges, interroga leviter.
Le Docteur.	Le Docteur.
Allez, nihil curetis, Excellentiſſimus homo magna ſa pientis præditus Labille amer, labille orator.	Allez, nihil curetis, Excellentissimus homo magna sa pientis præditus Labille amer, labille orator.
IAI Contre-fait le ſçauant & le ſabtil doctor.	IAI Contre-fait le sçauant et le sabtil doctor.
Le Vieillard.	Le Vieillard.
A vous!	À vous!
ô grand Docteurlô ſage perſonnage Qui prediſez à tous le futur & l’orage Puis que Dieu t’a donné vn ſçauoir excellent, Rends noſtre cœur certain de tout éuenement.	ô grand Docteurlô sage personnage Qui prédisez à tous le futur et l'orage Puis que Dieu t'a donné un savoir excellent, Rends notre cœur certain de tout événement.
Qui eſt ce grand Docteur qui a ſi bonne mine, ni ſe di ſi ſçauant, & ſi plein de docteine, Il parle tout Latin,ſi vous l’oyez parler De ces graues diſcours vous feroit eſtonner.	Qui est ce grand Docteur qui a si bonne mine, ni se di si savant, et si plein de docteine, Il parle tout Latin,si vous l'oyez parler De ces graves discours vous ferait étonner.
Le Docteur.	Le Docteur.
Ie croy en auoir ouy parle.	Je crois en avoir ouï parle.
Le Vieillard.	Le Vieillard.
Il le faut appeller tu l’examineras, Car il eſt bien fondé tu le recognoiſtras?	Il le faut appeler tu l'examineras, Car il est bien fondé tu le reconnaîtras?
Allez, ſus qu’on l’appelle & crie promptement Puis que ce docteur eſt du Latin fondement.	Allez, sus qu'on l'appelle et crie promptement Puis que ce docteur est du Latin fondement.
Le Docteur.	Le Docteur.
Venite Doctorum.	Venite Doctorum.
Panfrciuche.	Panfrciuche.
Salue ſapientibus.	Salue sapientibus.
Quomodo portas.	Quomodo portas.
Le Docteuy.	Le Docteui.
Fanfreluche.	Fanfreluche.
Venio lutetia vidi in viam tornet qui curebat poſt vacati de vonebue guanpare mper doſſa enis.	Venio lutetia vit in viam tornet qui curebat post vacati de vonebue guanpare mper dossa enis.
Le Docieur.	Le Docieur.
Olelegantiſſima narratjoni, ie n’en veux plus ouyr,	Olegantissima narratjoni, Elle n'en veux plus ouïr,
Le Vieillard.	Le Vieillard.
Hé bien monſieur que vous ſemble?	Hé bien monsieur que vous semble?
Le Docteur.	Le Docteur.
ſi ſçauant.	si sçauant.
Comment que me ſemble, iamais ie n’en ay veu vn	Comment que me semble, jamais belle n'en ai vu un
Le Vieillard.	Le Vieillard.
Helas!	Hélas!
quel reconfort à ma triſte langueur, Quel ſoulas m’eſiouyſt & me donne vigueur:	quel réconfort à ma triste langueur, Quel soûlas m'esiouyst et me donne vigueur:
Car Gaudichon eſt ot pour viure heureuſement, Mes yeux eſtincelans verront l’aduancement De l’amour qui a pris ſa pudique penſée D’vn regard radieux qui l’a illuminée.	Car Gaudichon est ot pour vivre heureusement, Mes yeux étincelants verront l'avancement De l'amour qui a pris sa pudique pensée D'un regard radieux qui l'a illuminée.
O telebre Hymen!	Ô telèbre Hymen!
ô plaiſante entrepriſe Tu as ſaiſi mon cœur pour en faire à ta guiſe Me voyant vagabond vn vieillard libertin Qui couroit les foreſts du ſoir iuſqu’au matin, Puis que court arreſté tu as tiré la bride Du malheur qui vouloit le tiltrer mon vray guide, Ocher aduancement!	ô plaisante entreprise Tu as saisi mon cœur pour en faire à ta guise Me voyant vagabond un vieillard libertin Qui courait les forêts du soir jusqu'au matin, Puis que court arrêté tu as tiré la bride Du malheur qui voulait le titrer mon vrai guide, Ocher avancement!
ô infuſe lumiere Qui ſeule a captiué mon ame priſonniere Voyant la liberté d’vn deſſoyal ennuy Qui c’eſtoit emparé pour me donner ſoucy Agrauant le ſommeil, deſpeignant ma vieilleſſe Cerchant tous les ſecrets pour me donner triſteſſe Pour me rendre au tombeau en la concauité Dix ans deuant mes iours, qui n’ont pas merité Encor de voir Charon, le Stix & le malheur Et le Tartare plein de ſoulphre & puanteur, Ne voulant ſupporter ma vieilleſſe esbranſlée, Ains m’accabler à coup de fureur animée.	ô infuse lumière Qui seule a captivé mon âme prisonnière Voyant la liberté d'un dessoyal ennui Qui c'était emparé pour me donner souci Agravant le sommeil, dépeignant ma vieillesse Cerchant tous les secrets pour me donner tristesse Pour me rendre au tombeau en la concavité Dix ans devant mes jours, qui n'ont pas mérité Encor de voir Charon, le Stix et le malheur Et le Tartare plein de soulphre et puanteur, Ne voulant supporter ma vieillesse ébranlée, Ains m'accabler à coup de fureur animée.
O cœur trop ſoulagé!	Ô cœur trop soulagé!
meſſager deſcouuert, Qui as tout declaré ceſt amoureux ſecret:	messager découvert, Qui as tout déclaré cet amoureux secret:
Ce veneneux regard, ceſte cruelle trongne Qui par ſa liberté meſpriſe la couronne.	Ce vénéneux regard, cette cruelle trongne Qui par sa liberté méprise la couronne.
La Pieille.	La Pieille.
Iettons bas mon amy la dure ſeruitude Qui ainſi nous tenoit en ſi grand l’aſſitude, Puiſque le dur collier & la fiere priſon A laiſſé le captif voyant ſa paſſion Pouſſez d’vne pitié voyant le ſeul amour Volleter en ſon cœur pour prendre ſon ſeiour.	Itons bas mon ami la dure servitude Qui ainsi nous tenait en si grand l'assitude, Puisque le dur collier et la fière prison A laissé le captif voyant sa passion Poussez d'une pitié voyant le seul amour Volleter en son cœur pour prendre son séjour.
Gaudichon.	Gaudichon.
Puis que tout aneure mon pere ſe contente Lors qu’il a entendu la ſcience excellente, Il nous faut aduiſer ce qui eſt de certain Auant qu’effectuer noſtre amoureux deſſein.	Puis que tout aneure mon père se contente Lors qu'il a entendu la science excellente, Il nous faut aviser ce qui est de certain Avant qu'effectuer notre amoureux dessein.
Parlez à voſtre pere.	Parlez à votre père.
La Vieille.	La Vieille.
Gaudichon.	Gaudichon.
Allons ioyeuſement, allons chere vieilleſſe I nous faut deſpartir en ioye & en lieſſe.	Allons joyeusement, allons chère vieillesse I nous faut départir en joie et en liesse.
Le VieillardAllons ma Gaudichon, adieu ſage docteur Ie ſuis voſtre ſeruant.	Le VieillardAllons ma Gaudichon, adieu sage docteur Je suis votre servant.
Adieu, adieu patron.	Adieu, adieu patron.
Le Docteur.	Le Docteur.
Fanfreluche.	Fanfreluche.
O bonus ſeuex qui credit lingua timida,	Ô bonus seuex qui crédit lingua timida,
Le Docteur.	Le Docteur.
Sans moy l’euſſe-tu euë en don?	Sans moi l'eusse-tu eue en don?
Fanfreluche, Magnas gratientiſſimas ago	Fanfreluche, Magnas gratientissimas ago
Le Docteur.	Le Docteur.
Il te faut diſcourir d’vn Latin bien hardy, meu teraj je uicouteriorsque leindſcy.	Il te faut discourir d' Latin bien hardi, meu terajje uicouteriorsque leindscy.
De lingua Græca, de Latina, de Barbara Et linguidi alius modo doctori vt potini habeas filiã.	De lingua Græca, de Latina, de Barbara Et linguidi us modo doctori vt potini habeas filiant.
Fanfreluche.	Fanfreluche.
Si ne tient qu’à cela ie diſcoureray trop Du Latin, de l’Hebreu, & du Grec au galop.	Si ne tient qu'à cela ie discourerai trop Du Latin, de l'Hebreu, et du Grec au galop.
Conimient, igllorez-vous que n’aye la maniere De contenter vn Roy amateur de lumiere?	Conimient, igllorez-vous que n'aie la manière De contenter un Roi amateur de lumière?
Ie parlerols au Turc, vorre au grand Soliman, Diſant, reddis Græca al Rex bonus Francam,	Je parlerols au Turc, vorre au grand Soliman, Disant, rédis Græca al Au bon Francam,
Le Docteur.	Le Docteur.
Os non fumetis ne ſis turbulentiſſimus.	Os non fumétis ne sis turbulentissimus.
nanfréluche.	nanfréluche.
C’eſt mon ſemblant de faire.	C'est mon semblant de faire.
Le Docteur.	Le Docteur.
Si cares doctrina cauta ambula, & omnia quæ attine ſtulto.	Si cares doctrina cauta ambula, et omnia quæ attine stulto.
Fanfreluche.	Fanfreluche.
Veux-tu dire que ie ſois fol?	Veux-tu dire que ici sois fol?
Le Docteurs E uagodanime duiciele	Le Docteurs E uagodanime duicle
Fanfreluche.	Fanfreluche.
Adieu graue Docteur, qui as dans la ceruelle Vue mer de Latin & paroles nouuelles, æ Ton ventre eſt tout farcy de points & de virgules, Et tes yeux tous tournez de voir tant d’Opuſcules, Ie croy que tu ferois d’vne graue façon Aux aſnes Arcadiens vne docte leçon:	Adieu grave Docteur, qui as dans la cervelle Veuve mer de Latin et paroles nouvelles, æ Ton ventre est tout farci de points et de virgules, Et tes yeux tous tournés de voir tant d'Opuscule, Je crois que tu ferais d'une grave façon Aux ânes Arcadiens une docte leçon:
Car tu ayme pluſtoſt la fertille cuiſine Que tu ne fais cent fois l’excellente doctrine.	Car tu aime plutôt la fertille cuisine Que tu ne fais cent fois l'excellente doctrine.
Fama tibi refero!	Fama tibi reféro!
ô braue bribonnier, Qui aymas niſeen!	ô brave bribonnier, Qui aimas niseen!
ô grand gallefretier, Quelqu’vn ta-il doüé de plus grandes vertus, T’attribuant l’honneur vires virtutious Portia fortinum aſinum Doctora Semper deſiderans cubile & menſa	ô grand gallefretier, Quelqu'Honneur ta-il doüé de plus grandes vertus, T'attribuant l'honneur vires virtious Portia fortinum asum Doctora Semper desidérants cubile et mensa
ACIE III.	ACIE III.
Fanfreluche, Biſtory vallet.	Fanfreluche, Bistori vallet.
Fanfreluche.	Fanfreluche.
Vel cruel accident en dormant ayſongé, 2 Ne te ſouuient-il point de ce qu’au rauaſſé, Eſtoit-ce verité ou choſe memengere, nsteso Eſtoit-ce Gaudichon qui ſeruoit de lumiere?	Vel cruel accident en dormant aisongé, 2 Ne te souvient-il point de ce qu'au ravassé, Était-ce vérité ou chose mémengère, nsteso Était-ce Gaudichon qui servait de lumière?
Eſclairant ſur mon lict d’vn flambeau iournalier, De certain ie penſois eſtre ſon priſonnier.	Éclairant sur mon lit d'un flambeau journalier, De certain autre pensais être son prisonnier.
Croyant qu’elle cerchaſt mafranche libetté,	Croyant qu'elle cerchât mafranche libeté,
C’eſtoit donc mon eſprit qui eſtoit tout troublé I’auois les pieds trop hauts & la teſte trop baſſe, C’eſtoit ce qui tenoit mon amour en ſa grace:	C'était donc mon esprit qui était tout troublé J'avais les pieds trop hauts et la tête trop basse, C'était ce qui tenait mon amour en sa grâce:
Car ſi toſt que ie ſuis eſtallé en mon lict L’on me voit en ronflant faire vn horrible bruict Caput il pederus, pedes in capite, Manus n angulo dormant ſur le coſté Le cul la gueule en haut pour ietter ſa fumée De peur d’empoiſonner madame l’eſpouſée.	Car si tôt que je suis estallé en mon lit L'on me voit en ronflant faire un horrible bruit Caput il péderus, pédés in capité, Manus n engulo dormant sur le côté Le cul la gueule en haut pour jeter sa fumée De peur d'empoisonner madame l'épousée.
Sum honeſtiſſimus auſſi toſt que ie dors Ie ne dis pas vn mot mon cœur eſt en repos.	Sum honêtissimus aussi tôt que Rome dors Je ne dis pas un mot mon cœur est en repos.
Aliquando eauto ongulo & ore De omnibus tonis poſſum intronare, Nullus eſt me proteſt cantare dormitem Qu’on vienne m’eſcouter ſi c’eſt pas ſentiment, Ouy, c’eſt vn ſentiment cantare vngulo Pro dormite dormans cubiculo, Lors que ie ſuis berché des humeurs ie diſtille Et du ventre & du cul, ſuis-je pas bien habille?	Aliquando eauto ongulo et ore De omnibus tonis possum intronare, Nullus est me protêt cantare dormite Qu'on vienne m'écouter si c'est pas sentiment, Oui, c'est un sentiment cantare ungulo Pro dormite dormans cubiculo, Lorsque éclats que ici berché des humeurs ici distille Et du ventre et du cul, suis-je pas bien habille?
Que dis-tu Biſtory ne veux-tu pas apprendre Er les exquis diſcours de ma bouche comprendres Afin d’eſtre eſtimé vn Caton excellent.	Que dis-tu Bistori ne veux-tu pas apprendre Er les exquis discours de ma bouche comprendrez Afin d'être estimé un Caton excellent.
Si toſt que cõprendras mon beau chant ſeulementt	Si tôt que commprendras mon beau chant seulement
Biſtory.	Bistori.
Ie ne veux di ſcerner becarre de nature, Ne cognoiſſant binol, ny ſuyure la meſure:	Je ne veux di erner bécarre de nature, Ne connaissant binol, ni suivre la mesure:
Iamais ie n’ay apris au rebours ny au droit, Iamais ie n’ay chanté ce qui eſt de ſecret.	Jamais ici n'ai appris au rebours ni a droit, Jamais tu n'ai chanté ce qui est de secret.
Fanfreluche.	Fanfreluche.
Sers moy honneſtement, le fecret t'apprenuray, Et grand muſicien en bref ie re rendray, Te ferey deſconter, t’apprendray la meſure, Tu chanter& Tu chanteras par tout ſur toute tablature.	Sers moi honnêtement, le secret t'apprenurai, Et grand musicien en bref été re rendrai, Te fèrey desconter, t'apprendrai la mesure, Tu la Tu chanteras par tout sur toute tablature.
Eſt-ce pas que ie t’ayme, eſt-ce pas que ie veux Ton profit te monſtrant ces chants harmonieux, Qui te feront cherir d’vn monde de nobleſſe Que tu contenteras ainſi que les princeſſes, Menant auec ton chant ſi plaiſante harmonie	Est-ce pas que ie t'aime, est-ce pas que ici veux Ton profit te montrant ces chants harmonieux, Qui te feront chérir d'un monde de noblesse Que tu contenteras ainsi que les princesses, Menant auec ton chant si plaisante harmonie
Que tu ferois ſauter les aſnes d’Arcadie:	Que tu ferais sauter les ânes d'Arcadie:
va donc cnez le viemara quiine vienne crouuer Pour voir ſi ne veut pas Gaudichon m’accorder.	va donc cnez le viemara quiine vienne crouver Pour voir si ne veut pas Gaudichon m'accorder.
Biſtory.	Bistori.
Ouy da, ie m’y en vois mon maiſtre promptement,	Oui da, Seigneur m'y en vois mon maître promptement,
Fanfreluche.	Fanfreluche.
Quand ſeras pres de luy parle aſſez hardiment.	Quand seras pres de belle parle assez hardiment.
Que de mal pour entrer dans vne hoſtellerie, Dans vn lieu ſi infaict remply de vilennie, Si i’auois accomply ce qu’ay deſir de faire Ie la delaiſſerois ainſi qu’vne eſtrangere, Puiſque ſi rarement ie ne puis approcher D'vn threſor qui m’eſt tant agreable & ſi cher.	Que de mal pour entrer dans une hôtellerie, Dans quelque lieu si infait rempli de vilennie, Si j'avais accompli ce qu'ai désir de faire Je la délaisserais ainsi qu'une étrangère, Puisque si rarement tu ne puis approcher D'un thresor qui m'est tant agréable et si cher.
Le Vieillard.	Le Vieillard.
mieu vous garu uion tignon ma ioye & malieſſe, Puiſque ſeul vous m’auez retiré de triſteſſe.	mieu vous garu uion tignon ma joie et maliesse, Puisque seul vous m'avez retiré de tristesse.
Fanfreluche.	Fanfreluche.
2 2 Caſtigabo sẽper nõ dices, hæc verba mutabis latitia	2 2 Castigo sẽper notre dices, hæc verba mutabis latitia
Le vieillard.	Le vieillard.
Ol que cela me plaiſt, ô!	Ol que cela me plaît, ô!
quel contentement Que Dieu m’a enuoyé ſi grand ſoulagement.	quel contentement Que Dieu m'a envoyé si grand soulagement.
Vt ego pedibus.	Vît ego pédibus.
Fanfreluche.	Fanfreluche.
le vieillard.	le vieillard.
Ne parlez plus Latin, allez ie me contente, Vous eſtes plus ſçauant que n’eſtoit mon attenté, Iamais ie n’euſſe creu qu’vne telle doctrine Euſsiez euë à vous voir vous n’en auez la mine, Vous aurez Gaudichon la choſe eſt aſſeurée, Pour en cueillir le fruict ſous vn ſainct Hymenée.	Ne parlez plus Latin, allez Seigneur me contente, Vous êtes plus savant que n'était mon attenté, Jamais autre n'eusse cru qu'une telle doctrine Eussiez eue à vous voir vous n'en avez la mine, Vous aurez Gaudichon la chose est assurée, Pour en cueillir le fruit sous un saint Hyménée.
Non ago tibi.	Non ago tibi.
Fanf reluche.	Fanf reluche.
Le Vieillard.	Le Vieillard.
v ous me lelea doublerapuliea plua Eutnis Laiſſez le demeurant pour de main au matin.	 vais me mêlea doublerapuliea plua Eutnis Laissez le demeurant pour de main au matin.
La Vieille.	La Vieille.
Vous ſerex bien-heureux, car Gaudichõ vous ayme Elle ſupportera voſtre amoureuſe peine, Embraſſez-vous tous deux pour l’amour accomplir Et puis vous parferez voſtre amoureux deſir.	Vous serex bienheureux, car Gaudichion vous aime Elle supportera votre amoureuse peine, Embrassez-vous tous deux pour l'amour accomplir Et puis vous parférez votre amoureux désir.
Viuez honneſte ment en l’honneur du Seigneur Qui vous va conuiant à ce lien d’honneur, Comme le vray autheur du bien & de l’amour Se delectant au vif du celeſte ſejour, Puiſque le iour naiſſant a eſclos l’amitié, Et vous a reunis ſous vne fermeté, Monſtrant que ſon deſir touſiours s’acheuera, Et que ſon ſainct vouloir çà bas s’accomplira, Ayant vny deux cœurs d’vne eſgalle amitié Puiſque ſeul y vous a pour elle deſtiné, En rendant voſtre cœur comblé d’affection Au but ou reſidoit ſa chaſte intention.	Vivez honnête ment en l'honneur du Seigneur Qui vous va conviant à ce lien d'honneur, Comme le vrai auteur du bien et de l'amour Se délectant au vif du celeste jour, Puisque le jour naissant a éclos l'amitié, Et vous a réunis sous une fermeté, Montrant que son désir toujours s'achèvera, Et que son saint vouloir çà bas s'accomplira, Ayant uni deux cœurs d'une égalle amitié Puisque seul y vous a pour elle destiné, En rendant votre cœur comblé d'affection Au but ou residoit sa chaste intention.
Fanfreluche.	Fanfreluche.
O admirabile miraculum!	Ô admirabile miraculum!
Le vieillard Ne parlez plus Latin.	Le vieillard Ne parlez plus Latin.
coup donuuara ile tn anguides	coup donvara il tenn anguides
Gaudichon.	Gaudichon.
Puis qu’il plaiſt au Seigneur que l’heureuſe iournét Deſcouure ſon Soleil de la nuict azurée, Diſtillant le flambeau du plancher radieux, S’eſcoulant doucement au rayon de nos yeux Sous le captif aſpect de la chere lumiere Qui tient le cœur chetif & l’ame priſonniere.	Puis qu'il plaît au Seigneur que l'heureuse journet Découvre son Soleil de la nuit azurée, Distillant le flambeau du plancher radieux, S'écoulant doucement au rayon de nos yeux Sous le captif aspect de la chère lumière Qui tient le cœur chétif et l'âme prisonnière.
Qui ne veut deſcouurir tout ſa deſloyauté Si on ne le ſurprend en ſa meſchanceté:	Qui ne veut découvrir tout sa déloyauté Si on ne le surprend en sa méchanceté:
Incredible malheur cache ton impudence Et penſe le futur & non point la preſence, Car comme deſſoyal tu viens tout deſguiſé Attaquant le mortel que tu as meſpriſé, Troublant le iugement de l’humain attentif Captinancian dencinielendauclagnena 3 2	Incredible malheur cache ton impudence Et pense le futur et non point la présence, Car comme dessoyal tu viens tout déguisé Attaquant le mortel que tu as méprisé, Troublant le jugement de l'humain attentif Captinancian dencinielendauclagnena 3 2
Fanfreluche.	Fanfreluche.
Diſplicet Deis, & placet Fanfreluchè.	Displicet Dis, et placet Fanfreluchète.
Gaudichon.	Gaudichon.
C’eſt vous auant-courrier le plus cher amoureux Que ie vis onc iamais de l’eſclat de mes yeux, Qurad oiene Honckear cc chhariltne fhonamne Par les attraicts charmeurs d’vne pudique flame, C’eſt vous, diſ-je, ô!	C'est vous avant-courrier le plus cher amoureux Que tu vis onc jamais de l'éclat de mes yeux, Qurad oiène Honcéear char chariltne fhonamne Par les attraits charmeurs d'une pudique flamme, C'est vous, dis-je, ô!
Caton, en ſçauoir inuaincu, Qui auez mon vouloir & mon amour vaincu.	Caton, en savoir invaincu, Qui avez mon vouloir et mon amour vaincu.
Fanfreluche.	Fanfreluche.
Ha!	Ha!
que ie ſuis heureux puiſque l’on m’attribuë Tant d’heur, tant de ſçauoir, & puiſſance abſoluë.	que ici suis heureux puisque l'on m'attribue Tant d'heur, tant de savoir, et puissance absolue.
Me nommant le Phœbus, la Lune & le flambeau, L'amour, & des amants l’Adonis le plus beau Que ſous l’eternité l’on ayt veu floriſſant, Me prenant pour Docteur, & ie ſuis payſant.	Me nommant le Phœbus, la Lune et le flambeau, L'amour, et des amants l'Adonis le plus beau Que sous l'éternité l'on ait vu florissant, Me prenant pour Docteur, et un suis paysant.
Gaudichon.	Gaudichon.
Allons mon cher eſpoux, venez ie vous ſupplie, Remenons le vieillard, car trop Il luy ennuye.	Allons mon cher époux, venez Seigneur vous supplie, Remenons le vieillard, car trop Il lui ennuie.
Fanfreluche.	Fanfreluche.
I’aurois beſoin qu’on me menaſt moy-meſme.	J'aurais besoin qu'on me menât moi-même.
Gaudichon.	Gaudichon.
Eſt-ce là l’amitié que me deuez porter Ne voulant au vieillard ſoulagement preſter, Voyant que roiblement vous le voyez aller Chancelant çà & là au danger de tomber,	Est-ce là l'amitié que me devez porter Ne voulant au vieillard soulagement prêter, Voyant que roiblement vous le voyez aller Chancelant çà et là au danger de tomber,
Fanfreluche.	Fanfreluche.
Niſi poſit ambulare curat.	Nisi posit ambulare curât.
Gaudichon.	Gaudichon.
Vous mocquez-vous de luy?	Vous moquez-vous de deux?
Fanfreluche.	Fanfreluche.
Comment mocquer, vous voyez que le meine, Venite vieiſſardez, cum tua vienfarda Gaudichon ſouſtenez-le de ce coſté là.	Comment moquer, vous voyez que le mène, Venite vieissardez, cum tua vienfarda Gaudichon soutenez-le de ce côté -là.
Quomodo dauſatis ſine violantibus.	Quomodo dausatis sine violantibus.
Cahalensaira Ne parlez plus Latin cela luy rompt la teſte.	Cahalensaira Ne parlez plus Latin cela lui rompt la tête.
Fanfreluche.	Fanfreluche.
Apres auoir prelche Il faut fanc ia quelte,	Après avoir prêlche Il faut fanc ja quelte,
La Vieille.	La Vieille.
O mon petit mignon, pauure petit cadet, Comme nous vieilliras encor que ſois ieunet.	Ô mon petit mignon, pauvre petit cadet, Comme nous vieilliras encor que sois jeunet.
Fanfreluche.	Fanfreluche.
Pour vieillir comme Iobie ne m’en donne peine, Pourueu que tous les iours i’aye la mague pleine, Que ie ſois touſiours ſoul ainſi qu’vn gras pourceax Re ſerué ſeulement les pieds & le muſeau.	Pour vieillir comme Jobie ne m'en donne peine, Pourvu que tous les jours j'aie la mague pleine, Que enfin sois toujours soul ainsi qu'un gras pourceax Re servé seulement les pieds et le museau.
le Pieillara, Si faut-il mes enfans penſer à voſtre affaire, Regardez au meſtier qui vous eſt neceſſaire, Car deux ieunes amans ſont nouueaux en meſnage.	le Pieillara, Si faut-il mes enfants penser à votre affaire, Regardez au métier qui vous est nécessaire, Car deux jeunes amants sont nouveaux en ménage.
S’ils ne penſent à eux c’eſt vn pauure equipage L’on ne vit ſans trauail il faut ſon corps pener Si l’on veut viure heureux & touſiours trauailler, Quand l’on viuroit cent ans & qu’on ne feroit rien, Iamais l’on n’acquerroit vne perche de bien:	S'ils ne pensent à eux c'est un pauvre équipage L'on ne vit sans travail il faut son corps pener Si l'on veut vivre heureux et toujours travailler, Quand l'on vivrait cent ans et qu'on ne ferait rien, Jamais l'on n'acquerrait une perche de bien:
Temiezevous que l’ayous panle loitre ſeuneſſe Dans les fleuueux pipeux d’vne vaine lieſſe.	Temiezevous que l'ayous penle loitre seunesse Dans les fleuveux pipeux d'une vaine liesse.
Fanfreluche.	Fanfreluche.
Mon pere taiſez-vous, ie ſeray à mon aiſe auſſi bien qu’homme de ma robbe.	Mon père taisez-vous, Seigneur serai à mon aise aussi bien qu'homme de ma robe.
Le Vieillard.	Le Vieillard.
Las!	Las!
que vous ferez bien penſer à l’aduenir Au moins que vous ayez tout à voſtre deſir:	que vous ferez bien penser à l'avenir Au moins que vous ayez tout à votre désir:
Dieu benit le labeur de l’homme qui trauaille, Multipliant ſon bien en quelque part qu’il aille.	Dieu bénit le labeur de l'homme qui travaille, Multipliant son bien en quelque part qu'il aille.
Moy ie ſuis obligé à vous monſtrer à viure, Le conſeil d’vn vieillard mon fils vous deuez ſuiure, Ne trouuer mal-ſeant les bons commandemens Que Moyſe laiſſa aux peres anciens, Dieune vourant laier riomme imbecillement Qu’il n’eut quelques ſtatuts pour ſon ſoulagement, Prenez ce vray guidon dedans voſtre penſée Abandonnant le mal qui rend l’ame offencée.	Mo ie suis obligé à vous montrer à vivre, Le conseil d'Un vieillard mon fils vous devez suivre, Ne trouver mal-séant les bons commandements Que Moïse laissa aux pères anciens, Dieune vourant layer riomme imbecillement Qu'il n'eut quelques st poures soulagement, Prenez ce vrai guidon dedans votre pensée Abandonnant le mal qui rend l'âme offensée.
Fanfreluche.	Fanfreluche.
Sequar tua mandata ſenis ſunt vera.	Sequar tua mandata senis sunt vera.
Gaudichon.	Gaudichon.
Allons tout doucement, ne les eſtonnons point.	Allons tout doucement, ne les étonnons point.
1 ACTE III.	1 ACTE III.
1GEI Le Drabie, Fanſretutne, Gagaitnon, te bocteur.	1GEI Le Drabie, Fantsretune, Gagaitnon, te bocteur.
4-2	4-2
Le Diable.	Le Diable.
Vi ſe viendra offrir pour eſprouuer ſa force.	Vi se viendra offrir pour éprouver sa force.
ZEt penſer deſchirer ma courjace eſcorce.	ZEt penser déchirer ma courjace écorce.
Ce pourra-il tenir en ſa ſtabilité, Sans courir çà & là pour voir l’habilité, Bien que comme impuiſſant ie ſemble deſarmé, Eſtant ſeul en ce lieu de nul accompagné:	Ce pourra-il tenir en sa stabilité, Sans courir çà et là pour voir l'habilité, Bien que comme impuissant ici semble désarmé, Étant seul en ce lieu de nul accompagné:
2 Venez hardis Soldats abandonnez vos parques, Approchez contre moy puis que ie vous attaques, Monſtrez le cœur hardy de voſtre renommée, Entrez dans le combat d’vne dextre animée.	2 Venez hardis Soldats abandonnés vos parques, Approchés contre moi puis que ie vous attaques, Monstrez le cœur hardi de votre renommée, Entrez dans le combat d'une dextre animée.
Comment eſprits coüards que ne vous haſtez-vous, Penſez-vous m’attraper & flechir mon courroux, Penſez-vous que la nuict ma force ſoit vagante, Donnez-vous vn aſſaut à l’auerne beante.	Comment esprits coüards que ne vous hâtez-vous, Pensez-vous m'attraper et fléchir mon courroux, Pensez-vous que la nuit ma force soit vagante, Donnez-vous un assaut à l'averne béante.
La nuict n’eſt le repos de l’eſprit cauteleux, Auſſi aucun fommeil ne peut ſiller mes yeux.	La nuit n'est le repos de l'esprit cauteleux, Aussi aucun sommeil ne peut siller mes yeux.
Mais puis que nul ne veut vers moy ſe preſenter Ie m’en vois, non venez, champions me dompter, Ie ſouſtiẽdray l’effort quel guerrier qu’il puiſſe eſtre Car quand mille ils ſeroient ie me feray paroiſtre, Pour monſtrer que mon art meſme ma hardieſſe Emportera l’honneur de leur freſle foibleſſe, Monſtrant que leur ſemblant ne pourra eſtonner Celuy qui deuant luy ſeul les fera cacher Au pauillon coüard de leur ſotte retraitte, On les verra fuyr au ſon de la trompette, De mon parler tonnant, & ma force indomptible.	Mais puis que nul ne veut vers moi se présenter Je m'en vois, non venez, champions me dompter, Je soustiẽdray l'effort quel guerrier qu'il puisse Un Car quand mille ils seraient laissaient me ferai paraître, Pour montrer que mon art endre ma hardiesse Emportera l'honneur de leur frêle faiblesse, Monstrant que leur semblant ne pourra étonner Celui qui devant Seigneur seul les fera cacher Au pavillon couard de leur sotte retraite, On les verra fuir au son de la trompette, De mon parler tonnant, et ma force indomptible.
Tout eſt ſous mõ pouuoir, rien ne m’eſt impoſſible:	Tout est sous mon pouvoir, rien ne m'est impossible:
Tout tremble, tout fremit ſous ma voix arrogante Qui ſemble dans les airs d’vne foudre roulante:	Tout tremble, tout frémit sous ma voix arrogante Qui semble dans les airs d'une foudre roulante:
C’eſt moy qui entreprens rendre l’homme ouurier En l’art qu’il entreprend pour ſoudain en vſer, le donne le pouuoir, i’adrene lignorant, Ie le fais inuentif à mal & tres-ſçauant.	C'est moi qui entreprends rendre l'homme ouvrier En l'art qu'il entreprend pour soudain en user, le donne le pouvoir, j'adrène lignorant, Je le fais inventif à mal et très-sçauant.
Fanfreluche.	Fanfreluche.
Vnde venis diabolis, quæ ſignificat cornat ua?	Unde venis diabolis, quæ significat cornât ?
Le Diable.	Le Diable.
roiqvertit cecraimtir qui a peur d’approcher, C’eſt quelque doctoreau qui me veut attaquer.	roiqvertit cecraimtir qui a peur d'approcher, C'est quelque doctoreau qui me veut attaquer.
Approche, que veux-tu?	Approche, que veux-tu?
Fanfreluche.	Fanfreluche.
Quero viam eundi foras.	Quéro viam eundi foras.
Le Diable.	Le Diable.
Parle François, que lerece vieil iergon.	Parle Français, que lerece vieil jergon.
Fanfreluche.	Fanfreluche.
Enda, monſieur le Dlable, ie ne içaulois parles François.	Enda, monsieur le Dlable, on ne içaulois parles Français.
Le Diable.	Le Diable.
Comment, me cognois-tu?	Comment, me connais-tu?
Fanfreluche.	Fanfreluche.
Enda, monſieur le diable, ie vous ay veu aux faux bourgs de Corneuille.	Enda, monsieur le diable, je vous ai vu aux faux bourgs de Corneuille.
Le Diable.	Le Diable.
He bien que deſires-tu de moy?	He bien que désires-tu de moi?
Fanfreluche.	Fanfreluche.
Monſieur le diable, ſi c’eſtoit ton plaiſir De m’enſeigner vn threſor pour m’eſioüir,	Monsieur le diable, si c'était ton plaisir De m'enseigner un trésor pour m'esioüir,
Le Deable.	Le Déable.
Tues bien addreſſé, c’eſt moy qui le peux faire Qui te peut aduancer, il faut qu’ainſi l’eſpere, Preſentant quelque don comme vne recompenſe Pour te faire iouyr de ſi grande finance, Te feray financier ſi tu veux y entendre:	Tues bien adressé, c'est moi qui le peux faire Qui te peut avancer, il faut qu'ainsi l'espère, Présentant quelque don comme une récompense Pour te faire jouir de si grande finance, Te ferai financier si tu veux y entendre:
Voire le plus puiſſant que l’on ſçauroit pretendree	Voire le plus puissant que l'on saurait prétendreée
Tajieimtisaa Mii Demãdez ce que vous voudrez, monſieur le diable.	Tajieimtisajà Mi Demandez ce que vous voudrez, monsieur le diable.
Le Diable.	Le Diable.
1 1 .	1 1 .
.	.
1) W « De ton poil vn cheueu comme don deleCcable, Et tu me donneras qui m’eſt agreable.	1) " De ton poil un chevu comme donc deleCcable, Et tu me donneras qui m'est agréable.
C6 13	C6 13
Fanfreluche.	Fanfreluche.
Eſperez tout à vous & à voſtre puiſſance, Vous pouuez ſi voulez tout mon bien eſperer, Et ſous voſtre aiſle auoir ce qui m’eſt couſtumier.	Espérez tout à vous et à votre puissance, Vous pouvez si voulez tout mon bien espérer, Et sous votre aile avoir ce qui m'est coutumier.
Le Diable.	Le Diable.
Tien voila le pacquet, le threſor financier Duquel tu iouyras tant que peux eſperer:	Tiens voilà le pacquet, le trésor financier Duquel tu jouiras tant que peux espérer:
Limite donc le temps duquel dois triompher, Faiſant à ton plaiſir pour ton cœur contenter, Bornant le bref eſpoir du ſouhait de ta vie Au bout du temps prefix l’ame ſera perie.	Limite donc le temps duquel dois triompher, Faisant à ton plaisir pour ton cœur contenter, Bornant le bref espoir du souhait de ta vie Au bout du temps préfix l'âme sera périe.
Fanfreluche.	Fanfreluche.
82 L’eſpace de vingt ans donne moy le pouuoir De faire à mon plaiſir & me faire valloir, Que me voye eſleué en ſupreſme lieſſe, Que i’aye mon plaiſir, le temps de ma ieuneſſe:	82 L'espace de vingt ans donne moi le pouvoir De faire à mon plaisir et me faire valloir, Que me voie élevé en suprême liesse, Que j'aie mon plaisir, le temps de ma jeunesse:
La vieilleſſe n’eſt rion, roſt ou tard faut mourir, Apres qu’on a veſcu à ſon ioyeux deſir:	La vieillesse n'est rion, rôt ou tard faut mourir, Après qu'on a vécu à son joyeux désir:
Et que peut eſperer vn vieillard vacillant ;	Et que peut espérer un vieillard vacillant ;
n’a nul mouuement ayant paſſé cesans, Eſtant tout eſploré d’vne larme eſcumeule Qui luy couure les yeux de vapeur bruyneuſe.	n'a nul mouvement ayant passé céans, Étant tout esploré d'une larme écumeule Qui avait couvre les yeux de vapeur bruineuse.
Acheue ton deſir, mets fin à ma demande, Monſtre que hardiment tu me donne puiſſance Ainſi qu’ay requeru à tout honneur puiſſant, De tout empieter ne vas contrediſant,	Achève ton désir, mets fin à ma demande, Montre que hardiment tu me donne puissance Ainsi qu'ai requerv à tout honneur puissant, De tout empiéter ne vas contredisant,
Puiſque tout arreſté la requeſte accomplie, Il nous faut ſeparer iuſqu’au bout de la vie.	Puisque tout arrêté la requête accomplie, Il nous faut séparer jusqu'au bout de la vie.
de anute Va faire à ton plaiſir.	de anute Va faire à ton plaisir.
Fanfreluche.	Fanfreluche.
Quel deſtin fortuné à ſaiſi mon honneur Qui me rend maintenant le ſupreſme vainqueur?	Quel destin fortuné à saisi mon honneur Qui me rend maintenant le suprême vainqueur?
Où es-tu Gaudichon, eſt-tu jà endormie Au lieu de deuancer mon ire & ma furie.	Où es-tu Gaudichon, est-tu jà endormie Au lieu de devancer mon ire et ma furie.
Que n’as-tu eſpanché le million de larmes Eois que tuentendoiscestenebieux gensed’armes, En ce temps dormois-tu du ſommeil deuorant Ayant le chef courbé ſur le lict languiſſant.	Que n'as-tu épanché le million de larmes Éais que tuentendaiscestènebieux gensed'armes, En ce temps dormais-tu du sommeil dévorant Ayant le chef courbé sur le lit languissant.
Gaudichon.	Gaudichon.
Dieu vous gard mon amy, bon iour vous ſoit donné Nuict & iour ie penſois que fuſſiez en allé, Et que m’euſſiez laiſſée ainſi qu’vne eſtrangere, Voguant deſſus la mer de triſteſſe & miſere.	Dieu vous gard mon ami, bon jour vous soit donné Nuit et jour ie pensais que fussiez en allé, Et que m'eussiez laissée ainsi qu'une étrangère, Voguant dessus la mer de tristesse et misère.
Fanfreluche.	Fanfreluche.
Que me demandes-tu ne parle point a moy, Vois-tu point qu’ay changé d’amour & d’autre Roy Ie ne te cognois point, va chercher Franfreluche Au lieu ou tu voudras, de peur qu’il ne ſe muche.	Que me demandes-tu ne parle point a moi, Vois-tu point qu'ai changé d'amour et d'autre Roi Je ne te connais point, va chercher Franfreluche Au lieu ou tu voudras, de peur qu'il ne se muche.
Gaudichon.	Gaudichon.
Comment, & qu’eſtes vous qui faictes l’aſſeuré, Ne cognoiſſez-vous point voſtre cœur bien aymé.	Comment, et qu'êtes -vous qui faites l'assuré, Ne connaissez-vous point votre cœur bien aimé.
Fanfreluthe.	Fanfreluthe.
Ie penſe que tu lois folle.	Je pense que tu lois folle.
Gaudichon.	Gaudichon.
tielas:	tielas:
queis amoureua de premere muietece	que amoureua de prémère muietece
Fanfreluche.	Fanfreluche.
Ha!	Ha!
pauure Gaudichon, eſt-ce toy que i’entends.	pauvre Gaudichon, est-ce toi que j'entends.
Ne te collere point, mais reprens ton bon ſens.	Ne te colle point, mais reprends ton bon sens.
Depuis que ſuis party i’ay du bien acqueru Pour nous tenir heureux puis que Dieu la vouluj	Depuis que suis parti j'ai du bien acquerv Pour nous tenir heureux puis que Dieu la vouluj
Gaucichon.	Gaucichon.
Viuons auec l’honneur, ceſt vne alme richeſſe De viure ſelon Dieu, & croire ſa promeſſe:	Vivons auec l'honneur, cet autre âme richesse De vivre selon Dieu, et croire sa promesse:
Puis qu’à tous il promet vn plaiſir à iamais Au fortir de ce lieu, où diuin il nous paix.	Puis qu'à tous il promet un plaisir à jamais Au sortir de ce lieu, où divin il nous paix.
Ce n’eſt l’eternité que ce bas territoire, Ce n’eſt qu’vn abregé d’vne freſle memoire:	Ce n'est l'éternité que ce bas territoire, Ce n'est qu'un abrègé d'une frêle mémoire:
Nul ne peut s’aſſeurer viure eternellement ai ce n’eſt le vouion uu grand Dleucxcenent Pour mõſtrer que l’amour de laquelle il nous ayme, Iamais ne perira ne ſe monſtrera vaine.	Nul ne peut s'assurer vivre éternellement ai ce n'est le vouion u grand Dleucxcennent Pour montrer que l'amour de laquelle il nous aime, Jamais ne périra ne se montrera vaine.
Fanfreluche.	Fanfreluche.
Las quel eſmouuement à ſaiſi tout mon corps, Tout malade ie ſuis, ie ſens briſer mes os, Et mon ſang boüillonner au milieu de mes vaines.	Las quel esmouuement à saisi tout mon corps, Tout malade je suis, pour sens briser mes os, Et mon sang bouillonner au milieu de mes vaines.
Halie ſuis tout rompu, Dieu que ie lens de peines.	Halie suis tout rompu, Dieu que je lents de peines.
Gaudichon.	Gaudichon.
Sur vous ne paroiſt rien.	Sur vous ne paraît rien.
Fanfreluche.	Fanfreluche.
l ourtanc ie llen puis pius.	 lourtanc eaux llen puis pius.
Gaudichon.	Gaudichon.
Ie m’en vais querir le Docteur.	Je m'en vais quérir le Docteur.
Fanfreluche.	Fanfreluche.
Helas il n’eſt plus temps.	Hélas il n'est plus temps.
Le Docteur.	Le Docteur.
Vndè hoc Fanfreluche.	Undé hoc Fanfreluche.
Banfreluehe.	Banfreluehe.
Helas!	Hélas!
monſieur, ie ſuis mort.	monsieur, Seigneur suis mort.
Le Docteur.	Le Docteur.
Couchez-le chaudement dedans vne litiere Et le faictes vomir par deuant & derriere:	Couchez-le chaudement dedans notre litière Et le faites vomir par devant et derrière:
Luy faiſant ſauourer deux dragmes de pilleures, Vne botte de foin, & dix liures de beurre l'our frotter ces coſtez, auec vn coteret, Et vn baril de bray pour oindre ſon coret,	Lui faisant savourer deux dragmes de pilleures, botte de foin, et dix liures de beurre l'our frotter ces côté, auec coteret, Et baril de bray pour oindre son coret,
Gaudichon.	Gaudichon.
Cela luy eſt-il bon.	Cela a est-il bon.
du auetar.	du avetar.
Ie ne le vous dirois, car i’expoſe ma vie, Auat qu’il ſoit deux iours il faut qu’il creue ou chie.	Je ne le vous dirais, car j'expose ma vie, Avat qu'il soit deux jours il faut qu'il crève ou chie.
18 Gaudichon.	18 Gaudichon.
Ie m’en vois y ſoigner afin de le guerir.	Je m'en vois y soigner afin de le guérir.
Le Docteur.	Le Docteur.
Vous ferez voſtre honneur le gardant de mourir.	Vous ferez votre honneur le gardant de mourir.
Gandichon.	Gandichon.
Nous ſerons bien teuus à vous remercler Si cela le gueriſt de luy aybon meſtier.	Nous serons bien tuvus à vous remercler Si cela le guérît de jours aibon métier.
Tlelas!	Tlelas!
o grand Seigneur, me voudrois-tu punis Deſeule me laiſſer en le faiſant mourir?	ô grand Seigneur, me voudrais-tu punis Déseule me laisser en le faisant mourir?
Appaiſe ton courroux, & luy donne la vie:	Apaise ton courroux, et Seigneur donne la vie:
Car s’il meurt de ce mal de viure n’ay enuie.	Car s'il meurt de ce mal de vivre n'ai envie.
Le Docteur.	Le Docteur.
Ne vous debattez point il eſt encor viuant, Dieu le vueille garder car il eſt tout puiſſant, Et garde de mourir du celeſte herirage Cil qui luy va portant reuetence & hommage.	Ne vous débattez point il est encor vivant, Dieu le veuille garder car il est tout -puissant, Et garde de mourir du céleste hérirage Cil qui lui va portant revettence et hommage.
ACTE V Le Vieillard, la Vieille, Gaudichon, le Docteur Fanfreiueut, & le Diable.	ACTE V Le Vieillard, la Vieille, Gaudichon, le Docteur Fanfreiveut, et le Diable.
hrin	hrin
Le Vieillard.	Le Vieillard.
Ourquoy à l’on tenté le plaiſir delectable Qui nous vient aſſieger d’vne mort ef20 froyable.	Ourquoy à l'on tenté le plaisir délectable Qui nous vient assiéger d'une mort ef20 froyable.
Contemplez noſtre cœur plein de douleur amere, Pour voir pleurer icy ma femme & moitié chere, Et voir bleſmir le feu qui ſouloit m’eſclairer, Le voyant tout à coup au dangereux rocher.	Contemplez notre cœur plein de douleur âme, Pour voir pleurer ici ma femme et moitié chère, Et voir blêmir le feu qui soûlait m'éclairer, Le voyant tout à coup au dangereux rocher.
Helas!	Hélas!
quelle pitié, quel murmurant orage, D’admirer, ſeparer vn ſi beau mariage Las!	quelle pitié, quel murmurant orage, D'admirer, séparer un si beau mariage Las!
il grince les dents, & contrefaict la mine, Augure prediſant ſa prochaine ruyne.	il grince les dents, et contrefait la mine, Augure prédisant sa prochaine ruine.
Comment mon cher amy qui vous cauſe ce mals Quel eſt le meurtrier ou le bourreau fatal Qui vous a abbaru ainſi à l’aduanture!	Comment mon cher ami qui vous cause ce mals Quel est le meurtrier ou le bourreau fatal Qui vous a abaru ainsi à l'aventure!
Ie vous recognoiſſois de ſi bonne nature.	Je vous reconnaissais de si bonne nature.
Larmoyez donc mes yeux de vos ſources humides?	Larmoyez donc mes yeux de vos sources humides?
Et ne ſoyez iamais pour ce malheur arides.	Et ne soyez jamais pour ce malheur arides.
La Vieille.	La Vieille.
Pon Dieu que gaignez vous ainſi de l’armoyes Vous augmentez ſon mal ainſi de vous faſcher.	Pon Dieu que gagniez -vous ainsi de l'armoies Vous augmentez son mal ainsi de vous fâcher.
Si ſon temps eſt venu il ne faut plus le pleindre, Car on ne puit l’arreſt de la mort fiere enfraindre, Puiſque c’eſt le plaiſir de la diuinité Il ſera plus heureux qu’en ce monde habité, Il nous faut tous paſſer par ce meſme paſſage, N’eſtant icy venus que pour faire vn voyage, Non point pour ſejourner n’y faire le demeure, Mais pour paſſer ſoudain plus promptemẽt qu’vne te Doctebr.	Si son temps est venu il ne faut plus le pleindre, Car on ne puit l'arrêt de la mort fière enfraindre, Puisque c'est le plaisir de la divinité Il sera plus heureux qu'en ce monde habité, Il nous faut tous passer par ce même passage, N'étant ici venus que pour faire un voyage, Non point pour séjourner n'y faire le demeure, Mais pour passer soudain plus promptement qu'une te Dotebr.
heure.	heure.
Il ſemble à vous voir tous qu’il ſoit ja au treſpas.	Il semble à vous voir tous qu'il soit ja au trépas.
Fanfreluche.	Fanfreluche.
Paiit toctoribus, & omnes amici.	Paiit toctoribus, et omnes amici.
de Docieur.	de Docieur.
Tenez, il parle encore.	Tenez, il parle encore.
Gaudichon.	Gaudichon.
O propos excellens vous me faictes mourir.	Ô propos excellents vous me faites mourir.
le Docteur.	le Docteur.
Laiſſez-le repoſer, il pourra reuenir.	Laissez-le reposer, il pourra revenir.
te rlellura.	te rèllura.
Helas!	Hélas!
c’eſt faict de luy, penſés-vous qu’il releue,	c'est fait de belle, pensez-vous qu'il relève,
le Docteur.	le Docteur.
l'eut-eſtre que ce n’eſt qu’vne petite fieure.	l'eût-être que ce n'est qu'une petite fièvre.
Biſtory vallet.	Bistori vallet.
Helas!	Hélas!
mon maiſtre exquis, ie ſçay ce qui te tient, Faut-il finir tes iours, tu me monſtrois ſi bien.	mon maître exquis, ie sais ce qui te tient, Faut-il finir tes jours, tu me montrerais si bien.
le Docteur.	le Docteur.
Prie Dieu pour luy.	Prie Dieu pour venir.
Biſtory.	Bistori.
Hel que diray-je, la paſſion.	Hel que dirai-je, la passion.
L 1 ista game le Disterr.	L 1 ista game le Disterr.
Tragi-comedie	Tragi-comédie
La Pieille.	La Pieille.
Ne faiſons autre obiect que prier Dieu pour luy.	Ne faisons autre objet que prier Dieu pour lui.
Ie croy que puis deux fours hunement n’a dormy	Je crois que puis deux fours hunément n'a dormi
Gaudichon.	Gaudichon.
Huict iours ſont ja paſſez que l’entends rauaſſer, Son eſprit eſt troublé & ne puit repoſer:	Huit jours sont ja passez que l'entends ravasser, Son esprit est troublé et ne puit reposer:
de voy ion pauure ſang s’eſpancher à toute heure, Et ſes veines ſeicher, parquoy ſon cœur demeure.	de vo ion ouvre sang s'épancher à toute heure, Et ses veines séjcher, parquoi son cœur demeure.
Le Vieiltard- Allons ie vous ſupplie.	Le Vieiltard- Allons je vous supplie.
Le Diable.	Le Diable.
Ton temps eſt ja paſſé, ta mort eſt aſſeurée Puiſque tu as iouy de la ioye paſsée, Toy ſeul as pourchaſsé ta delectation, Et par ainſi ton mal & sa perdition:	Ton temps est ja passé, ta mort est assurée Puisque tu as joui de la joie passée, Toi seul as pourchassé ta délectation, Et par ainsi ton mal et sa perdition:
Penſois-tu viure heureux durant l’eternité, Eſtois-tu ennuye de viure en ieurete De ton Seigneur viuant qui t’auoit par ſa grace Toi me au moulle ſainct de ſa diuine face?	Pensais-tu vivre heureux durant l'éternité, Étais-tu ennuie de vivre en jure De ton Seigneur vivant qui t'avait par sa grâce Toi me au moulle saint de sa divine face?
Fanfreluche.	Fanfreluche.
I’eſtois yure meſchant, alors que te promis I'ai tes branuicemens de mes cheueux exquis.	J'étais ivre méchant, alors que te promis J'ai tes branuicements de mes cheveux exquis.
Le Diable.	Le Diable.
C’eſt toy qui t a ſedult pourchaiant i’auarice, I’eſtant donné à moy en te faiſant ſeruice.	C'est toi qui toi a sédult pourchayant j'avarice, J'étant donné à moi en te faisant service.
Ha!	Ha!
tu m’as abuſé.	tu m'as abusé.
Fanfreluche	Fanfreluche
Le Diable.	Le Diable.
Tu voudrois retenir le propos prononcé, Il eſt vn peu trop tard, tu es trop aduancé:	Tu voudrais retenir le propos prononcé, Il est un peu trop tard, tu es trop avancé:
Au centre de mes rets, car comme vn infidele, Il te faut endurer vne peine eternelle.	Au centre de mes rets, car comme un infidèle, Il te faut endurer une peine éternelle.
La Mort.	La Mort.
Va au tartare obſcur, vil monſtre eſpouuentable Receuoir les tourmens à iamais perdurables, Et les ſeux preparez au milieu de l’enfer Puiſque tu as voulu ton eſprit engager.	Va au tartare obscur, vil montre espouuentable Revoir les tourments à jamais perdurables, Et les seux préparés au milieu de l'enfer Puisque tu as voulu ton esprit engager.
Fanfreluche.	Fanfreluche.
Helas!	Hélas!
c’eſt faict de moy, ſi ie n’ay du ſecours De toy!	c'est fait de moi, si ici n'ai du secours De toi!
ô grand Seigneur, ie vay finir mes iours.	ô grand Seigneur, ie vouai finir mes jours.
Puiſque m’as enuoyé ceſte Megere affreuſe Qui m’a donné le coup de ſa faux dangereuſe:	Puisque m'as envoyé cette Mégère affreuse Qui m'a donné le coup de sa faux dangereuse:
Ie ſuis frappé au vif!	Je suis frappé au vif!
ô quelle cruauté De voir ainſi mon corps plein de calamité, Et languir dans le feu pour la punition De mon aueuglement & mon ambition.	ô quelle cruauté De voir ainsi mon corps plein de calamité, Et languir dans le feu pour la punition De mon aveuglement et mon ambition.
Failloit-il!	Faillait-il!
ô trompeur, te monſtrer deuant moy Martyrant ſous ton ioug, & ſous ta fauſſe loy:	ô trompeur, te montrer devant moi Martyrant sous ton joug, et sous ta fausse loi:
Seigneur enduras-tu ce meſchant frequenter Auec vn innocent qui n’oſoit ce venger?	Seigneur enduras-tu ce méchant fréquenter Avec un innocent qui n'osait ce venger?
M’eſtois-je retiré pour fuyr le malheur, Ce demon enragé eſtoit touſiours vainqueur:	M'étais-je retiré pour fuir le malheur, Ce démon enragé était toujours vainqueur:
Reprends ton noir chemin, laiſſe en repos mon ame Dans le feu du Seigneur ſe purgeant par la flame:	Reprends ton noir chemin, laisse en repos mon âme Dans le feu du Seigneur se purgeant par la flamme:
Pourquoy me detiens-tu malgré ma volonté, Diſant, que ie me ſuis mis à ta liberté, Ce n’eſt qu’abuſement & vne tromperie Pour me tirer à roy & martyrer ma vie.	Pourquoi me détiens-tu malgré ma volonté, Disant, que je me suis mis à ta liberté, Ce n'est qu'abusement et une tromperie Pour me tirer à roi et martyrer ma vie.
O dure cruauté!	Ô dure cruauté!
ô heuu desennenis, Faut-il las que ie ſois entre tant de perils Giſſant ſous le tombeau maudiſſant ma facture, Et le iour que fus né ſur le ſein de Tellure:	ô heu desennenis, Faut-il las que deux sois entre tant de périls Gissant sous le tombeau maudissant ma facture, Et le jour que fus né sur le sein de Tellure:
le Diable.	le Diable.
Auançons, auançons, allons, il faut partir.	Avançons, avançons, allons, il faut partir.
Fanfreluche.	Fanfreluche.
Adieu pauure vieillard, adieu ma Gaudichon Car vous ne verrez plus iamais Fanfreluchon.	Adieu pauvre vieillard, adieu ma Gaudichon Car vous ne verrez plus jamais Fanfreluchon.
Fin de la preſente Hiſtoire.	Fin de la présente Histoire.
