TRAGI-COMEDIE T DES ENFANS DE REVTIN MAL-HEVREVX DE NATVRE.	TRAGI-COMÉDIE -T DES ENFANS DE REVTIN MAL-HEUREUXURE NATURE.
Où l’on void les fortunes dudit Turlupin, le mariage d’entre luy & la Boulonnoiſe, & autres iille plaiſantes ioyeuſetez qui trompent la morne Oiſiueté.	Où l'on voit les fortunes dudit Turlupin, le mariage d'entre lui et la Boulonnaisse, et autres jille plaisantes joyeuseté qui trompent la morne Oisiveté.
preſente Tragi-Comedie.	présente Tragi-Comédie.
LA Vrlupin außi malheureux en femme & cheuaux, que malheuoy reux de nature, Apres pluſieurs grandes infortunes & le treſpas de ſa premiere femme außi heureuſe que luy deſira ſe remarier, de ſorte que craignant que quelqu'vn ne le fit Cocu s’il eſpouſoit quelque belle femme, il eſpouſa par le conſeil d’vn de ſes amis nommé Bon au Banc, vne certaine commere de Champaigne que nous nommons la Boulonnoiſe faute que nous ne ſçauons ſon nom, laquelle encor que la nature l’euſt rendue la plus difforme de France ſi est-ce que Turlupin s’imaginant qu’vn nomme Carguille luy auoit fait porter des Cornes comme Bruſcant compagnon de Carguille auoit fait à Bon au Banc, de façon que les rencontrant ſur le point de leur colere, ils s’entre frotterent tres bien puïs allerent boire tous, enſemble pour leurs accorder	LA Vrlupin aussi malheureux en femme et chevaux, que malheuoy reux de nature, Apres plusieurs grandes infortunes et le trépas de sa première femme aussi heureuse que lui désira se remarier, de sorte que craignant que quelqu'un ne le fit Cocu s'il épousait quelque belle femme, il épousa par le conseil d'un de ses amis nommé Bon au Banc, une certaine commere de Champagne que nous nommons la Boulonnaisse faute que nous ne savons son nom, laquelle encor que la nature l'eût rendue la plus difforme de France si est-ce que Turlupin imaginant nomme Carguille lui auoit fait porter des Cornes comme Bruscant compagnon de y auoit fait Bon a Banc, de façon que ' un sur le point 'leur le, es entre frottèrent très bien puïs a boire tous, ensemble pour leurs accorder
NOMS DES ACTEVRS.	NOMS DES ACTEURS.
Turlupin, malheureux de Nature.	Turlupin, malheureux de Nature.
Bon au Banc, Compaignon de Turlupin.	Bon au Banc, Compagnon de Turlupin.
La Boulonnoiſe.	La Boulonnoise.
Dariolette.	Dariolette.
Garguille, Bouffon.	Garguille, Bouffon.
Bruſcaut, Compagnon de Garguille.	Bruscaut, Compagnon de Garguille.
Lyronle, Soliciteur de Procez.	Lironle, Soliciteur de Procès.
QVATRAINS AV LECTEVR.	QUATRAINS AU LECTEUR.
Quiconque veut en Compagnie Rire quand il eſt de Feſtin, Qu'il prenne ceſte Comedie Des Fortunes de Turlupin, Il à eu depuis ſa naiſſance De grands malheurs fort apparens Dequoy il a eu patience Parce qu’il a bien des parens.	Quiconque veut en Compagnie Rire quand il est de Festin, Qu'il prenne cette Comédie Des Fortunes de Turlupin, Il à eu depuis sa naissance De grands malheurs fort apparents Dequoi il a eu patience Parce qu'il a bien des parents.
.	.
.	.
TRAGI COMEDIE DES ENFANS DE TVRLVPIN Iviaiſeureux de nature.	TRAGI COMÉDIE DES ENFANS DE TURLVPIN Jviaiseureux de nature.
Où lon void les fortunes dudit Turlupin, le mariage d’entre luy & la Boulonnoiſe, & autres plaiſantes ioyetnetez qui trompent l’Oyſiueté.	Où lon voit les fortunes dudit Turlupin, le mariage d'entre lui et la Boulonnaisse, et autres plaisantes ioyetnetez qui trompent l'Oisiveté.
ACTE PREMIER.	ACTE PREMIER.
Turlupin.	Turlupin.
Bon-au-banc.	Bon-au-banc.
Turlupin.	Turlupin.
Ieux de là haut quel Aſtre ou Influẽce.	Jeux de là haut quel Astre ou Influence.
Roulloit au Ciel le iour de ma Naiſſance?	Roullait au Ciel le jour de ma Naissance?
» Veu que ie ſuis des humains ſouffretteux, Le plus chetif & le plus malheureux.	" Veu que ie suis des humains souffretteux, Le plus chétif et le plus malheureux.
Eſtoit-ce toy qui pour rauir Europpe Sous vn Taureau deceus ſa chaſte troppe?	Était-ce toi qui pour ravir Europe Sous un Taureau déçus sa chaste troppe?
Et l’emportas aſſiſe ſur ton dos Dedans Candie a la faueur des flots?	Et l'emportas assise sur ton dos Dedans Candie a la faveur des flots?
Eſtoit-ce toy, porte-Faux acerée Qui deuorois les Enfançons de Rhee?	Était-ce toi, porte-Faux acerée Qui dévorais les Enfançons de Rhée?
Eſtoit-ce toy qui d’Aiax fis l’Eſcu, Quę Mars a fait dix mille fois Cocu?	Était-ce toi qui d'Ajàx fis l'Écu, Qu Ars a fait dix mille fois Cocu?
Eſtoit-ce toy porte-Trident Neptune,	Était-ce toi porte-Trident Neptune,
Qui tiens en frein les Tritons & Portune.	Qui tiens en frein les Tritons et Portune.
Eſtoit-ce toy Cupidon petit Nain, Petit Sorcier, petit fils de Putain?	Était-ce toi Cupidon petit Nain, Petit Sorcier, petit fils de Putain?
Dont le brandon & la fléche legere, A mille fois fait paillarder ta mere, Eſtoit-ce toy Diane qui reluis Inconſtamment pour éclairer les nuits?	Dont le brandon et la flèche légère, À mille fois fait paillarder ta Mère, Était-ce toi Diane qui reluis Inconstamment pour éclairer les nuits?
Et dans les bois monſtrer ta face paſſe Aux Enchanteurs qui ſont dans la Theſſalle?	Et dans les bois montrer ta face passe Aux Enchanteurs qui sont dans la Thessale?
Si ce fut toy ie croy ſans falſité, Que Pan rauit ta riche Chaſteté Et baiſotta ton teton & ta leuræ T’ayant donné vne robbe de Cheure, Ie me reprends, non, au diuin lambris Tu n’eſclairois alors que ie nacquis, Qui donc Phebus?	Si ce fut toi Madame crois sans falsité, Que Pan ravit ta riche Chasteté Et botta ton téton et ta leuræ T'ayant donné une robe de Cheure, Je me reprends, non, au divin lambris Tu n'éclairais alors que sans nacquis, Qui donc Phebus?
non, il tenoit Clytie Dedans ſa couche en ce temps endormie:	non, il tenait Clytie Dedans sa couche en ce temps endormie:
Qui doncques Mars?	Qui donc Mars?
non ce Dieu plain d’audace Eſtoit alors en ſon pays de Thrace.	non ce Dieu plain d'audace Était alors en son pays de Thrace.
Ou empeſché à briſcoller Cypris:	Ou empêché à briscoller Cypris:
Qui donc Mercure?	Qui donc Mercure?
ah!	ah!
non, i’aurois meſpris, Si ie blaſmois cét Atlantide ſage Qui va & vien pour le macquerellage De Iupiter qui ſe plaiſt à aimer, Comme les flots qui ſont dedans la Mer.	non, j'aurais mépris, Si ici blâmais cet Atlantide sage Qui va et vien pour le macquerellage De Jupiter qui se plaît à aimer, Comme les flots qui sont dedans la Mer.
Eſt-ce Iunon?	Est-ce Junon?
non, Iunon, ny Saturne, Iupiter Mars, Mercure, ny Neptune, Phebus, Diane, & l’Archerot ſans yeux Ne luyſoient point dans la voûte des Cieux:	non, Junon, ni Saturne, Jupiter Mars, Mercure, ni Neptune, Phebus, Diane, et l'Archerot sans yeux Ne avait point dans la voûte des Cieux:
Quand Turlupin naſquit deſſus la terre.	Quand Turlupin nasquit dessus la terre.
Qui doncques fait à Turlupin la guerre?	Qui donc fait à Turlupin la guerre?
Qui doncques rend Turlupin malheureux?	Qui donc rend Turlupin malheureux?
C’eſt quelque Eſprit du manoir Stygieux, Qui trotte, court, va, & vient, & talonne	C'est quelque Esprit du manoir Stygieux, Qui trotte, court, va, et vient, et talonne
xncendimnene ina enetiue periine, Bon au banc.	Uxncendimene ina enétive périine, Bon au banc.
Ha!	Ha!
mon amy, pour eſtre malheureux Il ne faut pas d’vn diſcours furieux En accuſer les hommes & les aſtres, Nous ſommes tous les iouëts des deſaſtres.	mon ami, pour être malheureux Il ne faut pas d' Hours furieux En accuser les hommes et les astres, Nous sommes tous les iouëts des désastres.
Le bon Abel fut occis par Cain:	Le bon Abel fut occis par Cain:
Noé ſe veid enyuré par le vin:	Noé se vit enyuré par le vin:
Ioſeph iadis fut vendu par ſes Freres.	Joseph jadis fut vendu par ses Frères.
Pharon ſe veid dans les ondes ameres Enſeuely, & ſes ſuperbes Chars, Deça, delà, confuſement eſpars;	Pharon se vit dans les ondes amères Enseveli, et ses superbes Chars, Deça, delà, confusément épars;
Ieſabel Royne en rage immeſuree Fut par les chiens triſtement deuoree:	Jésabel Royne en rage immesurée Fut par les chiens tristement dévorée:
Popiel fut de pluſieurs rats mangé:	Popiel fut de plusieurs rats mangé:
Memprique Roy fut des loups eſgorgé:	Memprique Roi fut des loups égorgé:
Vn Baltazar veid rauir ſon Empire:	Un Baltazar veid ravir son Empire:
Daire ſe veid d’Alexandre deſtruire:	Daire se vit d'Alexandre détruire:
Creſus ſe veid ſubjuguer par Cyrus:	Cresus se vit subjuguer par Cyrus:
Et à la fin reduire au rang d’Irus:	Et à la fin réduire au rang d'Irus:
Mais ſans parler des Royalles familles, Combien void-on de femmes & de filles Par le deſtin ſubietes au malheur?	Mais sans parler des Royalles familles, Combien voit-on de femmes et de filles Par le destin sujet au malheur?
Quand quelque Amant par ſon diſcours charmeur Pour alentir ſon impudique flame Leur va monſtrant le leu du trou Madame.	Quand quelque Amant par son discours charmeur Pour alentir son impudique flamme Leur va montrant le leu du trou Madame.
Pour faire enfler leur vierge parchemin Comme vne loure ou vn gros tabourin:	Pour faire enfler leur vierge parchemin Comme une loure ou un gros tabourin:
De ceſte trouppe & bande aſſez graillarde Fut Fleurimonde & la belle Guimbarde, Et plus de cent que ie ne nomme pas, Qui pour gouſter des Amoureux appas N’ont pas voulu entrer au Mariage P’our faire vent ou croiſtre leur Iignage.	De cette troupe et bande assez graillarde Fut Fleurimonde et la belle Guimbarde, Et plus de cent que je ne nomme pas, Qui pour goûter des Amoureux appas N'ont pas voulu entrer au Mariage P'our faire vent ou croître leur Jignage.
Turlupin.	Turlupin.
Appellez vous ces effects vn malheur?	Appelez -vous ces effets un malheur?
Ha, par ma foy vous eſtes vn railleur, Le Ciel ſçait bien que ces choſes legeres.	Ha, par ma foi vous êtes un railleur, Le Ciel était bien que ces choses légères.
N’ont point d’eſgal à mes triſtes miſeres:	N'ont point d'égal à mes tristes misères:
Depuis le temps qu’Adam fut façonné Nul ne s’eſt veu ſi fort infortuné:	Depuis le temps qu'Adam fut façonné Nul ne s'est vu si fort infortuné:
Mais toutesfois ces maux & cet orage, Ne m’euſſent point fait changer de viſage Sans vn malheur qui venu de nouueau A renuerſé mon Eſpouſe au tombeau.	Mais toutefois ces maux et cet orage, Ne m'eussent point fait changer de visage Sans un malheur qui venu de nouveau A renversé mon Épouse au tombeau.
Bon au Banc.	Bon au Banc.
Quoy oſez vous aux bons Dieux donner blaſme?	Quoi osez -vous aux bons Dieux donner blâme?
Pour vous auoir ainſi priué de femme, Appellez vous vn bonheur, vn malheur, Vn doux plaiſir, vne grande douleur?	Pour vous avoir ainsi privé de femme, Apelez -vous un bonheur, un malheur, Un doux plaisir, une grande douleur?
Las!	Las!
plus de mille, & encor plus de mille, Voudroient n’auoir vaillant ne croix, ne pile, Et que ce iour leurs femmes ſans raiſon, Euſſent paſſé les bords de l’Acheron, Eſt-ce là tout?	plus de mille, et encor plus de mille, Voudraient n'avoir vaillant ne crois, ne pile, Et que ce jour leurs femmes sans raison, Eussent passé les bords de l'Acheron, Est-ce là tout?
voila bien dequoy frire:	voilà bien dequoy frire:
Par mon ſerment Turlupin tu dois rire Pour ce bon heur, & non pas en plorer:	Par mon serment Turlupin tu dois rire Pour ce bon heur, et non pas en plorer:
Car les bons Dieux te voyant endurer Mille rigueurs de ta femme hargneuſe, L’ont fait rauir de la parque impiteuſe, Non, non, amy pour te ſolacier, Il te conuient de bref remarier A quelque belle & agreable fille, Qui n’ait encor iamais tiré l’anguille.	Car les bons Dieux te voyant endurer Mille rigueurs de ta femme hargneuse, L'ont fait ravir de la parque impiteuse, Non, non, ami pour te solacier, Il te convient de bref remarier À quelque belle et agréable fille, Qui n'ait encor iamais tiré l'anguille.
Logé Chriſtofle en ſon creux vterus:	Logé Christofle en son creux vterus:
Ou emouſſé quelque gros Priapus, Si de hazard pour alentir ta ſlame, Tu n’aime mieux eſpouſer quelque femme;	Ou emoussé quelque gros Priapus, Si de hasard pour alentir ta slamme, Tu n'aime mieux épouser quelque femme;
Qui n’ait daigné pendant ſes ieunes ahs Se marier pour auoir des enfans.	Qui n'ait daigné pendant ses jeunes ahs Se marier pour avoir des enfants.
Turlupin.	Turlupin.
Ie le veux bien en cognois-tu quelqu’vne?	Je le veux bien en connais-tu quelqu'une?
Qui ait du fond, ie dis de la pecune, Des pres, des bois, des vignes, des maiſons, Des gras Taureaux, des vaches, des moûtons, De gras pourceaux, auec force volaille, Car bien encor que ie n’aje rie mame Si elle n’eſt tres-riche & en bon point, Retire-toy & ne m’en parle point.	Qui ait du fond, je dis de la pecune, Des pres, des bois, des vignes, des maisons, Des gras Taureaux, des vaches, des moûtons, De gras pourceaux, avec force volaille, Car bien encor que je n'aje rie ma Si elle n'est très -riche et en bon point, Retire-toi et ne m'en parle point.
Bon au Banc.	Bon au Banc.
Ouy!	Oui!
Turlupin, celle-là que ie penſe A des moyens en tres grande abondance.	Turlupin, celle-là que femme pense À des moyens en très grande abondance.
Eſt-elle belle?	Est-elle belle?
Turlupin.	Turlupin.
Bon au Banc.	Bon au Banc.
Ouy ainſi qu’Alecton.	Oui ainsi qu'Alecton.
Elle a le teint auſſi blanc qu’vn charbon:	Elle a le teint aussi blanc qu'un charbon:
Les yeux luiſans ainſi que deux chandelles:	Les yeux luisants ainsi que deux chandelles:
Sans allumer, & ſes leures iumelles Sont de cinnabre, ou ſang meurtry ſemer, Ses deux tetons ſont de lys parſemez, Mais ces lys-là ſont neigeux comme ſuye, Elle eſt auſſi d’illuſtre ſang ſortie, Bien que pour eſtre obſeur & incognu;	Sans allumer, et ses lèvres jumelles Sont de cinnabre, ou sang meurtri semer, Ses deux tétons sont de lys parsemés, Mais ces lys-là sont neigeux comme suive, Elle est aussi d'illustre sang sortie, Bien que pour notre obseur et inconnu;
Iuſques à nous le nom n’en ſoit venu, Il eſt bien vray que pour tenir ſon luſtre Comme vne Hecube ou vne dame illuſtre Elle nourrit des chiens à grand foiſon, Qu’elle cherit ainſi qu’vn autre Adon, Car ces chiens-là pour imiter l’auette, Vont embaſmant de ſin muſc, de ciuette, Son grand logis, & du gain qui en vient Elle s’engraiſſe & amaſſe vn grand bien:	Jusqu' à nous le nom n'en soit venu, Il est bien vrai que pour tenir son lustre Comme une Hecube ou une dame illustre Elle nourrit des chiens à grand foison, Qu'elle chérit ainsi qu'un autre Adon, Car ces chiens-là pour imiter l'avette, Vont embonmant de sin musc, de civette, Son grand logis, et du gain qui en vient Elle s'engraisse et amasse un grand bien:
De vray aucuns natifs de ceſte ville D’vn art ſans art & façon tres ſubtille, En vont muſquant des peaux de marroquin, Qu’ils veudent mieux que toille & parchemin,	De vrai aucuns natifs de cette ville D'un art sans art et façon très subtille, En vont musquant des peaux de marroquin, Qu'ils veudent mieux que toille et parchemin,
Turlupin.	Turlupin.
Que nommez vous, ceſte dame courtoiſe?	Que nommez -vous, cette dame courtoise?
Bon au Banc.	Bon au Banc.
Ledꝰ, ma foy, ou bien la Boulonnoiſe:	Led, ma foi, ou bien la Boulonnoise:
Que l’on cognoit en tous lieux & cartiers Comme à Rouen, Paris, Rheins, & Poictiers, Ayant eſté depuis peu accordee De Mort à Rats.	Que l'on connaît en tous lieux et cartiers Comme à Rouen, Paris, Rhéins, et Poictiers, Ayant été depuis peu accordée De Mort à Rats.
Turlupin.	Turlupin.
N’eſt-elle point fardée?	N'est-elle point fardée?
Bon au hanc.	Bon au hanc.
Pas vn ſeul brin, & ſi elle à vn nez Si delicat, que les peintres mieux nais Ne pourroient pas en tirer vn ſemblable, Fuſſe vn Xeuxis en tout inimitable.	Pas un seul brin, et si elle à un nez Si délicat, que les peintres mieux nais Ne pourraient pas en tirer un semblable, Fusse un Xeuxis en tout inimitable.
Turlupin.	Turlupin.
Seroy-ie bien de malheureux heureux?	Serai-je bien de malheureux heureux?
C’eſt bien mon ſait, i’en fuis ià Amoureux;	C'est bien mon sait, j'en fuis Amoureux;
Ie meurs d’amour, i’en ay l’ame rauie:	Je meurs d'amour, j'en ai l'âme ravie:
Alſons la voir, Bon au bane, ie te prie, Plaide pour moy, affille ton caquet, Et tu ſeras ſemond de mon Banquet.	Alsons la voir, Bon au bane, Elle te prie, Plaide pour moi, aille ton caquet, Et tu seras semond de mon Banquet.
ACTE II.	ACTE II.
La Boulonnoiſe.	La Boulonnoise.
Dariolette.	Dariolette.
Bon au banc.	Bon au banc.
Turlupín.	Turlupín.
La Boulonnoiſe.	La Boulonnoise.
Vt-il iamais au monde Femme née, L'Plus que ie ſuis triſte & infortunee?	Vît-il jamais au monde Femme née, L'Plus que je suis triste et infortunée?
Helas!	Hélas!
ie croy que les malheurs diuers Qui ſont eſclos au centre des Enfers, Et le poiſon que répandit Pandore Du Nort glacé iuſqu’au lict de l’Aurore.	Ne crois que les malheurs divers Qui sont éclos au centre des Enfers, Et le poison que répandit Pandore Du Nort glacé jusqu'au lit de l'Aurore.
Se ſont bandez à l’encontre de moy Pour me combler de douleur & d’eſmoy.	Se sont bandés à l'encontre de moi Pour me combler de douleur et d'émoi.
Nature helas!	Nature hélas!
qui par ſes beaux ouurages Fait aux humains de ſi plaiſans viſages, Aigrie au poinct de ma natiuité:	qui par ses beaux ouvrages Fait aux humains de si plaisants visages, Aigrie au point de ma nativité:
M’a fait l’obiect de la difformité:	M'a fait l'objet de la difformité:
Ie ſuis en fin ceſte vieille Gabrine, Qui de frayeur peux troubler Proſerpine Et les Eſprits de l’infernal ſeiour, Mais non, ie ſuis vn remede d’Amour, Dont les appas, & le ris, & la face Rend les Amants auſſi froids comme glace, Pourquoy helas!	Je suis en fin cette vieille Gabrine, Qui de frayeur peux troubler Proserpine Et les Esprits de l'infernal seiour, Mais non, je suis un remède d'Amour, Dont les appas, et le ris, et la face Rend les Amants aussi froids comme glace, Pourquoi hélas!
ô rigoureux deſtin, M’as-tu renduë Enfant de Turlupin?	ô rigoureux destin, M'as-tu rendue Enfant de Turlupin?
De Turlupin malheureux de nature, L Que les humains, chetifs par aduanture, Par ieu, procez, guerre, ou autre malheur:	De Turlupin malheureux de nature, L Que les humains, chétifs par aventure, Par jeu, procès, guerre, ou autre malheur:
Vont reclamant pour leur doux Geniteur, Helas !	Vont réclamant pour leur doux Géniteur, Hélas !
helas s’il n’y auoit au monde Femme que moy, Ceſte machine ronde Retourneroit en ſon chaos premier, Nul auec moy ne ſe veut marier:	hélas s'il n'y avait au monde Femme que moi, Cette machine ronde Retournerait en son chaos premier, Nul armes moi ne se veut marier:
Pour eſtre vn peu mauſſade & difformee, La terre ainſi faute d’eſtre germee, Se trouueroit ſans hommes & enfans, Faut-ivler de la lorte mes aiss Sans pratiquer le ieu de Cytheree.	Pour être un peu maussade et difformée, La terre ainsi faute d'être germée, Se trouverait sans hommes et enfants, Faut-ivler de la lorte mes aiss Sans pratiquer le jeu de Cytheree.
Dariolette.	Dariolette.
Pour ce ſubiet ne ſoyez eſploree, Que voſtre cœur ne ſoit point ſi marry:	Pour ce sujet ne soyez esploree, Que votre cœur ne soit point si marri:
Decier diriour vous dumavnmaiy, Qui vertueux & magnanime & ſage Aura les fruicts de voſtre pucelage.	Decier diriour vous dumavnmagi, Qui vertueux et magnanime et sage Aura les fruits de votre pucelage.
La Boulonnoiſe.	La Boulonnoise.
Il faudroit donc que ce mien Amoureux Comme vn Homere eut la teſte ſans yeux, Ou que ce fut vn joüeur de Vielle Aueugle-né, pour ne me voir ſi belle Comme ie ſuis.	Il faudrait donc que ce mien Amoureux Comme un Homère eut la tête sans yeux, Ou que ce fut un joueur de Vielle Aveugle-né, pour ne me voir si belle Comme ils suis.
Dariolette.	Dariolette.
La deeſſe Venus Ne priue point ny boiteux, ny boſſus De ſes plaiſirs, la regle en eſt vulgaires Vulcan auſsi boitillant d’ordinaire, Ne fut iadis de Cypris deſdaigné, Ainſi vn ionr quelque vieil refrongné Sera épris de voſtre beau corſage, Meveua vou suaudon enMalases	La défense Venus Ne prive point ainsi boiteux, ni bossus De ses plaisirs, la règle en est vulgaires Vulcan aussi boitillant d'ordinaire, Ne fut jadis de Cypris dédaigné, Ainsi un ion quelque vieil refrongné Sera épris de votre beau corsage, Meva vou don enMales
Bon au Banc.	Bon au Banc.
Bon-iour & beau, mes Dames treſ-gentilles, Dont les beaux yeux vont éclairant les villes, Où vous daignez faire voſtre ſejour, Mais à propos que dit-on de l’Amour, N’a-il point pris vos yeux pour domicille?	Bonjour et beau, mes Dames très-gentilles, Dont les beaux yeux vont éclairant les villes, Où vous daignez faire votre séjour, Mais à propos que dit-on de l'Amour, N'a-il point pris vos yeux pour domicille?
La Boulonnoiſe.	La Boulonnoise.
Tlelao, Mromeur le Idis trop iale & vile Pour poſſeder le mignard Cupidon.	Tlelao, Mromeur le Idis trop yale et vile Pour posséder le mignard Cupidon.
Turlupin.	Turlupin.
He quoy, iamais ſon flamboyant brandon, Pres voſtre cœur n’a-il fait ſon approche?	He quoi, jamais son flamboyant brandon, Pres votre cœur n'a-il fait son approche?
La Boulonnoiſe.	La Boulonnoise.
Il faudroit eſtre vne inſenſible roche, Puis que l’Amour en la terre & aux Cieux Bleſſe en vn coup les hommes & les Dieux:	Il faudrait être une insensible roche, Puis que l'Amour en la terre et aux Cieux Blesse en un coup les hommes et les Dieux:
Naure Neptun & ſes poiſſons humides, Les gays oyſeaux dedans les Airs liquides, Pluton au Stix, voire encor de ſes traits Les Animaux qui ſont dans les foreſts.	Naure Neptun et ses poissons humides, Les gais oiseaux dedans les Airs liquides, Pluton au Stix, voire encor de ses traits Les Animaux qui sont dans les forêts.
Bon au Banc.	Bon au Banc.
Ainſi la palme ayme fort le palmier, Ainſi le meurthe embraſſe l'oliuier:	Ainsi la palme aime fort le palmier, Ainsi le meurthe embrasse l'olier:
Ainſi l’aimant au fer ſouuent s’allye:	Ainsi l'aimant au fer souvent s'allie:
Et l’Hydrargyre auec l’or ſe marie, Or imitant ſes arbres amoureux, Ie veux ce iour vous marier vous detii.	Et l'Hydrargyre avec l'or se marie, Or imitant ses arbres amoureux, Je veux ce jour vous marier vous déti.
Dariolette.	Dariolette.
Les marier, & vous n’eſtes pas Preſtre.	Les marier, et vous n'êtes pas Prêtre.
Bon au Banc.	Bon au Banc.
Non, mais ie veux leur faire entre-promettre Touchant leurs mains tant ſeulement la foy.	Non, mais grands veux leur faire entrepromettre Touchant leurs mains tant seulement la foi.
Turlupin.	Turlupin.
Poy de garioni ne ciendra a moy.	Poi de garioni ne ciendra à moi.
La Boulonnoiſe.	La Boulonnoise.
Ie ne veux pas pource vous eſconduire.	Je ne veux pas pource vous éconduire.
Dariolette.	Dariolette.
Or ſus Enfans penſons doncques de rire, Allons gayment égorger les Cochons:	Or sus Enfants pensons donc de rire, Allons gaîment égorger les Cochons:
Allons tüer les Oyes & Chapons, Allons dreſſer les tables ſous les treilles:	Allons toujours les Oyes et Chapons, Allons dresser les tables sous les treilles:
Allons vuider les pots & les bouteilles Si bruſquement que le pere Bacchus Deſſus les fleurs nous renuerſe à bas culs.	Allons vider les pots et les bouteilles Si brusquement que le père Bacchus Dessus les fleurs nous renverse à bas culs.
Bon au Banc.	Bon au Banc.
Sang d’vn oignon, allons faire ripaille:	Sang d'Han oignon, allons faire ripaille:
Il n’eſt plaiſir tel que la rappeſaille.	Il n'est plaisir tel que la rappesaille.
Turlupin.	Turlupin.
Allons, mon cœur, i’ay encor des moyens Pour receuoir vos honneſtes parens:	Allons, mon cœur, j'ai encor des moyens Pour recevoir vos honnêtes parents:
Bien que ie ſois par ſiniſtre aduanture Deſſous le Ciel malheureux de nature.	Bien que ici sois par sinistre aventure Dessous le Ciel malheureux de nature.
Eu Dontonnoije.	Eu Dontonnaije.
Pour mon regard, amy ie vous aduiſe Que i’ay chez moy beaucoup de Marchandiſe, Dequoy l’on peut les Colletins muſquer.	Pour mon regard, amy ie vous avise Que j'ai chez moi beaucoup de Marchandise, Dequoi l'on peut les Colletins musquer.
Turlupin.	Turlupin.
Par ce moyen nous pouuons trafiquer, Et deuenir en peu de temps treſriches.	Par ce moyen nous pouvons trafiquer, Et devenir en peu de temps tresriches.
Bon au Banc.	Bon au Banc.
C’eſt trop tardé maugrediene des chiches, Ma foy le col me va craquant de faim, Si ie tenois vn Sanglier ou vn Daim, Ils n’auroient point contre moy de duree, Durbaj la dencurespreude lenlec.	C'est trop tardé maugrediene des chiches, Ma foi le col me va craquant de faim, Si ieprenais un Sanglier ou un Daim, Ils n'auraient point contre moi de dure, Durbajàj la dencurespreude lenlèc.
.	.
Dariolette.	Dariolette.
C'eſt tout de bon, allons doublons le pas, Nous deuſſions ja auoir frippé les plats.	C'est tout de bon, allons doublons le pas, Nous déussions ja avoir fripé les plats.
ACTE III.	ACTE III.
Garguille.	Garguille.
Braſcaut.	Brascaut.
Lirefle.	Lirefle.
Garguille.	Garguille.
Ourquoy le Ciel m’a-il fait iamais naiſtre, I Deſſus le ſein de ce Globe terreſtre?	Ourquoy le Ciel m'a-il fait jamais naître, I Dessus le sein de ce Globe terrestre?
Eſtc-ce afin, que ie feuſſe le blanc Où le malheur va ſes traits décochant:	Estc-ce afin, que sans feusse le blanc Où le malheur va ses traits décochant:
Ie ſuis heureux ainſi qu’vn porc erné, Ou vn Cheual lequel eſt deſtiné D'vſer ſes iours ſous vn chaſſé Maree, Mon malheur eſt d’eternelle durée, Puis qu’eſchappé d’vn perilleux danger Dans vn plus grand on me voit replonger.	Je suis heureux ainsi qu' porc erné, Ou Un Cheval lequel est destiné D'user ses jours sous un chassé Marée, Mon malheur est d'éternelle durée, Puis qu'échappé d'un périlleux danger Dans un plus grand on me voit replonger.
Bruſcaut.	Bruscaut.
Si tu te plains du malheur, comme il ſemble, Approche-toy nous ſerons bons enſemble:	Si tu te plains du malheur, comme il semble, Approche-toi nous serons bons ensemble:
Car depuis peu trois diables de pourceaux ue i’engraiſſois, ont marigeferhaueaux De mon celier, vne grande Truye A reſpandu le laict & la boüillie De ma Margot!	Car depuis peu trois diables de pourceaux ue j'engraissais, ont marigeferhaveaux De mon celier, une grande Truie A répandu le lait et la bouillie De ma Margot!
le loup dans les paſquis M’a eſgorgé vne blanche brebis, Et le Regnard venant a la ſourdine, Ma cinporte dilt grait guennes.	le loup dans les pasquis M'a égorgé un blanche brebis, Et le Regnard venant à la sourdine, Ma cinporte dilt grait guennes.
Lirofle.	Lirôle.
Si vous penſez eſtre ſeuls malheureux, Vous vous trompez;	Si vous pensez être seuls malheureux, Vous vous trompez;
ie ſuis encor de ceux Qui Turlupin reclament pour leur pere, Car le malheur comme à vous m’eſt contraire, Dernierement vendant vn beau poulain I’auois encor l’argent dédans ma main Quand ie trouuay deux agreables Circes, Qui mirent lors loger entte leur cuiſſes Mon braquemard, qui aprez ce trauail Se vit peuplé d’vn effroyable entrail, De deux poulains, & en vne parolle Du mar d'homeur que ron dre lu verolle,	Les suis encor de ceux Qui Turlupin réclament pour leur père, Car le malheur comme à vous m'est contraire, Dernièrement vendant beau poulain J'avais encor l'argent dédans ma main Quand je trouvai deux agréables Circes, Qui mirent lors loger entte leur cuisses Mon braquemard, qui aprez ce travail Se vit peuplé d' effroyable entraila, De deux poulains, et en une parolle Du mar d'homeur que ron dre lu vérole,
Garguille.	Garguille.
Ils vous auoient appreſté vn beau Ieu.	Ils vous avaient apprêté un beau Jeu.
Bruſcaut.	Bruscaut.
Vous n’auiez point ie croy beſoing de feu:	Vous n'aviez point rien crois besoin de feu:
Car vous eſtiez aſſez chaud de la ſorte.	Car vous étiez assez chaud de la sorte.
Lyrofle.	Lyrofle.
Ie veux ma foy que Pacolet m’emporte Sur ſon cheual tout façonne de bois, Mais comme vn fleuue vne riuiere entraine, Ou comme vn mal vn autre mal ameine, En retournant le ſoir en ma maiſon, Ie iencontray vn tres mauuais garſon Comme vn Choüan tapy pres d’vne haye, Qui m’emporta mon chapeau & ma ſaye:	Je veux ma foi que Pacolet m'emporte Sur son cheval tout façonne de bois, Mais comme un fleuve une rivière entraine, Ou comme un mal un autre mal âme, En retournant le soir en ma maison, Je iencontrai un très mauvais garson Comme un Chouan tapi pres d'une haie, Qui m'emporta mon chapeau et ma saye:
Et bien vos maux ſont-ils à comparer Pres du malheur que ie peux endurer.	Et bien vos maux sont-ils à comparer Pres du malheur que je peux endurer.
Garguille.	Garguille.
Nenny ma foy, ſeulement ie lamente Pour vne femme où i’auois mon attente:	Nenni ma foi, seulement ie lamente Pour une femme où j'avais mon attente:
Car des beautez c’eſtoit le parangon.	Car des beautés c'était le parangon.
Ay aſcahte.	Ay ascahte.
C’eſtoit beaucoup, que s’appelloit ſon nom?	C'était beaucoup, que s'appelait son nom?
Garguille.	Garguille.
La Boulonnoiſe.	La Boulonnoise.
Lyrofle.	Lyrofle.
Ah!	Ah!
la grand’ drolerie, Ie veux mourir, comme ie ſuis en vie, Si elle n’eſt plus noire qu’Alecton:	la grand drôlerie, Je veux mourir, comme Elle suis en vie, Si elle n'est plus noire qu'Alecton:
Que Proſerpine eſpouſe de Pluton, Et que le trou de la ſale Sybille.	Que Proserpine épouse de Pluton, Et que le trou de la sale Bille.
Garguille.	Garguille.
o Elle ſembloit à mes yeux treſgentille, Elle m’eſtoit vn treſriche butin:	ô Elle semblait à mes yeux trèsgentille, Elle m'était un trèsriche butin:
Auſſi parbieu ce chetif Turlupin, Ce fat, ce gueu, malheureux de nature, Auant deux iours, par les enfers ie iure, Aura de moy vn remarquable affront:	Aussi parbieu ce chétif Turlupin, Ce fat, ce gueu, malheureux de nature, Avant deux jours, par les enfers ie jure, Aura de moi un remarquable affront:
Ie luy feray porter deſſus le front Comme Acteon des cornes inuiſibles.	Je lui ferai porter dessus le front Comme Acteon des cornes invisibles.
Lyrofle.	Lyrofle.
Moy, ie feray des choſes impoſſibles Comme vn cheual monté ſur vn fourmy La Mer bruller, vn rocher entoumy, Les Elephans peſcher deſſus Neptune:	Moi, Seigneur ferai des choses impossibles Comme un cheval monté sur un fourmi La Mer bruller, un rocher entoumi, Les Élephants pêcher dessus Neptune:
Les Marſoüins abbayer à la Lune:	Les Marsoüins abayer à la Lune:
Et les Connils à leurs Chaſſeurs ehafler.	Et les Connils à leurs Chasseurs ehafler.
Bruſcaut.	Bruscaut.
A te bien voir ces diſcours compaſſer, Tu mettrois bien ton nez entre mes feſſes Quand tu as ſoif, pour t’abreuuer de veſſes, B Mais Bon au Banc, m’a fait auſſi vn traict Qui luy fera bailler ſur ſon pourtraict, Il m’a rauy ma belle Dariolette, Et ſon oyſeau logé en ſa cagette:	À te bien voir ces discours compasser, Tu mettrais bien ton nez entre mes fesses Quand tu as soif, pour t'abreuuer de vesses, B Mais On au Banc, m'a fait aussi un trait Qui lui fera bailler sur son pourtrait, Il m'a ravi ma belle Dariolette, Et son oiseau logé en sa cagette:
Par la ſang-goy tout vif ie le tu’ray.	Par la sang-goy tout vif ici le tu'rai.
Garguille.	Garguille.
Eſcoute vn peu ce que ie te diray, Ces Patelins par leurs cautes fineſſes, Nous ont rauy nos plaiſantes maiſtreſſes:	Écoute un peu ce que ie te dirai, Ces Patelins par leurs cautes finesses, Nous ont ravi nos plaisantes maîtresses:
Mais tout ainſi comme lis je font ſans nous;	Mais tout ainsi comme lis je font sans nous;
Il faut ſans eux aller bouſcher leurs trous.	Il faut sans eux aller bouscher leurs trous.
L Bruſcaut.	 Lruscaut.
Ie le veux bien, allons mort de ma vie, Le n’eus iamais vne ſi grande enuie De boire frais, ou d’auoir des eſcus, Que lay dein de lesrendre cocus.	Je le veux bien, allons mort de ma vie, Le n'eus jamais une si grande envie De boire frais, ou d'avoir des écus, Que lay dein de lesrendre cocus.
Lyrofle.	Lyrofle.
Sang d’vn oignon, ie veux eſtre du nombre.	Sang d'un oignon, je veux être du nombre.
Garguille.	Garguille.
Ouy da, ouy da;	Oui da, oui dia;
vous nous ſeruirez d’ombre, Ie dis d’Argus, de peur que Turlupin En eſcriuant deſſus ſon parchemin.	vous nous servirez d'ombre, Je dis d'Argus, de peur que Turlupin En écrivant dessus son parchemin.
Ne nous ſuprenne.	Ne nous suprenne.
Lyrofle.	Lyrofle.
Ah!	Ah!
nenny, du derriere Vous luy direz qu’il ſe retire arriere De peur des coups, hé, quoy?	nenni, du derrière Vous-même direz qu'il se retire arrière De peur des coups, hé, quoi?
ſang d’vn naueau, Eſtimez vous que ie ſois macquereau, Ton, coute de bon il faut que ie vous gromme, Ou vous direz que ie ſuis galant homme Pour me ſeruir de vous à ce beſoin.	sang d'un naveau, Estimés vous que je sois macquereau, Ton, coute de bon il faut que je vous gromme, Ou vous direz que personne suis galant homme Pour me servir de vous à ce besoin.
Bruſcaut.	Bruscaut.
Allons tout doux & ne diſputons point, Auant que nul de nous autres trauàille, Nous tirerons l’vn & l’autre a la paille, Celuy de nous qui la plus longue aura A briſcoller gaillard commencera, Et la plus courte aura la patience De voir fourbir ſans honte en ſa preſence.	Allons tout doux et ne disputons point, Avant que nul de nous autres trauàille, Nous tirerons l et 'autre à la paille, Celui de nous qui la plus longue aura A briscoller gaillard commencera, Et la plus courte aura la patience De voir fourbir sans honte en sa présence.
Garguille.	Garguille.
Allons enfans, tenant ce compromis, Nous ſerons tous enſemblement Amis.	Allons enfants, tenant ce compromis, Nous serons tous ensemblement Amis.
ACTE QVATRIESME.	ACTE QUATRIÈME.
Turlupin.	Turlupin.
Bon au Banc.	Bon au Banc.
Garguille.	Garguille.
Bruſcaut.	Bruscaut.
La Boulonnoiſe.	La Boulonnoise.
Dariolette.	Dariolette.
Liroſle.	Lirôle.
Turlupin.	Turlupin.
Ve i’ay le cœur angoiſſeux de ſouſpirs;	Ve j'ai le cœur angoisseux de soupirs;
Helas, helas, ie vay de mal en pirs, Plus le malheur deſſus moy ſe renuerſe.	Hélas, hélas, toujours vais de mal en pirs, Plus le malheur dessus moi se renverse.
Qui euſt penſé que ma noire Alecton?	Qui eût pensé que ma noire Alecton?
Semblable au cul d’vn boſſu chauderon De ſon deuoir outre-paſſant les bornes, M’euſt fait porter deſſus le front des cornes Comme Acteon auoit deſſus le chef?	Semblable au cul d'une bossu chauderon De son devoir outre-passant les bornes, M'eût fait porter dessus le front des cornes Comme Acteon avait dessus le chef?
Ie crains, ô Dieux!	Je crains, ô Dieux!
qu’eſtant deuenu cerf Les gros maſtins & les chiens de Moloſſe Qu’elle nourrit dans ſa maiſon à force, Ne me rauiſſe & la vie & la peau.	qu'étant devenu cerf Les gros mâtins et les chiens de Molosse Qu'elle nourrit dans sa maison à force, Ne me ravisse et la vie et la peau.
Bon au Banc.	Bon au Banc.
Par la mort-bleu, voicy vn cas nouueau, Dariolette où j’anchrois ma fortune, Ferme en amour ainſi comme la Lune, M’a comme à vous, fait des cornes porter:	Par la mort-bleu, voici un cas nouveau, Dariolette où j'anchrais ma fortune, Ferme en amour ainsi comme la Lune, M'a comme à vous, fait des cornes porter:
Mais ſi ie puis auant peu accoſter Ce Bruſcaut-là qui me la desbauchee, Ie luy donray vne telle bechee Sur le muſeau, ſur le nez, & le front, Qui receu a Me Iols pius d’aſront Qu’il ne m’a fait, ſur la terre habitable.	Mais si ici puis avant peu accoster Ce Bruscaut-là qui me la débauchée, Je lui donnerai quelque telle bêchée Sur le museau, sur le nez, et le front, Qui reçu a Me Iols pius d'asront Qu'il ne m'a fait, sur la terre habitable.
Turlupin.	Turlupin.
Ie le battray mille fois plus qu’vn diable, Si ie l’attrappe auec ſes compagnons:	Je le battrai mille fois plus qu'un diable, Si ici l'attrape avec ses compagnons:
Mais qui euſt dit que ces ſales Oyſons Euſſent voulu nous faire ceſte honte, Par la inort-goy, ia lage me iuimonte, Ie m’en vay voir ſi ie les verray point Pour epouſter doublement leur pourpoint.	Mais qui eût dit que ces sales Oisons Eussent voulu nous faire cette honte, Par la inort-goy, ja lage me juimonte, Je m'en vais voir si on les verrai point Pour epouster doublement leur pourpoint.
Bon au Banc.	Bon au Banc.
Ne vous bougez le portier Tenaride A la mal’heure en cét endroit les guide, Mais il nous faut les eſcouter premier.	Ne vous bougez le portier Tenaride À la malheure en cet endroit les guide, Mais il nous faut les écouter premier.
Garguitte.	Garguite.
Bruſcaut ie veux deuenir eſcuyer, Puis que tenant pour des lances des cannes Ie vay picquant ſi gallamment les Aſnes.	Bruscaut ie veux devenir écuyer, Puis que tenant pour des lances des cannes Je vais piquant si gallamment les Anes.
muſcaut.	muscaut.
Ie ſeray donc, ma foy voſtre valet, Car ie ſçay bien galopper le mulet, Courir la lance, & dedans la Carriere Mettre dedans d’vne braue maniere.	Je serai donc, ma foi votre valet, Car Vous sais bien galopper le mulet, Courir la lance, et dedans la Carrière Mettre dedans d'une brave manière.
Turlupin.	Turlupin.
Vous auez mis dedans à mes deſpens:	Vous avez mis dedans à mes dépens:
Mais a prelent ſe vous rompray les dents.	Mais a prèslent se vous romprai les dents.
Bruſcaut.	Bruscaut.
A vos deſpens, cela eſt choſe fauſſe.	À vos dépens, cela est chose fausse.
Bon au Banc.	Bon au Banc.
Vous auez mis voſtre pain à la ſauſſe, Mais vous ſerez battu comme vn vilain.	Vous avez mis votre pain à la sausse, Mais vous serez battu comme un vilain.
Garguille.	Garguille.
v ous enauet menty Pns de pueain, Ie n’ayme point la ſaucette à l’eſpice.	 vous enauet menti Pns de pueain, Je n'aime point la saucette à l'épice.
Turlupin.	Turlupin.
Si vous auiez gaigné la chaude-piſſe, Et qu’on vous euſt fait coucher au grenier, Vous ne pourriez effrontément nier D’auoir oſé racommoder nos femmes.	Si vous aviez gagné la chaude-pisse, Et qu'on vous eût fait coucher au grenier, Vous ne pourriez effrontément nier D'avoir osé racommoder nos femmes.
Bruſcaut.	Bruscaut.
1110 Vous nous donnez ſans raiſon de grand blaſme.	1110 Vous nous donnez sans raison de grand blâme.
Bon au Banc.	Bon au Banc.
Par la ſang-goy, vous en ſerez frottez.	Par la sang-goy, vous en serez frottez.
Anne le dos, le ventre, & les coſtez.	Anne le dos, le ventre, et les côtés.
Thrtapin.	Thrtapin.
Vous penſez-vous ioüer à vne beſte.	Vous pensez-vous jouer à une bête.
Garguille.	Garguille.
Anne le bras, & la iambe, & la teſte.	Anne le bras, et la jambe, et la tête.
Bon au Banc.	Bon au Banc.
Par la mort-bleu il vous couſtera cher.	Par la mort-bleu il vous coûtera cher.
D’auoir oſé nos femmes desbaucher!	D'avoir osé nos femmes débaucher!
Bruſcaut.	Bruscaut.
Hola, hola, hé ſauuez-nous la vie.	Hola, holà, hé sauvez-nous la vie.
Turlupin.	Turlupin.
Ruez, mort-goy, de force & de furie.	Ruez, mort-goy, de force et de furie.
Garguille.	Garguille.
lla:	lla:
le iuiamnoraaralde Moumie.	le juiamnoraaralde Moumie.
La Boulonnoiſe.	La Boulonnoise.
Qu’enten-ie icy?	Qu'entendie ici?
he, quoy les Ennemis Ont-ils remis le camp deuant Peronne?	hé, quoi les Ennemis Ont-ils remis le camp devant Peronne?
Dariolette.	Dariolette.
C’eſt ce Bruſcaut que Turlupin teſtonne, Comme vn Barbier qui n’a point d’oignemens.	C'est ce Bruscaut que Turlupin tétonne, Comme un Barbier qui n'a point d'oignements.
La Boulonnoiſe.	La Boulonnoise.
Helas, rüez:	Hélas, réunez:
ces meſchans garnemens Nous ont voulu prendre à force n’aguerc:	ces méchants garnements Nous ont voulu prendre à force n'aguerc:
Et cultiuer en noſtre Pepiniere.	Et cultiver en notre Pépinière.
Bruſcaut.	Bruscaut.
Pieldo monbieu,re mis meurtry de coups.	Pieldo monbieu,re mis meurtri de coups.
Dariolette.	Dariolette.
Quoy:	Quoi:
vous vounezenez nous boucher les trous.	vous vounezenez nous boucher les trous.
Bon au Banc.	Bon au Banc.
Encor ce coup vous aurez ſur la trongne.	Encor ce coup vous aurez sur la trongne.
Turlupin.	Turlupin.
Quoy?	Quoi?
vous voulez faire noſtre beſongne.	vous voulez faire notre besongne.
Garguille.	Garguille.
Mercy helas!	Merci hélas!
helas pour Dieu mercy.	hélas pour Dieu merci.
Lirofle.	Lirôle.
Reſuay-ie, ou quoy?	Rêvai-je, ou quoi?
quel bruit entend-ie icy?	quel bruit entend-je ici?
La Boulonnoiſe.	La Boulonnoise.
C’eſt ce Bruſcaut, & l’inſolent Garguille, Qui deſiroient deſroüiller leur eſguille.	C'est ce Bruscaut, et l'insolent Garguille, Qui désiraient dérouiller leur éguille.
2 Bon-au-banc.	2 Bon-au-banc.
Ouy, ils vouloient loger leur matelot, Mais ils en ont tresbien payé l’eſcot.	Oui, ils voulaient loger leur matelot, Mais ils en ont tresbien payé l'écot.
Lirofle.	Lirôle.
En bon Francois, ils deſiroient le faire.	En bon Francais, ils désiraient le faire.
Dariolette.	Dariolette.
Ouy, par ma ſoy la enoie ert toute claire.	Oui, par ma soi la enoie ert toute claire.
Lirofle.	Lirôle.
Ils ont voulu;	Ils ont voulu;
mais venons à l’errect.	mais venons à l'errect.
Turlupin.	Turlupin.
Pour le ſurplus, ils ne l’ont pas parfaict.	Pour le surplus, ils ne l'ont pas parfait.
La Boulonnoiſe.	La Boulonnoise.
Pour ces Bouquins, nous eſtions trop honneſtes.	Pour ces Bouquins, nous étions trop honnêtes.
Deilan cane.	Deilan cane.
Ils penſoient bien auoir buflé des beſtes.	Ils pensaient bien avoir bufflé des bêtes.
bruſcaut.	bruscaut.
Nous ne faiſions que nous goguenarder.	Nous ne faisions que nous goguenarder.
Dariolette.	Dariolette.
Quoy?	Quoi?
vous faiſiez deſia vos nerfs bander, Penſant auoir ſurpris quelque berée.	vous faisiez déjà vos nerfs bander, Pensant avoir surpris quelque berée.
Lirofle.	Lirôle.
N’en parlons plus, vous eſtiez coleree D'vn autre obiect, ſus Seigneur Turlupin Chaſſez de vous la noiſe & le chagrin:	N'en parlons plus, vous étiez colère D'un autre objet, sus Seigneur Turlupin Chassez de vous la noise et le chagrin:
Et allons tous vingt ou trente coups boire Pour de cecy oublier la memoire.	Et allons tous vingt ou trente coups boire Pour de ceci oublier la mémoire.
Amiapila, Ie le veux bien;	Amiapila, Je le veux bien;
s’ils font premierement Deſſus leur foy vn ſolemnel ſerment De ne venir chaſſer dans nos garennes.	s'ils font premièrement Dessus leur foi un solennel serment De ne venir chasser dans nos garennes.
Garguille.	Garguille.
Le vent m’emporte aux foreſts des Ardẽnes, Si i’y reuiens iamais à ce marché.	Le vent m'emporte aux forêts des Ardiennes, Si j'y reviens jamais à ce marché.
Bruſcaut.	Bruscaut.
Par la mort-bleu, ie ſuis plus eſcaché Que n’eſt le bled qui paſſe ſous la meulle.	Par la mort-bleu, je suis plus écaché Que n'est le bled qui passe sous la meulle.
Gar guille.	Gar guille.
Foy de garſon, ie n’ay dent en la gueulle Qui ne me branſſe ainſi comme les dents D’vne vielle.	Foi de garson, Elle n'ai dent en la gueulle Qui ne me branse ainsi comme les dents D'une vielle.
Lyrofle.	Lyrofle.
Ahlnous voila dedans Sans chauſſe-pied;	Ahlous voilà dedans Sans chaussé-pied;
n’y ſonge plus Garguille:	n'y songe plus Garguille:
Qui veut ribler, il faut que l’on l’eſtrille.	Qui veut ribler, il faut que l'on l'étrille.
Bon au banc.	Bon au banc.
Ce qui eſt fait, eſt fait, n’en parlons plus.	Ce qui est fait, est fait, n'en parlons plus.
Turlupin.	Turlupin.
Sus allons donc boire de ce bou ius;	Sus allons donc boire de ce bou jus;
Qui fait monter les landiers ſur les broches:	Qui fait monter les landiers sur les broches:
Mollir le fer, & fendre en deux les roches.	Mollir le fer, et fendre en deux les roches.
La Boulonnoiſe.	La Boulonnoise.
Par ſainct-Aignan, ie veux eſtre de tout;	Par saint-Aignan, pleins veux être de tout;
Ainſi que vous, i’ay vn tres-bon eſgout Pour boire ſec le bon Perrochimaine.	Ainsi que vous, j'ai un très-bon égout Pour boire sec le bon Perrochimaine.
Etreſte.	Etreste.
Allons, Garguille;	Allons, Garguille;
allons, i’eſtois en peine Qui payeroit ce iourd’huy à gouſter.	allons, j'étais en peine Qui payerait ce jour'hui à goûter.
Garguille.	Garguille.
I’ay du ſujet de me deſconforter, De ce quu luue eden ina siuelſiere, Apres qu’on m’a eſtrillé de maniere.	J'ai du sujet de me desconforter, De ce quu luve éden ina siuelsière, Après qu'on m'a étrillé de manière.
Bon-au banc.	Bon-au banc.
N’y ſongez-plus, alſons, c’eſtoit par ieu.	N'y songez-plus, alsons, c'était par jeu.
Braſcaut.	Brascaut.
Ie n’ay ſur moy veine, tendon, ne lieu Qui ne me facene grala douleance.	Je n'ai sur moi veine, tendon, ne lieu Qui ne me facène grala douleance.
Turlupam.	Turlupam.
Pour à iamais n’en auoir ſouuenance, Allons Bruſcaut, allons, allons treſtous Boire chacun neuf ou dix mille coups.	Pour à jamais n'en avoir souvenance, Allons Bruscaut, allons, allons trestous Boire chacun neuf ou dix mille coups.
A	À
I N.	I N.
Foy de garſon, ie n’ay dent en la gueulle Qui ne me branſſe ainſi comme les dents D’vne vielle.	Foi de garson, Elle n'ai dent en la gueulle Qui ne me branse ainsi comme les dents D'une vielle.
Lyrofle.	Lyrofle.
Ahlnous voila dedans Sans chauſſe-pied;	Ahlous voilà dedans Sans chaussé-pied;
n’y ſonge plus Garguille:	n'y songe plus Garguille:
Qui veut ribler, il faut que l’on l’eſtrille.	Qui veut ribler, il faut que l'on l'étrille.
Bon au banc.	Bon au banc.
Ce qui eſt fait, eſt fait, n’en parlons plus.	Ce qui est fait, est fait, n'en parlons plus.
Turlupin.	Turlupin.
Sus allons donc boire de ce bou ius;	Sus allons donc boire de ce bou jus;
Qui fait monter les landiers ſur les broches:	Qui fait monter les landiers sur les broches:
Mollir le fer, & fendre en deux les roches.	Mollir le fer, et fendre en deux les roches.
La Boulonnoiſe.	La Boulonnoise.
Par ſainct-Aignan, ie veux eſtre de tout;	Par saint-Aignan, pleins veux être de tout;
Ainſi que vous, i’ay vn tres-bon eſgout Pour boire ſec le bon Perrochimaine.	Ainsi que vous, j'ai un très-bon égout Pour boire sec le bon Perrochimaine.
Etreſte.	Etreste.
Allons, Garguille;	Allons, Garguille;
allons, i’eſtois en peine Qui payeroit ce iourd’huy à gouſter.	allons, j'étais en peine Qui payerait ce jour'hui à goûter.
Garguille.	Garguille.
I’ay du ſujet de me deſconforter, De ce quu luue eden ina siuelſiere, Apres qu’on m’a eſtrillé de maniere.	J'ai du sujet de me desconforter, De ce quu luve éden ina siuelsière, Après qu'on m'a étrillé de manière.
Bon-au banc.	Bon-au banc.
N’y ſongez-plus, alſons, c’eſtoit par ieu.	N'y songez-plus, alsons, c'était par jeu.
Braſcaut.	Brascaut.
Ie n’ay ſur moy veine, tendon, ne lieu Qui ne me facene grala douleance.	Je n'ai sur moi veine, tendon, ne lieu Qui ne me facène grala douleance.
Turlupam.	Turlupam.
Pour à iamais n’en auoir ſouuenance, Allons Bruſcaut, allons, allons treſtous Boire chacun neuf ou dix mille coups.	Pour à jamais n'en avoir souvenance, Allons Bruscaut, allons, allons trestous Boire chacun neuf ou dix mille coups.
A	À
I N.	I N.
