D'OWERKERKE	D'OWERKERKE
Grand Eſcuyer de Son Alteſſe Monſeigneur le Prince d’Orange & Capitaine de Cavallerie au ſervice de Meſſieurs les Eſtats Generaux des Provinces Unies des Pays-bas &c.	Grand Escuyer de Son Altesse Monseigneur le Prince d'Orange et Capitaine de Cavallerie au service de Messieurs les États Généraux des Provinces Unies des Pays-bas etc.
MONSIEUR,	MONSIEUR,
pres toutes les bontés, que vous avez eu LApour moy, je ſerois le plus ingrat de tous les hommes, ſi je ne vous dediois pas cette petite Comedie.	pres toutes les bontés, que vous avez eu LApour moi, je serais le plus ingrat de tous les hommes, si je ne vous dédiais pas cette petite Comédie.
J’eſpere qu’elle vous fera paſſer une demi-heure agreablement, ſi vous prenez la peine de la lire.	J'espère qu'elle vous fera passer une demi-heure agréablement, si vous prenez la peine de la lire.
Le docteur extravagant ſe prepare a vous faire rire dans les compliments qu’il fait a ſa Maiſtreſſe, Criſpin & Catin dans leurs amours & les debats qu’elle a avec le docteur.	Le docteur extravagant se prépare à vous faire rire dans les compliments qu'il fait a sa Maîtresse, Crispin et Catin dans leurs amours et les débats qu'elle a avec le docteur.
Enfin tout y contribüera, ſi j’en croy le ſentiment de quelques uns de mes amis.	Enfin tout y contribuera, si j'en crois le sentiment de quelques uns de mes amis.
Je vous prie, Monſieur, de leur faire Juſtice & de me dire s’ils ne ſe ſont point trompés & de pardonner quelques petites fautes, qui pourroient y eſtre reſtées, a une foible Muſe qui ne fait que de naiſtre.	Je vous prie, Monsieur, de leur faire Justice et de me dire s'ils ne se sont point trompez et de pardonner quelques petites fautes, qui pourraient y être restées, à une faible Muse qui ne fait que de naître.
Mais comme mon but n’eſt que de vous divertir pour peu que ma petite Comedie puiſſe vous plaire, j’auray aſſez dequoy intimider tous les critiques qui voudroient ſenſurer ce petit ouvrage, en leur montrant voſtre illuſtre nom a la teſte de mon livre, & je meſtimeray trop heureux ſi je puis meriter l’honneur de voſtre protection & la qualité de	Mais comme mon but n'est que de vous divertir pour peu que ma petite Comédie puisse vous plaire, j'aurai assez dequoy intimider tous les critiques qui voudraient sensurer ce petit ouvrage, en leur montrant votre illustre nom a la tête de mon livre, et je mestimeray trop heureux si je puis mériter l'honneur de votre protection et la qualité de
MONSIEUR, Voſtre tres-humble tres-obeïſſant & tres-obligé Serviteur.	MONSIEUR, Votre très-humble très-obeïssant et très-obligé Serviteur.
D.	D.
C.	Ç.
DE NANTEUIL.	DE NANTEUIL.
ACTEURS.	ACTEURS.
GORGIBUS, Pere de Climene.	GORGIBUS, Père de Climène.
CLIMENE, Fille de Gorgibus.	CLIMENE, Fille de Gorgibus.
CEEANDRE, Amoureux de Climene.	CEANDRE, Amoureux de Climène.
PANCRACE, Docteur extravagant.	PANCRACE, Docteur extravagant.
CRISPIN, Valet de Cleandre.	CRISPIN, Valet de Clandre.
CATIN, Servante de Gorgibus.	CATIN, Servante de Gorgibus.
LE COMTE DE ROCQUEFOEUILLES OU LE DOCTEUR EXTRAVAGANT, COMEDIE.	LE COMTE DE ROCUEFOEUILLES OU LE DOCTEUR EXTRAVAGANT, COMÉDIE.
14	14
CENE I.	CÈNE I.
GORGIBUS, CLIMENE, CATIN.	GORGIBUS, CLIMENE, CATIN.
BuS.	BuS.
a Fille il n’eſt plus temps de feindre, MNy degemir, ny de vous plaindre, Car je pretens vous marier, Non pour ne pas multiplier.	à Fille il n'est plus temps de feindre, MNi dégémir, ni de vous plaindre, Car je prétends vous marier, Non pour ne pas multiplier.
Mais pour agrandir ma famille.	Mais pour agrandir ma famille.
Vous eſtes bien faicte, gentille.	Vous êtes bien fairete, gentille.
Vous avez le nez bien tourné, Et l’œil fort emmerillonné, Et je veux que chacun ſans peine.	Vous avez le nez bien tourné, Et l'œil fort emmerillonné, Et je veux que chacun sans peine.
Vous nomme la grande Climene, Parce qu’un jour vous ferez voir, Que l’on peut avoir de l’eſpoir, uand l’amitié faict qu’on s’aſſemble, Voſtre mary ſera.	Vous nomme la grande Climène, Parce qu'un jour vous ferez voir, Que l'on peut avoir de l'espoir, and l'amitié fait qu'on s'assemble, Votre mari sera.
.	.
.	.
.	.
CLIMENE.	CLIMENE.
Je tremble.	Je tremble.
Si c’eſtoit Cleandre.	Si c'était Clandre.
A TIN.	À TIN.
Monſieur.	Monsieur.
.	.
ORGIBU Que veux tu.	ORGIBU Que veux tu.
s.	s.
CLIMENE.	CLIMENE.
Catin j’ay bien peur.	Catin j'ai bien peur.
TIN.	TIN.
Faites luy preſent d’un jeun' homme, Qui na pas ſon pareil a Rome, Il ſcait ſon pater tout entier, Il eſt ſçavant, il eſt altier, Il eſt plus brave que Pompée Il porte une ſi belle eſpée, Il eſt jeune, ſouple & courtois, Ah!	Faites lui -présent d'un jeun' homme, Qui na pas son pareil a Rome, Il sait son pater tout entier, Il est savant, il est altier, Il est plus brave que Pompée Il porte une si belle espée, Il est jeune, souple et courtois, Ah!
ſi vous aviez veu ſa voix, Il chante comme une linotte, Dans ſes dents ſans ceſſe il marmotte, Je ne ſcay quoy de tous coſtés.	si vous aviez vu sa voix, Il chante comme une linotte, Dans ses dents sans cesse il marmotte, Je ne sais quoi de tous côtés.
Bus.	Bus.
Ce ne ſont que des eſventés, Il vaut mieux que ma fille prenne.	Ce ne sont que des éventés, Il vaut mieux que ma fille prenne.
ATIN.	ATIN.
Un praticien a la douſaine.	Un praticien a la douzaine.
Qui la fera crever de fain, Regardez un peu le beau train, Que ce ſeroit ſi ma Maiſtreſſe, Avoit une telle baſſeſſe, Vous vous mocqués d’elle ma foy.	Qui la fera cruelle de foi. Regardez un peu le beau train, Que ce serait si ma Maîtresse, Avait une telle bassesse, Vous vous moquez d'elle ma foi.
RGIBUS.	RGIBUS.
Catin taiſés vous.	Catin taisez -vous.
CATIN.	CATIN.
Et pourquoy.	Et pourquoi.
Ne voulés vous pas que je parle, Ne luy propoſez vous pas Charle, Ce vieux penart qui l’autre jour, Venoit pour luy parler d’amour, C’eſt bien pour ſa vieïlle carcaſſe, Avecque ſa laide grimaſſe, Ly ſon mary ly!	Ne voulez vous pas que je parle, Ne lui proposez -vous pas Charle, Ce vieux pénart qui l'autre jour, Venait pour mieux parler d'amour, C'est bien pour sa vieille carcasse, Avec sa laide grimasse, Ly son mar y!
s’il eſtoit, Chacun le monſtreroit au doit, Il ſeroit bien cocu ſans forme, Le peché ſeroit bien enorme.	s'il était, Chacun le montrerait au doit, Il serait bien cocu sans forme, Le péché serait bien énorme.
De luy bailler un vieux eſpoux, Qui luy gratteroit les genoux.	De Elle bailler un vieux époux, Qui Seigneur gratterait les genoux.
Sans luy faire aucune fleurette, Le gueibe emporte la maſette, S’il c’eſtoit l.	Sans était faire aucune fleurette, Le gueibe emporte la mazette, S'il c'était l.
aGIBUS.	aGIBUS.
Mais taiſez vous.	Mais taisez -vous.
CLIMENE.	CLIMENE.
Mon Pere en matiere d’eſpoux, Il ſeroit bon de prendre garde, Qu’il me pleut.	Mon Père en matière d'époux, Il serait bon de prendre garde, Qu'il me pleut.
ORGIBUS.	ORGIBUS.
Petite camarde.	Petite camarde.
Il faut qu’il vous plaiſe vrayement, Il vous faut chercher un amant, Un damoiſeau couvert de plume, Un eſprit dur comme une enclume,	Il faut qu'il vous plaise vraiment, Il vous faut chercher un amant, Un damoiseau couvert de plume, Un esprit dur comme une enclume,
Un de ces batteurs de pavé, Donc le croupion eſt eſlevé, Dedans le milieu d’un caroſſe, Qui tousjours ont en main leur broſſe, Leur peigne, un ratelier de dents.	Un de ces batteurs de pavé, Donc le croupion est élevé, Dedans le milieu d'un carresse, Qui toujours ont en main leur brosse, Leur peigne, un râtelier de dents.
Afin de tromper les vivants, Et faire croire que leur aage, N’eſt pas d’un ſi grand eſtalage, Mais connoiſſant ces Meſſieurs la, Sans me contredire en cela, Il faut prendre un eſpoux ſans vice, Qui ſoit tousjours de la Juſtice, Ou de ces gros & gras marchands, Et non pas de ces feneants, Qui deſpenſent en ſix ſepmaines, De piſtolles plus de douzaines, Qu’on n’en pourroit conter encor, Quand ce feroit en Loüis d’or, C’eſt pourquoy je faismes promeſſes, Qui n’exhiberont point leurs pieces, Avec les voſtres, cependant, Songés que bientoſt voſtre amant Viendra vous offrir de ſa race, Enfin c’eſt le docteur Pancrace, Il eſt riche comme un Croeſus, Mais il vient a nous.	Afin de tromper les vivants, Et faire croire que leur âge, N'est pas d'un si grand étalage, Mais connaissant ces Messieurs la, Sans me contredire en cela, Il faut prendre un époux sans vice, Qui soit toujours de la Justice, Ou de ces gros et gras marchands, Et non pas de ces fenants, Qui dépensent en six sepainées, De pistoles plus de douzaines, Qu'on n'en pourrait conter encor, Quand ce ferait en Lis d'or, C’est pourquoi je faismes promesses, Qui n'exhiberont point leurs pièces, Avec les pô, cependant, Songés il est m a In vous offrir de sa race, Enfin est le docteur Pancrace, Il est riche comme un Croesus, Mais il vient a nous.
SCENE II.	SCÈNE II.
GORGIBUS, CLIMENE, PANCRACE, CATIN.	GORGIBUS, CLIMENE, PANCRACE, CATIN.
PANCRACE.	PANCRACE.
Sicut mus, J’apoſtrophe icy ma perſonne, Voyant voſtre Fille ſi bonne, Je cherche par tout mes raiſons, Je deſcens dans de creux valons, Dedans des lieux que l’on appelle, Une garde une ſentinelle, Ou mon pectorat entacé, ne viendra bien-toſt treſpacé, Si Climene mon adorable, Ne m’eſt pas un peu favorable, L’amour me tourne dans le corps Tantoſt dedans, tantoſt dehors, Mais d’une force ſi picquante, Si maligne & ſi vehemente, Que je ſuis dedans le tombeau, Si voſtre adorable cerveau, Ne reſpond pas à ma harangue, Pas l’organe de voſtre langue;	Sicut mus, J'apostrophe ici ma personne, Voyant votre Fille si bonne, Je cherche par tout mes raisons, Je décents dans de creux valons, Dedans des lieux que l'on appelle, Une garde une sentinelle, Ou mon pectorat entacé, ne viendra bientôt trespacé, Si Climène mon adorable, Ne m'est pas un peu favorable, L'amour me tourne dans le corps Tantôt dedans, tantôt dehors, Mais d'une force si picquante, Si maligne , si véhémente, Que je suis dedans le tombeau, Si votre adorable cerveau, Si bon pas ma ne, Puis que à ma langue,
C’eſt pourquoy trop charmant object, Je m’en vais chercher un ſuject, Pour vous faire opter & comprendre, Le dur d’un Docteur & le tendre.	C'est pourquoi trop charmant object, Je m'en vais chercher un suject, Pour vous faire opter et comprendre, Le dur d'un Docteur et le tendre.
Le dur c’eſt alors qu’il eſcript Ou qu’il eſtudie, ou qu’il lit, Ou qu’il parle contre Vripyde, Contre Sophocle, ou Tuſity de, Contre Marc Antoinne, ou Cæſar, Qui fut percé de part en part, Contre Caton, contre Seneque, Qui fut pourſuivi d’une pecque.	Le dur c'est alors qu'il écript Ou qu'il étudie, ou qu'il lit, Ou qu'il parle contre Vripyde, Contre Sophocle, ou Titi de, Contre Marc Antoine, ou Cæs, Qui fut persé de part en part, Contre Caton, contre Sénèque, Qui fut poursuivi d'une pecque.
Mais par le tendre vous ſcaurez, Qu’il à plus de trente degrés, Que je vays vous citer encore.	Mais par le tendre vous saurez, Qu'il à plus de trente degrès, Que je vais vous citer encore.
Vous ſcaurez qu’un jour Pytagore.	Vous saurez qu'un jour Pytagore.
GIBUS.	GIBUS.
Nous n’en ſommes pas la deſſus, ( Monſieur nous ſçavons vos vertus, Faiſant l’amour à ſa Maiſteſſe, Il faut parler.	Nous n'en sommes pas la dessus, ( Monsieur nous savons vos vertus, Faisant l'amour à sa Maîtesse, Il faut parler.
PANCRACE.	PANCRACE.
Quoy, de tendreſſe, Vous avez rompu mon deſſein, J’avois une penſée en main, Qui faiſoit voir que la nature, Nous mettoit dans la ſepulture, Lors que la tendreſſe venoit, Que la dureté retournoit, Et que quelque fois le courage, Nous manquoit bien pluſtoſt que l’aage, Mais je vais luy parler d’amour.	Quoi, de tendresse, Vous avez rompu mon dessein, J'avais une pensée en main, Qui faisait voir que la nature, Nous mettait dans la sépulture, Lors que la tendresse venait, Que la dureté retournait, Et que quelque fois le courage, Nous manquait bien tôt que l'âge, Mais je vais se parler d'amour.
RGIBUS.	RGIBUS.
Adieu je veux qu’a mon retour, Nous conclüions ce mariage, Ne les quitte point.	Adieu je veux qu'a mon retour, Nous concluions ce mariage, Ne les quitte point.
A 11 N.	À 11 N.
Non.	Non.
ORGIB u S.	ORGIB u S.
Courage Exſpiquez vous plus clairement, Parlez intelligiblement, Aureu.	Courage Exspiquez -vous plus clairement, Parlez intelligiblement, Aureu.
ANCRACE.	ANCRACE.
Monſieur je vous rends grace.	Monsieur je vous rends grâce.
CLIMENE à part.	CLIMENE à part.
Le ſot amant.	Le sot amant.
GIBUS.	GIBUS.
Adieu Pancrace.	Adieu Pancrace.
Gorgibus ſort.	Gorgibus sort.
SCENE III.	SCÈNE III.
PANCRACE, CLIMENE, CATIN.	PANCRACE, CLIMENE, CATIN.
PANCRACE.	PANCRACE.
e voila donc pour vous parler, MBien plus heureux que ſur la mer, N'eſt Neptune avecque ſa belle, Il ne peut jaſer avec elle, Sans avoir l’incommodité, De ſouffrir cette avidité, De ces fripons de la mer noire, Qui s’amuſent ſouvent à boire, Et qui ſuccent le gouſpillon, Tant qu’ils en reperent de bon.	Je voilà donc pour vous parler, MABien plus heureux que sur la mer, N'est Neptune avec sa belle, Il ne peut jaser avec elle, Sans avoir l'incommodité, De souffrir cette avidité, De ces fripons de la mer noire, Qui s'amusent souvent à boire, Et qui succent le gouspillon, Tant qu'ils en repèrent de bon.
Pour nous, nous ſommes à la mode, Nous ſçavons chaſſer l’incommode.	Pour nous, nous sommes à la mode, Nous Savons chasser l'incommode.
Car les amants ſont traverſés, Par ces Rodrigues rebrouſſes, Qui ne pouvant faire gambade, Ont tousjours la teſte malade, C’eſt pourquoy trop charmant object, Dites ſi voſtre baſſinet, Voudroit bien recevoir la poudre, Que noſtre amitié vient de moudre, Car je bruſle pour vos beautés, Et toutes me perplexités, Se trouvent fort intereſſées, Dans ce qu’on voit dans vos penſées.	Car les amants sont traversés, Par ces Rodrigues rebrousses, Qui ne pouvant faire gambade, Ont toujours la tête malade, C'est pourquoi trop charmant object, Dites si votre bassinet, Voudrait bien recevoir la poudre, Que notre amitié vient de moudre, Car je brûle pour vos beautés, Et toutes me perplexités, Se trouvent fort intéressées, Dans ce qu'on voit dans vos pensées.
Repondez donc beauté ſans fard, mon peuit nes doux & mignard, Sur ce que je vous viens de dire.	Répondez donc beauté sans fard, mon peuit nés doux et mignard, Sur ce que je vous viens de dire.
LI MENE, Monſieur je ſuis preſte a ſouſcrire A ce que mon Pere voudra.	LI MÈNE, Monsieur je suis prête a souscrire À ce que mon Père voudra.
ANCRACE.	ANCRACE.
Je ſçay qu’il mocooptera, Pour eſtre dedans peu ſans peine, Voſtre mary, belle Climene, Mais vous n’y reſiſterez pas Car je connois que vos appas, S’ympatiſent avecque ma flame Si vous pouviez voir dans mon ame, Vous voiriez mon Cœur.	Je sais qu'il mocooptera, Pour être dedans peu sans peine, Votre mari, belle Climène, Mais vous n'y résisterez pas Car je connais que vos appas, S'ympatisent avec ma flamme Si vous pouviez voir dans mon âme, Vous voir mon Cœur.
.	.
CLIMENE.	CLIMENE.
Je le croys, Mon cher Docteur pour cette fois.	Je le crois, Mon cher Docteur pour cette fois.
Ne pouſſez point tant de fleurettes, Vous ne ſçavez ou vous en eſtes, Vous vous precipités un peu, Et ſi vous eſtes dans le feu, Comme vous le faites paroiſtre, Voſtre amour va trop loing.	Ne poussez point tant de fleurettes, Vous ne savez ou vous en êtes, Vous vous précipitez un peu, Et si vous êtes dans le feu, Comme vous le faites paraître, Votre amour va trop loin.
PANCRACE.	PANCRACE.
peut eſtre, Ne va il pas encore aubout, Ah!	peut -être, Ne va -il pas encore aubout, Ah!
que vous ne ſçavez pas tout, Si vous.	que vous ne savez pas tout, Si vous.
LIMENE.	LIMENE.
Je ſerois trop ſcavante, Sçachant tout.	Je serais trop savante, Sachant tout.
PANCRACE.	PANCRACE.
Vous eſte galante, Je l’apperçois bien maintenant, Il faut ſortir de ce neant, Pour entrer dedans cette place, Que nous appellons le Parnaſſe, Ou vous voirez que les ſçavants.	Vous este galante, Je l'aperçois bien maintenant, Il faut sortir de ce néant, Pour entrer dedans cette place, Que nous appelons le Parnasse, Ou vous voirez que les savants.
IN.	IN.
Ce ne ſont pas des feneants, Ils ont de l’eſprit d’importance, Ils ſçavent faire la diſtance, Du noir, du rouge, & du eitron Ils ſçavent bien qu’un carteron, Eſt bien different d’une livre, Je l’on leu parfois dans un livre.	Ce ne sont pas des fenéants, Ils ont de l'esprit d'importance, Ils savent faire la distance, Du noir, du rouge, et du eitron Ils savent bien qu'un carteron, Est bien différent d'une livre, Je l'on lu parfois dans un livre.
CRACE.	CRACE.
Eſprit bouché, dis moy comment Tu parles de ce firmament, Dont parloient les ſçavants d’Ytaque, Qui diſoient que le Zodyaque, Le Verſeau ſuivi du Cancer, Ne pouvoient pas voir renverſér, Toute noſtre Anciclopedie.	Esprit bouché, dis moi comment Tu parles de ce firmament, Dont parlaient les savants d'Ytaque, Qui disaient que le Zodyaque, Le Verseau suivi du Cancer, Ne pouvaient pas voir renverser, Toute Se Anciclopédie.
Si tu ſcavois la Tragedie, Que fit Seneque.	Si tu savais la Tragédie, Que fit Sénèque.
CAT IIN.	CAT YIN.
Hola ſans plus!	Holà sans plus!
Laiſſez en repos voſtre flus.	Laissez en repos votre flus.
ACRACE.	ACRACE.
Ors ça je vays vous dire encore, Que j’ay veu ſouvent.	Ors ça je vais vous dire encore, Que j'ai vu souvent.
CLIMENE!	CLIMENE!
L’elebore, Seroit bonne à beaucoup de gens.	L'élébore, Serait bonne à beaucoup de gens.
Je le croy.	Je le crois.
ANCRACE.	ANCRACE.
CLIMENE.	CLIMENE.
Meſme à des galans Que je connois de bonne ſorte.	Même à des galants Que je connais de bonne sorte.
NCRACE.	NCRCE.
Dedans un lieu que.	Dedans un lieu que.
A TIN.	À TIN.
Diable emporte Si l’on vous entent un moment, Vous ne nous parlez qu’Allemant, Parlés nous comme il faut j’enrage Vous voiriez changer mon viſage, De plus de cent mille façons.	Diable emporte Si l'on vous entent un moment, Vous ne nous parlez qu'Allemant, Parlez nous comme il faut j'enrage Vous voiriez changer mon visage, De plus de cent mille façons.
CLIMENE.	CLIMENE.
Monſieur j’eſtime vos leçons, Vous voiez que je les eſcoute.	Monsieur j'estime vos leçons, Vous voyez que je les écoute.
ANCRACE.	ANCRACE.
Climene je ne voy plus goutte, Vous m’avez conſtipé d’amour, Mes yeux rougiſſants à leur tour, Font que ma prunelle s’egare, Et qu’ils courrent ſans dire gare, Mais je croy que dans ce moment Vous reconnoiſtrez voſtre amant, Dans le Doctiſſime Pancrace.	Climène je ne vois plus goutte, Vous m'avez constipé d'amour, Mes yeux rougissants à leur tour, Font que ma prunelle s'égare, Et qu'ils courrent sans dire gare, Mais je crois que dans ce moment Vous reconnaîtrez votre amant, Dans le Doctissime Pancrace.
LIMENE.	LIMENE.
Daus bons le un peu:	Dans bons le un peu:
Dieux qu’elle grace, A prononcer tous ces beaux mots.	Dieux qu'elle grâce, A prononcer tous ces beaux mots.
ANCRACE.	ANCRACE.
Je veux qu’on me bruſle les os, Si vous ne liſez dans les ames, Vous expulſez toutes les Flames, Qui me venoient de tous ces lieux, Ou j’ay fait mes derniers adieux, Elles m’adoroient.	Je veux qu'on me brûle les os, Si vous ne lisez dans les âmes, Vous expulsez toutes les Flammes, Qui me venaient de tous ces lieux, Ou j'ai fait mes derniers adieux, Elles m'adoraient.
Il n’importe, Quand on à proſpicé la porte, De voſtre chaſte entendement, On devient je ne ſçay comment, Et quand on auroit des Maiſtreſſes, Qui donneroient des alegreſſes, Qui nous mangent au dernier point, Je vous confeſſeray ce point, Que l’on na qu’avoir.	Il n'importe, Quand on à prospicé la porte, De votre chaste entendement, On devient je ne sais comment, Et quand on aurait des Maîtresses, Qui donneraient des alègresses, Qui nous mangent au dernier point, Je vous confesserai ce point, Que l'on na 'avoir.
CLIMENE.	CLIMENE.
Je vous quitte, Je m’envay faire une viſite, Ou je ne ſongeois desja plus.	Je vous quitte, Je m'envai faire une visite, Ou je ne songeais déjà plus.
ANCRACE.	ANCRACE.
Enfin mes ſoins ſont ſuperflus, Vous ne m’ayméz point.	Enfin mes soins sont superflus, Vous ne m'ayméz point.
CLIMENE.	CLIMENE.
Je vous ayme,	Je vous aime,
PANCRACE.	PANCRACE.
De dans mon pectorat ce ſeme, Quantité de petits roſiers, Et plus de deux cent ſerruriers, Qui me dechirent la poitrine, L un me briie avec une eſpine, D’un de ces roſeaux merveilleux, Qui viennent me ſciller les yeux, Et qui voltigent ſur ma teſte.	De dans mon pectorat ce ferme, Quantité de petits ros, Et plus de deux cent serruriers, Qui me déchirent la poitrine, L un me briie avec une épine, D'un de ces roseaux merveilleux, Qui viennent me sciller les yeux, Et qui voltigent sur ma tête.
On voit àlors la flamme preſte, A les comburer.	On voit àlors la flamme prête, À les comburer.
Si vos yeux, N’arreſtoient point mes ſens jojeux.	Si vos yeux, N'arrêtaient point mes sens jojeux.
Je ſens mon ame, qui vous nomme, Ma chere, mon tout, ma pouponne, Ma Venus.	Je sens mon âme, qui vous nomme, Ma chère, mon tout, ma pouponne, Ma Venus.
Comme il vous plaira.	Comme il vous plaira.
HIN.	HIN.
Aumoins Climene s’en ira, Si vous ne finiſſez bien viſte.	Aumoins Climène s'en ira, Si vous ne finissez bien vite.
ANCRACE.	ANCRACE.
Nous là rátrapperons au giſte.	Nous là rátrapperons au gîte.
A dieu donc ma divinité, Ne me rendés point ſupplanté, Par quelque Galand, je vous prie, Adieu mon Cœur, adieu ma Vie.	À dieu donc ma divinité, Ne me rendez point supplanté, Par quelque Galanté, je vous prie, Adieu mon Cœur, adieu ma Vie.
CLIMENE.	CLIMENE.
Adieu, quand me viendrés vous voir.	Adieu, quand me viendrez -vous voir.
PANCRACE.	PANCRACE.
Le plus tard ce ſera ce ſoir, Adieu ma tres-charmante hoſteſſe, Je m’anvais conſtruire une piece, Que je vous dediray par la, Adieu noſtre cher quinola.	Le plus tard ce sera ce soir, Adieu ma très -charmante hôtesse, Je m'anvais construire une pièce, Que je vous dédirai par la, Adieu notre cher quinolà.
a Catin Il ſort.	À Catin Il sort.
SCENE IV.	SCÈNE IV.
CLIMENE, CATIN.	CLIMENE, CATIN.
ATIN.	ATIN.
rdé donc qu’il à bonne mine HAvec ſon gratin de cuiſine, Qu’il porte à tout moment ſur Ly, Aymeriez vous cet engourdi, Ce vieux vilain, ce vieux critique, Qui crevera ſur la boutique, De quelque boureau bien crotté, Vous auriez l’eſprit evanté, Si vous preniés ce vilain homme, Et quoy vous luy parlez tout comme, S’il eſtoit voſtre fiancé, Ma foy je l’aurois bien tancé, S’il m’euſt parlé de meſme ſorte, Qu’il vous parloit.	rdé donc qu'il à bonne mine HAvec son gratin de cuisine, Qu'il porte à tout moment sur Ly, Aymeriez vous cet engourdis, Ce vieux vilain, ce vieux critique, Qui crèvera sur la boutique, De quelque boureau bien crotté, Vous auriez l'esprit évanté, Si vous prendre ce vilain homme, Et quoi vous luy parlez tout comme, S'il était votre fiancé, Ma foi je l'aurais bien tancé, S'il m'eût parlé de même sorte, Qu'il vous parlait.
Sa teſte morte, Autant vault, car il n’en à plus, Avecque ſon guebe de filus.	Sa tête morte, Autant vault, car il n'en à plus, Avec son gube de filus.
M'euſt bien accommodé l’oreille Oh!	M'eût bien accommodé l'oreille Oh!
j’aurois caſſé la bouteille, De ſon cerveau.	j'aurais cassé la bouteille, De son cerveau.
Voyez un peu.	Voyez un peu.
LIMENE.	LIMENE.
Quoy ne vois tu pas par mon jeu, Lors que je luy fais bonne mine Qu’a toute heure je l’aſſaſſine;	Quoi ne vois tu pas par mon jeu, Lors que je lui fais bonne mine Qu'a toute heure je l'assassine;
Car il croit que je l’ayme fort, Et comme il le croit il à tort, Je n’ayme du tout que Cleandre, Mais je crains de le faire attendre.	Car il croit que je l'aime fort, Et comme il le croit il à tort, Je n'aime du tout que Clandre, Mais je crains de le faire attendre.
Allons au randés vous Catin Nous trouverons auſſy Cryſpin, Qui te contera des fleurettes, Es tu bien dans tes amourettes, Pour Cleandre il m’ayme beaucoup, Je n’en doubte point.	Allons au randez vous Catin Nous trouverons aussi Cryspin, Qui te contera des fleurettes, Es tu bien dans tes amourettes, Pour Cleandre il maime beaucoup, Je n'en doute point.
CATIN.	CATIN.
C’eſt donc tout, Cryſpin m’ayme enfin ſi je doubte Tousjours il dit qu’il m’ayme toute, Depuis le haut juſques en bas, Je prenons parfois nos ebats, Avec honneur, ſi bon nous ſemble, Lors que tous deux je ſomme enſemble, Car autrement cela n’eſt point Je vous inſtruiray ſur ce point.	C'est donc tout, Cryspin m'aime enfin si je doute Tous il dit qu'il m'aime toute, Depuis le haut jusques en bas, Je prenons parfois nos ébats, Avec honneur, si bon nous semble, Lors que tous deux je somme ensemble, Car autrement cela n'est point Je vous instruirai sur ce point.
Allons donc ma chere maiſtreſſe Quelqu’un vient puis l’amour me preſſe.	Allons donc ma chère maîtresse Quelqu'un vient puis l'amour me presse.
LIMENE.	LIMENE.
Allons donc les trouver Catin.	Allons donc les trouver Catin.
A TIN.	À TIN.
Quel plaiſir d’aller voir Cryſpin.	Quel plaisir d'aller voir Cryspin.
SCENE V.	SCÈNE V.
CLEANDRE, CRYSPIN.	CLEANDRE, CRYSPIN.
LSPINEnfin noſtre Sire Cleandre, Vous, vous eſtes laſſé d’attendre, Et je gagerois contre vous, Qu’on vous à donné du deſſous.	LSPINEnfin notre Sire Cléandre, Vous, vous êtes lassé d'attendre, Et je gagerais contre vous, Qu'on vous à donné du dessous.
Autrefois voyant une lettre, Que de vous on luy diſoit eſtre, On la voyoit ſauter plus haut, Enfin bien plus haut qu’il ne faut, Et faiitenant iors que l’on donne, A cette equitable friponne, Un mot eſcrit de voſtre main, A peine en voit elle le ſein.	Autrefois voyant une lettre, Que de vous on lui disait être, On la voyait sauter plus haut, Enfin bien plus haut qu'il ne faut, Et faiitenant jour que l'on donne, À cette équitable friponne, Un mot écrit de votre main, À peine en voit -elle le sein.
Et puis elle me dit ſans peine, J’iray.	Et puis elle me dit sans peine, J'irai.
Que lafieure Cartainne, T’a ſomme (dis-je quelque ſois) Quand j’entens, ſa chienne de voix Me conter toutes ces fredainnes, Et puis eſchauffez vous vos veines, Pour des filles comme cela, J’aymerois mieux chanter la la, Toutte ma vie que de prendre, Une chienne qui vit ſans tendre,	Que lafièvre Cartainne, T'a somme (dis-je quelque sois) Quand j'entends, sa chienne de voix m conter toutes ces frédaines, Et puis échauffez vous vos veines, Pour des filles comme cela, J'aimerais mieux chanter la la, Toutette ma vie que de prendre, Une chienne qui vit sans tendre,
LEANDRE.	LÉANDRE.
Cryſpin que tu raiſonnes mal, RYSPIN.	Cryspin que tu raisonnes mal, RYPIN.
Ma foy nous n’eſtes qu’un cheval, Je vous le dis, Monſieur mon maiſtre, Parceque je ne ſuis pas traiſtre, Excuſez la fidelité Si je vous dis la verité Pourquoy chercher tant de Tygreſſes, L’on voit courir tant de Maiſtreſſes, Vons eſtes ſi beau, ſi bien fait, Je trouveray bien voſtre fait, Si vous voulés.	Ma foi nous n'êtes qu'un cheval, Je vous le dis, Monsieur mon maître, Parceque je ne suis pas traître, Excusez la fidélité Si je vous dis la vérité Pourquoi chercher tant de Tigresses, L'on voit courir tant de Maîtresses, Votre si beau, si bien fait, Si trouverai si bien fait, Si vous voulez.
CLEANDRE.	CLÉANDRE.
Non je l’adore Quoy qu’on diſe qu’elle m’abhorre, Entre nous deux je n’en croyrien.	Non je l'adore Quoi qu'on dise qu'elle m'abhorre, Entre nous deux je n'en croisien.
SPIN.	SPIN.
Entre nous moy je le croy bien, Car ce n’eſt rien qu’une coquette, Qui n’a qu’une teſte malfaite, Et je veux avoir deux cens coups, Si l’on ne ſe mocque de vous, Quand on ſçaura la manigance.	Entre nous moi je le crois bien, Car ce n'est rien qu'une coquette, Qui n'a qu'une tête malfaite, Et je veux avoir deux cens coups, Si l'on ne se moque de vous, Quand on saura la manigance.
LEANDRE.	LÉANDRE.
Quoy tu croyrois.	Quoi tu crois.
CRYSPIN.	CRYSPIN.
Ouy je le penſe, Vous eſtes un amant trancy, Qui pretendes au revercy, J’entens dedans les bonnes formes, Renverſer les choſes enormes, j’en croyray ce qu’il vous plaira, Mais bien ſot eſt qui vous croira.	Oui je le pense, Vous êtes un amant tranci, Qui prétendes au reverci, J'entends dedans les bonnes formes, Renverser les choses énormes, j'en crois ce qu'il vous plaira, Mais bien sot est qui vous croira.
LEANDRE.	LÉANDRE.
Je me ſens refroidir pour elle, Mais lors que je voys cette belle, Je ſens que je l’ayme.	Je me sens refroidir pour elle, Mais lors que je vois cette belle, Je sens que je l'aime.
En mon Cœur, Quand j’y penſe meſme l’ardeur De l’amitié, que je luy porte, Rompt cet Intereſt qui m’emporte Lors qu’auſſy je voys ſes beaux yeux.	En mon Cœur, Quand j'y pense même l'ardeur De l'amitié, que je lui porte, Rompt cet Intérêt qui m'emporte Lors qu'aussi je vois ses beaux yeux.
YSPIN.	YSPIN.
Vous friponnez à qui mieux mieux, N’eſt ce pas, Monſieur, c’eſt tout dire,	Vous friponnez à qui mieux mieux, N'est -ce pas, Monsieur, c'est tout dire,
CLEANDRE.	CLÉANDRE.
Enfin tu connois mon martire, Tu m’y ſerviras ſi tu veux.	Enfin tu connais mon martyre, Tu m'y serviras si tu veux.
PIN.	PIN.
Ouy dá Monſieur ſi je le peux, Que voſtre amour ſoit foible ou forte, Ou bien que le diable l’emporte, Que m’importe il en cela, Rien du tout le marchand s’enva, Prenez ou laiſſez.	Oui d Monsieur si je le peux, Que votre amour soit faible ou forte, Ou bien que le diable l'emporte, Que m'importe il en cela, Rien du tout le marchand s'enva, Prenez ou laissez.
C’eſt tout dire.	C'est tout dire.
LEANDRE.	LÉANDRE.
Mais tu ſçais bien que je ſouſpire.	Mais tu sais bien que je soupire.
RYSPIN.	RYSPIN.
Ouy da ce n’eſt pas d’aujourdhuy.	Oui da ce n'est pas d'aujourdhuy.
LEANDRE.	LÉANDRE.
Tu ſçais bien le nom de celuy, Qu’on veut donner à ma Maiſtreſſe.	Tu sais bien le nom de celui, Qu'on veut donner à ma Maîtresse.
RYSPIN.	RYSPIN.
Ouy da c’eſt une bonne eſpece, C’eſt un Docteur, je le connoy,	Oui da c'est une bonne espèce, C'est un Docteur, je le connais,
CLEANDRE.	CLÉANDRE.
Paſſe-til pour avoir de quoy.	Passe-til pour avoir de quoi.
Il eſt riche, je vous le jure, IN.	Il est riche, je vous le jure, IN.
Ce ſeroit luy faire une Injure, Si je de guiſois entre nous, Qu’il à plus de douzains que vous.	Ce serait Seigneur faire une Injure, Si je de guisais entre nous, Qu'il à plus de douzains que vous.
CLEANDRE.	CLÉANDRE.
Croys tu que Climene l'eſcoute,	Crois -tu que Climène l'écoute,
Ah!	Ah!
Monſieur.	Monsieur.
RYSPIN.	RYSPIN.
CLEANDRE.	CLÉANDRE.
Que dis tu.	Que dis tu.
CRYSP Car il eſt aſſez mal baſti, IN.	CRYSP Car il est assez mal bâti, IN.
J’en doute.	J'en doute.
Et de plus c’eſt un ſot outi, Son eſprit n’eſt que pedentes que, Son nez eſt tout a fait Croteſque, L’on ne voit rien de ſi bouffon, Comme devoir ſon gros nez lon, Pour vous en faire la peinture, Il nous faudroit une figure, Plus grande ſix fois que ſon nez, Il ayme les effeminés, Et s’il vous voyoit, je parie, Qu’il feroit comme la boullie, Qui dés lors qu’elle eſt au grand feu, S’emfle tousjours bien peu à peu, Et puis s’enfuit comme le diable, Car c’eſt un ribault deteſtable, Qui n’ayme que les belles gens, Et quand il voit quelques galands, Entretenir quelques galantes, Il entre en fureurs Caminantes, Et puis quand il eſt miné, Il devient auſſy-toſt miné.	Et de plus c'est un sot outi, Son esprit n'est que pédentes que, Son nez est tout à fait Crotesque, L'on ne voit rien de si bouffon, Comme devoir son gros nez lon, Pour vous en faire la peinture, Il nous faudrait une figure, Plus grande six fois que son nez, Il aime les effeminés, Et s'il vous voyait, je parie, Qu'il ferait comme la boullie, Qui dès lors qu'elle est au grand feu, S'emle toujours bien peu à peu, Et puis s'enfuit comme le diable, Car c'est un ribaume détestable, Qui n'aime que les belles gens, Et quand il voit quelques galands, Entretenir quelques galantes, Il entre en fureurs Caminantes, Et puis quand il est miné, Il devient aussiô y.
Voila quel eſt le perſonnage.	Voilà quel est le personnage.
LEANDRE.	LÉANDRE.
Que tu me donnes de courage, Car cet homme ne plaira pas.	Que tu me donnes de courage, Car cet homme ne plaira pas.
R Y SPI N.	 RY SPI N.
Ceux qui vont crier hauttabas, Luy plaiſent bien.	Ceux qui vont crier hautâtabas, Lui plaisent bien.
CLEANDRE.	CLÉANDRE.
C’eſt trop endire Oçaenles que je ne veux pas rire,  Si vous ne parlez autrement, Je ſçauray bien.	C'est trop endire Oçaenles que je ne veux pas rire, Si vous ne parlez autrement, Je saurai bien.
CRYSPIN.	CRYSPIN.
Si vertement Je ſouffrirois touts vos reproches, ’aymerois mieux ſonner les cloches, D’un vilage deux mille fois, Que tousjours courir aux abois, D’avoir une teſte caſſée, 12 Ou la peau jamais offenſée, Et ſans, quereller à mon tour, Payez moy mes gages bon jour.	Si vertement Je souffrirais touts vos reproches, aaymerois mieux sonner les cloches, D'un vilage deux mille fois, Que toujours courir aux abois, D'avoir une tête cassée, 12 Ou la peau jamais offensée, Et sans, quereller à mon tour, Payez moi mes gages bon jour.
LEANDRE.	LÉANDRE.
Cryſpin ne te mets pas en peine, Je feray.	Cryspin ne te mets pas en peine, Je ferai.
, mais voicy Climene, Je vays luy parler un moment, Pour voir quel eſt ſon ſentiment.	, mais voici Climène, Je vaisblé parler un moment, Pour voir quel est son sentiment.
SCENE VI.	SCÈNE VI.
CLEANDRE, CLIMENE, CRYSPIN, C’ATIN.	CLEANDRE, CLIMENE, CRYPIN, C'ATIN.
CLIMENE.	CLIMENE.
e demande excuſe à Cleandre.	Je demande excuse à Cléandre.
Si je l’ay fait beaucoup attendre, Et je croy qu’il m’excuſe bien.	Si je l'ai fait beaucoup attendre, Et je crois qu'il m'excuse bien.
CLEANDRE.	CLÉANDRE.
De quoy vous ecuſer, de rien, Mais l’on ma dit une nouvelle, Qui me fait voir une infidelle, En me monſtrant Climene icy.	De quoi vous ecuser, de rien, Mais l'on ma dit une nouvelle, Qui me fait voir une infidèle, En me montrant Climène ici.
CLIMENE.	CLIMENE.
Quell' eſt elle donc.	Quel est elle donc.
CLEANDRE.	CLÉANDRE.
La Voicy.	La Voici.
Vous aimez un certain Pancrace	Vous aimez un certain Pancrace
CATIN.	CATIN.
Et qui ce grand nez de becaſſe?	Et qui ce grand nez de bécasse?
Vous vous mocquez bien d’elle, allez, Je ſommes plus pour vous zelés, Que vous ne le croyez peut eſtre, O que je l’envoirons bien paiſtre, S’il nous monſtre plus ſon groüin, Si je l’attrapois dans un coin, Je luy caſſerois la machoire, Avec ſa diable d’eſcriptoire, Car il ne me plaiſt pas beaucoup,	Vous vous montre bien S'elle, allez, Je sommes plus pour vous zélés, Que vous ne le croyez peut être, Ô que je l'envoirons bien paître, S'il nous montre plus son grouin, Si je l'attrapais dans un coin, Je lui crois la mâchoire, Avec sa diable d'écriptoire, Car il ne me plaît pas beaucoup,
P IN.	 IN.
O que ce ſeroit un beau coup, Ma chere Catinje t’adore, Et je t’aymerois plus encore, Si tu voulois un peu roſſer, Ce villain qui nous veut ſuccer.	Ô que ce serait un beau coup, Ma chère Catinje t'adore, Et je t'aimerais plus encore, Si tu voulais un peu rosser, Ce villain qui nous veut succer.
LLIMENE.	LLIMENE.
Cleandre me croit infidelle, Quand il voit que ma flame eſt telle, Que je ſuis preſte de quitter, Tout pour le ſuivre.	Cléandre me croit infidèle, Quand il voit que ma flamme est telle, Que je suis prête de quitter, Tout pour le suivre.
CRYSPIN.	CRYSPIN.
Et le pater.	Et le pater.
Que dira-il ſi vous le faite.	Que dira-il si vous le faite.
LLIMENE.	LLIMENE.
Quand je fais tout ce qu’il ſouhaitte, Qui me voit dans des lieux courir, Que je vays.	Quand je fais tout ce qu'il souhaite, Qui me voit dans des lieux courir, Que je vais.
c’eſt pour en mourir.	c'est pour en mourir.
CATIN.	CATIN.
Il eſt bien vray.	Il est bien vrai.
RYSPIN.	RYSPIN.
Belle nouvelle.	Belle nouvelle.
Et tous ces lieux l’eſtonnent elle, Nous en avons tant veu jadis, Qui couroient chez les Amadis, D’auſſy bonne maiſon, je penſe, Que vous en eſte & s’il la danſe, Aloit de toutes les façons, L’on voyoit tous les mirmidons, Courir tout au tour des ruelles, Pour y ſervir de ſentinelles, Car tousjours ces petits finets, Furent des Mercures diſcrets.	Et tous ces lieux l'étonnent elle, Nous en avons tant vu jadis, Qui couraient chez les Amadis, D'aussi bonne maison, je pense, Que vous en este et s'il la danse, Alait de toutes les façons, L'on voyait tous les mirmidons, Courir tout au tour des ruelles, Pour y servir de sentinelles, Car toujours ces petits finets, Furent des Mercures discrets.
CLIMENE.	CLIMENE.
Cleandre vous doutez encore.	Clandre vous doutez encore.
LEANDRE.	LÉANDRE.
Non, Madame, je vous adorre, Trouvons ſeulement un moyen, Afin de ne douter de rien.	Non, Madame, je vous adorre, Trouvons seulement un moyen, Afin de ne douter de rien.
CLIMENE.	CLIMENE.
Dites moy que pourroisje faire.	Dites -moi que pourraisje faire.
LEANDRE.	LÉANDRE.
Il faut tous deux nous ſatisfaire, Et que demain, ſelon nos vœux, Nous aſſeurions de ſi beaux nœux.	Il faut tous deux nous satisfaire, Et que demain, selon nos vœux, Nous assurions de si beaux nœux.
SPIN.	SPIN.
Ils ſont tous deux contents, je gage, Mon maiſtre n’a point de courage, Si tu m’avois fait tel affront.	Ils sont tous deux contents, je gage, Mon maître n'a point de courage, Si tu m'avais fait tel affront.
CATIN.	CATIN.
Tu ferois de meſme qu’ils font, Tu n’es pas ſi mechant peut eſtre, Que tu nous veux faire paroiſtre, Et ſi je te diſois deux mots, Je te reduirois aux ſanglots, Pendant le temps d’un mois, je jure.	Tu ferais de même qu'ils font, Tu n'es pas si méchant peut être, Que tu nous veux faire paraître, Et si je te disais deux mots, Je te réduirais aux sanglots, Pendant le temps d'un mois, je jure.
SPIN.	SPIN.
Quoy tu me ferois cette injure, Je ne le crois pas touche lá.	Quoi tu me ferais cette injure, Je ne le crois pas touche l.
T Ix.	T Ix.
Je tayme bien, & toy.	Je taime bien, et toi.
RYSPIN.	RYSPIN.
3ocujme uſſez.	3ocume ussez.
La la.	La la.
CLIMENE.	CLIMENE.
Enfin Cleandre.	Enfin Cléandre.
Je ſuis preſte á tout entreprendre, Vous m’aymez, je le connois bien.	Je suis prête tout entreprendre, Vous m'aimez, je le connais bien.
RYSPI N.	RYSPI N.
aCatin.	aCin.
M’ayme tu,je n’y connois rien.	M'aime tu,je n'y connais rien.
LEANDRE.	LÉANDRE.
Mais comment ferons nous, Madame,	Mais comment ferons nous, Madame,
ATIR.	ATIR.
Il faut la faire voſtre Femme, Et ſans plus tarder dés demain.	Il faut la faire votre Femme, Et sans plus tarder dès demain.
Et moy j’eſpouſeray Cryſpin.	Et moi j'épouserai Cryspin.
1N.	1N.
C’eſt fort bien dit, laiſſez moy faire, J’accommoderay voſtre affaire.	C'est fort bien dit, laissez -moi faire, J'accommoderai votre affaire.
LIMENE.	LIMENE.
Mais ſi mon Pere.	Mais si mon Père.
Je le voy, Que dira il s’il m’apperçoy.	Je le vois, Que dira il s'il m'aperçois.
LEANDRE.	LÉANDRE.
Il ne vous voira point, Climene, Eſcoutons le en ce coin.	Il ne vous voira point, Climène, Escoutons le en ce coin.
*ORGIB U S.	*ORGIB V S.
a peine.	a peine.
M Eſt bien grande certainement, Le docteur Pancrace eſt amant, De ma Climene, qu’il adore, Et moyj e ſçay qu’elle l’abore, Qu’elle ayme un Cleandre ſans bien, Mais l'honneur ſans le bien n’eſt rien, Si je pouvois trouver un gendre, Que ma fille vouluſt bien prendre, Je ſerois heureux en effect.	ME Est bien grande certainement, Le docteur Pancrace est amant, De ma Climene, qu'il adore, Et moi e allai qu'elle l'abore, Qu'elle aime un Cléandre sans bien, Mais l'honneur sans le bien n'est rien, Si je pouvois trouver un gendre, Que ma fille voulût bien prendre, Je serais heureux en effet.
RYSPIN.	RYSPIN.
à ſon Maiſtre Monſieur je vais toucher au fait, Vous, eſcoutez ce qu’il va dire, Pour moy je m’envais faire eſcrire,	à son Maître Monsieur je vais toucher au fait, Vous, écoutez ce qu'il va dire, Pour moi je m'envais faire écrire,
Une patente de ce pas, à Climene & à Catin.	Une patente de ce pas, à Climène et à Catin.
Et vous, Monſieur, ſuivez mes pas, Pour mieux achever noſtre affaire.	Et vous, Monsieur, suivez mes pas, Pour mieux achever notre affaire.
Cleandre & Cryſpin ſortent.	Cléandre et Cryspin sortent.
CENE VIII.	CÈNE VIII.
GORGIBUS, CLIMENE, CATIN.	GORGIBUS, CLIMENE, CATIN.
SIBUS.	SIBUS.
toin de moy le temps m’eſt contraire, T'Ma fille vient d’ou venez vous.	toin de moi le temps m'est contraire, T'Hanna fille vient d'ou venez vous.
CLI	CLI
CLIMENE.	CLIMENE.
Mon Pere je viens de chez nous, Mais las ſi vous m’aymiez encore.	Mon Père je viens de chez nous, Mais las si vous m'aimiez encore.
RGIBUS.	RGIBUS.
Pourquoy pleurer, s’il vous adore, S’il vous ay me reſpondez moy.	Pourquoi pleurer, s'il vous adore, S'il vous ai me répondez moi.
Par la corbleu, non par ma foy, Vous n’en aurés jamais un autre.	Par la corbleu, non par ma foi, Vous n'en aurez jamais un autre.
2 TIN.	2 TIN.
Vraymant ouy c’eſt un bon Apoſtre,	Vraimant oui c'est un bon Apôtre,
ORGIBUS.	ORGIBUS.
L’on n’en prendra pas vos advis, Mais les miens ſeront bien ſuivis, Ou bien j’y donneray bon ordre, Reſolvez vous pour en demordre, Pour tout je n’en demordrois pas, Ne faut il point á vos appas, Donner un malheureux Cleandre, Qui ſe fera peuteſtre pendre, Qui na point de bien.	L'on n'en prendra pas vos avis, Mais les miens seront bien suivis, Ou bien j'y donnerai bon ordre, Résolvez vous pour en démordre, Pour tout je n'en démordrais pas, Ne faut il point endre vos appas, Donner un malheureux Clandre, Qui se fera peutestre pendre, Qui na point de bien.
CLIMENE.	CLIMENE.
Si jamais.	Si jamais.
31Bu8.	31Bu8.
Non vous dis je, ſans ſi ny mais, Je ſçay bien ce que je dois faire, Et de plus je ſuis voſtre pere, N’en parlons plus, obeïſſez.	Non vous dis -je, sans si ni mais, Je sais bien ce que je dois faire, Et de plus je suis votre père, N'en parlons plus, obéissez.
CLIMENE.	CLIMENE.
Mais quoy mon pere.	Mais quoi mon père.
RGIBUS.	RGIBUS.
C’eſt aſſés.	C'est assez.
Qu’on aille chercher un Nottaire, Je veux achever cette affaire.	Qu'on aille chercher un Nottaire, Je veux achever cette affaire.
Vous epouſerez le Docteur.	Vous épouserez le Docteur.
ATIN.	ATIN.
Ah!	Ah!
Monſieur auriez vous le cœur, De vouloir prendre un ſi ſot gendre, Sur qui chacun voudroit reprendre.	Monsieur auriez -vous le cœur, De vouloir prendre un si sot gendre, Sur qui chacun voudrait reprendre.
Car c’eſt l’homme le plus mal fait, Il eſt pargue tout putrefait, Qu’en ferions nous.	Car c'est l'homme le plus mal fait, Il est pargue tout putrefait, Qu'en ferions nous.
je vous proteſte, Il luy pourroit bailler la peſte, S’ils eſtoient enſemble tous deux, Enfermez dans un lieu tous ſeux.	je vous proteste, Il lui pourrait bailler la peste, S'ils étaient ensemble tous deux, Enfermés dans un lieu tous seux.
RGIEUS.	RGIEUS.
Mais Catin, ſi j’avois un gendre, Sur qui l’on ne peuſt rien reprendre, Et qu’il peuſt avoit bien dequoy, Je luy donnerois ſur ma foy, S’il s’en peut trouver un de meſme.	Mais Catin, si j'avais un gendre, Sur qui l'on ne pût rien reprendre, Et qu'il pût avait bien dequoy, Je lui donnerais sur ma foi, S'il s'en peut trouver un de rendre.
Je banniray ce Docteur bleſme, Car il me deſplaiſt trop.	Je bannirai ce Docteur blême, Car il me déplaît trop.
CATIN.	CATIN.
Tant mieux.	Tant mieux.
Gardez qu’il ne vous ſaute aux yeux;	Gardez qu'il ne vous saute aux yeux;
Car il raiſonne comme un baſque, Et ſi l’on tient qu’il eſt fantaſque, Je ne ſçay comme il fait pour moy.	Car il raisonne comme un basque, Et si l'on tient qu'il est fantasque, Je ne sais comme il fait pour moi.
R GIEUS.	R GIEUS.
Va ma fille conſole toy, Tu vas gaſter avec tes larmes, Ce que ton viſage à de charmes, Ne pleure donc point mon enfant, Car tu m’en ferois faire autant, O ho!	Va ma fille console toi, Tu vas gâter avec tes larmes, Ce que ton visage à de charmes, Ne pleure donc point mon enfant, Car tu m'en ferais faire autant, Ô ho!
Climene pleurant, Heu.	Climène pleurant, Heu.
GORGIBUS.	GORGIBUS.
Fy doncje te prie, Tu me ferois peſter ma vie, Si j’allois pleurer un moment, Etjbien quel eſt ton ſentiment, Dis le, ſans tarder davantage.	Fi doncje te prie, Tu me ferais pester ma vie, Si j'allais pleurer un moment, Etjbien quel est ton sentiment, Dis le, sans tarder davantage.
CLIMENE.	CLIMENE.
Si J’oſois, mais.	Si J'osais, mais.
RGIBUS.	RGIBUS.
Morbleu j’enrage, Elle à fait faux bond à l’honneur, Et n’oſe le dire.	Morbleu j'enrage, Elle à fait faux bond à l'honneur, Et n'ose le dire.
CATIN.	CATIN.
Pleurant.	Pleurant.
Heu Monſieur.	Heu Monsieur.
RGIBUS.	RGIBUS.
Quoy Catin tu pleure de meſme.	Quoi Catin tu pleure de même.
TIN.	TIN.
Ouy puiſque c’eſt ſans ſtratageſme, Vous voyez mes cris diſent bien, Que voſtre fille n’ayme rien, Vous vous eſtes mis dans la teſte, Qu’elle aymoit tout comme une beſte, Mais, Monſieur, vous luy faites tort, Elle va courir à la mort, Si vous la donnéz à Pancrace.	Oui puisque c'est sans stratagème, Vous voyez mes cris disent bien, Que vôtre fille n'aime rien, Vous vous êtes mis dans la tête, Qu'elle aimait tout comme une bête, Mais, Monsieur, vous lui faites tort, Elle va courir à la mort, Si vous la donnéz à Pancrace.
CLIMENE.	CLIMENE.
Si J’obtenois de vous la grace.	Si J'obtenais de vous la grâce.
SIBUS.	SIBUS.
Non ma fille il ne t’aura point.	Non ma fille il ne t'aura point.
Tiens toy certaine ſur ce poinct, S’il vient quelqu’un hors ce Cleandre, Je l’accepteray pour mon gendre, Dés qu’il t’aura plu.	Tiens toi certaine sur ce point, S'il vient quelqu'un hors ce Cléandre, Je l'accepterai pour mon gendre, Dès qu'il t'aura plu.
CLIMENE.	CLIMENE.
C’eſt aſſéz, Mais le Docteur revient.	C'est assurés, Mais le Docteur revient.
CATIN.	CATIN.
Paſſéz, Vous ne devez plus rien pretendre, Gorgibus ne veut point de gendre, Qui ſoit fabriqué comme vous, Allés il ne veut point de foux.	Passéz, Vous ne devez plus rien prétendre, Gorgibus ne veut point de gendre, Qui soit fabriqué comme vous, Allz il ne veut point de foux.
SCENE IX.	SCÈNE IX.
GORGIBUS, PANCRACE, CLIMENE, CATIN.	GORGIBUS, PANCRACE, CLIMENE, CATIN.
PANCRACE.	PANCRACE.
vomment que veut cette pecore, CVeux tu me quereller encore, Vade retro retire toy, Oſe tute jouer a moy, Ceſſe de me vexer bagaſſe, Ou j’eſtrilleray ta careaſſe, Je te dechireray la peau, De ton gros malautru muſeau,	vomment que veut cette pécore, CVeux -tu me quereller encore, Vade rétro retire toi, Ose ta jouer à moi, Cesse de me vexer bagasse, Ou j'étrillerai ta careasse, Je te déchirerai la peau, De ton gros malautr museau,
A TIN.	À TIN.
Voyez donc ce qu’il nous veut dire, Il nous feroit crever de rire, Avec ſon diable de Latin, Peſte ſoit du fils de putain,	Voyez donc ce qu'il nous veut dire, Il nous ferait crever de rire, Avec son diable de Latin, Peste soit du fils de putain,
PANCRACE.	PANCRACE.
Encore un coup, abſurde beſte, Je te pouray caſſer la teſte, Si tu raiſonne deſormais, Va t’en & ne me vois jamais,	Encore un coup, absurde bête, Je te pourrai casser la tête, Si tu raisonne désormais, Va t'en et ne me vois jamais,
BORGIBUS.	BORGIBUS.
Monſieur.	Monsieur.
PANCRACE.	PANCRACE.
Tu ne meurs pas de honte.	Tu ne meurs pas de honte.
IBUS.	IBUS.
vous avez leu l’Amalazonte, Il y paroiſt dedans ce vers.	vous avez leu l'Amalazonte, Il y paraît dedans ce vers.
PANCRACE.	PANCRACE.
Qui moy j’ay leu tout l’univers.	Qui moi j'ai lu tout l'univers.
Je vous reciterois Ovide, Du bon Virgile l’Eneïde, Et tout ce qu’ont fait de plus beau, Senecque, Terance & Chevrau.	Je vous réciterais Ovide, Du bon Virgile l'Eneilède, Et tout ce qu'ont fait de plus beau, Sénecque, Terance et Chevrau.
Ces anciens Autheurs & modernes, Ne raiſonnent point en externes, Mais, Monſieur, pourrois je à preſent, Obtenir de vous le preſent, 3 Que vous voulies tantoſt me faire,	Ces anciens Auteurs et modernes, Ne raisonnent point en externes, Mais, Monsieur, pourrais je à présent, Obtenir de vous le présent, 3 Que vous vouliez tantôt me faire,
Ma fille vojez.	Ma fille vojez.
RGIBUS.	RGIBUS.
CLIMENE Quoy mon pere, B 5 DiDites moy donc ce qu’il faut voir, Vous m’avez veüe au deſeſpoir, Faut il en dire davantage,	CLIMENE Quoi mon père, B 5 DiDites -moi donc ce qu'il faut voir, Vous m'avez vue au désespoir, Faut -il en dire davantage,
PANCRACE.	PANCRACE.
Comment vous mancquez de courage, Apres m’avoir tantoſt promis, D’eſtre au nombre de vos amis.	Comment vous mancquez de courage, Après m'avoir tantôt promis, D'être au nombre de vos amis.
ELIMENE.	ÉLIMENE.
Ouy je vous le promets encore,	Oui je vous le promets encore,
RGIBUS.	RGIBUS.
Monſieur en deux mots elle adore.	Monsieur en deux mots elle adore.
Catin voy qui heurte ſi fort, On heurte á la porte bien fort.	Catin vois qui heurte si fort, On heurte âme la porte bien fort.
ACRACE.	ACRACE.
Quoy je ſerois pris dans le fort, Et vous m'aurlez donné la peine, De vous aymer, belle Climene, Et vous m’auriez pris malgré moy.	Quoi je serais pris dans le fort, Et vous m'aurlez donné la peine, De vous aimer, belle Climène, Et vous m'auriez pris malgré moi.
Ne plus ultra non par ma foy, Cela, n’ira pas tout de meſme, Si l’on me hait.	Ne plus ultra non par ma foi, Cela, n'ira pas tout de même, Si l'on me hait.
Je veux qu’on m’ayme, Je vous le dis en peu de mots.	Je veux qu'on m'aime, Je vous le dis en peu de mots.
SCENE X.	SCÈNE X.
GORGIBUS, CLIMENE, PANCRACE, CATIN, CLEANDRE.	GORGIBUS, CLIMENE, PANCRACE, CATIN, CLEANDRE.
Monſieur le Comte Rocquefœuilles, Vient icy pour faire la Cour, Et meſme pour parler d’amour, A voſtre fille.	Monsieur le Comte Rocquefœuilles, Vient ici pour faire la Cour, Et même pour parler d'amour, A votre fille.
Mais.	Mais.
, GOXGIBUS.	, GOXGIBUS.
Ah!	Ah!
que de peine,	que de peine,
CLEANDRE.	CLÉANDRE.
Pour voſtre fille Climene, Qu'elle ſe mette de ſon mieux, Afin qu’il ſe prenne des yeux, Car c’eſt un homme dans la France, Qui ſans doute eſt de conſequence, Car il parle fort bien François.	Pour votre fille Climène, Qu'elle se mette de son mieux, Afin qu'il se prenne des yeux, Car c'est un homme dans la France, Qui sans doute est de conséquence, Car il parle fort bien Français.
dtiſloin.	dtisloin.
GORGIEUS.	GORGIEUS.
CLEANDRE.	CLÉANDRE.
Non dedans ce bois, Il vient deſſus ſa hacquenée.	Non dedans ce bois, Il vient dessus sa hacquenée.
ANCRACE.	ANCRACE.
Comme fiſt autrefois Phinée, Quand il fut apres le dragon.	Comme fit autrefois Phinée, Quand il fut après le dragon.
LEANDRE, C’eſtoit Perſée.	LÉANDRE, C'était Persée.
PANCRACE.	PANCRACE.
Ah!	Ah!
tout de bon, Je n’y ſongeois pas, je vous jure.	tout de bon, Je n'y songeais pas, je vous jure.
LLIMENE à Gorgibus.	LLIMENE à Gorgibus.
Ce Comte m’eſt de bonne augure, ’ayme les gens de qualité, Voyez en quelle dignité.	Ce Comte m'est de bonne augure, aaime les gens de qualité, Voyez en quelle dignité.
S’il m’eſpouſe ou vous m’aurés miſe,	S'il m'épouse ou vous m'aurez mise,
LEANDRE.	LÉANDRE.
Sa Lettre eſticy.	Sa Lettre étici.
11	11
CLIMENE.	CLIMENE.
Q Aqui s'adreſſe elle.	Q Aqui s'adresse elle.
le je liſe,	le je lise,
LLEANDRE.	LLEANDRE.
A vous, Liſéz elle eſt de voſtre eſpoux.	À vous, Liséz elle est de votre époux.
LETTRE.	LETTRE.
dorable Climene.	dorable Climène.
Depuis que vous m’avez Apris dans vos liens, je me ſens à peine, je m’imagine à tous moments eſtre aupres de vous, quoy que ſouvent j’en ſois fort eſtoigné, L’amour me ſuggere mille detours pour vous voir, muis comme ma qualité me deffent d’aller ſans ſuitte, je ſuis obligé de dire ou je vais, & je vous advouë, que cela me met dans le dernier deſeſpoir.	Depuis que vous m'avez Apris dans vos liens, je me sens à peine, je m'imagine à tous moments être auprès de vous, quoi que souvent j'en sois fort estoigné, Lamour me sugère mille détours pour vous voir, muis comme ma qualité me défent d'aller sans suite, je suis obligé de dire ou je vais, et je vous avoue, que cela me met dans le dernier désespoir.
On m’a dit que vous aviez eu quelque inclination, pour un certain jeune homme, que l’on nomme Cleandre, & que voſtre Pere l’avoit refuſé, par ce qu’il n’eſtoit pas fort bien dans ſes affaires, & qu’il n’avoit point de bien;	On m'a dit que vous aviez eu quelque inclination, pour un certain jeune homme, que l'on nomme Cléandre, et que votre Père l'avait refusé, par ce qu'il n'était pas fort bien dans ses affaires, et qu'il n'avait point de bien;
mais je vous diray, pour faire voir qu’un homme comme moy ne craint point de rivaux de ſu baſſe vollée, que ſon Pere eſt mort, & qu’il luy à laiſſé deux cens mille eſcus de bien, qu’il à touché depuis peu;	mais je vous dirai, pour faire voir qu'un homme comme moi ne craint point de rivaux de su basse vollée, que son Père est mort, et qu'il lui a laissé deux cens mille écus de bien, qu'il à touché depuis peu;
mais comme on ayme tousjours les gens de qualité & qu’on les regarde dans ſon cœur d’un œil amoureux & frippon, devant que de les avoir veus, je crois que le Comte de Rocquefœuilles eſtant de ce nombre, vous ferez tout pour luy;	mais comme on aime toujours les gens de qualité et qu'on les regarde dans son cœur d'un œil amoureux et fripon, devant que de les avoir vus, je crois que le Comte de Rocquefœuilles étant de ce nombre, vous ferez tout pour notre;
c’eſt pourquoy je pars d’icy pour vous aller trouver moy meſme, ou je ſeray dans un moment.	c'est pourquoi je pars d'ici pour vous aller trouver moi -même, ou je serai dans un moment.
Mon premier Eſcuier eſt le porteur de ma lettre, & je vous prie, comme il m’eſt parent, de luy donner un baiſer pour l’amour de moy, & aſſeurez vous dés le moment que je vous verray, que je vous le rendray un douhle.	Mon premier Escuier est le porteur de ma lettre, et je vous prie, comme il m'est parent, de lui donner un baiser pour l'amour de moi, et assurez -vous dès le moment que je vous verrai, que je vous le rendrai un douhle.
C’eſt voſtre mari futur qui vous eſcrit.	C'est votre mari futur qui vous écrit.
Le Comte de Rocquefœuille.	Le Comte de Rocquefœuille.
GIBU S.	GIBU S.
Cette lettre eſt fort bien eſcripte, Il faut faire ce qu’elle dicte, Baiſez donc Monſieur l’Eſcuier, dne le veut rane prler, Baiſez la ſeulement.	Cette lettre est fort bien écripte, Il faut faire ce qu'elle dicte, Baisez donc Monsieur l'Écuier, dne le veut rane prêler, Baisez la seulement.
CLIMENE.	CLIMENE.
Mon Pere,	Mon Père,
RGIBUS.	RGIBUS.
Ouy ma fille il eſt neceſſaire, Baiſez, la bon c’eſt fort bien fait.	Oui ma fille il est nécessaire, Baisez, la bon c'est fort bien fait.
Cleandre baiſe Climene.	Clandre baise Climène.
ANCRACE.	ANCRACE.
Adieu, Meſſieurs, mon tour eſt fait, Je n’ayme plus cette Climene, On me la voit quitter ſans peine, Je la pers ſans aucun eſpoir, C’eſt pourquoy je m’anvays, bonſoir.	Adieu, Messieurs, mon tour est fait, Je n'aime plus cette Climène, On me la voit quitter sans peine, Je la pers sans aucun espoir, C'est pourquoi je m'anvais, bonsoir.
LIMENE.	LIMENE.
Adieu Docteur.	Adieu Docteur.
CATIN.	CATIN.
Je rens dons grace, A voſtre vilainne grimace.	Je rends dons grâce, A vôtre vilainne grimace.
PANCRACE à CLIMENE.	PANCRACE à CLIMENE.
Puiſſiés vous gouſter un lien, Plus doux que le Pancraſſien.	Puissiez -vous goûter un lien, Plus doux que le Pancrassien.
Le Docteur ſort.	Le Docteur sort.
Voſtre valet.	Votre valet.
ORGIBUS.	ORGIBUS.
ATIN.	ATIN.
Le grand dommage, De chaſſer ce trouble menage.	Le grand dommage, De chasser ce trouble menage.
On heurte àlla porte & Catin va voir qui c’eſt.	On heurte àlla porte et Catin va voir qui c'est.
RGIBUS.	RGIBUS.
Mais qui nous interrompt ſi fort.	Mais qui nous interrompt si fort.
CAT IN revenant.	CAT IN revenant.
C’eſt le Comte.	C'est le Comte.
GORGIDUS.	GORGIDUS.
li.	li.
SCENE XI.	SCÈNE XI.
GORGIBUS, CLEANDRE, CLIMENE, CRYSPIN, CATIN.	GORGIBUS, CLEANDRE, CLIMENE, CRYSPIN, CATIN.
Lar la mort.	Lar la mort.
Perſonne ne vient, l’on s’approche, De meſme qu’un fondeur de cloche, Approcheroit de ſix oiſons, Qu’il chercheroit en trois maiſons, Beau pere, approchez vous ſans craindre, Eſtant mal monté je puis geindre, Et touſſer tant qu’il me plaira, Sans qu’on raille qui touſſera.	Personne ne vient, l'on s'approche, De même qu'un fondeur de cloche, Approcherait de six oisons, Qu'il chercherait en trois maisons, Beau père, approchez -vous sans craindre, Étant mal monté je puis geindre, Et tousser tant qu'il me plaira, Sans qu'on raille qui toussera.
Cependant je venois vous dire, Que parun recit je ſouſpire, Pour voſtre fille que voila.	Cependant je venais vous dire, Que parun récit -je soupire, Pour votre fille que voilà.
Ma Fille.	Ma Fille.
BORGIRUS.	BORGIRUS.
CRYSPIN.	CRYSPIN.
Ouy c’eſt cet oiſon là, De qui je veux parler, beaupere, Vous ne me ſerez pas contraire, Car l’honneur que je vous feray, Pait que je ne forligneray» Si ce n’eſt avec voſtre fille, Entrant dedans voſtre famille, Car ma foy je ne voudrois pas, Que l’on forlignaſt ſur mes pas, Et qu’un homme un jour me vinſt dire, ’ay forligné dans ton empire.	Oui c'est cet oison là, De qui je veux parler, beaupère, Vous ne me rez pas contraire, Car l'honneur que je vous ferai, Pait que je ne forligneray» Si ce n'est avec votre fille, Entrant dedans votre famille, Car ma foi je ne voudrais pas, Que l'on forlignât sur mes pas, Et qu'un homme un jour me vinst dire, ay forligné dans ton empire.
Je vous envoyé mon Legat Ou.	Je vous envoyé mon Légat Ou.
comment vous faite le fat?	comment vous faite le fat?
Croyez vous que je ne puis dire, Mon Ambaſſadeur?	Croyez -vous que je ne puis dire, Mon Ambassadeur?
Je ſouſpire, De voir en vous ſi peu de ſens, Vous ne regardez point les gens, Qu’avez vous, noſtre cher beaupere.	Je soupire, De voir en vous si peu de sens, Vous ne regardez point les gens, Qu'avez -vous, notre cher beaupère.
RGIBUS.	RGIBUS.
Monſieur il n’eſt pas neceſſaire, De me parler preſentement, Voila ma fille,	Monsieur il n'est pas nécessaire, De me parler présentement, Voilà ma fille,
s PIN.	 PIN.
Tournant s’on aſne du coſté de Climene.	Tournant s'on âne du côté de Climène.
Ah!	Ah!
bel aymant!	bel aimant!
Qui m’enlevés toute mon ame, Je viens vous chanter voſtre gamme, Et non pas comme un perroquet.	Qui m'enlevez toute mon âme, Je viens vous chanter votre gamme, Et non pas comme un perroquet.
Vous avez un peu l’œil coquet, La teſte faite en Callebaſſe.	Vous avez un peu l'œil coquet, La tête faite en Callebasse.
Voſtre taille eſt faite en Cuiraſſe.	Votre taille est faite en Cuirasse.
Tournant ſon aſne du coſté de Gorgibu, Beaupere à propos dites nous, Comment fiſtes vous ſes yeux doux, Son teint, ſon minois, ſes prunelles, Ce ne ſont pas des bagatelles, Lors que je parle de cela.	Tournant son âne du côté de Gorgibu, Beaupère à propos dites nous, Comment fîtes vous ses yeux doux, Son teint, son minois, ses prunelles, Ce ne sont pas des bagatelles, Lors que je parle de cela.
RGIBUS.	RGIBUS.
Non vrayment.	Non vraiment.
CRYSPIN.	CRYSPIN.
C’eſt aſſez hola!	C'est assez holà!
J’entends ce que vous voulés dire, A demi mot.	J'entends ce que vous voulez dire, A demi mot.
Je vous voy rire, Teint ſuperlicoquantieux, Que vous jargonnez bien des yeux, Je le voy bien, belle Climene.	Je vous vois rire, Teint superlicoquantieux, Que vous jargonnez bien des yeux, Je le vois bien, belle Climène.
LIMENE.	LIMENE.
Si vous vouliez prendre la peine, De deſcendre.	Si vous vouliez prendre la peine, De descendre.
RYSPIN.	RYSPIN.
Je n’oſerois.	Je n'oserais.
poſſiPoſſible que je tomberois, Car mon pied tant ſoit peu malade, Me pouroit faire une incartade, Me faiſant tomber ſur le cu, Puis il faudroit me mettre à nu, Pour toutte cette belle affaire, Et puis vous voiriez mon derriere, Et je n’en ſerois pas plus gras.	possiPossible que je tomberais, Car mon pied tant soit peu malade, Me pourrait faire une incartade, Me faisant tomber sur le cv, Puis il faudrait me mettre à nu, Pour toutte cette belle affaire, Et puis vous voiriez mon derrière, Et je n'en serais pas plus gras.
Mon Eſcuier parlés moins bas, Jaſés avec noſtre maiſtreſſe.	Mon Écuyer parlès moins bas, Jasez avec notre maîtresse.
Or ça je vays, ma blonde treſſe, Entretenir voſtre patron.	Or ça je vais, ma blonde tresse, Entretenir votre patron.
Dites quelqué choſe de bon.	Dites quelqué chose de bon.
M’entendez vous.	M'entendez -vous.
CLEANDRE.	CLÉANDRE.
Ouy.	Oui.
Cryſpin tourne ſon aſne du coſté de Gorgibus & met Catin à coſté de luy, Climene & Cleandre contre Catin, ce qui empeſche Gorgibus devoir ce que fait Climene avec Cleandre.	Cryspin tourne son âne du côté de Gorgibus et et Matin à côté de jours, Climène et Cléandre contre Catin, ce qui empêche Gorgibus devoir ce que fait Climène avec Cleandre.
RYSPIN.	RYSPIN.
Bon commence	Bon commence
CLEANDRE.	CLÉANDRE.
Je ſuis depuis peu dans la France, Mais las que je ſerois heureux, Si j’avois peu, ſelon mes voeux, Poſſeder ainſy ma maiſtreſſe, On m’a veu dedans la triſteſſe, Sans ſçavoir la raiſon.	Je suis depuis peu dans la France, Mais las que je serais heureux, Si j'avais peu, selon mes voeux, Posséder ainsi ma maîtresse, On m'a vu dedans la tristesse, Sans savoir la raison.
RYSPIN.	RYSPIN.
Pourquoy.	Pourquoi.
Ne luy parlez vous pas de moy.	Ne lui parlez -vous pas de moi.
LEANDRE.	LÉANDRE.
Je parle devous au contraire, Et je vais taſcher devous plaire, Dans voſtre voyage aux hazards.	Je parle devous au contraire, Et je vais tâcher devous plaire, Dans votre voyage aux hasards.
Ou vous paſſaſtes pour un Mars, Sur la mer Mediterranée.	Ou vous passâtes pour un Mars, Sur la mer Méditerranée.
RYSPIN.	RYSPIN.
I'eſtois deſſus ma hacquenée, Lors que je fis ce qu’il dit là, Voyez l’u re mi fa ſo la.	J'étais dessus ma hacquenée, Lors que je fis ce qu'il dit là, Voyez l'u re mi fa sou la.
Mais ce ſeroit vous interrompre, Parlés, je vays retourner contre, Il tourne ſon aſne du coſté de Gorgibus.	Mais ce serait vous interrompre, Parlez, je vais retourner contre, Il tourne son âne du côté de Gorgibus.
Noſtre beau pere Gorgibus.	Notre beau -père Gorgibus.
Beaupere avez vous des eſcus, En grand nombre, je veux vous dire,.	Beaupère avez vous des écus, En grand nombre, je veux vous dire,.
Eſcoutés mon aſne ſouſpire, Il eſt amoureux par ma foy, Dites vous mocqués vous de moy.	Écoutés mon âne soupire, Il est amoureux par ma foi, Dites vous moquez vous de moi.
De rire ainſy quoy par la teſte, Il ſe laiſſe tomber de deſſus ſon aſne.	De rire ainsi quoi par la tête, Il se laisse tomber de dessus son âne.
Que le diable emporte la beſte, Qui me laiſſe tomber ainſy, Mon derriere á bien du ſoucy, D’eſtre tombé je vous le jure, Un fautueil un peu.	Que le diable emporte la bête, Qui me laisse tomber ains, Mon derrière bien du soucy, être tombé je vous le jure, Un fautueil un peu.
La nature, S’offuſque furieuſement, Car on voit ſouvent qu’un amant Eſt amoureux d’une maniere, Qu’il tombe par fois en arriere, Par exemple conſiderez, Mon aſne eſt tombé ſur le nez, En m’amenant droit á la porte.	La nature, S'offusque furieusement, Car on voit souvent qu'un amant Est amoureux d'une manière, Qu'il tombe par fois en arrière, Par exemple considérez, Mon Âne est tombé sur le nez, En m'amenant droit la été.
Je ne l’ay pas dit, mais n’importe, Puis qu’enfin j’agis ſans façon, Je m’envay faire une chanſon, Pour mon adorable maiſtreſſe, Elle ſera toute allegreſſe, Mon aſne que je monte un peu, Bon, mon drolle ſe picque au jeu, Je l’entens tout bas qui degoiſe, Cryſpin eſtant monté ſur ſon aſne s’en va d’un coſté & revient par l’autre.	Je ne l'ai pas dit, mais n'importe, Puis qu'enfin j'agis sans façon, Je m'envai faire une chanson, Pour mon adorable maîtresse, Elle sera toute allégresse, Mon Âne que je monte un peu, Bon, mon drolle se pigque au jeu, Je l'entends tout bas qui dégoise, Cryspin étant monté sur son âne s'en va d'un côté et revient par l'autre.
LEANDRE.	LÉANDRE.
Eſtant arrivé dans Pontoiſe, je vis Chidamire à mes yeux, Dieux!	Étant arrivé dans Pontoise, je vis Chidamire à mes yeux, Dieux!
que mes ſens furent joyeux, Lors que je vis mon adorable, Qu’elle me rendit miſerable, Puis qu’on ſuivoit par tout ſes pas, Et que je vis tous ſes apas, Fleſtris au bord d’une fontaine.	que mes sens furent joyeux, Lors que je vis mon adorable, Qu'elle me rendit misérable, Puis qu'on suivait par tout ses pas, Et que je vis tous ses appas, Flêtris au bord d'une fontaine.
Jugés ce qu’eſtoit de ma peine, D’avoir veu cet aſtre charmant, Sans luy parler de ſon amant, Qu’elle avoit tout en ſa preſence.	Jugez ce qu'était de ma peine, D'avoir vu cet astre charmant, Sans lui parler de son amant, Qu'elle avait tout en sa présence.
Puiſque meſme dans ſon abſence, Je l’adorois.	Puisque même dans son absence, Je l'adorais.
Revient deſſus ſon aſne.	Revient dessus son âne.
RYSPIN.	RYSPIN.
Hola tace.	Holà tace.
Deſcendés moy, pour le paſſé, N’en parlons plus, belle Climene, Au moins je ſuis bien a la geſne, Voſtre ſiege un peu le galand, Qui faite icy mon Lieutenant, Remenez dedans l’ecurie, Monſieur mon aſne, je vous prie, Et revenez preſentement.	Descendez -moi, pour le passé, N'en parlons plus, belle Climène, Au moins je suis bien à la gêne, Votre siège un peu le galant, Qui faite ici mon Lieutenant, Remenez dedans l'écurie, Monsieur mon âne, je vous prie, Et revenez présentement.
LEANDRE.	LÉANDRE.
Ce ſera fait incontinent.	Ce sera fait incontinent.
LYSPIN.	LYSPIN.
C’eit le meilleur garçon du monde, Je veux que le diable me tonde, Si cela n’eſt vray.	C'est le meilleur garçon du monde, Je veux que le diable me tonde, Si cela n'est vrai.
Criſpin chiffle.	Crispin chiffle.
RGIBUS.	RGIBUS.
Je le croy.	Je le crois.
Venéſ çaRYSEIN.	Venez çaRYSEIN.
RGIBUS.	RGIBUS.
Parlés vous á moy.	Parlez -vous „ moi.
RYSPIN.	RYSPIN.
Beaupere vous faites la beſte, Mettés moy deſſus voſtre teſte, Voſtre chapeau, là ſans façon.	Beaupère vous faites la bête, Mettés moi dessus votre tête, Votre chapeau, là sans façon.
A Climene.	À Climène.
l’ay fait ſur vous une chanſon, Jolye, ou je me donne au diable, Elle eſt galante, elle eſt aymable, Et je vays la chanter tout haut, Pour monſtrer qu’elle eſt ſans defaut.	l'ai fait sur vous une chanson, Jolye, ou je me donne au diable, Elle est galante, elle est aimable, Et je vais la chanter tout haut, Pour montrer qu'elle est sans défaut.
L’air eſt nouveau de plus encore, C’eſt un air que chacun adore, Et que l’on chante ſur un ton, Beaucoup admirable dit on.	L'air est nouveau de plus encore, C'est un air que chacun adore, Et que l'on chante sur un ton, Beaucoup admirable dit on.
Il chante ton le ron ton ton.	Il chante ton le ron ton ton.
CHANSON.	CHANSON.
O trefois j’aymois Cloris & Climene, Ragotaymoit ſa chere jannetton, Je n’ayme plus que ma chere Climene, Qui me rend le cœur bien plus noir que un charbon, Ton le ron ton ton.	Ô trefois j'aimais Cloris et Climène, Ragotaimait sa chère jeton, Je n'aime plus que ma chère Climène, Qui me rend le cœur bien plus noir que un charbon, Ton le ron ton ton.
CRYSPIN Continüe.	CRYSPIN Continue.
Cet air n’eſt il pas admirable, Pour un œil un peu fripponnable, Car je fripponne les objects.	Cet air n'est -il pas admirable, Pour un œil un peu friponnable, Car je friponne les objects.
Et de bonne mine & bien faits.	Et de bonne mine et bien faits.
C’eſt pourquoy, petite moutonne, Craignez que je ne vous fripponne, Deſpechons & ſans plus tarder, Dites vous puiſie accommoder, Vous me connoiſſez à cette heure, Quand on eſt amoureux, je meure, Si l’on ne ſe laſſe-a propos, Deſſechons promptement nos os, A boire, toſt je le commande.	C'est pourquoi, petite moutonne, Craignez que je ne vous friponne, Despéchons et sans plus tarder, Dites vous puisie accommoder, Vous me connaissez à cette heure, Quand on est amoureux, je meure, Si l'on ne se lasse-là propos, Dessechons promptement nos os, À boire, tôt je le commande.
Dieu me damne ſi je ne bande, Mon car quois juſques à demain.	Dieu me damne si je ne bande, Mon car quais jusques à demain.
Car ma foy je creve de fain, Beuvons à vos ſantés, les belles, Beau Pere & vous nos ſentinelles, Je boiſau belair.	Car ma foi je crève de sain, Bévons à vos santés, les belles, Beau Père et vous nos sentinelles, Je boisau belair.
GOR	GOR
GORGIBUS.	GORGIBUS.
Je le croy,	Je le crois,
RYSPIN.	RYSPIN.
Et je vays boire auſſy pour moy, Tirés le verre c’eſt tout dire.	Et je vais boire aussi pour moi, Tirezez le verre c'est tout dire.
Sçavéz vous bien que je ſouſpire, Beaupere, & qu’il vous faut haſter, Si je jure par Jupiter, Vous allez droit dedans ſon centre, Vous eſtes perdu par la ventre.	Savez -vous bien que je soupire, Beaupère, et qu'il vous faut hâter, Si je jure par Jupiter, Vous allez droit dedans son centre, Vous êtes perdu par la ventre.
GIBUS.	GIBUS.
Mon gendre eſt fou certainement, Il jure comme un Allemant.	Mon gendre est fou certainement, Il jure comme un Allemant.
Que je ne veux pas un tel gendre,	Que je ne veux pas un tel gendre,
RYSPIN.	RYSPIN.
Dites moy, me voulez vous prendre, Sans tant façonner maintenant, Ou bien prenez mon Lieutenant, Je le fais riche ſans rien dire.	Dites -moi, me voulez -vous prendre, Sans tant façonner maintenant, Ou bien prenez mon Lieutenant, Je le fais riche sans rien dire.
CLIMENE.	CLIMENE.
Quoy, lors que pour vous je ſouſpire, Vous ne m’aymez plus.	Quoi, lors que pour vous je soupire, Vous ne m'aimez plus.
Ah grand Roy!	Ah grand Roi!
RYSPIN.	RYSPIN.
Ma foy vous vous mocquez de moy.	Ma foi vous vous moquez de moi.
LIMENE.	LIMENE.
Quoy que vous diſiéz, je vous ayme, Si vous m’aymez faites de meſme.	Quoi que vous disiez, je vous aime, Si vous m'aimez faites de même.
RYSPIN.	RYSPIN.
Je ne vous ayme point, ma foy.	Je ne vous aime point, ma foi.
CLIMENE.	CLIMENE.
Vous ne maymés pas, & pourquoy.	Vous ne maimez pas, et pourquoi.
CRYSPIN.	CRYSPIN.
Pour ce qu’il vous plaira, Climene, Je ne m’en mets pas fort en peine, Car je veux eſpouſer Catin.	Pour ce qu'il vous plaira, Climène, Je ne m'en mets pas fort en peine, Car je veux épouser Catin.
ATIN.	ATIN.
Qui moy, je n’ayme que Cryſpin.	Qui moi, je n'aime que Cryspin.
RYSPIN.	RYSPIN.
Lors que je t’auray fait paroiſtre, Qu’auſſy bien que luy je ſuis maiſtre, Tu m’aymeras a cette fois.	Lors que je t'aurai fait paraître, Qu'aussi bien que tu je suis maître, Tu m'aimeras a cette fois.
ATIN.	ATIN.
Nannyn j’on desja fait nos choix.	Nanni j'on déjà fait nos choix.
RGIBUS.	RGIBUS.
Et bien concevés vous, Climene, Comment vous me mettez en peine, Ennn vous me perdés d’honneur, Pour n’avoir pas pris le Docteur.	Et bien concevez -vous, Climène, Comment vous me mettez en peine, Enn vous me perdez d'honneur, Pour n'avoir pas pris le Docteur.
Helas je n’en puis plus.	Hélas je n'en puis plus.
CRYSPIN.	CRYSPIN.
J’enrage.	J'enrage.
La peſte ſoit du ſot viſage.	La peste soit du sot visage.
ORGIBUS.	ORGIBUS.
Qui voudra plus ſe preſenter, Et qui croira bien s’exempter, Du refus, que je fais aux autres.	Qui voudra plus se présenter, Et qui croira bien s'exempter, Du refus, que je fais aux autres.
RYSPIN, Pourquoy, s’ils eſtoient bons Apoſtres, Les refuſiez vous, c’eſt bien fait, Ce Cleandre eſtoit ſi bien fait, Qui vouloit eſtre voſtre gendre, Pourquoy ne le vouloir pas prendre,	RYSPIN, Pourquoi, s'ils étaient bons Apôtres, Les refusiez vous, c'est bien fait, Ce Landre était si bien fait, Qui voulait être vôtre gendre, Pourquoi ne le vouloir pas prendre,
CLIMENE.	CLIMENE.
Vous empeſchés tousjours mon bien, Pourquoy rompre un ſi doux lien?	Vous empêchez toujours mon bien, Pourquoi rompre un si doux lien?
Il m’eſtimoit tant ce Cleandre, Il avoit tant pour moy de tendre.	Il m'estimait tant ce Clandre, Il avait tant pour moi de tendre.
ATIN.	ATIN.
Il valloit mieux qu’il euſt du dur, On ne vit pas de tendre pur, Il faut de l’argent pour bien vivre.	Il vallait mieux qu'il eût du dur, On ne vit pas de tendre pur, Il faut de l'argent pour bien vivre.
SPIN.	SPIN.
Beaupere vous eſtes bien yvre, De voir tout ce que vous voyez.	Beaupère vous êtes bien ivre, De voir tout ce que vous voyez.
Si Cleandre eſtoit à vos piez, Avec tous les biens de ſon pere.	Si Cléandre était à vos pieds, Avec tous les biens de son père.
Seriez vous aſſés temeraire, Pour le refuſer maintenant?	Seriez -vous assez téméraire, Pour le refuser maintenant?
ORGIBUS.	ORGIBUS.
Non, s’il eſtoit tousjours amant, De ma fille & ſans nulle peine, Qu’il vouluſt eſpouſer Climene, Je l’accepterois, & demain, Il pourroit reçevoir ſa main,	Non, s'il était toujours amant, De ma fille et sans nulle peine, Qu'il voulût épouser Climène, Je l'accepterais, et demain, Il pourrait recevoir sa main,
LEANDRE.	LÉANDRE.
Apres une telle promeſſe, Il va prendre la hardieſſe, De ſe jetter à vos genoux, Et vous demander quel couroux, Vous pouviez avoir contre un gendre, Que vous pouviez tousjours pretendre, Et qui vous aymoit tellement, Qu’il euſt creuſé ſon monument.	Après une telle promesse, Il va prendre la hardiesse, De se jeter à vos genoux, Et vous demander quel courroux, Vous pouviez avoir contre un gendre, Que vous pouviez toujours prétendre, Et qui vous aimait tellement, Qu'il eût crusé son monument.
Si vous n’aviez rendu la vie, A l’amitié qu’il à ſuivie, Mais puis-je eſperer en ce jour, Le digne objet de mon amour?	Si vous n'aviez rendu la vie, A l'amitié qu'il à suivie, Mais puis-je espérer en ce jour, Le digne objet de mon amour?
Puis qu’en moy vous voyez Cleandre.	Puis qu'en moi vous voyez Cléandre.
RSIBUS, Ouy s’en eſt fait.	RSIBUS, Oui s'en est fait.
6	6
CRYSP.	CRYSP.
IN.	IN.
Sans plus attendre.	Sans plus attendre.
DRGIBUS.	DRGIBUS.
Et je te commande aujourd’huy, De conſerver l’amour pour luy, Que tu gardois.	Et je te commande aujourd'hui, De conserver l'amour pour lui, Que tu gardais.
RYSPIN.	RYSPIN.
Mais ſans triſteſſe, Pouvez vous voir voſtre maiſtreſſe.	Mais sans tristesse, Pouvez -vous voir votre maîtresse.
CLEANDRE.	CLÉANDRE.
Climene que je ſuis heureux, Puis que les plus doux de mes vœux, Sont accordéz par voſtre Pere, Voyant que vous m’aymez j’eſpere.	Climène que je suis heureux, Puis que les plus doux de mes vœux, Sont accordéz par votre Père, Voyant que vous m'aimez j'espère.
CLIMENE.	CLIMENE.
Ouy vous pouvez tout eſperer.	Oui vous pouvez tout espérer.
R YSPINMoy jle vay tout deſeſperer, Car tout mon bien eſt qu’une fable, Plus fauſſe cent fois que le Diable, Mais pour mettre tout à la fin, Je vais eſpouſer ma Catin, Et je veux dans deux ans qu’on diſe, Que j’ay fait bruſler ma chemiſe, Pour n’avoir plus de mal aux dents.	ROIS YPINMoi jle vais tout désespérer, Car tout mon bien est qu'une fable, Plus se cent fois que le Diable, Mais pour mettre tout à la fin, Je vais épouser ma Catin, Et je veux dans deux ans qu'on dise, Que j'ai fait brûler ma chemise, Pour n'avoir plus de mal aux dents.
Et puis l’on verra les Enfans, De ma Catin en fourmilliere, Venir comme une pepiniere, Embraſſer leur Papa Cryſpin, Cependant ſongeons au feſtin.	Et puis l'on verra les Enfants, De ma Catin en fourmillière, Venir comme une pépinière, Embrasser leur Papa Cryspin, Cependant songeons au festin.
Et que toutes ceremonies Entre nous autres ſoyent banies, Puis que Catin donne a mes vœux, Un gros pucelage amourenx.	Et que toutes cérémonies Entre nous autres soient banies, Puis que Catin donne à mes vœux, Un gros pucelage amourenx.
IN.	IN.
