A SON ALTESSE SERENISSIME MONSEIGNEUR LE DVC D’ENGVIEN MING ONSEIGNEVR, Voicy l’Ombre de Mo liere;	À SON ALTESSE SERENISIME MONSEIGNEUR LE DUC D'ENGUIEN MING ONSEIGNEUR, Voici l'Ombre de Mo liere;
c’eſt une Comédie dont le bonheur ſera parfait, V.	c'est une Comédie dont le bonheur sera parfait, V.
A.	A.
S, l’honore du moindre coup d’œil.	S, l'honore du moindre coup d'œil.
Sans l’autorité que me donne un long uſage, je ne hazarderois pas de mettre voſtre Illuſtre Nom à la Teſte d’un Livre, lors qu'il va ſi glorieuſement éclater à la Teſte des Armées.	Sans l'autorité que me donne un long usage, je ne hasarderais pas de mettre vôtre Illustre Nom à la Tête d'un Livre, lors qu'il va si glorieusement éclater à la Tête des Armées.
Alexandre mettott Homere ſous ſon chevet;	Alexandre mettôtât Homère sous son chevet;
Scipion & Lélie honorerent Térence de leur eſtime:	Scipion et Lélie honorèrent Térence de leur estime:
mais ſans le ſecours de ces Exemples, il ſuffit de celuy de V.	mais sans le secours de ces Exemples, il suffit de celui de V.
A.	A.
S.	S.
pour juſtifier que les Armes & les Lettres n’ont rien d’incompatible, & que le Cabinet & le Camp peuvent eſtre Amis.	pour justifier que les Armes et les Lettres n'ont rien d'incompatible, et que le Cabinet et le Camp peuvent être Amis.
Souffrez donc, MONSEIGNEVR, que les Oeuvres de Moliere tiennent quelque rang dans.	Souffrez donc, MONSEIGNEUR, que les Oeuvres de Molière tiennent quelque rang dans.
voſtre Biblioteque, & que ma Comédie ſoit une eſpece de Table pouries ſiennes.	votre Biblioteque, et que ma Comédie soit une espèce de Table pouries siennes.
DEV.	DEV.
A.	A.
S.	S.
MONSEIGNEVR,	MONSEIGNEUR,
Le tres-humble & tres- obeïſſant Serviteur, BRECOURT.	Le très-humble et très- obéissant Serviteur, BRECOURT.
EXTRAIT DV PRIVILEGE da dcye.	EXTRAIT DU PRIVILÈGE da dite.
Ar Grace & Privilege du Roy, donné Ta Verſailles le douziéme Avril 1674.	Ar Grâce et Privilège du Roi, donné Ta Versailles le douzième Avril 1674.
Signé, Par le Roy en ſon Conſeil, LE NORMANT:	Signé, Par le Roi en son Conseil, LE NORMANT:
Et ſcellé du grand Sceau de cire jaune.	Et scelé du grand Sceau de cire jaune.
Il eſt permis a CLAuDE BARBIN, Marchand Libraire à Paris, d’imprimer, faire imprimer, vendre & debiter une Piece de Theatre, intitulée L’OMBRE DE MOLIETE, Comedie en Proſe:	Il est permis a CLAuDE BARBIN, Marchand Libraire à Paris, d'imprimer, faire imprimer, vendre et débiter une Pièce de Théâtre, intitulée L'OMBRE DE MOLIETE, Comédie en Prose:
Et defenſes ſont faites à toutes Perſonnes, de quelque qualité & condition qu’elles ſoient, d’imprimer, ou faire imprimer, vendre ny debiter ladite Piece de Theatre, ſans le conſentement de l’Expoſant, ou de ceux qui auront droict de luy, pendant le temps & eſpace de cinq années, entieres & accomplies, à comp er du jour que ladite Piece ſera achevée d’imprimer pour la premiere fois, à peine contre chacun des contrevenans, de trois mil livres d’amende, confiſcation des Exemplaires contrefaits, & !	Et défenses sont faites à toutes Personnes, de quelque qualité et condition qu'elles soient, d'imprimer, ou faire imprimer, vendre ni débiter ladite Pièce de Théâtre, sans le consentement de l'Exposant, ou de ceux qui auront droit de jours, pendant le temps et espace de cinq années, entières et accomplies, à comp er du jour que ladite Pièce sera achevée d'imprimer pour la première fois, à peine contre chacun des contrevenants, de trois mil livres d'amende, confiscation des Exemplaires contrefaits, et !
de tous deſpens, dommages & intereſts, ainſi que plus au long il eſt porté eſdites Lettres de Privile e.	de tous dépens, dommages et intérêts, ainsi que plus au long il est porté édites Lettres de Privile e.
Regiſtré ſur le Livre de la Communauté, ſuivant ihiren de la Cour.	Registré sur le Livre de la Communauté, suivant jiren de la Cour.
D.	D.
Prlinſcrer.	Prlinscrer.
Syndic.	Syndic.
Achevè d’imprimer pour la premiere fois le 2.	Achevè d'imprimer pour la première fois le 2.
May 1674.	May 1674.
LE PELIE.	LE PELIE.
PLOTON.	PLOTON.
MIIDIMINIE.	MIIDIMINIE.
AIINRS.	ÀIINRS.
MOLIERE, Poëte Comique.	MOLIÈRE, Poète Comique.
LA PRETIEUSE de la Comedie des Prétieuſes.	LA PRETIEUSE de la Comédie des Prétieuses.
LE MARQUISELHASCARLLE de la meſme Comédie.	LE MARQUISELHÂSCARLLE de la même Comédie.
LE COeo du Cocu Imaginaire.	LE COeo du Cocu Imaginaire.
NICOLE du Bourgeois Gentilhomme.	NICOLE du Bourgeois Gentilhomme.
POURCEAUGNAC de la Comédie de Pourceaugnac.	POURCEAUGNAC de la Comédie de Pourceaugnac.
MADAME JOURDHIN du Bourgeois Gentilhomme.	MADAME JOURDHIN du Bourgeois Gentilhomme.
QUATRE MEDECINS de la Comedie des Medecins.	QUATRE MÉDECINS de la Comédie des Médecins.
L’ENVIE.	L'ENVIE.
La Scene eſt dans les Champs Elyſées.	La Scène est dans les Champs Elysées.
TNOSOCOE DE L’OMBRE DE NSLIERE.	TNOSOCOE DE L'OMBRE DE NSLIÈRE.
ORONTE, CLEANTE.	ORONTE, CLÉANTE.
ORONTE.	ORONTE.
OINT, vous dis-je;	OINT, vous dis-je;
oliane ramerie quon vous a faite de moy.	oliane ramerie quon vous a faite de moi.
CLEANTE.	CLÉANTE.
Je vous dis que je ſuis ſeûr de la choſe.	Je vous dis que je suis sûr de la chose.
ORONTE.	ORONTE.
C’eſt quelqu’un qui a voulu ſe divertir à mes dépens, vous dis-je.	C'est quelqu'un qui a voulu se divertir à mes dépens, vous dis-je.
CLEANTE.	CLÉANTE.
Ah!	Ah!
que vous eſtes reſervé!	que vous êtes réservé!
ORONTE.	ORONTE.
Mais que vous eſtes folâtre avec voſtre Comedie!	Mais que vous êtes folâtre avec votre Comédie!
C’eſt bien a moy a entreprendre de ces Ouvrages?	C'est bien à moi à entreprendre de ces Ouvrages?
Non, non, Cleante, je me connoy;	Non, non, Cléante, je me connais;
& ſi parmy mes Amis je me laiſſe ailer à produire quelque Epigramme, quelque Madrigal, ou de ſemblables bagatelles, croyez que cela ne ni’a point donné aſſez bonne opinion de moy pour entreprendre un Ouvrage, que l’on puiſſe appeller Comédie.	et si parmi mes Amis je me laisse ailer à produire quelque Epigramme, quelque Madrigal, ou de semblables bagatelles, croyez que cela ne n'a point donné assez bonne opinion de moi pour entreprendre un Ouvrage, que l'on puisse appeler Comédie.
C’eſt un pas.	C'est un pas.
à la verité, que preſque tous les Gens franchiſſent aiſément;	à la vérité, que presque tous les Gens franchissent aisément;
& il ſemble qu’il ſuffiſe d’avoir fait à pluſieurs repriſes une certaine quantité de médiocres ou de méchans Vers, pour ſe donner avec beaucoup d’impunité le nom d’Autheur;	et il semble qu'il suffise d'avoir fait à plusieurs reprises une certaine quantité de médiocres ou de méchants Vers, pour se donner avec beaucoup d'impunité le nom d'Auteur;
& ſous ce titre, on hazarde librement vn aſſemblage de Caracteres bien ou mal fondez, d’Incidens amenez à force, & de Galimatias redoublez, que l’on baptize effrontément du nom de Comédie.	et sous ce titre, on hasarde librement un assemblage de Caractères bien ou mal fondez, d'Incidents amenez à force, et de Galimatias redoublés, que l'on baptise effrontément du nom de Comédie.
Voila par où pluſieurs honneſtes Gens ont échoüé dans le monde;	Voilà par où plusieurs honnêtes Gens ont échoué dans le monde;
& ſur leur exemple, je ne hazarderay point, mon cher Cleante, de perdre un peu d’eſtime que d’autres talens que la Poëſie m’ont acquiſe.	et sur leur exemple, je ne hasarderai point, mon cher Cléante, de perdre un peu d'estime que d'autres talents que la Poésie m'ont acquise.
Quand on peut faire quelque choſe de mieux qu’une méchante Piece, on ne doit point travailler à cet Ouvrage;	Quand on peut faire quelque chose de mieux qu'une méchante Pièce, on ne doit point travailler à cet Ouvrage;
& quoy qu’on entreprenne, ſi l’on ne peut y reüſſir parfaitement, il vaudroit encore mieux ne rien faire du tout.	et quoique qu’on entreprenne, si l'on ne peut y réussir parfaitement, il vaudrait encore mieux ne rien faire du tout.
CLEANTE.	CLÉANTE.
Je vous trouve admirable, Oronte, avec tous ces juſtes & beaux raiſonnemens!	Je vous trouve admirable, Oronte, avec tous ces justes et beaux raisonnements!
Mais ce qui m’en plaît le plus, c’eſt de vous voir ſi bien condamner aux autres une démangeaiſon dont vous n’avez pû vous défendre.	Mais ce qui m'en plaît le plus, c'est de vous voir si bien condamner aux autres une démangeaison dont vous n'avez pu vous défendre.
Oüy, morbleu, je vous dis que vous avez fait une Comédie.	Oui, morbleu, je vous dis que vous avez fait une Comédie.
dIONVE MY Moy?	dIONVE MI Moi?
CLEANTE.	CLÉANTE.
Vous l’avez donnée à étudier déja.	Vous l'avez donnée à étudier déjà.
ORONTE.	ORONTE.
Encore?	Encore?
CLLIIRIL.	CLLIIRIL.
C’eſt une petite Piece en Proſe.	C'est une petite Pièce en Prose.
Bon.	Bon.
ORONTE.	ORONTE.
A iij	À jijà
CLEANTE.	CLÉANTE.
Et les Comédiens qui la repreſenteront, ſont cachez làhaut dans voſtre Chambre, pour la repéter aujourd’huy.	Et les Comédiens qui la représenteront, sont cachez làhaut dans votre Chambre, pour la répéter aujourd'hui.
Là, rougiſſez à preſent qu’on vous met le doigt ſur la Piece.	Là, rougissez à présent qu'on vous met le doigt sur la Pièce.
Hẽ?	Hien?
ORONTE.	ORONTE.
comment avez-vous ſçeucela?	comment avez-vous sçeucela?
CLEANTE.	CLÉANTE.
Ah!	Ah!
comment je l’ay ſçeu?	comment je l'ai su?
Que me donnerez-vous, & je vous le diray?	Que me donnerez-vous, et je vous le dirai?
ORONTE.	ORONTE.
Hé, de grace, dites-moy qui m’auroit pû trahir.	Hé, de grâce, dites-moi qui m'aurait pu trahir.
C’eſt une choſe que je n’ay confiée qu’à mon Frere & à ma PeHIIIC.	C'est une chose que je n'ai confiée qu'à mon Frère et à ma PeHIIC.
CLEANTE.	CLÉANTE.
Socrate ſe repentit d’avoir dit ſon ſecret à la ſienne:	Socrate se repentit d'avoir dit son secret à la sienne:
Mais ce n’eſt point de la voſtre dont j’ay appris cecy;	Mais ce n'est point de la vôtre dont j'ai appris ceci;
& pour vous tirer d’inquiétude, ſçachez que le hazard, & voſtre peu de ſoin, m’ont appris que vous aviez fait une Comédie.	et pour vous tirer d'inquiétude, sachez que le hasard, et votre peu de soin, m'ont appris que vous aviez fait une Comédie.
Vous connoiſſez voſtre écriture apparamment, puis que je la coninoy auſſy.	Vous connaissez votre écriture apparamment, puis que je la coninoi aussi.
Tenez.	Tenez.
L’OMBRE DE MOLIERE, petite Comedie en Proſe.	L'OMBRE DE MOLIERE, petite Comédie en Prose.
Eh?	Eh?
DRONTE.	DRONTE.
Ah Cleante!	Ah Cléante!
je vous l’avouë, puis que vous le ſçavez:	je vous l'avoue, puis que vous le savez:
Je A IIij m’y ſuis laiſſé aller;	Je A IIijà m'y suis laissé aller;
il eſt vray vous tenez mon Ouvrage;	il est vrai vous tenez mon Ouvrage;
C’eſt une petite Piece de ma façon, & vous eſtes trop de mes Amis, pour ne vous le pas dire.	C'est une petite Pièce de ma façon, et vous êtes trop de mes Amis, pour ne vous le pas dire.
CLEANTE.	CLÉANTE.
Ahi je vous ſuis trop obligé vrayment;	Ahi je vous suis trop obligé vraiment;
& vous m'avez confié ce ſecret de tropbonne grace, pour ne vous en pas témoigner ma reconnoiſſance.	et vous m'avez confié ce secret de tropbonne grâce, pour ne vous en pas témoigner ma reconnaissance.
ORONTE.	ORONTE.
Que vous eſtes fou!	Que vous êtes fou!
Donnez donc.	Donnez donc.
C’eſt une bagatelle que je n’ay pas jugé digne d’entrer dans voſtre confidence;	C'est une bagatelle que je n'ai pas jugé digne d'entrer dans votre confidence;
& pour vous le dire franchement, c’eſt l’effet de quelques heures de mélancolie qui m’ont fait griffonner ce petit Ouvrage.	et pour vous le dire franchement, c'est l'effet de quelques heures de mélancolie qui m'ont fait griffonner ce petit Ouvrage.
Vous ſçavez que j’eſtimois Moliere;	Vous savez que j'estimais Molière;
& cette Piece n’eſt autre choſe qu’un Monument de mon amitié que je conſacre à ſa mémoire.	et cette Pièce n'est autre chose qu'un Monument de mon amitié que je consacre à sa mémoire.
La maniere dont il paroît dans ma Comédie, le repreſente naturellement comme il eſtoit, c’eſt à dire comme le Cenſeur de toutes les choſes déraiſonhabies, blarnant les ſottiſes, l’ignorance, & les vices de ſon ſiecle.	La manière dont il paraît dans ma Comédie, le représente naturellement comme il était, c'est à dire comme le Censeur de toutes les choses déraisonhabies, blarnant les sottises, l'ignorance, et les vices de son siècle.
CLEANTE.	CLÉANTE.
Il eſt vray qu’il a heureuſement joüé toutes ſortes de matieres;	Il est vrai qu'il a heureusement joué toutes sortes de matières;
& ſon Théatre nous aſervy longtemps d’une diverdſaſte & prontablcEcole.	et son Théâtre nous asservi longtemps d'une diverdsaste et prontablcole.
ORONTE.	ORONTE.
Il eſtoit dans ſon particulier, ce qu’il paroiſſoit dans la Morale de ſes Pieces;	Il était dans son particulier, ce qu'il paraissait dans la Morale de ses Pièces;
honneſte, judicieux, humain, franc, genéreux;	honnête, judicieux, humain, franc, généreux;
& meſme, malgré ce qu’en ont crû quelques Eſprits mal faits, il tenoit un ſi juſte milieu dans de certaines matieres, qu’il s’éloignoit auſſi ſagement de l’excés, qu’il ſçavoit ſe garder d’une dangereuſe médiocrité.	et même, malgré ce qu'en ont cru quelques Esprits mal faits, il tenait un si juste milieu dans de certaines matières, qu'il s'éloignait aussi sagement de l'excès, qu'il savait se garder d'une dangereuse médiocrité.
Mais la chaleur de noſtre ancienne amitié m’emporte, & je m’apperçoy qu'inſenſiblement je 1 ferois ſon Panegyrique, au lieu de vous demander quartier;	Mais la chaleur de notre ancienne amitié m'emporte, et je m'aperçois qu'insensiblement je 1 ferais son Panégyrique, au lieu de vous demander quartier;
j’ay plus beſoin de grace, que ſa mémoire de loüanges.	j'ai plus besoin de grâce, que sa mémoire de louanges.
C’eſt pourquoy, cher Cleante, je vous redemande ma Piece:	C'est pourquoi, cher Cléante, je vous redemande ma Pièce:
Mais puis que vous eſtes icy, honorez-la de voſtre attention, & ne la regardez, je vous prie, que comme une choſe que j’ay dédiée a la ſeule mémoire de mon Amy.	Mais puis que vous êtes ici, honorez-la de votre attention, et ne la regardez, je vous prie, que comme une chose que j'ai dédiée a la seule mémoire de mon Ami.
CLEANTE.	CLÉANTE.
Allez, Oronte, quelque choſe que ce ſoit, le ſeul ſentiment qui vous l’a fait entreprendre, vous doit aſſurer de la reüſſite de voſtre Ouvrage;	Allez, Oronte, quelque chose que ce soit, le seul sentiment qui vous l'a fait entreprendre, vous doit assurer de la réussite de votre Ouvrage;
& rien n’eſt plus honneſté à vous, que de montrer au Public avec quelle juſtice vous eſtiſſilez un n’grandTTomme.	et rien n'est plus honnesté à vous, que de montrer au Public avec quelle justice vous étissilez un n'grandTTomme.
ORONTE.	ORONTE.
Ne me faites pas rougir davantage, Cleante;	Ne me faites pas rougir davantage, Cléante;
& venez ſeulement donner vortre avis ſur noitre Repetition.	et venez seulement donner vortre avis sur naître Répétition.
Fin du Prologue.	Fin du Prologue.
L'OMBRE DE MOLIERE.	L'OMBRE DE MOLIERE.
SCENE PREMIERE.	SCÈNE PREMIÈRE.
Le Theatre s’ouvre par DEVX OMBRES, qui en dançant, apportent chacune un morceau de tout ce qui peut former un Tribunal;	Le Théâtre s'ouvre par DEUX OMBRES, qui en dançant, apportent chacune un morceau de tout ce qui peut former un Tribunal;
e apres l’’aton urepst, tues ſe apuient un Balay pour nettoyer ce lieu, où Pluton ſe doit venir rendre bientoſt.	E après l'aton urepst, tues se appuient un Balay pour nettoyer ce lieu, où Pluton se doit venir rendre bientôt.
T CMDRE.	 TMDRE.
ONNE, donne-moy ce Balay.	ONNE, donne-moi ce Balay.
MM 2 OMBRE.	MM 2 OMBRE.
Je n’en feray rien, c’eſt à moy a balayer icy:	Je n'en ferai rien, c'est à moi a balayer ici:
Pluton y va venir, & je veux que tout ſoit net, & propre comme il laut.	Pluton y va venir, et je veux que tout soit net, et propre comme il laut.
1 OMBRE.	1 OMBRE.
Oüy, mais je te diſpute cet honneur;	Oui, mais je te dispute cet honneur;
cela m’appartient mieux qu’a toy.	cela m'appartient mieux qu'a toi.
AOMDNL.	ÀOMDNL.
Et par quelle raiſon?	Et par quelle raison?
1 OMBRE.	1 OMBRE.
Par la raiſon que quand j’eſtois en l’autre Monde, ie me ſuis ſi bien acquitté de inon Empioy, que je merite bien en celuy-cy l’honneur de l’exercer encore.	Par la raison que quand j'étais en l'autre Monde, Elle me suis si bien acquitté de inon Empioy, que je mérite bien en celui-cy l'honneur de l'exercer encore.
2 OMBRE.	2 OMBRE.
Et quel mérite avois-tu plus que moy en l’autre Monde?	Et quel mérite avais-tu plus que moi en l'autre Monde?
N’eſtions-nous pas Laquais cous deux ?	N'étions-nous pas Laquais cous deux ?
1 OMBRE.	1 OMBRE.
Oüy, mais il y a Laquais.	Oui, mais il y a Laquais.
& Laquais.	et Laquais.
2 OMBRE.	2 OMBRE.
Et qu’as-tu à me reprocher?	Et qu'as-tu à me reprocher?
N’ay-je pas fidellement ſervy tous les Maiſtres à qui j’ay eſté?	N'ai-je pas fidèlement servi tous les Maîtres à qui j'ai été?
YOMBRE.	YOMBRE.
2 OMBRE.	2 OMBRE.
Et quand je ſervois, moy mon petit Griſon de Procureur, m’a-t-on jamais veu abuſer des ſecrets qu’il me confioit, ny revéler aucune des friponneries qu’il faiſoit à ſes Parties?	Et quand je servais, moi mon petit Grison de Procureur, m'a-t-on jamais vu abuser des secrets qu'il me confiait, ni revéler aucune des friponneries qu'il faisait à ses Parties?
I'OMBRE.	J'OMBRE.
M’a-t-on veu manquer jamais à la fidelité que j’ay dûë à une Maiſtreſſe coquette que eervois, ny avertir ſon Mary que je portois tous les jours des Billets-doux à ſes Galans?	M'a-t-on vu manquer jamais à la fidélité que j'ai due à une Maîtresse coquette que eervois, ni avertir son Mari que je portais tous les jours des Billets-doux à ses Galants?
2 OMBRE.	2 OMBRE.
Et durant les quatre années que j’ay ſervy ce fameux Empirique, m'a-t-on jamais oüy dire le moindre mot des Poiſons qu’il compoſoit, & de toutes les vies qu’il vendoit par ce moyen au plus offrant & dernier encheriſſeur?	Et durant les quatre années que j'ai servi ce fameux Empirique, m'a-t-on jamais oui dire le moindre mot des Poisons qu'il composait, et de toutes les vies qu'il vendait par ce moyen au plus offrant et dernier enchérisseur?
1° OMBRE.	1 OMBRE.
Tout-beau;	Toutbeau;
Le ſecret de faire mourir les Gens a quelque rapport avec la Medecine, & nous ne ſerions pas bien venus à enfiler ce diſcours.	Le secret de faire mourir les Gens a quelque rapport avec la Médecine, et nous ne serions pas bien venus à enfiler ce discours.
Nous nous échaperions peut-eſtre à parler contre les Medecins en parlant des Morts.	Nous nous échapperions peut-être à parler contre les Médecins en parlant des Morts.
Tu ſçais que ces Meſſieurs ſont un peu vindicatifs, & que depuis quelque temps ſur tout, nous en avons icy qui ne preſchent que lavengeance de ceux qui n’ont pas voulu mourir par leurs mains;	Tu sais que ces Messieurs sont un peu vindicatifs, et que depuis quelque temps sur tout, nous en avons ici qui ne prêchent que lavengeance de ceux qui n'ont pas voulu mourir par leurs mains;
Et s’il arrive que nôtre grand Pluton leur accorde.	Et s'il arrive que notre grand Pluton leur accorde.
quelque empire en ces lieux, comme ils le pretendent, ils pourroient bien étendre leur colere juſques ſur nous, pour n’avoir pas parlé d’eux avec tout le reſpect qu’ils attendent.	quelque empire en ces lieux, comme ils le prétendent, ils pourraient bien étendre leur colère jusques sur nous, pour n'avoir pas parlé d'eux avec tout le respect qu'ils attendent.
Ceſt pourquoy nous ferons mieux de nous taire.	Cest pourquoi nous ferons mieux de nous taire.
2 OMBRE.	2 OMBRE.
A propos, c’eſt donc pour Cuomomeuis que la reſte ſe fait, & que nous venons tour préparer icy?	À propos, c'est donc pour Cuomomeuis que la reste se fait, et que nous venons tour préparer ici?
OMBRE.	OMBRE.
Je ne ſçay ſi c’eſt pour d’autres, ou pour eux;	Je ne sais si c'est pour d'autres, ou pour eux;
mais je ſçay bien que Pluton s’y doit rendre bientoſt pour juger une grande Affaire.	mais je sais bien que Pluton s'y doit rendre bientôt pour juger une grande Affaire.
C’eſt pourquoy, ſi tu m’en crois, au lieu de quereller, & de diſputer de nos avantages, nous prendrons chacun un Balay, & nous nettoyerons enſemble, pour avoir plutoſt fait.	C'est pourquoi, si tu m'en crois, au lieu de quereller, et de disputer de nos avantages, nous prendrons chacun un Balay, et nous nettoierons ensemble, pour avoir plutôt fait.
Auſſibien je voy trop d’ordure icy pour un ſeul Balayeur.	Aussibien je vois trop d'ordure ici pour un seul Balayeur.
2OMBRE.	2OMBRE.
ma do rarron, inais jeintens du bruit;	ma do rarron, inais jeintens du bruit;
Seroit-ce déja Pluton ?	Serait-ce déjà Pluton ?
l’OMBRE.	L'OMBRE.
Attens:	Attends:
Non, non, ce n’eſt pas luy encore;	Non, non, ce n'est pas été encore;
c’eſt Caron avec le Génie duPoëte Doucet.	c'est Caron avec le Génie duPoète Doucet.
e croy qu’ils n’auront jamais mly leur quelene.	Je crois qu'ils n'auront jamais mêli leur quele.
2OMBRE.	2OMBRE.
A qui en a Caron auſſy, de tourmenter inceſſamment ce pauvre Génie?	À qui en a Caron aussi, de tourmenter incessamment ce pauvre Génie?
1 OMBRE.	1 OMBRE.
Il faut bien qu’il luy ait fait quelque choſe.	Il faut bien qu'il avait ait fait quelque chose.
SCENE II.	SCÈNE II.
CARON, LE POETE, LES DLOA GMIDRES.	CARON, LE POTE, LES DLOU GMIDRES.
CARON.	CARON.
Ot tont iaces Coquins?	Ot tont jaces Coquins?
Allons, tout eſt-il net?	Allons, tout est-il net?
I° OMBRE.	I° OMBRE.
Oüy, Meſſieurs, & vous pouvez quereller icy fort proprement.	Oui, Messieurs, et vous pouvez quereller ici fort proprement.
CAROIV, Quoy!	CAROIV, Quoi!
tu ne me laiſſeras pas en repos?	tu ne me laisseras pas en repos?
Veux-tu te retirer?	Veux-tu te retirer?
LE POETE.	LE POTE.
Helas, Caron!	Hélas, Caron!
helas!	hélas!
CARON le raillant, ſur le meſme ton.	CARON le raillant, sur le Seigneur ton.
Helas, Caron!	Hélas, Caron!
helas!	hélas!
A qui diable en as-tu avec tes piteux helas?	À qui diable en as-tu avec tes piteux hélas?
LE POETE.	LE POTE.
Quoy!	Quoi!
me laiſſer ſecher ainſy dans les Champs Elyſées!	me laisser sécher ainsi dans les Champs Elysées!
N’as-tu point quelque endroit à me mettre, & doy-je reſter parmy les Ombres errantes?	N'as-tu point quelque endroit à me mettre, et dois-je rester parmi les Ombres errantes?
CARON.	CARON.
Et où veux-tu que je te fourre, malheureux Génié que tu es?	Et où veux-tu que je te fourre, malheureux Génié que tu es?
Veux-tu que je te mette parmy les Poëtes?	Veux-tu que je te mette parmi les Poètes?
Cela eſt indigne de ton mérite.	Cela est indigne de ton mérite.
Que je t’aille nicher auſſy parmy des Héros;	Que je t'aille nicher aussi parmi des Héros;
Ma foy, tu les as un peu trop bien accommodez, pour croire qu’ils s’accommodaſſent de toy.	Ma foi, tu les as un peu trop bien accommodés, pour croire qu'ils s'accommodassent de toi.
LE POETE.	LE POTE.
Et quel outrage leur ay-je fait?	Et quel outrage leur ai-je fait?
CARON.	CARON.
Ce que tu leur as fait?	Ce que tu leur as fait?
Ma foy, tu en as fait de fort jolis Garçons;	Ma foi, tu en as fait de fort jolis Garçons;
& principalement les Héros Grecs ont grand ſujet de ſe loüer de toy.	et principalement les Héros Grecs ont grand sujet de se louer de toi.
Tu les as ſi bien barboüillez, quilomiont plus peioir de maſque le Carnaval pour ſe déguiſer.	Tu les as si bien barbouillez, quilomiont plus péioir de masque le Carnaval pour se déguiser.
LE POETE.	LE POTE.
ie tu fais le plaiſant mal a propos!	Elle tu fais le plaisant mal à propos!
CARON.	CARON.
Tu as raiſon, mais ce n’eſt que depuis que nous nous voyons.	Tu as raison, mais ce n'est que depuis que nous nous voyons.
Ce Faquin, ſans me connoiſtre, m'a ſi bien traduit en Diſeur de bons mots.	Ce Faquin, sans me connaître, m'a si bien traduit en Diseur de bons mots.
que l’on me chante en l’autre Monde comme un Opérateur Croteſque, moy qui à force d’entendre des lamentations, dois eſtre triſte comme un Bonnet de nuit ſans coëffe.	que l'on me chante en l'autre Monde comme un Opérateur Crotesque, moi qui à force d'entendre des lamentations, dois être triste comme un Bonnet de nuit sans coëffe.
Hé bien, tenez, ne voila-t-il!	Hé bien, tenez, ne voilà-t-il!
pas encore?	pas encore?
Un Bonnet de nuit ſans coëffe!	Un Bonnet de nuit sans coëffe!
Depuis que je connoy cet Animal, je ne dis que des ſortiſes.	Depuis que je connais cet Animal, je ne dis que des sortises.
Il me prend envie de te mettre aux mains avec Virgile, il t’ap1 prendre dimmemuindoiltrie.	Il me prend envie de te mettre aux mains avec Virgile, il t'ap1 prendre dimmemuindoilie.
LE POETE.	LE POTE.
ENTE 1 Plelas, Caloh.	ENTE 1 Plelas, Caloh.
nelas-	nélas-
CARON.	CARON.
Encore?	Encore?
Ma foy, je te bailleray de ma Rame ſur les u oreilles.	Ma foi, je te baîllerai de ma Rame sur les ai oreilles.
LE POETE.	LE POTE.
Peux-tu traitter avec tant de ngueureun cenie qui à paſſé pour la douceur meſme?	Peux-tu traiter avec tant de néguureun cénie qui a passé pour la douceur même?
CARON.	CARON.
I Hé tu n'eſtois que trop doux, mon Enfant, & un peu de ſel tauroit fait grand bien.	I Hé tu n'étais que trop doux, mon Enfant, et un peu de sel taurait fait grand bien.
Mais je ſuis las de t’entendre;	Mais je suis las de t'entendre;
nous avons bien d’autres affaires;	nous avons bien d'autres affaires;
Adieu, va te promener.	Adieu, va te promener.
Ne va pas gâter nos belles Allées au moins, ny t’amuſer à cueillir nos Lauriers.	Ne va pas gâter nos belles Allées au moins, ni t'amuser à cueillir nos Lauriers.
Ce n’eſt pas viande pour tes Oyſeaux.	Ce n'est pas viande pour tes Oiseaux.
LE POETE.	LE POTE.
Ouveux-tu done que j’aille?	Ouveux-tu donce que j'aille?
CARON.	CARON.
Promene-toy ſur l’Egouſt;	Promène-toi sur l'Egoust;
& ſi la faim te prend, on te permet de manger quelques Chardons pour te rafraîchir la bouche.	et si la faim te prend, on te permet de manger quelques Chardons pour te rafraîchir la bouche.
LE POETE.	LE POTE.
Helas, Car.	Hélas, Car.
CARON.	CARON.
Ah, le Bourreau!	Ah, le Bourreau!
Tu ne ſortiras pas?	Tu ne sortiras pas?
Allons, Balayeurs, faites voſtre charge;	Allons, Balayeurs, faites -mêmes charge;
Voicy Pluton;	Voici Pluton;
& cet animal n’a que faire icy.	et cet animal n'a que faire ici.
Les Ombres chaſſent le Poëte aver le manche de leurs Balays.	Les Ombres chassent le Poète aver le manche de leurs Balays.
SCENE III.	SCÈNE III.
PLUTON,RADAMANTE, MINOS, L’ENVIE, CARON.	PLUTON,RADAMANTE, MINOS, L'ENVIE, CARON.
PLUTON aſſis dans ſon Tribunal.	PLUTON assis dans son Tribunal.
IA, il eſt donc queſtion de rendre juſtice aujourd'huy.	JA, il est donc question de rendre justice aujourd'hui.
Fay venir l’Accuſé, Caron;	Fais venir l'Accusé, Caron;
& que l’Envie ameine les Complaignans.	et que l'Envie âmeine les Complaignants.
Nous avons donc bien des	Nous avons donc bien des
RADAMANTE.	RADAMANTE.
Sans-doute, & il nous eſt arrivé aujourd’huy une Ombre qui nous va bien donner de la beſogne.	Sans-doute, et il nous est arrivé aujourd'hui une Ombre qui nous va bien donner de la besogne.
MINOS.	MINOS.
Ce le rera pas une bagatelle que cette affaire-cy.	Ce le rera pas une bagatelle que cette affaire-cy.
TLCIONV.	TLCIONV.
Comment?	Comment?
MINOS.	MINOS.
Je vay vous inſtruire de tout, afin que vous n’ayiez pas la peine tantoſt d’interroger les Parties.	Je vais vous instruire de tout, afin que vous n'ayiez pas la peine tantôt d'interroger les Parties.
Il y avoit autrefois là-haut un certain Homme qui ſe meſloit d’écrire, à ce qu’on dit;	Il y avait autrefois là-haut un certain Homme qui se mêlait d'écrire, à ce qu'on dit;
mais il s’eſtoit rendu ſi difficile, que rien ne luy ſembloit parfait.	mais il s'était rendu si difficile, que rien nea luy semblait parfait.
Il ſe mit d’abord à critiquer les façons de parler particulieres;	Il se mit d'abord à critiquer les façons de parler particulières;
En ſuite il donna ſur les habillemens;	En suite il donna sur les habillements;
De là il attaqua les mœurs, & ſe mit inconſidérement à blâmer toutes les ſottiſes du monde:	De là il attaqua les mœurs, et se mit inconsidèrement à blâmer toutes les sottises du monde:
Il ne püt jamais ſe réſoudre à ſoufrir tous les abus qui s’y gliſſoient.	Il ne put jamais se résoudre à souffrir tous les abus qui s'y glissaient.
Il dévoila le myſtere de chaque choſe, fit connoître publiquement quel intéreſt faiſoit agir les Hommes, & fit ſi bien enfin, que par les lumieres qu’il en donnoit, on commençoit de bonne-foy à trouver preſque toutes les choſes de la vie un peu ridicules.	Il dévoila le mystère de chaque chose, fit connaître publiquement quel intérêt faisait agir les Hommes, et fit si bien enfin, que par les lumières qu'il en donnait, on commençait de bonne-foi à trouver presque toutes les choses de la vie un peu ridicules.
Il n’y eut pas juſqu’a la Medecine meſme qui n’eut part à ſa Cenſure;	Il n'y eut pas jusqu'a la Médecine même qui n'eut part à sa Censure;
& ce fut une des choſes qu’il toucha le plus ſouvent, & ſçeut ſi bien reüſſir en cette matiere, que pour peu qu’il l'eut traittée encore, il y auroit eu lieu de craindre pour les Medecins qu’ils n’euſſent accomply pour une ſeconde fois quelque petit Banniſſement de ſix cens années.	et ce fut une des choses qu'il toucha le plus souvent, et sut si bien réussir en cette matière, que pour peu qu'il l'eut traitée encore, il y aurait eu lieu de craindre pour les Médecins qu'ils n'eussent accompli pour une seconde fois quelque petit Bannissement de six cents années.
PLUTON.	PLUTON.
Cela nous auroit fait grand tort.	Cela nous aurait fait grand tort.
MINOS.	MINOS.
Et c’eſt ſon arrivée icy qui cauſe cette Audiance, qui ſans doute ne ſera pas ſans difficulté.	Et c'est son arrivée ici qui cause cette Audience, qui sans doute ne sera pas sans difficulté.
Chacun prétend avoir ſujet de ſe plaindre de luy;	Chacun prétend avoir sujet de se plaindre de lui;
Luy prétend n’avoit offenſé perſonne;	Lui prétend n'avait offensé personne;
Au contraire, de la maniere dont il parle, il ſemble que tout le mondé luy ſoit obligé, & meſme il en donſe d’anez bomes raiſons, & voila qui eſt embaraſſant.	Au contraire, de la manière dont il parle, il semble que tout le dé lui soit obligé, et même il en donse d'anez bômes raisons, et voilà qui est embarrassant.
TEUTONV.	TEUTONV.
Tu l’as donc veu?	Tu l'as donc vu?
MINOS.	MINOS.
Je viens de l’entretenir il ſiy a qu'ul inomene.	Je viens de l'entretenir il sii a qu'ul inomène.
PLUTON.	PLUTON.
Où l’as.	Où l'as.
tu laiſſé?	tu laissé?
MINOS.	MINOS.
Dans l’Allée des Poëtes, où C iiij il a trouvé l’Eſprit de Terence & de Plaute, avec qui il ſe diVcIcit.	Dans l'Allée des Poètes, où Ç ij il à trouvé l'Esprit de Terence et de Plaute, avec qui il se diUcIcit.
PLUTON.	PLUTON.
Il faudra entendre les raiſons de chacun.	Il faudra entendre les raisons de chacun.
Qu’on les faſſe venir;	Qu'on les fasse venir;
mais faites-les moy paroiſtre ſous les melmes figures qu’ils avoient en l’autre Monde, afn de les mieux:	mais faites-les moi paraître sous les melmes figures qu'ils avaient en l'autre Monde, afn de les mieux:
diſcerner.	discerner.
RADAMANTE.	RADAMANTE.
Voicy déja l’Accuſé que Caron vous ameine.	Voici déjà l'Accusé que Caron vous âmeine.
PLUTON.	PLUTON.
Où ſont les Complaignans?	Où sont les Complaignants?
MINOS.	MINOS.
L’Envie les doit conduire icy.	L'Envie les doit conduire ici.
30 l anl	30 l anl
SCENE IV MOLIERE, CARON, PLUTON, RADAM.	SCÈNE IV MOLIERE, CARON, PLUTON, RADAM.
MINOS.	MINOS.
CARON.	CARON.
E n’y puis plus tenir;	E n'y puis plus tenir;
Jamais il ne s’eſt veu tant d’Ombres en un jour;	Jamais il ne s'est vu tant d'Ombres en un jour;
& la Porte va rompre, ſi vous n’y donnez ordre.	et la Porte va rompre, si vous n'y donnez ordre.
TOUTES LES AMES.	TOUTES LES AMES.
Caron.	Caron.
CARON.	CARON.
Entendez-vous comme on m’appelle?	Entendez-vous comme on m'appelle?
Dés qu’ils ont veu que je faiſois entrer certe Ombre, ils ont penſé me dedorer.	Dès qu'ils ont vu que je faisais entrer certe Ombre, ils ont pensé me dédorer.
TOUTES LES AMES.	TOUTES LES AMES.
Caron.	Caron.
CARON.	CARON.
On y va.	On y va.
Ordonnez donc ce que vounroulen que je laiſſe entrer?	Ordonnez donc ce que vounroulen que je laisse entrer?
TOOTES LES AMIES Caron.	TOOTES LES AMIES Caron.
PLUTON.	PLUTON.
Hé patience.	Hé patience.
Qui ſont ils tous ces gens-là?	Qui sont ils tous ces gens-là?
CARON.	CARON.
Ce font des Prétieuſes, des Bourgeoiſes, des Marquis ridicules, des Femmes Sçavantes, des Avares, des Hypocrites, des Jaloux, des Cocus, a des ſeuccio,	Ce font des Prétieuses, des Bourgeoises, des Marquis ridicules, des Femmes Savantes, des Avares, des Hypocrites, des Jaloux, des Cocus, a des seuccio,
PLUTON.	PLUTON.
En voila trop pour un jour:	En voilà trop pour un jour:
Qu’il n’en vienne qu une partie.	Qu'il n'en vienne qu une partie.
CARON.	CARON.
J’oubliois encore un Limouſin, dont l’eſprit eſt aſſez miaterſel pour lervir de Corps.	J'oubliais encore un Limousin, dont l'esprit est assez miatersel pour lervir de Corps.
en un beſoin.	en un besoin.
PLUTON.	PLUTON.
Fais.	Fais.
les entrer ſelon le ran qu’ils auront à la Porte.	les entrer selon le ran qu'ils auront à la Porte.
Radamante, prens le Rôle pour écrire le nom des Complaignans.	Radamante, prends le Rôle pour écrire le nom des Complaignants.
Ca, qui eſt celle-cy?	Ça, qui est celle-cy?
SCENE V LA PRETIEUSE, CARON.	SCÈNE V A PRETIEUSE, CARON.
PLUTON, MOLIERE, MINOS, RADAM.	PLUTON, MOLIERE, MINOS, RADAM.
CARON.	CARON.
Ousr’anez recomoitre à ſon langage.	Ousr'anez recommoitre à son langage.
LA PRETIEUSE.	LA PRETIEUSE.
Grand Monarque des ſombres Habitations, plaiſe aux Deſtins que vous preſtiez attentivement le ſens auriculaire de voſtre Juſtice aux éloquentes articulations de nos clameurs, & que par le triſte viſage de noſtre ame vous puiſſiez eſtre penétré de nos unanimes ſentimens:	Grand Monarque des sombres Habitations, plaise aux Destins que vous prêtiez attentivement le sens auriculaire de votre Justice aux éloquentes articulations de nos clameurs, et que par le triste visage de notre âme vous puissiez été pénétré de nos unanimes sentiments:
PLUTON.	PLUTON.
Quel langage eſt-ce-la?	Quel langage est-ce-la?
CARON.	CARON.
C’eſt le franc précieux.	C'est le franc précieux.
PLUTON.	PLUTON.
volla uil Deau jai gon, vrayment.	volla uil Deau jai gon, vraiment.
Ecoutons.	Écoutons.
LA PRETIEUSE.	LA PRETIEUSE.
La ſurprenante horreur de noſtre accablement coûtera, ſans-doute, quelque égarement à la grandeur de voſtre ame.	La surprenante horreur de notre accablement coûtera, sans-doute, quelque égarement à la grandeur de votre âme.
Vous voyez à vos genoux une Addition de Prétieuſes qui vous en repreſente le Corps, pour faire pancher en leur faveur l’équilibre de voſtre Juſtice contre le matérieléchapement de ceChronologiſte ſcandaleux.	Vous voyez à vos genoux une Addition de Prétieuses qui vous en représente le Corps, pour faire pencher en leur faveur l'équilibre de votre Justice contre le matérieléchapement de ceChronologiste scandaleux.
Bien que la vengeance ne ſoit pas d’une ame du premier Ordre, lors que l’outrage a pris le vif, c’eſt une foibleſſe de ſe laiſſer aller aux tendres émulations d’une pitie ſeduite par les vaines erreurs de l’oſtentation.	Bien que la vengeance ne soit pas d'une âme du premier Ordre, lors que l'outrage a pris le vif, c'est une faiblesse de se laisser aller aux tendres émulations d'une pitié séduite par les vaines erreurs de l'ostentation.
PLUTON.	PLUTON.
Ma foy, je n’y entens goute.	Ma foi, je n'y entends goute.
LA PRETIEUSE.	LA PRETIEUSE.
La férocité de cet Eſprit ſauvage a ſi bien donné la chaſſe au Gibier de noſtre éloquence, que l’indigeſtion de nos penſées n’oſe plus trouver le ſuplément de nos expreſſions.	La férocité de cet Esprit sauvage a si bien donné la chasse au Gibier de notre éloquence, que l'indigestion de nos pensées n'ose plus trouver le supplément de nos expressions.
Il nous a ſi bien atteintes du crime d’abſurdité, que nous en paroiſſons preſque convaincuës par tout le pied-d’eſtal du bas Monde.	Il nous a si bien atteintes du crime d'absurdité, que nous en paraissons presque convainues par tout le pied-d’étal du bas Monde.
Pardonnez, grand Monarque, ſi j’oſe vous parler ſi vulgairerement, & ſi toutes nos penſées ne ſont pas reveſtuës d’expreſſions nobles & vigoureuſes.	Pardonnez, grand Monarque, si j'ose vous parler si vulgairement, et si toutes nos pensées ne sont pas revêtues d'expressions nobles et vigoureuses.
PLUTON.	PLUTON.
LA PRETIEUSE.	LA PRETIEUSE.
Se peut-il faire que voſtre noire Majeſté ait la forme ſi chroncee daſis la Maticre :	Se peut-il faire que votre noire Majesté ait la forme si chroncee dasis la Maticre :
PLUTON.	PLUTON.
Ma foy, je ne vous entens pas.	Ma foi, je ne vous entends pas.
LA PRETIEUSE.	LA PRETIEUSE.
Quoy!	Quoi!
la dureté de voſtre Compréhenſion ne peut eſtre amolie par le concert éclatant des rares qualitez de vos vertus ſublimes?	la dureté de votre Compréhension ne peut être amolie par le concert éclatant des rares qualités de vos vertus sublimes?
PLUTON.	PLUTON.
Je ne ſçay ce que c’eſt que tout cela, mais j auray ſoin de vous rendre juſtice.	Je ne sais ce que c'est que tout cela, mais j rai soin de vous rendre justice.
Paſſez ſur les aîles de mon Trône.	Passez sur les aîles de mon Trône.
LA PRETIEUSE.	LA PRETIEUSE.
Quoy, Monarque enfumé!	Quoi, Monarque enfumé!
vous répandrez de vos propres bontez ſur le gemiſſement de nos altercations?	vous répandrez de vos propres bontés sur le gémissement de nos altercations?
PLUTON.	PLUTON.
Cela ſe pourra bien;	Cela se pourra bien;
mais laiſſez nous un peu travailler à d’autres Jugemens.	mais laissez nous un peu travailler à d'autres Jugements.
Minos, écrits-la ſur le Rôle, & me fais reſſouvenir de tout ce qu’elle a dit.	Minos, écrits-la sur le Rôle, et me fais ressouvenir de tout ce qu'elle a dit.
Allons, que répons-tu acette accuſation?	Allons, que réponds-tu acette accusation?
MO AIEIM.	MO AIEIM.
Rien, & cette matiere eſt indigne de moy.	Rien, et cette matière est indigne de moi.
PLUTON.	PLUTON.
Hé bien, que quelqu’autre entre donc, on jugera tout aulediola.	Hé bien, que quelqu'autre entre donc, on jugera tout auplédiolà.
CARON.	CARON.
Allons, que le plus proche de la Porte vienne.	Allons, que le plus proche de la Porte vienne.
SCENE VI.	SCÈNE VI.
LE MARQUIS, CARON, FEUION, MIIVOS, RADAMANTE, MOLIERE.	LE MARQUIS, CARON, FEUION, MIVOS, RADAMANTE, MOLIERE.
PLUTON.	PLUTON.
A, qui eſt celuy-cy?	À, qui est celui-cy?
de vouu trourer lcy.	de vouv trouvrer lcy.
MOLIERE.	MOLIÈRE.
Qui es-tu, toy, pour me parler ainſy?	Qui es-tu, toi, pour me parler ainsi?
LE MARQUIS.	LE MARQUIS.
Je ſuis un de ces Marquis, mon Amy, que vous tournez en ridicules.	Je suis un de ces Marquis, mon Ami, que vous tournez en ridicules.
MOLIERE.	MOLIÈRE.
Et ou font les grands Canons que je t’avois donnez?	Et ou font les grands Canons que je t'avais donnés?
CARON.	CARON.
Ils ſont reſtez à la Porte, qui eſtoit trop étroite pour les lalre paner.	Ils sont restez à la Porte, qui était trop étroite pour les lalère paner.
PLUTON.	PLUTON.
Cà, que demandez-vous?	Çà, que demandez-vous?
LE MARQUIS.	LE MARQUIS.
Je demande juſtice pour D i mes Rubans, mes Plumes, ma Perruque, ma Caleche, & mon raucet, qu'n a jouez publique	Je demande justice pour D y mes Rubans, mes Plumes, ma Perruque, ma Calèche, et mon ravcet, qu'n a jouez publique
ment.	ment.
PLUTON.	PLUTON.
Que répons-tu?	Que réponds-tu?
MOLIERE chagrin.	MOLIÈRE chagrin.
Rien.	Rien.
PLUTON.	PLUTON.
Aua autres;	Ava autres;
pallez, oir vous jugera à loiſir.	pallez, oir vous jugera à loisir.
CARON à l’entrée de la Porte.	CARON à l'entrée de la Porte.
Arreſtez donc, vous n’entrerez pas.	Arrêtez donc, vous n'entrerez pas.
PLUTONQu'eſt-ce?	PLUTONQu'est-ce?
CARON.	CARON.
C’eſt le plus fâcheux de tous nos Morts.	C'est le plus fâcheux de tous nos Morts.
Un Chaſſeur qui s’eſt caſſé la teſte ſur ſon Cheval Alezan, & qui ne parle à tout le monde que de gaulis, de gigots, de pieds, de croupe, & d’encolure.	Un Chasseur qui s'est cassé la tête sur son Cheval Alan, et qui ne parle à tout le monde que de gaulis, de gigots, de pieds, de croupe, et d'encolure.
PLUTON.	PLUTON.
Fay donc venir qui tu voudras.	Fais donc venir qui tu voudras.
Je commence a me laſſer de tout cecy.	Je commence à me lasser de tout ceci.
CIRROIV.	CIRROIV.
Entrez, vous.	Entrez, vous.
PLUTON.	PLUTON.
Cà, qu’eſt-ce encore que cette groſſe Ombre-cy?	Çà, qu'est-ce encore que cette grosse Ombre-cy?
CARON.	CARON.
C’eſt l’Ombre d’un Cocu.	C'est l'Ombre d'un Cocu.
PLUTON.	PLUTON.
L’Ombre d’un Cocu?	L'Ombre d'un Cocu?
Il faut que ce ſoit un furieux Corps!	Il faut que ce soit un furieux Corps!
Parle, que veux.	Parle, que veux.
tu?	tu?
SCENE VII.	SCÈNE VII.
LE COCU Imaginaire, MOLIERE, PLUTON, CARON, MINOS, RADAMANTE.	LE COCU Imaginaire, MOLIÈRE, PLUTON, CARON, MINOS, RADAMANTE.
LE COCU.	LE COCU.
Ous voyez en ma ſeule Ombre tout le Corps des Cocus;	Ous voyez en ma seule Ombre tout le Corps des Cocus;
Vous les voyez icy en moy, dis-je, affligez, outragez, & tout contrits des affronts publics que ce grand Corps a reçeus depuis que malicieuſement cet Ennemy juré de noſtre repos nous a rendus le joüet de tout le monde.	Vous les voyez ici en moi, dis-je, affligez, outragez, et tout contrits des affronts publics que ce grand Corps a reçus depuis que malicieusement cet Ennemi juré de notre repos nous a rendus le jet de tout le monde.
Il n’eſt preſque aucun Mary qui n’ait ſenty les traits piquans de ſa Satyre;	Il n'est presque aucun Mari qui n'ait senti les traits piquants de sa Satire;
& depuis qu’il s’eſt meſlé d’annéxer le Cocuage a de certains Maris, il ſe voit peu de Familles où l’on ne ſoit perſuadé de trouver des Cocus de Pere en Fils.	et depuis qu'il s'est mêlé d'annéxer le Cocuage a de certains Maris, il se voit peu de Familles où l'on ne soit persuadé de trouver des Cocus de Père en Fils.
Ce ſoupçon outrageant eſt devenu par ſon moyen comme un Titre de Maiſon;	Ce soupçon outrageant est devenu par son moyen comme un Titre de Maison;
& il en a excepté ſi peu de Gens, que ſi je ne parle pour tout le monde, il ne s’en faut guére du moins.	et il en a excepté si peu de Gens, que si je ne parle pour tout le monde, il ne s'en faut guère du moins.
Voila dequoy ſe plaint noſtre Illuſtre Corps, qui avant ſa ſcandaleuſe médiſance vivoir dans l’état de la premiere innocence.	Voilà dequoy se plaint nôtre Illustre Corps, qui avant sa scandaleuse médisance vivoir dans l'état de la première innocence.
Chacun vivoit content de ſa petite réputation;	Chacun vivait content de sa petite réputation;
Le ſcandale ne regnoit point publiquement comme il fait;	Le scandale ne règnait point publiquement comme il fait;
& ſi l’on avoit le malheur d’eſtre Cocu, on avoit du moins la douceur de l’eſtre en fon petit particulier.	et si l'on avait le malheur d'être Cocu, on avait du moins la douceur de l'être en son petit particulier.
Mais depuis qu’il a dévoilé les myſteres ſecrets, ce n’eſt plus par tout qu’une gorge chaude des pauvres Maris.	Mais depuis qu'il a dévoilé les mystères secrets, ce n'est plus par tout qu'une gorge chaude des pauvres Maris.
On en va à la moûtarde, & pluſieurs honneſtes Gens meſme ont pris en dot le Titre de Cocus en ſignant leur Contract de Mariage.	On en va à la moûtarde, et plusieurs honnêtes Gens même ont pris en dot le Titre de Cocus en signant leur Contrat de Mariage.
Si la diſcretion des Notaires n’eſtoit grande, quelqu’un de ces Meſſieurs en pourroit parler avec beaucoup de ſeûreté.	Si la discrétion des Notaires n'était grande, quelqu'un de ces Messieurs en pourrait parler avec beaucoup de sûreté.
Voila le deſordre & le déreglement qu’il a mis en l’autre Monde, dont nous demandons en celuy-cy juitice, vengcaltce, & Icparâtion.	Voilà le désordre et le dérèglement qu'il a mis en l'autre Monde, dont nous demandons en celui-cy juitice, vengaltce, et Icparâtion.
PLUTON à Moliere.	PLUTON à Molière.
Qu'avez-vous à dire làdeſſus?	Qu'avez-vous à dire làdessus?
MOLIERE.	MOLIÈRE.
Rien;	Rien;
je paſſe condamnation pour les Cocus, & j’ay trop mal reüſſy dans cette affaire pour me pouvoir défendre.	je passe condamnation pour les Cocus, et j'ai trop mal reüssy dans cette affaire pour me pouvoir défendre.
Quelque ſoin que ’aye pris de faire horreur du Cocuage, j’avouë de bonnefoy que c’eſt un vice dont je n’ay pu corriger mon ſiecle.	Quelque soin que 'aie pris de faire horreur du Cocuage, j'avoue de bonnefoi que c'est un vice dont je n'ai pu corriger mon siècle.
PLUTON.	PLUTON.
Minos, mets.	Minos, mets.
le ſur le Rôle.	le sur le Rôle.
Allez, on va vous écrire.	Allez, on va vous écrire.
etmum Houveau?	etmum Houveau?
SCENE VIII CARON, PLUTON, MOLIERE, MINOS, RADAMANTE.	SCÈNE VIII CARON, PLUTON, MOLIERE, MINOS, RADAMANTE.
CARON.	CARON.
E ne ſçay d’où nous eſt venuë encore une plaiſante eſpece d’Ombre:	E ne sais d'où nous est venue encore une plaisante espèce d'Ombre:
Mais je croy, ſi l’on pouvoit trépaſſer deux fois, qu’elle feroit mouiucrlotous les Morte d ’icy	Mais je crois, si l'on pouvait trépasser deux fois, qu'elle ferait mouiucrlotous les Morte d 'ici
bas.	bas.
PLUTON.	PLUTON.
Comment donc?	Comment donc?
CARON.	CARON.
Elle rit de tout, & ne s’afflige de rien, pas meſme d’eſere venue ley à la ſeur de ſon âge.	Elle rit de tout, et ne s'afflige de rien, pas même d'esère venue lei à la sûr de son âge.
PLUTON.	PLUTON.
Cela eſt de bon ſens;	Cela est de bon sens;
venir toſt ou tard, c’eſt toûjours y venir;	venir tôt ou tard, c'est toujours y venir;
& comme l’uſage de la mort eſt un peu de durée, on fait bien de s’y accoûtumer de bonne heure.	et comme l'usage de la mort est un peu de durée, on fait bien de s'y accoutumer de bonne heure.
Mais qui eſt-elle cette Ombre?	Mais qui est-elle cette Ombre?
CARON.	CARON.
Ce fet qu’unc Senvante,	Ce set qu'un Senvante,
PLUTON.	PLUTON.
N’importe, fais-la entrer, il faut entendre tout le monde.	N'importe, fais-la entrer, il faut entendre tout le monde.
CARON.	CARON.
Alſons, la Rieuſe, eſſſlez.	Alsons, la Rieuse, esssiez.
SCENE IX.	SCÈNE IX.
NICOLE, PLUTON, MOLIERE, MINOS, RADAM.	NICOLE, PLUTON, MOLIÈRE, MINOS, RADAM.
CARON.	CARON.
j’ayappris que vous eſtiez icy, par ma figue, ay je dit en moy-meſme, il faut que j’aille voir ce pauvre Homme qui m’a tant fait rire en l’autre Monde.	j'ayappris que vous étiez ici, par ma figue, ai je dit en moi-même, il faut que j'aille voir ce pauvre Homme qui m'a tant fait rire en l'autre Monde.
MOLIERE.	MOLIÈRE.
Tu es donc bien-aiſe d’eſtre en cciajrey, Nxicont, puisque tu ris ſi fort?	Tu es donc bienaise d'être en cciajpréi, Nicont, puisque tu ris si fort?
NICOLE.	NICOLE.
C’eſt que vous m’avez appris à me moquer de tout:	C'est que vous m'avez appris à me moquer de tout:
Et puis franchement je ne luis pas trop fâchée d’eſtre icy, & je ne trouve point que la Mort ſoit ſi dégoûtante que l’on ſe l’imagine.	Et puis franchement je ne luis pas trop fâchée d'être ici, et je ne trouve point que la Mort soit si dégoûtante que l'on se l'imagine.
PLUTON.	PLUTON.
Et d’où vient que tu t’accommodes ſi aiſément d’une choſe que les Hommes trouvent ſi peu aimable?	Et d'où vient que tu t'accommodes si aisément d'une chose que les Hommes trouvent si peu aimable?
NICOLE.	NICOLE.
C’eſt que je ne me ſouciois guére de vivre.	C'est que je ne me souciais guère de vivre.
PLUTON.	PLUTON.
Quoy!	Quoi!
tu neſtois pas Diefſaiſe de voir la lumiere?	tu nestois pas Diefsaise de voir la lumière?
NICOLE.	NICOLE.
Non, car je ne faiſois tous les jours que la meſme choſe, dormir, boire, & mangef;	Non, car je ne faisais tous les jours que la même chose, dormir, boire, et mangef;
& il me ſemble que le plaiſir de la vie eſt de changer quelquefois.	et il me semble que le plaisir de la vie est de changer quelquefois.
A cette heure, voulezvous que je vous diſe, il y a une certaine égalité parmy les Morts qui ne me déplaît pas.	À cette heure, voulezvous que je vous dise, il y a une certaine égalité parmi les Morts qui ne me déplaît pas.
Je ne voy perſonne icy qui ſoit plus grand Seigneur l’un que l’autre;	Je ne vois personne ici qui soit plus grand Seigneur l'un que l'autre;
& j’ay penſé étoufer de rire, quand j’ay rencontré en venant mille ſortes de Gens qui ſe deſeſperoient.	et j'ai pensé étouffer de rire, quand j'ai rencontré en venant mille sortes de Gens qui se désespéraient.
Un riche Banquier pâle & maigre, qui endêvoit de s’eſtre laiſſé mourir de faim.	Un riche Banquier pâle et maigre, qui endêvait de s'être laissé mourir de faim.
Un Amoureux qui s’eſt tué pour une Maiſtreſſe qui ne l’aimoit point.	Un Amoureux qui s'est tué pour une Maîtresse qui ne l'aimait point.
Un Alchimiſte qui enrageoit d’avoir paſſé ſa vie en fumée;	Un Alchimiste qui enrageait d'avoir passé sa vie en fumée;
mais entr’autres choſes, des Dames qui pleuroient de me voir aſſiſes aupres d’elles.	mais entr'autres choses, des Dames qui pleuraient de me voir assises auprès d'elles.
D’autres qui s’affligeoient de n’avoir plus de Toillettes.	D'autres qui s'affligeaient de n'avoir plus de Toillettes.
de Miroirs, & de petités Boët.	de Miroirs, et de petites Boît.
tes.	tes.
Il n’y a rien de plus plaiſant que de les voir ſans rouge, ſans mouches, & ſans cheveux;	Il n'y a rien de plus plaisant que de les voir sans rouge, sans mouches, et sans cheveux;
avec leur grand front chauye, leurs yeux creuſez, & leurs jouës décharnées, vous les prendriez pour des Careſmeprenans.	avec leur grand front chavie, leurs yeux creusez, et leurs joues décharnées, vous les prendriez pour des Caresmeprenans.
Enfin la plus belle & la plus laide ſe reſſemblent comme deux goutes d’eau.	Enfin la plus belle et la plus laide se ressemblent comme deux goutes d'eau.
PLUTON.	PLUTON.
ai meit pas queitionde cela.	ai meit pas queitionde cela.
Qu'avez-vous à dire contre l’Accuſé?	Qu'avez-vous à dire contre l'Accusé?
NICOLE.	NICOLE.
Moy?	Moi?
Par ma figue, je n’ay rien à dire contre luy, c’eſt une bonne Ombre;	Par ma figue, je n'ai rien à dire contre lui, c'est une bonne Ombre;
& tenez, Monſieur Pluton, c’eſt peuteſtre la meilleure Piece de voſtre Sac.	et tenez, Monsieur Pluton, c'est peutestre la meilleure Pièce de votre Sac.
PLUTON.	PLUTON.
Que voulez-vous donc ?	Que voulez-vous donc ?
NICOLE riant.	NICOLE riant.
Moneur, je vien vous prier.	Moneur, je viens vous prier.
Hé?	Hé?
REGION.	RÉGION.
NICOLE riant.	NICOLE riant.
Je vien vous prier, Monneuſi.	Je viens vous prier, Monnusi.
PLUTON.	PLUTON.
Et là, dites donc?	Et là, dites donc?
NICOLE riant toûjours.	NICOLE riant toujours.
Je viens vous prier, Monſieur.	Je viens vous prier, Monsieur.
de me.	de me.
laiſſer.	laisser.
de me Aalller.	de me Aller.
de me Ilcl.	de me Ilcl.
PLUTON la contrefaiſant.	PLUTON la contrefaisant.
Et moy, ma Mie, je vous prie de nous laiſſer.	Et moi, ma Mie, je vous prie de nous laisser.
de nous laiſſer.	de nous laisser.
de nous laiſſer.	de nous laisser.
de nous laiſſer en repos, s’il vous plaiſt.	de nous laisser en repos, s'il vous plaît.
NICOLE éclatant de rire.	NICOLE éclatant de rire.
Monſieur, je vous prie.	Monsieur, je vous prie.
s’il vous plaiſt.	s'il vous plaît.
de m’accorder le plaiſir.	de m'accorder le plaisir.
le plaiſir de rire tout mon ſou, de vous, & de voſtre Royaume.	le plaisir de rire tout mon sou, de vous, et de votre Royaume.
PLUTON.	PLUTON.
Oſtez-moy cette Impudente.	Ostez-moi cette Impudente.
Qu’eſt-ce encore?	Qu'est-ce encore?
Je n'en veux plus entendre;	Je n'en veux plus entendre;
Qu'on me laiſſe en repos;	Qu'on me laisse en repos;
L’Audiance eſt finie, & je vay Plenoncn.	L'Audience est finie, et je vais Plenoncn.
CARON.	CARON.
Hé, c’eſt l’Ombre de Pourceaugnac, ce brave Limouſin;	Hé, c'est l'Ombre de Pourceaugnac, ce brave Limousin;
Elle n’a qu’un mot à vous dire.	Elle n'a qu'un mot à vous dire.
PLUTON.	PLUTON.
Hé bien, qu’il entre.	Hé bien, qu'il entre.
Ah quelle peine!	Ah quelle peine!
Ne ſera-ce jamais fait?	Ne sera-ce jamais fait?
SCENE X.	SCÈNE X.
POURCEAUGNAC, PLUTON, MOLIERE, MINOS, RADAM.	POURCEAUGNAC, PLUTON, MOLIÈRE, MINOS, RADAM.
CARON.	CARON.
POURCEAUGNAC.	POURCEAUGNAC.
URand Roy des Morts, vous me voyez icy, Député de la part de tous les Limouſins trépaſſez, qui vous demandent qu’il leur ſoit permis ajourner cette Ombre leur Partie, pardevant Vous, à trois jours, pour ſe voir condamner à reparation d’honneur envers les Pourceaugnacs paſſez, preſens, & futurs, tant des affronts reçeus, que de ceux qu’ils recevront.	OURand Roi des Morts, vous me voyez ici, Député de la part de tous les Limousins trépassez, qui vous demandent qu'il leur soit permis ajourner cette Ombre leur Partie, pardevant Vous, à trois jours, pour se voir condamner à réparation d'honneur envers les Pourceaugnacs passez, prés, et futurs, tant des affronts reçus, que de ceux qu'ils recevront.
A quoy je conclus.	À quoi je conclus.
PLUTON à Moliere.	PLUTON à Molière.
Répondez.	Répondez.
MOLIERE.	MOLIÈRE.
Hé Monſieur de Pourceaugnac!	Hé Monsieur de Pourceaugnac!
Quel ſujet avez-vous de vous plaindre de moy?	Quel sujet avez-vous de vous plaindre de moi?
Si vous preniez bien les choſes, ne me loüeriez-vous pas, au lieu de me blâmer, d’avoir rendu voſtre Nom auſſy celebre que j’ay fait?	Si vous preniez bien les choses, ne me loueriez-vous pas, au lieu de me blâmer, d'avoir rendu votre Nom aussi célèbre que j'ai fait?
Car ditesmoy un peu;	Car ditesmoi un peu;
Ne vous ay-je pas déterré du fond du Limouſin, & à force de tourmenter ma cervelle, ne vous ay-je pas amené dans la plus Illuſtre Cour du Monde?	Ne vous ai-je pas déterré du fond du Limousin, et à force de tourmenter ma cervelle, ne vous ai-je pas amené dans la plus Illustre Cour du Monde?
Raiſonnons un peu de bonne foy;	Raisonnons un peu de bonne foi;
Ne m'avez-vous pas quelque obligation de vous avoir fait faire uir ii beau voyage?	Ne m'avez-vous pas quelque obligation de vous avoir fait faire uir ji beau voyage?
TOOREACGNAC.	TOOREACGNAC.
Hé.	Hé.
ouy.	oui.
MOLIERE.	MOLIÈRE.
N’eſt-ce pas moy qui vous ay fait connoiſtre?	N'est-ce pas moi qui vous ai fait connaître?
TOORCEAUONAC.	TORCEAUONAC.
D’accord.	D'accord.
MOLIBIEE.	MOLIBIE.
Ne vous a-t-on pas veu avec beaucoup de plaiſir?	Ne vous a-t-on pas vu avec beaucoup de plaisir?
DE MOLIERE.	DE MOLIÈRE.
POURCEAUGNAC.	POURCEAUGNAC.
Cela eſt vray, car chacun rioit des qu’oi me voyoit.	Cela est vrai, car chacun riait des qu'oi me voyait.
MOLIERE.	MOLIÈRE.
Vous a-t-on jamais banny des Lieux publics?	Vous a-t-on jamais banni des Lieux publics?
POURCEAUGNAC.	POURCEAUGNAC.
nu contrune, en y uonfoit de l’argent pour me voir.	nu contrune, en y uonfait de l'argent pour me voir.
MOLIERE.	MOLIÈRE.
Et enfin n’ay je pas rendu voſtre Nom immortel par tout voſtre Royaume?	Et enfin n'ai je pas rendu votre Nom immortel par out votre Royaume?
POURCEAUGNAC.	POURCEAUGNAC.
Et comment immortel?	Et comment immortel?
MOLIERE.	MOLIÈRE.
Comment?	Comment?
Et dés qu’il arrive en France quelqu’un qui ait tant-ſoit-peu de voſtre air, de vos gentilleſſes, & de vos petites façons de faire, fut-ce un Prince, ne dit-on pas, voila un vray Pourceaugnac?	Et dès qu'il arrive en France quelqu'un qui ait tant-peu de votre air, de vos gentillesses, et de vos petites façons de faire, fut-ce un Prince, ne dit-on pas, voilà un vrai Pourceaugnac?
Et n’eſt-ce pas un honneur conſidérable pour vous, & pour voſtre Province, que voſtre Nom quelquefois puiſſe ſervn d’une quante dux Gens de la plus haute Naiſſance?	Et n'est-ce pas un honneur considérable pour vous, et pour votre Province, que votre Nom quelquefois puisse servn d'une quante dux Gens de la plus haute Naissance?
TOURCEAOGNAC.	TOURCEAOGNAC.
Il a quelque raiſon au fonds.	Il a quelque raison au fond.
MOLIERE.	MOLIÈRE.
Hé, prenons toûjours les choſes du bon coſté;	Hé, prenons toujours les choses du bon côté;
N’allons point envenimer les intentions, & croyons tout à noſtre avantage:	N'allons point envenimer les intentions, et croyons tout à notre avantage:
Je n’ay jamais rien fait qu'à voſtre honneur & gloire, & ſerois bien fâché, Monſieur de Pourceaugnac, que les choſes euſſent tourné autrement.	Je n'ai jamais rien fait qu'à votre honneur et gloire, et serais bien fâché, Monsieur de Pourceaugnac, que les choses eussent tourné autrement.
POURCEAUGNAC.	POURCEAUGNAC.
Ma foy, apres tout, je penſe en effet que j’ay tort de m’eſtre fâché contre luy.	Ma foi, après tout, je pense en effet que j'ai tort de m'être fâché contre notre.
Qui diantre ſont les ſottes Ombres auſſi qui s’aviſent de me mettre des fariboles dans la teſte?	Qui diantre sont les sottes Ombres aussi qui s'avisent de me mettre des fariboles dans la tête?
Allez, vous eſtes des Beſtes:	Allez, vous êtes des Bêtes:
Monſieur eſt une honneſte Ombre, qui a pris la peine de me faire connoiſtre, & vous ne ſçavez pas prendre les choſes du bon coſté.	Monsieur est une honnête Ombre, qui a pris la peine de me faire connaître, et vous ne savez pas prendre les choses du bon côté.
Monſieur, je ſuis fâché de tout cecy, & je vous demande pardon pour les Ombres de Limoge.	Monsieur, je suis fâché de tout ceci, et je vous demande pardon pour les Ombres de Limoge.
Je ſuis voſtre Valet, tout à vous, voſtre Serviteur, & voſtre Amy.	Je suis votre Valet, tout à vous, votre Serviteur, et votre Ami.
Je vay chercher mon Couſin l’Aſſeſſeur, & mon Neveu le Chanoine, afin que nous beuvions enſemble quelques Verres duubij, poui ne nous plus ſouvenir du paſſé.	Je vais chercher mon Cousin l'Assesseur, et mon Neveu le Chanoine, afin que nous buvions ensemble quelques Verres duubij, oui ne nous plus souvenir du passé.
MOLIERE.	MOLIÈRE.
Adieu, Monſieur de Pourceaugnac.	Adieu, Monsieur de Pourceaugnac.
PLUTON.	PLUTON.
Meſſieurs, il eſt tard, & je vay lever le Siege.	Messieurs, il est tard, et je vais lever le Siège.
SCENE XI.	SCÈNE XI.
MADAME, JOURDAIN, PLUTON, MOLIERE, H CIIION.	MADAME, JOURDAIN, PLUTON, MOLIERE, H IION.
RADAM.	RADAM.
MINOS.	MINOS.
Mr JOURDAIN toute éſouflée.	Mr JOURDAIN toute essoufflée.
Oltice, juſtice, juſtice, juſtice, juſtice.	Oltice, justice, justice, justice, justice.
PLUTON.	PLUTON.
Qui eſt-ce encore icy?	Qui est-ce encore ici?
Je ne veux plus entendre perſonne, & je ſuis las de tant d' impertinentes Plaintes.	Je ne veux plus entendre personne, et je suis las de tant d' impertinentes Plaintes.
Pourquoy l’as-tu laiſſé entrer?	Pourquoi l'as-tu laissé entrer?
CARON.	CARON.
Elle à tolce la Pote.	Elle à tôlée la Pote.
PLUTON.	PLUTON.
Pren donc bien garde aux autres, & qu’il n’en entre plus.	Pren donc bien garde aux autres, et qu'il n'en entre plus.
Je n’ay jamais veu tant de Canailles en un jour.	Je n'ai jamais vu tant de Canailles en un jour.
Caque demandez-vous?	Caque demandez-vous?
Mr IOURDAIN d’un air Ce que je n’auray pas.	Mr JOURDAIN d'un air Ce que je n'aurai pas.
TEUTONN.	TEUTONN.
Que vous faut-il?	Que vous faut-il?
hé?	hé?
M JOURDAIN.	MO JOURDAIN.
Il me faut ce qui me manque.	Il me faut ce qui me manque.
PLUTON.	PLUTON.
Quelle nouvelle eſpece eſt-ce encore icy?	Quelle nouvelle espèce est-ce encore ici?
Dites nous.	Dites -nous.
done ce Mue voucuven.	donce ce Mue voucuven.
Me JOURDAIN.	Me JOURDAIN.
I’ay la teſte plus groſſe que le poing, & ſi je ne l’ay pas enflée.	J'ai la tête plus grosse que le poing, et si je ne l'ai pas enflée.
MOLIERE.	MOLIÈRE.
Ah!	Ah!
c’eſt Madame Jourdain, je la reconnoy:	c'est Madame Jourdain, je la reconnais:
Et cominent eites-vous lcy, Iauamne Jourdain?	Et cominent eites-vous li, Javamne Jourdain?
Me JOURDAIN.	Me JOURDAIN.
Sur mes pieds comme une Oye.	Sur mes pieds comme une Oie.
PLUTON.	PLUTON.
Ah quelle Femme!	Ah quelle Femme!
MOLIERE.	MOLIÈRE.
Vous venez-vous plaindre de moy, n’eſt-ce pas, Madame Jourdain?	Vous venez-vous plaindre de moi, n'est-ce pas, Madame Jourdain?
Me JOURDAIN.	Me JOURDAIN.
Camon;	Camon;
j’aurois beau me plaindre, beau me plaindre raurois.	j'aurais beau me plaindre, beau me plaindre raurais.
PLUTON.	PLUTON.
Encore?	Encore?
MOLIERE.	MOLIÈRE.
lladunle jourdam eſf un peu en courroux.	ladunle jourdam ès un peu en courroux.
MI JOURDAIIV.	MI JOURDAIIV.
Oüy, Jean Ridoux.	Oui, Jean Ridoux.
PLUTON.	PLUTON.
Courage.	Courage.
Hé bien, qu’avezvous a me dire?	Hé bien, qu'avezvous à me dire?
R SGUMMAIV.	R SGUMAIV.
Oüy, qu’avez-vous a me frire?	Oui, qu'avez-vous a me frire?
PLUTON.	PLUTON.
Diable ſoit la Maſque;	Diable soit la Masque;
Que l’on me l’oſte d’icy, & que d’aujourd’huy perſonne ne me parle.	Que l'on me l'ôte d'ici, et que d'aujourd'hui personne ne me parle.
Je ſuis las de tous ces Extravagans, & me voila dans une colere que je ne me ſens pas.	Je suis las de tous ces Extravagants, et me voilà dans une colère que je ne me sens pas.
Qu’eſt-ce encore?	Qu'est-ce encore?
Qu’y a-t-il?	Qu'y a-t-il?
e veut-on?	Je veut-on?
Seray-je toüjours troublé, perſeeuté, accablé d’affaires?	Serai-je toujours troublé, perseeuté, accablé d'affaires?
Hé, quelle miſere eſt-ce-cy?	Hé, quelle misère est-ce-cy?
A-t-on jamais veu un Dieu plus fatigué que moy?	A-t-on jamais vu un Dieu plus fatigué que moi?
SCENE XII.	SCÈNE XII.
CARON, PLUTON, MINOS, RADAM.	CARON, PLUTON, MINOS, RADAM.
CARON.	CARON.
Rand Roy.	Rand Roi.
PLUTON marchant en colere.	PLUTON marchant en colère.
Non, je croy que tout cet embarras me fera renoncer à mon Empire.	Non, je crois que tout cet embarras me fera renoncer à mon Empire.
CARON.	CARON.
de Ionta.	de Jonta.
r	r
PLUTON.	PLUTON.
Quoy, ſans repos!	Quoi, sans repos!
CARON.	CARON.
Il y a.	Il y a.
PLUTON.	PLUTON.
Juna plallire	Juna plallire
CARON.	CARON.
Ce ſont.	Ce sont.
PLUTON.	PLUTON.
Sans relâche!	Sans relâche!
Non, je ne veux plus rien entendre.	Non, je ne veux plus rien entendre.
Que tout ſoit renverſé, bouleverſé, ſans-deſſus-deſſous, je n'écoute perſonne;	Que tout soit renversé, bouleversé, sans-dessus-dessous, je n'écoute personne;
Qu’on ne m’en parle plus.	Qu'on ne m'en parle plus.
CARON.	CARON.
Ce ſont des Medecins qui viennent d’arriver, & qui voudroient vous demander un moment d’audiance.	Ce sont des Médecins qui viennent d'arriver, et qui voudraient vous demander un moment d'audience.
Des PLUTON.	Des PLUTON.
SCENE XIII.	SCÈNE XIII.
DUATRE MEDECINS, PLUTON, RADAM.	DUATRE MÉDECINS, PLUTON, RADAM.
MINOS, MOLIERE, CARON.	MINOS, MOLIÈRE, CARON.
MOLIERE.	MOLIÈRE.
A, voicy de mnes Gens.	À, voici de mnes Gens.
Ecoutons les parler, & puis nous répondrons.	Écoutons les parler, et puis nous répondrons.
PLUTON.	PLUTON.
Meſſieurs, ſoyez les bien venus.	Messieurs, soyez les bien venus.
Vous viſitez un Prince qui vous honore fort;	Vous visitez un Prince qui vous honore fort;
je ſçay toutes les obligations que je vous ay, & que dans ce vaſte Empire des Morts vous pouvez vous vanter avec raiſon d’y avoir auſſy bonne part que moy:	je sais toutes les obligations que je vous ai, et que dans ce vaste Empire des Morts vous pouvez vous vanter avec raison d'y avoir aussi bonne part que moi:
Auſſy en revanche de vos bons & fidelles ſervices, je ne prétens pas vous rien refuſer.	Aussi en revanche de vos bons et fidèles services, je ne prétends pas vous rien refuser.
Demandez ſeulement.	Demandez seulement.
I MEDECIN.	I MÉDECIN.
Grand Monarque des Morts.	Grand Monarque des Morts.
vous voyez icy la fleur de vos plus fidelles Penſionnaires.	vous voyez ici la fleur de vos plus fidèles Pensionnaires.
2° MEDECIN bredoüillant.	2 MÉDECIN bredouillant.
Jamais nous n’avons laiſſé échaper la moindre occaſion de vous domner des frarques de noſtre obeïſſance & fidelité.	Jamais nous n'avons laissé échapper la moindre occasion de vous domner des frarques de notre obéissance et fidélité.
PLUTON.	PLUTON.
J’en ſuis perſuadé.	J'en suis persuadé.
L’Opium, l’Emétique, & le Saignée, m’ont rendu témoignage que vous m’avez fidellement lervy.	L'Opium, l'Emétique, et le Saignée, m'ont rendu témoignage que vous m'avez fidèlement lervi.
3 MEDECIN.	3 MÉDECIN.
Tous avons fait noſtre devoir.	Tous avons fait notre devoir.
PLUTON.	PLUTON.
Beaucoup de Gens ſont venus icy de voitre part, qui m’en ont aſſure.	Beaucoup de Gens sont venus ici de voitre part, qui m'en ont assure.
4 MEDECIN.	4 MÉDECIN.
C’eſt avec plaiſir que l’on ſert un ſi grand Monarque.	C'est avec plaisir que l'on sert un si grand Monarque.
PLUTON.	PLUTON.
Je vous ſuis obligé, & j’ay bien de la joye de vous voir.	Je vous suis obligé, et j'ai bien de la joie de vous voir.
Ce n’eſt pas que vous ne m’euſſiez eſté encore un peu neceſſaires là-haut, & j’ay eu quelque chagrin quand les Parques m’ont dit que vous veniez icy:	Ce n'est pas que vous ne m'eussiez été encore un peu nécessaires là-haut, et j'ai eu quelque chagrin quand les Parques m'ont dit que vous veniez ici:
Mais je m’en ſuis neantmoins conſolé lors que ay appris que vous aviez laiſſé de grands Enfans qui ſçavoient aſſez bien leur meſtier, & que meſme il eſtoit déja venu icy quelques Morts de leurs Amis, qui en avoient fait une experience fort raiſonnable.	Mais je m'en suis néanmoins consolé lors que ai appris que vous aviez laissé de grands Enfants qui savaient assez bien leur métier, et que même il était déjà venu ici quelques Morts de leurs Amis, qui en avaient fait une expérience fort raisonnable.
Mais que ſouhaitezvous de moy?	Mais que souhaitezvous de moi?
MEDECIN.	MÉDECIN.
Nous venons vous demander juſtice d’un Teméraire qui prétend traitter la Medecine d’impoſture, & de Charlatanerie.	Nous venons vous demander justice d'un Téméraire qui prétend traitter la Médecine d'imposture, et de Charlatanerie.
PLUTON.	PLUTON.
C’eſt donc quelqu’un qui la confoit.	C'est donc quelqu'un qui la confait.
4 MEDECIN.	4 MÉDECIN.
C’eſt une rage ſans fondement, une ſimple avidité de tout ſatyrizer, & une animofité envenimée par la ſeule envle decrre, & de former des Cabales contre nous.	C'est une rage sans fondement, une simple avidité de tout satyriser, et une animosité envenimée par la seule envle decrède, et de former des Cabales contre nous.
MOLIERE à part.	MOLIÈRE à part.
Je vous confondray dans peu, ſuperbes Impoſteurs.	Je vous confondrai dans peu, superbes Imposteurs.
MEDECIN.	MÉDECIN.
Il s’eſt meſme déja gliſſé juſques dans ces Lieux une médiſance ſecrette qui nous regarde.	Il s'est même déjà glissé jusque dans ces Lieux une médisance secrète qui nous regarde.
Tous les Morts ſemblent ſe liguer contre nous;	Tous les Morts semblent se liguer contre nous;
Il leur échape des Satyres piquantes, & des injures calomnieuſes contre les Medecins;	Il leur échappe des Satyres piquantes, et des injures calomnieuses contre les Médecins;
& nous venons icy, Grand Monarque, vous remontrer humblement, de la part de noſtre Illuſtre Corps, de quelle importance il eſt, pour l’accroiſſement de voſtre Empire, que vous repiimiez l’audace & l’inſolence de tous ces Morts.	et nous venons ici, Grand Monarque, vous remontrer humblement, de la part de notre Illustre Corps, de quelle importance il est, pour l'accroissement de votre Empire, que vous répiimiez l'audace et l'insolence de tous ces Morts.
PLUTON.	PLUTON.
On apprendra à vivre à ces Morts-là.	On apprendra à vivre à ces Morts-là.
J’entens & je prétens qu’on vous regarde comme les plus fermes appuis de mon Eſtat.	J'entends et je prétends qu'on vous regarde comme les plus fermes appuis de mon État.
Mais qui ſont ces Morts-là qui ont l’impudence d’aller gaſter voſtre Meſtier?	Mais qui sont ces Morts-là qui ont l'impudence d'aller gâter votre Métier?
Nommez, nommez-les moy;	Nommez, nommez-les moi;
J’en veux faire un bon exemple.	J'en veux faire un bon exemple.
4 MEDECIN.	4 MÉDECIN.
C’eſt un nombre infiny de petits Eſprits qui ſe ſont laiſſez emporter au torrent, & qui n’ont pouſſé leur Plainte que comme les Echos qui répetent les peines des autres ſans les avoir ſenties.	C'est un nombre infini de petits Esprits qui se sont laissez emporter au torrent, et qui n'ont poussé leur Plainte que comme les Échos qui répetent les peines des autres sans les avoir senties.
Mais c'eſt à l’Autheur de nos maux que nous en voulons;	Mais c'est à l'Auteur de nos maux que nous en voulons;
c’eſt à celuy qui comme un nouveau Caton, s’eſt venu déchaîner contre nous, & qui apres le mépris évident qu’il a fait de noſtre Illuſtre Corps, a pouſſé ſon audace encorejuſqu’à nous tourner en Ridicules, en nous rendant la fable & la riſée du Public.	c'est à celui qui comme un nouveau Caton, s'est venu déchaîner contre nous, et qui après le mépris évident qu'il a fait de notre Illustre Corps, a poussé son audace encorejusqu'à nous tourner en Ridicules, en nous rendant la fable et la risée du Public.
C’eſt cette Ombre, en un mot, cet inſolent Fleau de noſtre Faculté, dont nous vous demandons une vengeance authentique.	C'est cette Ombre, en un mot, cet insolent Fleau de notre Faculté, dont nous vous demandons une vengeance authentique.
LEO To Io.	LEO To Io.
Répondez.	Répondez.
MOLIERE.	MOLIÈRE.
C’eſt donc à moy à qui vous en voulez, Meſſieurs?	C'est donc à moi à qui vous en voulez, Messieurs?
Vous demandez vengeance du mépris que j’ay fait de voſtre Illuſtre Corps:	Vous demandez vengeance du mépris que j'ai fait de votre Illustre Corps:
Je vous ay tournez en Ridicules, je vous ay-rendus la fable & la riſée du Public?	Je vous ai tournez en Ridicules, je vous ai-rendus la fable et la risée du Public?
Hé bien, il faut vous répondre, & tracer plus naturellement vos traits, afin de vous bien faire connoiſtre.	Hé bien, il faut vous répondre, et tracer plus naturellement vos traits, afin de vous bien faire connaître.
Pluton, je jure icy par le reſpect que je te dois, que ce n’eſt point contré ce grand Art de la Medecine que je prétens me déchaîner.	Pluton, je jure ici par le respect que je te dois, que ce n'est point contré ce grand Art de la Médecine que je prétends me déchaîner.
l’en adore l’étude, j en révere la judicieuſe pratique, mais j’en abhorre & déteſte le pernicieux & meſchant ulage qu’en font par leur négligence des Fourbes ignorans, que la ſeule Robe fait appeller Meuuems;	l'en adore l'étude, j' en révère la judicieuse pratique, mais j'en abhorre et déteste le pernicieux et méchant ulage qu'en font par leur négligence des Fourbes ignorants, que la seule Robe fait appeler Muvems;
& cenent qu'a ceux qui abuſent de ce nom que je vay répondre.	et cèrent qu'a ceux qui abusent de ce nom que je vais répondre.
PLUTON.	PLUTON.
Ah!	Ah!
voicy une ConverſaCrollulroMllable cenercy.	voici une ConversaCrollulroMllable cenerci.
MOLIERE.	MOLIÈRE.
Impoſteurs!	Imposteurs!
qui peut mieux prouver voſtre ignorance, & l’incertitude de vos projets.	qui peut mieux prouver votre ignorance, et l'incertitude de vos projets.
que vos contrarietez perpé.	que vos contrariétés perpé.
tuelles?	tuelles?
Vous trouvez-vous jamais d’accord enſemble?	Vous trouvez-vous jamais d'accord ensemble?
& juſqu’à vos moindres Ordonnances, a-t-on jamais veu un Medecin ſuivre celle de l’autre, ſans y ajoûter ou diminuer quelque choſe?	et jusqu'à vos moindres Ordonnances, a-t-on jamais vu un Médecin suivre celle de l'autre, sans y ajouter ou diminuer quelque chose?
Quant à leurs opinions, elles ſont encore plus diférentes que leurs pratiques.	Quant à leurs opinions, elles sont encore plus diférentes que leurs pratiques.
Les uns diſent que la Cauſe des maux eſt dans les humeurs;	Les uns disent que la Causse des maux est dans les humeurs;
Les autres dans le ſang.	Les autres dans le sang.
Quelques-uns, par un C L pompeux galimathias, l’imputent aux atomes inviſibles, qui entrent par les pores.	Quelques-uns, par un Ç L pompeux galimathias, l'imputent aux atomes invisibles, qui entrent par les pores.
Celuy-cy ſoûtient, que les maladies viennent du defaut des forces corporelles:	Celui-cy soutient, que les maladies viennent du défaut des forces corporelles:
Celuy-là, qu’elles procedent de l’inégalité des élemens du Corps, & de la qualité de l’air que nous reſpirons, ou de l’abondance, crudité, & corruption de nos alimens.	Celui-là, qu'elles procèdent de l'inégalité des éléments du Corps, et de la qualité de l'air que nous respirons, ou de l'abondance, crudité, et corruption de nos aliments.
Ah que cette diverſité d’opinions marque bien l’ignorance des Mrd cins;	Ah que cette diversité d'opinions marque bien l'ignorance des Mrd cins;
mais encore plus la foibleſſe ou la temérité des Malades qui s’abandonnent aux agitations de tant de vents conPLUTON aux Medecins.	mais encore plus la faiblesse ou la témérité des Malades qui s'abandonnent aux agitations de tant de vents conPLUTON aux Médecins.
Aviellraurey ne .	Aviellaurey ne .
MOLIERE.	MOLIÈRE.
Ce qu’ils ont de plus unanime dans leur Ecole, & où ils s’entendent le mieux, c’eſt que tous tant qu’ils ſont vous aſſurent que dans la compoſition d’une Medecine, une choſe purge le cerveau, cellecy échauſfe l’eſtomac, celle-là rafraîchit le foye, & font partir un Breuvage à bride abbatuë, comme ſi dans ce mélange chaque Remede portoit ſon Etiquette, & que tous n’allaſſent pas enſemble ſejourner au meſme lieu.	Ce qu'ils ont de plus unanime dans leur École, et où ils s'entendent le mieux, c'est que tous tant qu'ils sont vous assurent que dans la composition d'une Médecine, une chose purge le cerveau, cellecy échausfe l'estomac, celle-là rafraîchit le foie, et font partir un Breuvage à bride abattue, comme si dans ce mêlange chaque Reme portait son Etiquette, et que tous n'allassent pas ensemble séjourner au même lieu.
Il faut que ces Meſſieurs ſoient bien aſſurez de l’obeïſſance & de la ſageſſe de leurs Drogues:	Il faut que ces Messieurs soient bien assurés de l'obéissance et de la sagesse de leurs Drogues:
Car enfin, ſi par mégarde l’une alloit prendre le chemin de l’autre, & que la partie qui doit eſtre échauffée vint par mépriſe à eſtre refroidie, ve jen un peu ou le pauvre Malade en ſeroit.	Car enfin, si par mégarde l'une allait prendre le chemin de l'autre, et que la partie qui doit être échauffée vint par méprise à être refroidie, ve jen un peu ou le pauvre Malade en serait.
TLOTON.	TLOTON.
Meſſieurs, hé?	Messieurs, hé?
MOLIERE.	MOLIÈRE.
Mais quoy, les Impoſteurs abuſant de l’occaſion, uſurpent effrontément une authorité tyrannique ſur de pauvres Ames affoiblies & abbatuës par le mal, & par la crainte de la mort.	Mais quoi, les Imposteurs abusant de l'occasion, usurpent effrontément une autorité tyrannique sur de pauvres Ames affaiblies et abattues par le mal, et par la crainte de la mort.
Ils prennent ſi bien leur avantage de nos foibleſſes, que de noſtre aveu meſme, dans ce dangereux moment, ils hazardent effrontément aux dépens de nos vies toutes les épreuves que leur ſuggerent leurs ambitieuſes imaginations.	Ils prennent si bien leur avantage de nos faiblesses, que de notre aveu même, dans ce dangereux moment, ils hasardent effrontément aux dépens de nos vies toutes les épreuves que leur suggèrent leurs ambitieuses imaginations.
Les Scelérats oſent tout tenter, ſur cette confiance que le Soleil éclairera leurs ſuccés, & que la Terre couvrira leurs fautes.	Les Scélérats osent tout tenter, sur cette confiance que le Soleil éclairera leurs succès, et que la Terre couvrira leurs fautes.
PLUTON.	PLUTON.
Meſſieurs, hé?	Messieurs, hé?
MOLIERE.	MOLIÈRE.
Il me ſouvient icy, avec quelque douleur, de la foibleſſe d’un de mes Amis qui s’eſtoit ſottement confié par leurs noires ſéductions à l’expérience d’un Remede.	Il me souvient ici, avec quelque douleur, de la faiblesse d'un de mes Amis qui s'était sottement confié par leurs noires séductions à l'expérience d'un Remède.
Deux heures apres l’avoir pris, le Medecin qui l’avoit ordonné, luy en vint demander l’effet, & comment il s’en eſtoit trouvé.	Deux heures après l'avoir pris, le Médecin qui l'avait ordonné, lui en vint demander l'effet, et comment il s'en était trouvé.
J’ay fort ſué, luy répondit le Malade.	J'ai fort sué, Seigneur répondit le Malade.
Cela eſt bon, dit le Medecin.	Cela est bon, dit le Médecin.
Trois heures en ſuite, il luy vint demander comment il s’eſtoit porté depuis.	Trois heures en suite, il lui vint demander comment il s'était porté depuis.
J’ay ſenty, dit le Patient, un froid extréme, & j’ay fort tremblé.	J'ai senti, dit le Patient, un froid extrême, et j'ai fort tremblé.
Cela eſt bon, ſuivit le Charlatan.	Cela est bon, suivit le Charlatan.
Et ſur le ſoir, pour la troiſiéme fois, il revint s’informer encore de l’état où il ſe trouvoit.	Et sur le soir, pour la troisième fois, il revint s'informer encore de l'état où il se trouvait.
Je me ſens, dit le Malade enfler par tout, comme d’hydropiſie.	Je me sens, dit le Malade enfler par tout, comme d'hydropisie.
Tout cela eſt bien, repondit le Bourreau.	Tout cela est bien, répondit le Bourreau.
Le lendemain j’allay voir ce pauvre Malade;	Le lendemain j'allai voir ce pauvre Malade;
& luy ayant demandé en quel état il eſtoit:	et lui ayant demandé en quel état il était:
Helas!	Hélas!
mon cher Amy, dit-il, en rendant le dernier ſoûpir, à force d’eſtre bien, je ſens que je me meurs.	mon cher Ami, dit-il, en rendant le dernier soupir, à force d'être bien, je sens que je me meurs.
Ah!	Ah!
m’écriay-je alors tout percé de douleur, qu’heureux ſont les Animaux que la ſimple Nature ſçait guérir ſans le ſecours de leurs Conſulrations!	m'écriai-je alors tout percé de douleur, qu'heureux sont les Animaux que la simple Nature sait guérir sans le secours de leurs Consulrations!
Que l’Eſtre brutal ſeroit à ſouhaiter, quand on devient malade!	Que l'Être brutal serait à souhaiter, quand on devient malade!
Mais auſſy qu’il ſeroit à craindre, s’il ſe trouvoit autant de Medecins parmy les Beſtes, que de Beſtes parmy les Medecins!	Mais aussi qu'il serait à craindre, s'il se trouvait autant de Médecins parmi les Bêtes, que de Bestes parmi les Médecins!
PLUTON.	PLUTON.
Meſſieurs?	Messieurs?
MOLIERE.	MOLIÈRE.
Qu’ils ſe plaignent maintenant de moy, & que ton équité, Grand Monarque, paroiſſe dans tes Jugemens.	Qu'ils se plaignent maintenant de moi, et que ton équité, Grand Monarque, paraisse dans tes Jugements.
2 SCENE DERN' *D 1 CARON, LES OMBRES, PLUTON, RADAM.	2 SCÈNE DERN' *D 1 CARON, LES OMBRES, PLUTON, RADAM.
MINOS, MIOLIERE.	MINOS, MIOLIERE.
CARON.	CARON.
Hi!	Hi!
je n’y puis plus tenir.	je n'y puis plus tenir.
Depuis que je conduits la Barque, je n’ay jamais tant veu de Morts pour dir jeur;	Depuis que je conduits la Barque, je n'ai jamais tant vu de Morts pour dir jeur;
& ſi vous n’y venez donner ordre, je ne ſçay pas ce que nous en ferons.	et si vous n'y venez donner ordre, je ne sais pas ce que nous en ferons.
PLUTON.	PLUTON.
Comment?	Comment?
Nous avons donc bien des Gens?	Nous avons donc bien des Gens?
CARON.	CARON.
dout eleve a la Porte?	dout élève à la Porte?
PLUTON.	PLUTON.
Puis que hous avons tant de Morts icy-bas, il faut qu’il y ait encore bien des Medecins là-haut.	Puis que hous avons tant de Morts ic-bas, il faut qu'il y ait encore bien des Médecins là-haut.
Mais qu’ils attendent à un autre jour, je ne juge d’aujourd’huy, & voicy ma derniere Sentence.	Mais qu'ils attendent à un autre jour, je ne juge d'aujourd'hui, et voici ma dernière Sentence.
Retirez-vous un peu, que je prenne les opinions.	Retirez-vous un peu, que je prenne les opinions.
Minos, qu’en dis-tu?	Minos, qu'en dis-tu?
MINOS.	MINOS.
Moy?	Moi?
que cette Ombre eſt de bon ſens, & qu’elle mérite bien quelque Jugement avantageux.	que cette Ombre est de bon sens, et qu'elle mérite bien quelque Jugement avantageux.
RADAMANTE.	RADAMANTE.
Il n’y a qu’honneur à juger ei la laveure.	Il n'y a qu'honneur à juger ei la laveure.
PLUTON.	PLUTON.
J’en demeure d’acord;	J'en demeure d'acord;
mais auſſy les obligations que nous avons à ces Meſſieurs m’embaraſſent;	mais aussi les obligations que nous avons à ces Messieurs m'embarrassent;
& je croy qu’un Arbitrage cõviendroit mieux à cette affaire, quunJugement dans les formes.	et je crois qu'un Arbitrage cõviendroit mieux à cette affaire, quunugement dans les formes.
Ne trouvezvous pontea propos de leur propoſer un accommodement ?	Ne trouvezvous ponte propos de leur proposer un accommodement ?
MINOS.	MINOS.
Hé, oüyda;	Hé, ouidà;
car il eſt vray que nous avons quelque meſure a garder avec la Faculté.	car il est vrai que nous avons quelque mesure a garder avec la Faculté.
RADAMANTE.	RADAMANTE.
Ye Iuls de cet avio.	Ye Iuls de cet avio.
PLUTON.	PLUTON.
Je m’en vay leur parler.	Je m'en vais leur parler.
Cà, Meſſieurs;	Çà, Messieurs;
Qu’eſt-ce?	Qu'est-ce?
N’y a-t-il pas moyen de vous rapatrier?	N'y a-t-il pas moyen de vous rapatrier?
Je voy de part & d’autre que les raiſons peuvent ſubſiſter;	Je vois de part et d'autre que les raisons peuvent subsister;
D’accord;	D'accord;
mais à les bien peſer, entre nous, la Balance panchera de ſon coſté;	mais à les bien peser, entre nous, la Balance penchera de son côté;
& ſans l’alliance jurée entre nous, franchement, Meſſieurs, vous ſeriez tondus.	et sans l'alliance jurée entre nous, franchement, Messieurs, vous seriez tondus.
C’eſt pourquoy ſi vous m’en croyez, tâchez de vous accommoder enſemble;	C'est pourquoi si vous m'en croyez, tâchez de vous accommoder ensemble;
& pour faciliter l’affaire, j'aime mieux relâcher de mes intéreſts, & conſentir que vous m’en envoyiez quelques millions de Morts moins qu'à voſtre ordinaire.	et pour faciliter l'affaire, j'aime mieux relâcher de mes intérêts, et consentir que vous m'en envoyiez quelques millions de Morts moins qu'à votre ordinaire.
LES MEDECINS.	LES MÉDECINS.
Quoy!	Quoi!
noſtre Ennemy juré?	Les Ennemi juré?
Non, non.	Non, non.
PLUTON.	PLUTON.
Ho, ho, Meſſieurs, ſi vous n’eſtes contens, prenez des Cartes.	Ho, ho, Messieurs, si vous n'êtes contents, prenez des Cartes.
J’y pers plus que vous, & ſi je ne me plains pas.	J'y pers plus que vous, et si je ne me plains pas.
LES MEDECINS.	LES MÉDECINS.
Quoy, Pluton.	Quoi, Pluton.
PLUTON.	PLUTON.
Quoy!	Quoi!
vos Ombres teméraires m’oſent repliquer, moy, qui puis vous faire évanoüir d’un ſouffle ſeulement?	vos Ombres téméraires m'osent répliquer, moi, qui puis vous faire évanouir d'un souffle seulement?
LES MEDECINS.	LES MÉDECINS.
Nous demandons juſtice, juſtice.	Nous demandons justice, justice.
PLUTON.	PLUTON.
Encore?	Encore?
Ahje m’en vay ſouffler.	Ahje m'en vais souffler.
Fu, fu.	Fu, fu.
Mais il eſt temps de prononcer En quel endroit je doy placer Ton Ombre avecque ta Memoire.	Mais il est temps de prononcer En quel endroit je dois placer Ton Ombre avec ta Mémoire.
Que la Poſterité t’en choiſiſſe Ie lieu;	Que la Postérité t'en choisisse Je lieu;
Et tandis qu’elle ira travailler dviCiley Entre Térence & Plaute occupe Ie milieu.	Et tandis qu'elle ira travailler dviCilei Entre Térence et Plaute occupe Je milieu.
Le Carrillon ſe fait.	Le Carrillon se fait.
CARON.	CARON.
Meſſieurs, Pluton ſe va coucher;	Messieurs, Pluton se va coucher;
ſon Bonnet de nuit l’attend;	son Bonnet de nuit l'attend;
Vous avez oüy là re14 AUM.	Vous avez oui là re14 AUM.
traite.	traite.
Bon-ſoir.	Bon-soir.
I N	I N
